0.0000 1.1138 2.6024 0.3476 2
0.0000 1.1103 2.5694 0.3437 2
0.0000 1.1081 2.5400 0.3403 2
0.0000 1.2103 2.7689 -0.1584 3
0.0000 1.1106 2.5216 0.3383 2
0.0000 1.2086 2.7391 -0.1569 3
0.0000 0.4277 0.9251 0.2353 2
0.0000 0.4391 0.9413 0.2398 3
0.0000 0.4491 0.9539 0.2434 2
0.0000 0.4522 0.9524 0.2434 3
0.0000 0.5171 1.0817 0.1472 2
0.0000 0.4572 0.9543 0.2443 3
0.0000 0.4536 0.9459 0.2811 3
0.0000 0.5264 1.0937 0.0212 1
0.0000 0.5131 1.0652 0.0620 2
0.0000 0.5157 1.0692 0.1458 3
0.0000 0.4572 0.9457 0.2425 3
0.0000 0.5354 1.1027 0.0214 1
0.0000 0.5046 1.0383 0.0605 2
0.0000 0.5212 1.0710 0.1462 3
0.0000 0.4724 0.9686 0.2488 2
0.0000 0.4670 0.9566 0.2852 3
0.0000 0.5340 1.0900 0.0212 1
0.0000 0.5188 1.0580 0.0618 2
0.0000 0.5230 1.0661 0.1039 2
0.0000 0.5214 1.0620 0.1453 3
0.0000 0.5219 1.0620 0.1874 3
0.0000 0.4807 0.9778 0.2118 2
0.0000 0.4801 0.9757 0.2510 2
0.0000 0.4635 0.9411 0.2811 3
0.0000 0.5254 1.0631 0.0207 1
0.0000 0.5163 1.0437 0.0610 2
0.0000 0.5249 1.0607 0.1035 2
0.0000 0.5251 1.0602 0.1453 3
0.0000 0.5308 1.0707 0.1893 3
0.0000 0.4772 0.9621 0.2087 3
0.0000 0.5318 1.0717 -0.0627 1
0.0000 0.4809 0.9688 0.2497 2
0.0000 0.4719 0.9498 0.2842 3
0.0000 0.5246 1.0523 0.0205 1
0.0000 0.5181 1.0383 0.0608 2
0.0000 0.5251 1.0517 0.1028 2
0.0000 0.5200 1.0406 0.1428 3
0.0000 0.5293 1.0583 0.1874 3
0.0000 0.4875 0.9744 0.2118 3
0.0000 0.4913 0.9810 0.2533 2
0.0000 0.4718 0.9413 0.2821 3
0.0000 0.5319 1.0576 0.0207 2
0.0000 0.5108 1.0152 0.0596 2
0.0000 0.5269 1.0463 0.1025 2
0.0000 0.5209 1.0335 0.1421 3
0.0000 0.5459 1.0831 -0.1489 1
0.0000 0.5292 1.0495 0.1862 3
0.0000 0.4874 0.9657 0.2103 3
0.0000 0.5248 1.0394 -0.0610 1
0.0000 0.4910 0.9724 0.2515 2
0.0000 0.5229 1.0352 -0.0202 2
0.0000 0.4818 0.9535 0.2863 3
0.0000 0.5417 1.0683 0.0209 2
0.0000 0.5151 1.0153 0.0597 2
0.0000 0.5367 1.0570 0.1037 2
0.0000 0.5279 1.0388 0.1431 3
0.0000 0.5282 1.0389 0.1846 3
0.0000 0.4959 0.9746 0.2126 3
0.0000 0.4916 0.9656 0.2501 2
0.0000 0.5264 1.0335 -0.0202 2
0.0000 0.4885 0.9588 0.2883 3
0.0000 0.5416 1.0594 0.0208 2
0.0000 0.5212 1.0189 0.0600 2
0.0000 0.5330 1.0410 0.1023 2
0.0000 0.5259 1.0264 0.1416 4
0.0000 0.5332 1.0406 -0.1436 1
0.0000 0.5298 1.0336 0.1840 3
0.0000 0.4884 0.9520 0.2080 3
0.0000 0.5354 1.0430 -0.0614 3
0.0000 0.4885 0.9518 0.2470 2
0.0000 0.5380 1.0478 -0.0206 5
0.0000 0.4846 0.9434 0.2842 3
0.0000 0.5287 1.0256 0.0201 8
0.0000 0.5264 1.0207 0.0602 5
0.0000 0.5309 1.0286 0.1013 3
0.0000 0.5248 1.0159 0.1404 3
0.0000 0.5384 1.0423 -0.1440 3
0.0000 0.5369 1.0389 0.1852 4
0.0000 0.4970 0.9608 0.2103 3
0.0000 0.5406 1.0448 -0.0617 4
0.0000 0.5024 0.9709 0.2524 3
0.0000 0.5369 1.0371 -0.0204 7
0.0000 0.4895 0.9452 0.2852 3
0.0000 0.5324 1.0236 0.0201 3
0.0000 0.5247 1.0080 0.0596 2
0.0000 0.5365 1.0302 0.1016 2
0.0000 0.5230 1.0034 0.1389 3
0.0000 0.5296 1.0156 -0.1406 3
0.0000 0.5391 1.0333 0.1846 3
0.0000 0.5078 0.9729 0.2133 3
0.0000 0.5297 1.0145 -0.0600 3
0.0000 0.4989 0.9552 0.2488 3
0.0000 0.5325 1.0191 -0.0201 2
0.0000 0.4976 0.9519 0.2878 3
0.0000 0.5453 1.0395 0.0205 2
0.0000 0.5227 0.9956 0.0589 2
0.0000 0.5281 1.0054 0.0994 2
0.0000 0.5844 1.1122 -0.1990 1
0.0000 0.5228 0.9945 0.1380 3
0.0000 0.5442 1.0348 -0.1436 3
0.0000 0.5399 1.0262 0.1837 3
0.0000 0.5353 1.0174 -0.1006 1
0.0000 0.5112 0.9711 0.2133 3
0.0000 0.5304 1.0073 -0.0597 1
0.0000 0.5005 0.9500 0.2479 3
0.0000 0.5286 1.0031 -0.0198 2
0.0000 0.5019 0.9518 0.2883 3
0.0000 0.5396 1.0199 0.0201 2
0.0000 0.5185 0.9797 0.0581 2
0.0000 0.5335 1.0071 0.0997 2
0.0000 0.5883 1.1101 -0.1990 1
0.0000 0.5337 1.0067 0.1399 3
0.0000 0.5441 1.0259 -0.1426 3
0.0000 0.5322 1.0034 0.1799 3
0.0000 0.5314 1.0014 -0.0992 1
0.0000 0.5164 0.9728 0.2141 3
0.0000 0.5367 1.0108 -0.0600 3
0.0000 0.5074 0.9551 0.2497 3
0.0000 0.5357 1.0084 -0.0199 2
0.0000 0.5141 0.9672 0.2935 3
0.0000 0.5420 1.0163 0.0201 2
0.0000 0.5257 0.9850 0.0585 2
0.0000 0.5539 1.0374 -0.2286 2
0.0000 0.5351 1.0017 0.0994 2
0.0000 0.5277 0.9874 0.1375 3
0.0000 0.5419 1.0136 -0.1411 3
0.0000 0.5282 0.9876 0.1774 3
0.0000 0.5330 0.9961 -0.0988 1
0.0000 0.5242 0.9798 0.2160 3
0.0000 0.5344 0.9984 -0.0593 3
0.0000 0.5161 0.9637 0.2524 3
0.0000 0.5336 0.9959 -0.0197 2
0.0000 0.5138 0.9586 0.2914 3
0.0000 0.5436 1.0109 0.0200 2
0.0000 0.5320 0.9884 0.0588 2
0.0000 0.5315 0.9870 -0.2179 2
0.0000 0.5327 0.9894 0.0983 2
0.0000 0.5771 1.0713 -0.1927 1
0.0000 0.5368 0.9961 0.1389 3
0.0000 0.5473 1.0152 -0.1416 3
0.0000 0.5317 0.9858 0.1774 3
0.0000 0.5270 0.9767 -0.0971 3
0.0000 0.5278 0.9778 0.2160 3
0.0000 0.5362 0.9929 -0.0591 3
0.0000 0.5204 0.9637 0.2528 3
0.0000 0.5370 0.9940 -0.0197 2
0.0000 0.5171 0.9568 0.2914 3
0.0000 0.5407 0.9966 0.0198 2
0.0000 0.5299 0.9759 0.0582 2
0.0000 0.5613 1.0334 -0.2286 2
0.0000 0.5326 0.9804 0.0976 2
0.0000 0.5697 1.0483 -0.1890 1
0.0000 0.5215 0.9592 0.1341 3
0.0000 0.5340 0.9818 -0.1372 3
0.0000 0.5372 0.9873 0.1780 3
0.0000 0.5306 0.9747 -0.0971 1
0.0000 0.5314 0.9759 0.2160 4
0.0000 0.5370 0.9857 -0.0588 1
0.0000 0.5286 0.9703 0.2551 4
0.0000 0.5464 1.0026 -0.0199 2
0.0000 0.5197 0.9532 0.2909 4
0.0000 0.5443 0.9946 0.0198 2
0.0000 0.5275 0.9635 0.0576 2
0.0000 0.5461 0.9970 -0.2210 2
0.0000 0.5400 0.9855 0.0983 2
0.0000 0.5640 1.0289 -0.1858 1
0.0000 0.5345 0.9747 0.1365 3
0.0000 0.5355 0.9764 -0.1367 3
0.0000 0.5482 0.9993 0.1805 3
0.0000 0.5340 0.9729 -0.0971 3
0.0000 0.5348 0.9740 0.2160 4
0.0000 0.5366 0.9768 -0.0584 1
0.0000 0.5282 0.9616 0.2533 4
0.0000 0.5422 0.9867 -0.0197 2
0.0000 0.5277 0.9599 0.2935 4
0.0000 0.5534 1.0033 0.0200 2
0.0000 0.5288 0.9583 0.0574 2
0.0000 0.5180 0.9384 -0.2084 2
0.0000 0.5432 0.9837 0.0983 2
0.0000 0.5751 1.0409 -0.1883 1
0.0000 0.5310 0.9608 0.1348 3
0.0000 0.5522 0.9990 -0.1401 3
0.0000 0.5382 0.9733 0.1761 3
0.0000 0.5333 0.9641 -0.0964 3
0.0000 0.5380 0.9723 0.2160 3
0.0000 0.5350 0.9663 -0.0579 1
0.0000 0.5239 0.9462 0.2497 3
0.0000 0.5397 0.9744 -0.0194 2
0.0000 0.5356 0.9666 0.2961 3
0.0000 0.5490 0.9875 0.0197 2
0.0000 0.5370 0.9652 0.0579 2
0.0000 0.5212 0.9367 -0.2084 2
0.0000 0.5300 0.9523 0.0953 2
0.0000 0.5689 1.0217 -0.1852 1
0.0000 0.5390 0.9677 0.1360 3
0.0000 0.5460 0.9797 -0.1377 3
0.0000 0.5377 0.9645 0.1749 3
0.0000 0.5307 0.9519 -0.0953 1
0.0000 0.5480 0.9825 0.2187 3
0.0000 0.5489 0.9837 -0.0590 3
0.0000 0.5366 0.9614 0.2542 2
0.0000 0.5392 0.9655 -0.0193 2
0.0000 0.5323 0.9529 0.2925 2
0.0000 0.5514 0.9838 0.0197 3
0.0000 0.5325 0.9493 0.0570 2
0.0000 0.5475 0.9760 -0.2175 2
0.0000 0.5343 0.9522 0.0955 2
0.0000 0.5725 1.0197 -0.1852 1
0.0000 0.5356 0.9537 0.1343 3
0.0000 0.5455 0.9709 -0.1367 3
0.0000 0.5430 0.9660 0.1755 3
0.0000 0.5438 0.9674 -0.0971 1
0.0000 0.5398 0.9600 0.2141 2
0.0000 0.5513 0.9800 -0.0589 3
0.0000 0.5381 0.9561 0.2533 2
0.0000 0.5406 0.9601 -0.0192 5
0.0000 0.5338 0.9477 0.2914 2
0.0000 0.5411 0.9575 0.0192 8
0.0000 0.5349 0.9457 0.0569 4
0.0000 0.5277 0.9331 -0.2084 2
0.0000 0.5435 0.9607 0.0966 2
0.0000 0.5468 0.9661 -0.1758 1
0.0000 0.5370 0.9483 0.1338 3
0.0000 0.5489 0.9690 -0.1367 3
0.0000 0.5425 0.9573 0.1743 3
0.0000 0.5414 0.9550 -0.0960 3
0.0000 0.5422 0.9564 0.2137 2
0.0000 0.5370 0.9468 -0.0570 5
0.0000 0.5395 0.9509 0.2524 2
0.0000 0.5528 0.9739 -0.0195 10
0.0000 0.5256 0.9256 0.2852 2
0.0000 0.5494 0.9643 0.0194 2
0.0000 0.5342 0.9369 0.0565 2
0.0000 0.5350 0.9379 -0.2099 2
0.0000 0.5441 0.9535 0.0960 2
0.0000 0.5504 0.9641 -0.1758 1
0.0000 0.5442 0.9534 0.1348 3
0.0000 0.5562 0.9739 -0.1377 3
0.0000 0.5390 0.9434 0.1721 3
0.0000 0.5349 0.9358 -0.0943 1
0.0000 0.5535 0.9681 0.2168 2
0.0000 0.5424 0.9483 -0.0573 1
0.0000 0.5391 0.9421 0.2506 2
0.0000 0.5453 0.9529 -0.0192 2
0.0000 0.5346 0.9338 0.2883 2
0.0000 0.5569 0.9692 0.0195 2
0.0000 0.5346 0.9298 0.0562 2
0.0000 0.5255 0.9139 -0.2049 2
0.0000 0.5494 0.9550 0.0964 2
0.0000 0.5439 0.9451 -0.1727 1
0.0000 0.5418 0.9410 0.1333 3
0.0000 0.5657 0.9822 -0.1392 1
0.0000 0.5454 0.9465 0.1730 1
0.0000 0.5401 0.9374 -0.0947 1
0.0000 0.5530 0.9593 0.2152 2
0.0000 0.5537 0.9603 -0.0581 1
0.0000 0.5307 0.9200 0.2452 2
0.0000 0.5348 0.9266 -0.0187 2
0.0000 0.5438 0.9419 0.2914 2
0.0000 0.5543 0.9569 0.0193 2
0.0000 0.5319 0.9175 0.0556 2
0.0000 0.5287 0.9121 -0.2049 2
0.0000 0.5407 0.9324 0.0943 2
0.0000 0.5393 0.9295 -0.1702 2
0.0000 0.5401 0.9306 0.1321 3
0.0000 0.5771 0.9940 -0.1411 1
0.0000 0.5437 0.9361 0.1715 1
0.0000 0.5354 0.9217 -0.0933 1
0.0000 0.5524 0.9506 0.2137 2
0.0000 0.5521 0.9497 -0.0576 1
0.0000 0.5427 0.9333 0.2492 2
0.0000 0.5490 0.9437 -0.0191 2
0.0000 0.5335 0.9166 0.2842 2
0.0000 0.5485 0.9394 0.0190 3
0.0000 0.5381 0.9208 0.0559 2
0.0000 0.5319 0.9103 -0.2049 5
0.0000 0.5450 0.9323 0.0945 1
0.0000 0.5345 0.9140 -0.1677 2
0.0000 0.5614 0.9595 0.1365 1
0.0000 0.5520 0.9427 0.1730 1
0.0000 0.5366 0.9164 -0.0929 1
0.0000 0.5468 0.9334 0.2103 2
0.0000 0.5523 0.9426 -0.0573 1
0.0000 0.5411 0.9230 0.2470 2
0.0000 0.5422 0.9246 -0.0187 2
0.0000 0.5347 0.9114 0.2831 2
0.0000 0.5579 0.9478 0.0192 3
0.0000 0.5433 0.9224 0.0561 1
0.0000 0.5381 0.9135 -0.2061 5
0.0000 0.5452 0.9252 0.0940 2
0.0000 0.5397 0.9155 -0.1683 2
0.0000 0.5455 0.9250 0.1319 3
0.0000 0.5840 0.9899 -0.1411 1
0.0000 0.5542 0.9390 0.1727 1
0.0000 0.5347 0.9060 -0.0920 1
0.0000 0.5460 0.9247 0.2087 2
0.0000 0.5506 0.9321 -0.0567 1
0.0000 0.5482 0.9278 0.2488 2
0.0000 0.5465 0.9244 -0.0187 2
0.0000 0.5458 0.9229 0.2873 2
0.0000 0.5571 0.9390 0.0191 2
0.0000 0.3859 0.6502 -0.1746 7
0.0000 0.5445 0.9171 0.0559 2
0.0000 0.5433 0.9150 -0.2068 7
0.0000 0.5535 0.9319 0.0948 2
0.0000 0.5469 0.9204 -0.1696 2
0.0000 0.5498 0.9248 0.1321 3
0.0000 0.5611 0.9435 -0.1348 1
0.0000 0.5535 0.9303 0.1715 3
0.0000 0.5389 0.9058 -0.0922 1
0.0000 0.5442 0.9144 0.2068 2
0.0000 0.5538 0.9301 -0.0567 1
0.0000 0.5385 0.9041 0.2429 2
0.0000 0.5630 0.9448 -0.0192 5
0.0000 0.5450 0.9143 0.2852 2
0.0000 0.5676 0.9491 0.0193 5
0.0000 0.3882 0.6489 -0.1746 7
0.0000 0.5375 0.8980 0.0548 4
0.0000 0.5364 0.8962 -0.2030 7
0.0000 0.5506 0.9197 0.0938 3
0.0000 0.5481 0.9151 -0.1689 2
0.0000 0.5459 0.9110 0.1304 3
0.0000 0.5542 0.9245 -0.1324 3
0.0000 0.5506 0.9182 0.1696 3
0.0000 0.5523 0.9210 -0.0940 3
0.0000 0.5545 0.9243 0.2095 3
0.0000 0.5499 0.9162 -0.0560 3
0.0000 0.5477 0.9122 0.2456 2
0.0000 0.5529 0.9206 -0.0187 7
0.0000 0.5522 0.9190 0.2873 2
0.0000 0.5502 0.9128 0.0186 13
0.0000 0.3904 0.6475 -0.1746 7
0.0000 0.5468 0.9064 0.0555 5
0.0000 0.5436 0.9011 -0.2045 7
0.0000 0.5435 0.9007 0.0920 3
0.0000 0.5513 0.9132 -0.1689 2
0.0000 0.5521 0.9142 0.1311 3
0.0000 0.5523 0.9141 -0.1311 4
0.0000 0.5508 0.9112 0.1686 3
0.0000 0.5462 0.9037 -0.0924 4
0.0000 0.5628 0.9307 0.2114 2
0.0000 0.5541 0.9160 -0.0561 12
0.0000 0.5519 0.9120 0.2461 2
0.0000 0.5644 0.9323 -0.0190 28
0.0000 0.5494 0.9072 0.2842 2
0.0000 0.5544 0.9126 0.0186 3
0.0000 0.4190 0.6894 -0.1863 6
0.0000 0.5427 0.8925 0.0547 2
0.0000 0.5508 0.9059 -0.2061 5
0.0000 0.5539 0.9107 0.0933 2
0.0000 0.5422 0.8910 -0.1652 2
0.0000 0.5615 0.9224 0.1326 3
0.0000 0.5534 0.9088 -0.1306 4
0.0000 0.5601 0.9194 0.1705 3
0.0000 0.5421 0.8899 -0.0912 3
0.0000 0.5579 0.9153 0.2084 2
0.0000 0.5666 0.9294 -0.0570 3
0.0000 0.5551 0.9100 0.2461 2
0.0000 0.5485 0.8987 0.2821 2
0.0000 0.5608 0.9158 0.0187 2
0.0000 0.4336 0.7079 -0.1917 6
0.0000 0.5561 0.9078 0.0558 2
0.0000 0.5509 0.8989 -0.2049 5
0.0000 0.5602 0.9139 0.0938 2
0.0000 0.5453 0.8891 -0.1652 2
0.0000 0.5626 0.9171 0.1321 3
0.0000 0.5587 0.9102 -0.1311 3
0.0000 0.5694 0.9276 0.1724 3
0.0000 0.5577 0.9084 -0.0933 3
0.0000 0.5590 0.9100 0.2076 2
0.0000 0.5646 0.9189 -0.0565 3
0.0000 0.5684 0.9247 0.2506 2
0.0000 0.5749 0.9353 -0.0192 2
0.0000 0.5556 0.9034 0.2842 2
0.0000 0.5743 0.9309 0.0191 2
0.0000 0.4237 0.6866 -0.1863 6
0.0000 0.5477 0.8871 0.0546 2
0.0000 0.5622 0.9103 -0.2080 5
0.0000 0.5666 0.9170 0.0943 2
0.0000 0.5482 0.8873 -0.1652 2
0.0000 0.5594 0.9051 0.1306 3
0.0000 0.5596 0.9050 -0.1306 3
0.0000 0.5747 0.9290 0.1730 3
0.0000 0.5567 0.8996 -0.0926 1
0.0000 0.5744 0.9282 0.2122 2
0.0000 0.5656 0.9136 -0.0563 1
0.0000 0.5694 0.9195 0.2497 2
0.0000 0.5782 0.9332 -0.0192 2
0.0000 0.5587 0.9015 0.2842 2
0.0000 0.5733 0.9221 0.0190 2
0.0000 0.4384 0.7049 -0.1917 6
0.0000 0.5622 0.9040 0.0558 2
0.0000 0.5621 0.9035 -0.2068 7
0.0000 0.5791 0.9303 0.0959 2
0.0000 0.5430 0.8720 -0.1627 2
0.0000 0.5731 0.9200 0.1331 3
0.0000 0.5617 0.9013 -0.1304 3
0.0000 0.5736 0.9204 0.1718 3
0.0000 0.5744 0.9215 -0.0950 1
0.0000 0.5797 0.9295 0.2129 2
0.0000 0.5783 0.9269 -0.0573 3
0.0000 0.5685 0.9109 0.2479 2
0.0000 0.5749 0.9211 -0.0190 2
0.0000 0.5760 0.9226 0.2914 2
0.0000 0.5806 0.9270 0.0191 2
0.0000 0.4408 0.7035 -0.1917 6
0.0000 0.5760 0.9189 0.0568 2
0.0000 0.5736 0.9148 -0.2099 10
0.0000 0.5802 0.9249 0.0955 2
0.0000 0.5626 0.8969 -0.1677 1
0.0000 0.5761 0.9181 0.1331 3
0.0000 0.5763 0.9180 -0.1331 3
0.0000 0.5810 0.9251 0.1730 3
0.0000 0.5692 0.9060 -0.0936 3
0.0000 0.5953 0.9476 0.2175 2
0.0000 0.5814 0.9250 -0.0573 3
0.0000 0.5736 0.9123 0.2488 2
0.0000 0.5760 0.9157 -0.0189 2
0.0000 0.5669 0.9009 0.2852 2
0.0000 0.5817 0.9216 0.0190 2
0.0000 0.4349 0.6888 -0.1881 6
0.0000 0.5835 0.9237 0.0573 2
0.0000 0.5683 0.8996 -0.2068 22
0.0000 0.5790 0.9162 0.0948 2
0.0000 0.5857 0.9261 0.1345 3
0.0000 0.5827 0.9210 -0.1338 3
0.0000 0.5863 0.9264 0.1736 3
0.0000 0.5796 0.9158 -0.0948 3
0.0000 0.5860 0.9256 0.2129 2
0.0000 0.5846 0.9229 -0.0573 3
0.0000 0.5810 0.9169 0.2506 2
0.0000 0.5792 0.9137 -0.0189 2
0.0000 0.5763 0.9087 0.2883 2
0.0000 0.5871 0.9229 0.0191 2
0.0000 0.4582 0.7201 -0.1971 5
0.0000 0.5835 0.9166 0.0569 2
0.0000 0.5693 0.8943 -0.2061 30
0.0000 0.5908 0.9277 0.0962 2
0.0000 0.5825 0.9140 0.1331 3
0.0000 0.5965 0.9357 -0.1362 3
0.0000 0.5885 0.9227 0.1733 3
0.0000 0.5828 0.9138 -0.0948 3
0.0000 0.5882 0.9219 0.2126 2
0.0000 0.5878 0.9209 -0.0573 3
0.0000 0.5873 0.9198 0.2519 1
0.0000 0.6007 0.9403 -0.0195 2
0.0000 0.5867 0.9181 0.2919 1
0.0000 0.6162 0.9613 0.0199 2
0.0000 0.4439 0.6923 -0.1899 6
0.0000 0.6061 0.9448 0.0588 4
0.0000 0.5745 0.8956 -0.2068 7
0.0000 0.6198 0.9658 0.1004 2
0.0000 0.5720 0.8910 -0.1677 1
0.0000 0.6265 0.9754 0.1423 3
0.0000 0.5966 0.9286 -0.1355 3
0.0000 0.6301 0.9804 0.1846 3
0.0000 0.6011 0.9352 -0.0973 3
0.0000 0.6031 0.9380 0.2168 1
0.0000 0.6278 0.9759 -0.0608 4
0.0000 1.2032 1.8699 0.5133 2
0.0000 0.6408 0.9954 -0.0207 5
0.0000 1.0846 1.6843 0.5368 3
0.0000 0.6293 0.9743 0.0202 3
0.0000 0.4633 0.7169 -0.1971 5
0.0000 0.6614 1.0232 0.0638 11
0.0000 0.5702 0.8821 -0.2042 5
0.0000 0.6654 1.0289 0.1072 5
0.0000 0.5751 0.8890 -0.1677 1
0.0000 0.6709 1.0366 0.1516 5
0.0000 0.6354 0.9815 -0.1436 4
0.0000 0.6765 1.0445 0.1971 1
0.0000 0.6379 0.9850 -0.1027 4
0.0000 1.2106 1.8684 0.4328 3
0.0000 0.6605 1.0190 -0.0636 13
0.0000 1.1970 1.8460 0.5079 3
0.0000 0.6649 1.0250 -0.0213 11
0.0000 1.0926 1.6838 0.5378 3
0.0000 0.6676 1.0257 0.0214 1
0.0000 0.4828 0.7414 -0.2043 4
0.0000 0.6791 1.0426 0.0652 27
0.0000 0.5711 0.8768 -0.2034 5
0.0000 0.6777 1.0399 0.1086 18
0.0000 0.5523 0.8473 -0.1602 1
0.0000 0.6539 1.0026 0.1470 16
0.0000 0.6649 1.0192 -0.1494 19
0.0000 0.6683 1.0240 0.1937 1
0.0000 0.6773 1.0378 -0.1084 28
0.0000 1.2182 1.8658 0.4331 3
0.0000 0.6542 1.0016 -0.0627 30
0.0000 1.2205 1.8679 0.5151 3
0.0000 0.6750 1.0328 -0.0215 35
0.0000 1.0858 1.6605 0.5316 3
0.0000 0.6767 1.0317 0.0215 6
0.0000 0.4960 0.7560 -0.2088 4
0.0000 0.6718 1.0235 0.0642 46
0.0000 0.5785 0.8814 -0.2049 5
0.0000 0.6561 0.9993 0.1046 28
0.0000 0.5520 0.8404 -0.1593 2
0.0000 0.6639 1.0103 0.1484 20
0.0000 0.6663 1.0135 -0.1489 33
0.0000 1.2091 1.8386 0.3485 3
0.0000 0.6711 1.0204 -0.1069 48
0.0000 1.2161 1.8484 0.4301 3
0.0000 0.6632 1.0077 -0.0632 29
0.0000 1.2270 1.8637 0.5151 3
0.0000 0.6732 1.0221 -0.0214 11
0.0000 1.0937 1.6600 0.5326 3
0.0000 0.6847 1.0360 0.0217 31
0.0000 0.4793 0.7250 -0.2007 5
0.0000 0.6862 1.0380 0.0652 63
0.0000 0.5772 0.8728 -0.2034 5
0.0000 0.6706 1.0136 0.1063 40
0.0000 0.5724 0.8648 -0.1643 8
0.0000 0.6674 1.0080 0.1484 19
0.0000 0.6775 1.0228 -0.1506 37
0.0000 1.2196 1.8412 0.3498 3
0.0000 0.6757 1.0198 -0.1070 42
0.0000 1.2160 1.8344 0.4278 3
0.0000 0.6612 0.9970 -0.0627 29
0.0000 1.2163 1.8334 0.5079 3
0.0000 0.6854 1.0331 -0.0216 4
0.0000 1.1078 1.6692 0.5368 3
0.0000 0.6837 1.0271 0.0215 47
0.0000 0.4731 0.7104 -0.1971 5
0.0000 0.6821 1.0239 0.0645 55
0.0000 0.5955 0.8936 -0.2087 5
0.0000 0.6852 1.0278 0.1081 46
0.0000 0.5555 0.8333 -0.1586 3
0.0000 0.6829 1.0239 0.1511 22
0.0000 0.6687 1.0023 -0.1479 55
0.0000 1.2260 1.8369 0.3498 3
0.0000 0.6715 1.0058 -0.1058 42
0.0000 1.2221 1.8303 0.4278 3
0.0000 0.6667 0.9982 -0.0629 39
0.0000 1.2191 1.8245 0.5066 3
0.0000 0.6912 1.0341 -0.0217 11
0.0000 1.1007 1.6460 0.5306 2
0.0000 0.6928 1.0330 0.0217 30
0.0000 0.4756 0.7088 -0.1971 5
0.0000 0.6790 1.0116 0.0638 39
0.0000 0.6007 0.8949 -0.2095 5
0.0000 0.6864 1.0222 0.1077 38
0.0000 0.5529 0.8232 -0.1571 1
0.0000 0.6876 1.0232 0.1514 24
0.0000 0.6767 1.0066 -0.1489 64
0.0000 1.2192 1.8130 0.3460 3
0.0000 0.6738 1.0019 -0.1056 37
0.0000 1.2230 1.8179 0.4259 3
0.0000 0.6769 1.0058 -0.0635 37
0.0000 1.2048 1.7895 0.4980 3
0.0000 0.6959 1.0333 -0.0217 38
0.0000 1.1129 1.6518 0.5337 2
0.0000 0.7043 1.0422 0.0220 37
0.0000 0.4562 0.6748 -0.1881 6
0.0000 0.6803 1.0059 0.0636 42
0.0000 0.5950 0.8798 -0.2065 5
0.0000 0.6888 1.0182 0.1076 35
0.0000 0.6156 0.9096 -0.1740 1
0.0000 0.7034 1.0389 0.1540 27
0.0000 0.6746 0.9960 -0.1477 48
0.0000 1.2188 1.7989 0.3442 3
0.0000 0.6706 0.9897 -0.1046 39
0.0000 1.2282 1.8120 0.4255 3
0.0000 0.6849 1.0100 -0.0640 35
0.0000 1.2165 1.7933 0.5003 3
0.0000 0.7074 1.0425 -0.0220 47
0.0000 1.1187 1.6479 0.5337 1
0.0000 0.7034 1.0331 0.0218 47
0.0000 0.4981 0.7312 -0.2043 4
0.0000 0.6950 1.0200 0.0647 30
0.0000 0.6025 0.8842 -0.2080 5
0.0000 0.6924 1.0158 0.1076 32
0.0000 0.7148 1.0479 0.1557 15
0.0000 0.6814 0.9986 -0.1484 55
0.0000 1.2184 1.7848 0.3423 3
0.0000 0.6695 0.9807 -0.1039 43
0.0000 1.2212 1.7883 0.4209 4
0.0000 0.6884 1.0076 -0.0640 39
0.0000 1.2139 1.7762 0.4967 3
0.0000 0.7043 1.0301 -0.0218 40
0.0000 1.1222 1.6408 0.5326 1
0.0000 0.4818 0.7026 -0.2283 5
0.0000 0.7104 1.0356 0.0219 61
0.0000 0.5160 0.7520 -0.2106 4
0.0000 0.7020 1.0225 0.0650 45
0.0000 0.6178 0.8999 -0.2122 2
0.0000 0.7038 1.0248 0.1088 21
0.0000 0.7398 1.0765 0.1604 4
0.0000 0.6883 1.0011 -0.1492 58
0.0000 1.2179 1.7708 0.3404 3
0.0000 0.6842 0.9948 -0.1056 35
0.0000 1.2186 1.7710 0.4179 3
0.0000 0.6885 1.0003 -0.0636 42
0.0000 1.2135 1.7623 0.4940 3
0.0000 0.7101 1.0309 -0.0219 35
0.0000 1.1247 1.6321 0.5311 1
0.0000 0.7208 1.0429 0.0221 57
0.0000 0.5031 0.7277 -0.2043 4
0.0000 0.7008 1.0136 0.0646 45
0.0000 0.6087 0.8800 -0.2080 5
0.0000 0.7108 1.0273 0.1093 10
0.0000 0.6453 0.9323 -0.1796 1
0.0000 0.7300 1.0543 0.1575 1
0.0000 0.6758 0.9760 -0.1458 51
0.0000 1.2238 1.7667 0.3404 3
0.0000 0.6934 1.0006 -0.1065 33
0.0000 1.2270 1.7700 0.4186 3
0.0000 0.6954 1.0028 -0.0640 35
0.0000 1.2204 1.7599 0.4944 3
0.0000 0.7249 1.0450 -0.0222 42
0.0000 1.1532 1.6617 0.5420 2
0.0000 0.7243 1.0406 0.0221 42
0.0000 0.5056 0.7261 -0.2043 4
0.0000 0.7042 1.0113 0.0646 26
0.0000 0.6262 0.8989 -0.2129 2
0.0000 0.7336 1.0527 0.1123 3
0.0000 0.6868 0.9853 -0.1902 1
0.0000 1.2150 1.7423 0.2608 3
0.0000 0.6892 0.9884 -0.1479 49
0.0000 1.2229 1.7530 0.3385 3
0.0000 0.7001 1.0032 -0.1070 31
0.0000 1.2328 1.7659 0.4186 3
0.0000 0.7022 1.0054 -0.0643 35
0.0000 1.2106 1.7335 0.4881 3
0.0000 0.7284 1.0426 -0.0222 63
0.0000 1.1476 1.6420 0.5368 1
0.0000 0.7369 1.0512 0.0224 50
0.0000 0.5236 0.7467 -0.2106 4
0.0000 0.7192 1.0252 0.0656 3
0.0000 0.6382 0.9097 -0.2160 2
0.0000 0.7485 1.0666 0.1140 8
0.0000 0.7207 1.0266 -0.1987 5
0.0000 1.2162 1.7317 0.2598 3
0.0000 0.7007 0.9973 -0.1497 42
0.0000 1.2210 1.7374 0.3363 3
0.0000 0.6943 0.9878 -0.1056 31
0.0000 1.2342 1.7554 0.4171 3
0.0000 0.7078 1.0063 -0.0645 35
0.0000 1.2234 1.7388 0.4908 3
0.0000 0.7171 1.0188 -0.0217 52
0.0000 1.1344 1.6112 0.5280 1
0.0000 0.7371 1.0438 0.0223 46
0.0000 0.5150 0.7290 -0.2061 4
0.0000 2.2017 3.1153 0.1999 8
0.0000 0.6357 0.8994 -0.2141 2
0.0000 0.7476 1.0575 0.1133 3
0.0000 0.7277 1.0290 -0.1996 13
0.0000 1.2268 1.7339 0.2608 3
0.0000 0.7053 0.9965 -0.1499 34
0.0000 1.2260 1.7315 0.3360 3
0.0000 0.7000 0.9886 -0.1060 31
0.0000 1.2267 1.7319 0.4125 3
0.0000 0.7125 1.0055 -0.0646 35
0.0000 1.2227 1.7250 0.4881 3
0.0000 0.7322 1.0326 -0.0221 47
0.0000 1.1479 1.6182 0.5316 1
0.0000 0.4938 0.6943 -0.2283 5
0.0000 0.7477 1.0510 0.0225 11
0.0000 0.5220 0.7335 -0.2079 4
0.0000 0.6433 0.9036 -0.2156 2
0.0000 1.2275 1.7235 0.1851 3
0.0000 0.7302 1.0248 -0.1993 15
0.0000 1.2225 1.7151 0.2586 3
0.0000 0.7122 0.9989 -0.1506 31
0.0000 1.2274 1.7208 0.3348 3
0.0000 0.7092 0.9943 -0.1069 33
0.0000 1.2304 1.7244 0.4118 3
0.0000 0.7113 0.9965 -0.0642 35
0.0000 1.2219 1.7112 0.4854 3
0.0000 0.7428 1.0398 -0.0223 42
0.0000 1.1603 1.6236 0.5347 2
0.0000 0.7421 1.0353 0.0222 11
0.0000 0.5155 0.7190 -0.2043 4
0.0000 2.2315 3.1112 0.2007 57
0.0000 0.6282 0.8758 -0.2095 2
0.0000 1.2266 1.7095 0.1841 3
0.0000 0.7418 1.0335 -0.2015 15
0.0000 1.2180 1.6963 0.2564 3
0.0000 0.7180 0.9996 -0.1511 33
0.0000 1.2357 1.7197 0.3354 3
0.0000 0.7150 0.9951 -0.1072 33
0.0000 1.2273 1.7073 0.4087 3
0.0000 0.7183 0.9989 -0.0645 35
0.0000 1.2188 1.6943 0.4818 3
0.0000 0.7510 1.0437 -0.0224 42
0.0000 1.1614 1.6133 0.5326 2
0.0000 0.7632 1.0571 0.0228 2
0.0000 0.5089 0.7046 -0.2007 5
0.0000 2.2330 3.0905 0.1998 48
0.0000 0.6289 0.8705 -0.2087 2
0.0000 1.2360 1.7100 0.1846 3
0.0000 0.7477 1.0341 -0.2021 16
0.0000 1.2228 1.6904 0.2562 3
0.0000 0.7250 1.0019 -0.1518 31
0.0000 1.2232 1.6897 0.3304 3
0.0000 0.7255 1.0022 -0.1082 33
0.0000 1.2378 1.7094 0.4102 3
0.0000 0.7265 1.0028 -0.0649 34
0.0000 1.2247 1.6900 0.4818 3
0.0000 0.7500 1.0346 -0.0223 49
0.0000 1.1806 1.6280 0.5389 2
0.0000 2.2584 3.1050 0.0670 13
0.0000 0.5205 0.7154 -0.2043 4
0.0000 2.2579 3.1020 0.2011 50
0.0000 0.6354 0.8730 -0.2099 2
0.0000 1.2256 1.6831 0.1822 3
0.0000 0.7548 1.0363 -0.2031 15
0.0000 1.2228 1.6781 0.2550 3
0.0000 0.7355 1.0090 -0.1533 33
0.0000 1.2314 1.6887 0.3310 3
0.0000 0.7184 0.9852 -0.1067 28
0.0000 1.2484 1.7114 0.4118 3
0.0000 0.7335 1.0051 -0.0652 29
0.0000 1.2283 1.6826 0.4809 3
0.0000 0.7583 1.0384 -0.0224 42
0.0000 1.1795 1.6145 0.5358 2
0.0000 2.2751 3.1051 0.0672 43
0.0000 0.5184 0.7073 -0.2025 5
0.0000 2.2722 3.0989 0.2014 54
0.0000 0.6350 0.8660 -0.2087 2
0.0000 1.2255 1.6708 0.1813 3
0.0000 0.7549 1.0288 -0.2021 11
0.0000 1.2275 1.6723 0.2547 3
0.0000 0.7402 1.0080 -0.1536 33
0.0000 1.2349 1.6812 0.3304 3
0.0000 0.7313 0.9955 -0.1081 31
0.0000 1.2381 1.6849 0.4064 3
0.0000 0.7405 1.0074 -0.0655 32
0.0000 1.2342 1.6783 0.4809 3
0.0000 0.7762 1.0551 -0.0229 29
0.0000 1.1782 1.6011 0.5326 2
0.0000 2.2812 3.0907 0.0671 37
0.0000 0.4908 0.6647 -0.1908 6
0.0000 2.3008 3.1151 0.2030 52
0.0000 0.6509 0.8812 -0.2129 2
0.0000 1.2373 1.6745 0.1822 3
0.0000 0.7609 1.0294 -0.2027 13
0.0000 1.2239 1.6552 0.2528 3
0.0000 0.7449 1.0070 -0.1538 31
0.0000 1.2373 1.6721 0.3295 3
0.0000 0.7360 0.9946 -0.1082 30
0.0000 1.2346 1.6679 0.4034 3
0.0000 0.7476 1.0096 -0.0658 37
0.0000 1.2365 1.6693 0.4796 3
0.0000 2.3121 3.1201 -0.0678 43
0.0000 1.1907 1.6062 0.5358 2
0.0000 2.3075 3.1036 0.0675 41
0.0000 0.5071 0.6818 -0.1962 5
0.0000 2.3093 3.1038 0.2027 44
0.0000 0.6656 0.8947 -0.2168 2
0.0000 1.2348 1.6590 0.1809 3
0.0000 0.7668 1.0299 -0.2034 12
0.0000 1.2273 1.6477 0.2523 3
0.0000 0.7460 1.0012 -0.1533 33
0.0000 1.2431 1.6678 0.3295 3
0.0000 0.7525 1.0096 -0.1102 35
0.0000 1.2428 1.6667 0.4041 3
0.0000 0.7655 1.0262 -0.0671 37
0.0000 1.2354 1.6556 0.4769 3
0.0000 2.3158 3.1024 -0.0676 23
0.0000 1.1894 1.5928 0.5326 2
0.0000 0.5106 0.6820 -0.2283 5
0.0000 2.2907 3.0587 0.0667 11
0.0000 0.5305 0.7081 -0.2043 4
0.0000 2.2794 3.0414 0.1992 11
0.0000 0.6452 0.8609 -0.2091 2
0.0000 1.2406 1.6547 0.1809 3
0.0000 0.7775 1.0367 -0.2052 12
0.0000 1.2342 1.6450 0.2525 3
0.0000 0.7531 1.0034 -0.1540 36
0.0000 1.2311 1.6397 0.3248 3
0.0000 0.7584 1.0101 -0.1105 39
0.0000 1.2439 1.6561 0.4026 3
0.0000 0.7774 1.0347 -0.0678 43
0.0000 1.2376 1.6466 0.4755 3
0.0000 2.2942 3.0511 -0.0666 10
0.0000 1.1973 1.5917 0.5337 2
0.0000 2.2948 3.0431 0.0665 11
0.0000 0.5046 0.6690 -0.1935 5
0.0000 2.2883 3.0323 0.1991 7
0.0000 0.6528 0.8650 -0.2107 2
0.0000 1.2365 1.6379 0.1795 3
0.0000 0.7738 1.0246 -0.2034 6
0.0000 1.2373 1.6378 0.2520 3
0.0000 0.7624 1.0088 -0.1553 45
0.0000 1.2377 1.6372 0.3251 3
0.0000 0.7606 1.0060 -0.1103 42
0.0000 1.2494 1.6520 0.4026 4
0.0000 0.7917 1.0465 -0.0688 15
0.0000 1.2431 1.6424 0.4755 3
0.0000 2.2958 3.0323 -0.0664 11
0.0000 1.2002 1.5847 0.5326 2
0.0000 2.2849 3.0080 0.0659 10
0.0000 0.5353 0.7044 -0.2043 4
0.0000 2.2916 3.0147 0.1985 7
0.0000 0.6772 0.8909 -0.2175 2
0.0000 1.2349 1.6240 0.1785 3
0.0000 0.7654 1.0062 -0.2002 3
0.0000 1.2370 1.6255 0.2508 3
0.0000 0.7659 1.0061 -0.1553 49
0.0000 1.2375 1.6250 0.3235 3
0.0000 0.7641 1.0034 -0.1103 49
0.0000 1.2432 1.6320 0.3988 3
0.0000 1.2429 1.6303 0.4733 3
0.0000 2.2991 3.0148 -0.0662 11
0.0000 1.2010 1.5743 0.5306 2
0.0000 2.2917 2.9953 0.0658 11
0.0000 0.5211 0.6809 -0.1980 5
0.0000 2.3021 3.0067 0.1985 7
0.0000 0.6708 0.8760 -0.2145 2
0.0000 1.2370 1.6149 0.1780 3
0.0000 0.7593 0.9910 -0.1977 2
0.0000 1.2366 1.6133 0.2496 3
0.0000 0.7791 1.0161 -0.1572 49
0.0000 1.2407 1.6175 0.3229 3
0.0000 0.7749 1.0102 -0.1114 48
0.0000 1.2465 1.6245 0.3980 3
0.0000 1.8595 2.4224 -0.1600 1
0.0000 1.2438 1.6198 0.4715 3
0.0000 2.2975 2.9909 -0.0658 10
0.0000 1.2112 1.5762 0.5326 2
0.0000 2.2936 2.9762 0.0656 11
0.0000 0.5211 0.6760 -0.1971 5
0.0000 2.2943 2.9749 0.1969 7
0.0000 0.6642 0.8613 -0.2114 2
0.0000 1.2389 1.6059 0.1774 3
0.0000 0.7772 1.0071 -0.2015 2
0.0000 1.2398 1.6059 0.2491 3
0.0000 0.7766 1.0055 -0.1560 49
0.0000 1.2452 1.6116 0.3226 3
0.0000 0.7796 1.0090 -0.1116 39
0.0000 1.2510 1.6186 0.3976 4
0.0000 1.8337 2.3717 -0.1571 1
0.0000 1.2364 1.5985 0.4665 3
0.0000 2.3054 2.9797 -0.0658 1
0.0000 1.2167 1.5720 0.5326 2
0.0000 2.3015 2.9650 0.0655 10
0.0000 0.5092 0.6557 -0.1917 6
0.0000 2.3029 2.9657 0.1968 7
0.0000 0.6696 0.8620 -0.2122 2
0.0000 1.2384 1.5937 0.1766 3
0.0000 0.7735 0.9950 -0.1996 2
0.0000 1.2442 1.6000 0.2489 3
0.0000 0.7862 1.0106 -0.1572 48
0.0000 1.2444 1.5997 0.3210 3
0.0000 0.7954 1.0220 -0.1133 22
0.0000 1.2530 1.6096 0.3965 4
0.0000 1.8322 2.3527 -0.1563 1
0.0000 1.2467 1.6003 0.4683 3
0.0000 1.8999 2.4388 -0.0540 1
0.0000 1.2219 1.5680 0.5326 2
0.0000 0.5449 0.6970 -0.2043 4
0.0000 2.3120 2.9561 0.1967 7
0.0000 0.6557 0.8381 -0.2068 2
0.0000 1.2366 1.5799 0.1755 3
0.0000 0.7816 0.9987 -0.2009 2
0.0000 1.2421 1.5864 0.2474 3
0.0000 0.7944 1.0142 -0.1582 48
0.0000 1.2451 1.5891 0.3198 3
0.0000 1.2535 1.5992 0.3950 3
0.0000 2.4438 3.1167 -0.2076 11
0.0000 1.2520 1.5962 0.4683 4
0.0000 1.8591 2.3692 -0.0526 2
0.0000 1.2203 1.5546 0.5295 2
0.0000 1.9234 2.4433 0.0543 1
0.0000 0.5040 0.6400 -0.1881 6
0.0000 2.2853 2.9009 0.1935 1
0.0000 0.6633 0.8420 -0.2084 2
0.0000 1.2431 1.5774 0.1757 2
0.0000 0.7705 0.9773 -0.1971 2
0.0000 1.2440 1.5774 0.2467 3
0.0000 0.8176 1.0364 -0.1621 45
0.0000 1.2507 1.5848 0.3198 3
0.0000 1.4790 1.8734 -0.2088 3
0.0000 1.2494 1.5825 0.3919 3
0.0000 2.4584 3.1129 -0.2079 16
0.0000 1.2407 1.5704 0.4620 3
0.0000 2.3050 2.9165 -0.0649 8
0.0000 1.2257 1.5503 0.5295 2
0.0000 1.8847 2.3770 0.0530 1
0.0000 0.5062 0.6382 -0.1881 6
0.0000 0.6713 0.8458 -0.2099 2
0.0000 1.2538 1.5791 0.1764 2
0.0000 0.7814 0.9838 -0.1990 2
0.0000 1.2458 1.5684 0.2459 3
0.0000 0.8336 1.0491 -0.1645 17
0.0000 1.2537 1.5773 0.3191 3
0.0000 1.4893 1.8729 -0.2093 3
0.0000 1.2478 1.5687 0.3896 3
0.0000 2.4748 3.1101 -0.2083 20
0.0000 1.2416 1.5597 0.4602 3
0.0000 2.3152 2.9085 -0.0649 11
0.0000 1.2359 1.5521 0.5316 2
0.0000 0.5316 0.6657 -0.2283 5
0.0000 2.3015 2.8810 0.0644 9
0.0000 0.5207 0.6516 -0.1926 6
0.0000 1.8965 2.3731 0.1592 1
0.0000 0.6718 0.8403 -0.2091 2
0.0000 1.2568 1.5716 0.1761 2
0.0000 0.7972 0.9965 -0.2021 2
0.0000 1.2404 1.5499 0.2437 3
0.0000 1.0210 1.2754 -0.2006 3
0.0000 1.2580 1.5714 0.3188 3
0.0000 1.4908 1.8615 -0.2087 3
0.0000 1.2582 1.5705 0.3912 3
0.0000 2.4931 3.1108 -0.2089 20
0.0000 1.2458 1.5539 0.4598 3
0.0000 2.3203 2.8941 -0.0647 11
0.0000 1.2413 1.5477 0.5316 3
0.0000 2.3048 2.8656 0.0642 10
0.0000 0.5351 0.6650 -0.1971 5
0.0000 2.3055 2.8644 0.1927 4
0.0000 0.6723 0.8349 -0.2084 2
0.0000 1.2573 1.5610 0.1754 2
0.0000 0.7881 0.9784 -0.1990 2
0.0000 1.2480 1.5488 0.2442 3
0.0000 1.0489 1.3013 -0.2052 3
0.0000 1.2523 1.5531 0.3160 3
0.0000 1.5111 1.8733 -0.2106 3
0.0000 1.2659 1.5694 0.3919 3
0.0000 2.5184 3.1211 -0.2102 21
0.0000 1.2411 1.5376 0.4562 3
0.0000 2.3178 2.8705 -0.0644 11
0.0000 1.2418 1.5374 0.5295 3
0.0000 2.3135 2.8560 0.0642 10
0.0000 0.5178 0.6389 -0.1899 6
0.0000 2.3117 2.8517 0.1924 4
0.0000 0.6750 0.8327 -0.2084 2
0.0000 1.2549 1.5475 0.1743 2
0.0000 0.8002 0.9864 -0.2012 2
0.0000 1.2546 1.5460 0.2445 4
0.0000 1.0635 1.3100 -0.2072 3
0.0000 1.2515 1.5411 0.3144 3
0.0000 1.4972 1.8436 -0.2078 3
0.0000 1.2590 1.5497 0.3881 3
0.0000 2.5381 3.1232 -0.2109 21
0.0000 1.2477 1.5348 0.4567 3
0.0000 2.3177 2.8500 -0.0641 11
0.0000 1.2374 1.5210 0.5254 3
0.0000 2.3121 2.8339 0.0638 12
0.0000 0.5274 0.6462 -0.1926 6
0.0000 2.3141 2.8343 0.1918 4
0.0000 0.6928 0.8486 -0.2129 2
0.0000 1.2477 1.5277 0.1726 2
0.0000 0.7874 0.9637 -0.1971 2
0.0000 1.2575 1.5386 0.2440 4
0.0000 1.0630 1.3001 -0.2062 3
0.0000 1.2619 1.5428 0.3157 3
0.0000 1.5112 1.8476 -0.2088 3
0.0000 1.2544 1.5331 0.3851 3
0.0000 2.5591 3.1267 -0.2118 20
0.0000 1.2568 1.5349 0.4580 4
0.0000 2.3277 2.8418 -0.0641 12
0.0000 1.2354 1.5078 0.5223 3
0.0000 2.3169 2.8196 0.0637 12
0.0000 0.5420 0.6594 -0.1971 5
0.0000 2.3265 2.8293 0.1920 4
0.0000 0.6958 0.8462 -0.2129 2
0.0000 1.2543 1.5249 0.1727 2
0.0000 0.7983 0.9701 -0.1990 2
0.0000 1.2528 1.5219 0.2420 4
0.0000 1.0751 1.3056 -0.2077 3
0.0000 1.2597 1.5293 0.3138 3
0.0000 1.5176 1.8423 -0.2088 3
0.0000 1.2623 1.5318 0.3858 4
0.0000 2.5700 3.1177 -0.2118 21
0.0000 1.2510 1.5170 0.4540 3
0.0000 2.3249 2.8183 -0.0638 11
0.0000 1.2480 1.5124 0.5254 3
0.0000 2.3242 2.8085 0.0636 13
0.0000 0.5120 0.6185 -0.1854 6
0.0000 2.3160 2.7965 0.1903 5
0.0000 0.6912 0.8347 -0.2107 2
0.0000 1.2622 1.5235 0.1731 2
0.0000 0.8117 0.9795 -0.2015 2
0.0000 1.2467 1.5038 0.2398 3
0.0000 1.0759 1.2973 -0.2069 3
0.0000 1.2638 1.5233 0.3135 3
0.0000 1.5253 1.8385 -0.2090 3
0.0000 1.2626 1.5213 0.3843 3
0.0000 2.5886 3.1179 -0.2124 18
0.0000 1.2500 1.5051 0.4517 3
0.0000 2.3321 2.8071 -0.0637 11
0.0000 1.2434 1.4961 0.5213 3
0.0000 2.3289 2.7942 0.0635 13
0.0000 0.5466 0.6556 -0.1971 5
0.0000 2.3168 2.7777 0.1896 5
0.0000 0.7117 0.8533 -0.2160 2
0.0000 1.2560 1.5054 0.1715 1
0.0000 0.8152 0.9767 -0.2015 2
0.0000 1.2570 1.5055 0.2408 4
0.0000 1.0791 1.2920 -0.2067 3
0.0000 1.2577 1.5053 0.3107 3
0.0000 1.5496 1.8546 -0.2114 3
0.0000 1.2641 1.5124 0.3831 4
0.0000 2.6161 3.1288 -0.2137 18
0.0000 1.2503 1.4948 0.4499 3
0.0000 2.3278 2.7820 -0.0633 12
0.0000 1.2561 1.5007 0.5244 3
0.0000 2.3309 2.7768 0.0633 12
0.0000 0.5238 0.6238 -0.1881 6
0.0000 2.3174 2.7589 0.1888 7
0.0000 0.6794 0.8088 -0.2053 2
0.0000 1.2484 1.4857 0.1698 1
0.0000 0.8211 0.9768 -0.2021 2
0.0000 1.2610 1.4996 0.2406 4
0.0000 1.0862 1.2912 -0.2072 3
0.0000 1.2655 1.5039 0.3113 3
0.0000 1.5419 1.8324 -0.2095 3
0.0000 1.2706 1.5095 0.3835 4
0.0000 2.6360 3.1304 -0.2145 17
0.0000 1.2593 1.4949 0.4513 4
0.0000 2.3259 2.7601 -0.0630 11
0.0000 1.2489 1.4815 0.5192 3
0.0000 2.3199 2.7443 0.0627 12
0.0000 0.5386 0.6369 -0.1926 6
0.0000 2.3304 2.7558 0.1891 8
0.0000 0.6974 0.8244 -0.2099 2
0.0000 1.2446 1.4707 0.1686 1
0.0000 0.8054 0.9513 -0.1974 2
0.0000 1.2611 1.4891 0.2396 4
0.0000 1.0958 1.2935 -0.2082 3
0.0000 1.2705 1.4997 0.3113 3
0.0000 1.5393 1.8164 -0.2083 2
0.0000 1.2607 1.4871 0.3789 3
0.0000 2.6585 3.1348 -0.2154 7
0.0000 1.2569 1.4816 0.4486 3
0.0000 2.3350 2.7524 -0.0630 10
0.0000 1.2500 1.4729 0.5176 4
0.0000 2.3277 2.7350 0.0627 3
0.0000 0.5280 0.6202 -0.1881 6
0.0000 2.3025 2.7035 0.1861 2
0.0000 0.7155 0.8399 -0.2145 2
0.0000 1.2588 1.4770 0.1698 1
0.0000 0.8162 0.9577 -0.1993 2
0.0000 1.2557 1.4728 0.2376 4
0.0000 1.0924 1.2808 -0.2067 3
0.0000 1.2629 1.4802 0.3082 3
0.0000 1.3827 1.6200 -0.1863 2
0.0000 1.2630 1.4799 0.3782 3
0.0000 1.2580 1.4729 0.4472 3
0.0000 2.3329 2.7306 -0.0627 1
0.0000 1.2664 1.4818 0.5223 3
0.0000 0.5404 0.6302 -0.1917 6
0.0000 0.7004 0.8166 -0.2091 2
0.0000 1.2572 1.4652 0.1689 1
0.0000 0.8234 0.9593 -0.2002 2
0.0000 1.2557 1.4624 0.2367 3
0.0000 1.0942 1.2740 -0.2062 3
0.0000 1.2745 1.4833 0.3097 3
0.0000 1.1855 1.3797 -0.1591 1
0.0000 1.2618 1.4680 0.3763 3
0.0000 1.2466 1.4493 0.4414 2
0.0000 1.2565 1.4598 0.5161 2
0.0000 0.5859 0.6785 -0.2070 4
0.0000 1.3095 1.5160 0.1050 1
0.0000 0.6981 0.8082 -0.2076 2
0.0000 1.2440 1.4397 0.1665 1
0.0000 0.8267 0.9564 -0.2002 2
0.0000 1.2426 1.4370 0.2333 2
0.0000 1.1013 1.2731 -0.2067 3
0.0000 1.2396 1.4325 0.3000 2
0.0000 1.1903 1.3756 -0.1591 2
0.0000 1.2309 1.4220 0.3656 2
0.0000 1.2251 1.4147 -0.0981 1
0.0000 1.2427 1.4347 0.4382 1
0.0000 1.2388 1.4296 -0.0330 1
0.0000 1.2337 1.4233 0.5047 2
0.0000 1.2266 1.4111 0.0326 1
0.0000 0.5473 0.6294 -0.1926 6
0.0000 1.2099 1.3909 0.0966 1
0.0000 0.7113 0.8176 -0.2107 2
0.0000 1.2151 1.3963 0.1619 1
0.0000 0.8288 0.9521 -0.1999 2
0.0000 1.2176 1.3982 0.2277 2
0.0000 1.1057 1.2693 -0.2067 3
0.0000 1.2095 1.3880 0.2916 2
0.0000 1.1925 1.3684 -0.1588 2
0.0000 1.2333 1.4148 0.3648 2
0.0000 1.2221 1.4014 -0.0974 1
0.0000 1.2196 1.3980 0.4283 2
0.0000 1.2096 1.3861 -0.0321 1
0.0000 1.2171 1.3942 0.4959 1
0.0000 1.2171 1.3903 0.0323 2
0.0000 0.5623 0.6421 -0.1971 5
0.0000 1.2003 1.3701 0.0955 2
0.0000 0.7089 0.8092 -0.2091 2
0.0000 1.2094 1.3800 0.1605 2
0.0000 0.8256 0.9417 -0.1984 2
0.0000 1.2042 1.3731 0.2242 2
0.0000 1.1101 1.2654 -0.2067 3
0.0000 1.2235 1.3941 0.2938 2
0.0000 1.1946 1.3612 -0.1584 2
0.0000 1.2331 1.4046 0.3633 2
0.0000 1.2099 1.3776 -0.0961 2
0.0000 1.2090 1.3762 0.4229 2
0.0000 1.2092 1.3759 -0.0320 1
0.0000 1.2028 1.3682 0.4881 2
0.0000 1.2153 1.3785 0.0321 2
0.0000 0.5491 0.6226 -0.1917 6
0.0000 1.1892 1.3479 0.0942 2
0.0000 0.7196 0.8156 -0.2114 2
0.0000 1.2221 1.3848 0.1616 2
0.0000 0.8354 0.9463 -0.1999 2
0.0000 1.2076 1.3674 0.2240 2
0.0000 1.1185 1.2660 -0.2074 2
0.0000 1.2310 1.3928 0.2944 2
0.0000 1.2059 1.3645 -0.1593 2
0.0000 1.2198 1.3797 0.3580 2
0.0000 1.2173 1.3764 -0.0963 2
0.0000 1.2241 1.3836 0.4265 2
0.0000 1.2166 1.3747 -0.0320 2
0.0000 1.1999 1.3553 0.4850 2
0.0000 1.2281 1.3832 0.0323 2
0.0000 0.5668 0.6382 -0.1971 5
0.0000 1.1912 1.3408 0.0940 2
0.0000 0.7198 0.8101 -0.2107 2
0.0000 1.2230 1.3760 0.1611 2
0.0000 0.8361 0.9404 -0.1993 2
0.0000 1.2190 1.3706 0.2252 2
0.0000 1.1084 1.2458 -0.2047 3
0.0000 1.2371 1.3900 0.2947 2
0.0000 1.2160 1.3662 -0.1600 3
0.0000 1.2415 1.3944 0.3629 2
0.0000 1.2168 1.3662 -0.0959 3
0.0000 1.2199 1.3692 0.4234 2
0.0000 1.2267 1.3764 -0.0322 3
0.0000 1.2252 1.3742 0.4933 2
0.0000 1.2369 1.3834 0.0324 7
0.0000 0.5690 0.6362 -0.1971 5
0.0000 1.2106 1.3530 0.0951 4
0.0000 0.7226 0.8076 -0.2107 2
0.0000 1.2331 1.3777 0.1618 3
0.0000 0.8446 0.9433 -0.2005 2
0.0000 1.2105 1.3515 0.2228 3
0.0000 1.1127 1.2419 -0.2047 3
0.0000 1.2288 1.3710 0.2916 2
0.0000 1.2434 1.3872 -0.1630 8
0.0000 1.2464 1.3901 0.3629 3
0.0000 1.2109 1.3500 -0.0950 12
0.0000 1.2286 1.3692 0.4247 2
0.0000 1.2223 1.3613 0.4902 1
0.0000 1.2324 1.3687 0.0321 4
0.0000 0.5399 0.5995 -0.1863 6
0.0000 1.2166 1.3502 0.0953 2
0.0000 0.7254 0.8051 -0.2107 2
0.0000 1.2286 1.3630 0.1605 2
0.0000 0.8466 0.9389 -0.2002 2
0.0000 1.2285 1.3620 0.2252 2
0.0000 1.1184 1.2395 -0.2050 3
0.0000 1.2349 1.3681 0.2919 2
0.0000 1.2162 1.3474 -0.1588 2
0.0000 1.2526 1.3872 0.3633 2
0.0000 1.2268 1.3577 0.4225 1
0.0000 1.2444 1.3767 -0.0324 5
0.0000 1.2257 1.3556 0.4897 1
0.0000 1.2492 1.3777 0.0325 2
0.0000 0.5577 0.6149 -0.1917 6
0.0000 1.2318 1.3580 0.0961 2
0.0000 0.7282 0.8026 -0.2107 2
0.0000 1.2266 1.3513 0.1597 1
0.0000 0.8339 0.9184 -0.1965 2
0.0000 1.2560 1.3827 0.2294 2
0.0000 1.1292 1.2431 -0.2062 2
0.0000 1.2434 1.3684 0.2928 2
0.0000 1.2329 1.3564 -0.1604 2
0.0000 1.2627 1.3886 0.3648 2
0.0000 1.2485 1.3726 -0.0972 2
0.0000 1.2536 1.3781 0.4301 2
0.0000 1.2543 1.3785 -0.0325 1
0.0000 1.2536 1.3772 0.4990 1
0.0000 1.2565 1.3765 0.0325 2
0.0000 0.5624 0.6159 -0.1926 6
0.0000 1.2484 1.3672 0.0970 2
0.0000 0.7282 0.7972 -0.2099 2
0.0000 1.2513 1.3693 0.1623 2
0.0000 0.8383 0.9171 -0.1968 2
0.0000 1.2458 1.3624 0.2267 2
0.0000 1.1212 1.2262 -0.2040 2
0.0000 1.2573 1.3745 0.2950 2
0.0000 1.2388 1.3538 -0.1605 2
0.0000 1.2752 1.3931 0.3671 2
0.0000 1.2450 1.3596 -0.0966 3
0.0000 1.2529 1.3682 0.4283 2
0.0000 1.2616 1.3772 -0.0326 2
0.0000 1.2477 1.3616 0.4949 1
0.0000 1.2543 1.3650 0.0324 2
0.0000 0.5644 0.6140 -0.1926 6
0.0000 1.2397 1.3482 0.0960 2
0.0000 0.7203 0.7833 -0.2068 2
0.0000 1.2558 1.3652 0.1623 2
0.0000 0.8534 0.9274 -0.1996 2
0.0000 1.2557 1.3641 0.2277 2
0.0000 1.1255 1.2223 -0.2040 3
0.0000 1.2674 1.3759 0.2963 2
0.0000 1.2570 1.3641 -0.1623 2
0.0000 1.2719 1.3802 0.3648 2
0.0000 1.2657 1.3731 -0.0979 2
0.0000 1.2656 1.3724 0.4310 2
0.0000 1.2623 1.3684 -0.0325 1
0.0000 1.2708 1.3772 0.5021 1
0.0000 1.2672 1.3694 0.0326 2
0.0000 0.5534 0.5978 -0.1881 6
0.0000 1.2498 1.3497 0.0964 2
0.0000 0.7311 0.7893 -0.2091 2
0.0000 1.2743 1.3752 0.1640 2
0.0000 0.8554 0.9228 -0.1993 2
0.0000 1.2685 1.3685 0.2291 2
0.0000 1.1284 1.2169 -0.2038 3
0.0000 1.2668 1.3657 0.2950 2
0.0000 1.2577 1.3553 -0.1618 2
0.0000 1.2903 1.3899 0.3686 2
0.0000 1.2694 1.3670 -0.0978 2
0.0000 1.2732 1.3707 0.4319 2
0.0000 1.2725 1.3699 -0.0326 3
0.0000 1.2638 1.3600 0.4975 1
0.0000 1.2790 1.3720 0.0327 4
0.0000 0.5821 0.6242 -0.1971 5
0.0000 1.2670 1.3582 0.0973 2
0.0000 0.7392 0.7925 -0.2107 2
0.0000 1.2710 1.3620 0.1630 2
0.0000 0.8465 0.9068 -0.1965 2
0.0000 1.2803 1.3711 0.2303 2
0.0000 1.1478 1.2287 -0.2064 2
0.0000 1.2772 1.3668 0.2963 2
0.0000 1.2651 1.3538 -0.1621 3
0.0000 1.2938 1.3840 0.3683 2
0.0000 1.2850 1.3742 -0.0986 3
0.0000 1.2887 1.3776 0.4355 2
0.0000 1.2844 1.3725 -0.0328 9
0.0000 1.2199 1.3031 0.4783 1
0.0000 1.3002 1.3851 0.0332 2
0.0000 0.5843 0.6222 -0.1971 5
0.0000 1.2649 1.3465 0.0968 1
0.0000 0.7554 0.8042 -0.2145 2
0.0000 1.2812 1.3633 0.1637 1
0.0000 0.8537 0.9082 -0.1974 2
0.0000 1.2905 1.3724 0.2313 2
0.0000 1.1548 1.2276 -0.2069 2
0.0000 1.2888 1.3695 0.2979 1
0.0000 1.2780 1.3581 -0.1632 3
0.0000 1.2986 1.3795 0.3683 2
0.0000 1.2912 1.3711 -0.0987 2
0.0000 1.3082 1.3887 0.4405 1
0.0000 1.2823 1.3607 -0.0326 2
0.0000 1.2099 1.2834 0.4726 1
0.0000 1.2982 1.3732 0.0330 1
0.0000 0.5731 0.6060 -0.1926 6
0.0000 1.2861 1.3595 0.0981 1
0.0000 0.7447 0.7873 -0.2107 2
0.0000 1.2982 1.3719 0.1652 1
0.0000 0.8569 0.9052 -0.1974 2
0.0000 1.2981 1.3707 0.2318 2
0.0000 1.1590 1.2235 -0.2069 2
0.0000 1.2922 1.3636 0.2975 2
0.0000 1.3006 1.3724 -0.1654 2
0.0000 1.3169 1.3892 0.3721 2
0.0000 1.2836 1.3536 -0.0978 1
0.0000 1.2674 1.3360 0.4252 1
0.0000 1.3091 1.3795 -0.0332 1
0.0000 1.2236 1.2890 0.4762 1
0.0000 1.3264 1.3933 0.0336 1
0.0000 0.5725 0.6012 -0.1917 6
0.0000 1.2908 1.3550 0.0981 1
0.0000 0.7556 0.7932 -0.2129 2
0.0000 1.3071 1.3717 0.1658 2
0.0000 0.8696 0.9122 -0.1996 2
0.0000 1.3028 1.3662 0.2318 2
0.0000 1.1578 1.2137 -0.2060 2
0.0000 1.3215 1.3848 0.3032 2
0.0000 1.3109 1.3736 -0.1661 1
0.0000 1.3190 1.3817 0.3713 2
0.0000 1.2980 1.3592 -0.0985 1
0.0000 1.2451 1.3034 0.4162 1
0.0000 1.3166 1.3778 -0.0333 1
0.0000 1.2335 1.2903 0.4783 1
0.0000 1.3340 1.3916 0.0336 2
0.0000 0.5773 0.6020 -0.1926 6
0.0000 1.3066 1.3620 0.0989 1
0.0000 0.7475 0.7792 -0.2099 2
0.0000 1.3147 1.3700 0.1661 2
0.0000 0.8837 0.9206 -0.2021 2
0.0000 1.3117 1.3659 0.2325 2
0.0000 1.1676 1.2154 -0.2069 2
0.0000 1.3126 1.3659 0.3000 2
0.0000 1.3156 1.3691 -0.1661 1
0.0000 1.2953 1.3474 0.3633 1
0.0000 1.2551 1.3047 0.4180 1
0.0000 1.3145 1.3660 -0.0331 1
0.0000 1.2326 1.2804 0.4762 1
0.0000 1.3236 1.3711 0.0333 1
0.0000 0.5659 0.5860 -0.1881 6
0.0000 1.3058 1.3517 0.0985 1
0.0000 0.7611 0.7879 -0.2129 2
0.0000 1.3278 1.3740 0.1672 2
0.0000 0.8759 0.9061 -0.1996 2
0.0000 1.3303 1.3756 0.2350 2
0.0000 1.1690 1.2085 -0.2064 2
0.0000 1.3284 1.3727 0.3025 2
0.0000 1.2872 1.3301 -0.1619 4
0.0000 1.3000 1.3429 0.3633 1
0.0000 1.3714 1.4161 -0.1033 1
0.0000 1.2542 1.2947 0.4162 1
0.0000 1.3179 1.3599 -0.0331 1
0.0000 1.2277 1.2664 0.4726 2
0.0000 1.3534 1.3923 0.0339 1
0.0000 0.5788 0.5952 -0.1917 6
0.0000 1.3214 1.3588 0.0993 1
0.0000 0.7502 0.7712 -0.2091 2
0.0000 1.3326 1.3693 0.1672 2
0.0000 0.8543 0.8776 -0.1940 2
0.0000 1.3337 1.3695 0.2347 2
0.0000 1.1620 1.1932 -0.2045 2
0.0000 1.3412 1.3768 0.3044 1
0.0000 1.3196 1.3541 -0.1654 1
0.0000 1.2992 1.3327 0.3618 1
0.0000 1.3024 1.3355 -0.0978 2
0.0000 1.2776 1.3101 0.4225 1
0.0000 1.2345 1.2651 0.4736 2
0.0000 0.5644 0.5765 -0.1863 6
0.0000 1.3343 1.3630 0.1000 2
0.0000 0.7418 0.7575 -0.2061 2
0.0000 1.3510 1.3791 0.1689 2
0.0000 0.8683 0.8860 -0.1965 2
0.0000 1.3479 1.3750 0.2364 2
0.0000 1.1868 1.2106 -0.2082 3
0.0000 1.3540 1.3808 0.3063 1
0.0000 1.3436 1.3697 -0.1679 2
0.0000 1.2843 1.3088 0.3564 1
0.0000 1.3502 1.3754 -0.1010 1
0.0000 1.2396 1.2627 0.4085 2
0.0000 1.3661 1.3911 -0.0340 1
0.0000 1.2469 1.2693 0.4767 2
0.0000 0.5978 0.6070 -0.2283 5
0.0000 0.5827 0.5913 -0.1917 6
0.0000 1.4077 1.4280 0.1051 1
0.0000 0.7525 0.7634 -0.2084 2
0.0000 1.3612 1.3803 0.1696 1
0.0000 0.8712 0.8831 -0.1965 2
0.0000 1.3497 1.3677 0.2359 2
0.0000 1.1742 1.1895 -0.2052 3
0.0000 1.3561 1.3732 0.3057 1
0.0000 1.3554 1.3721 -0.1687 2
0.0000 1.2942 1.3101 0.3580 2
0.0000 1.3561 1.3723 -0.1011 1
0.0000 1.2741 1.2889 0.4184 1
0.0000 1.3231 1.3380 -0.0328 1
0.0000 1.2608 1.2745 0.4804 1
0.0000 1.3393 1.3501 0.0332 1
0.0000 0.5683 0.5727 -0.1863 6
0.0000 0.7581 0.7634 -0.2091 2
0.0000 1.3943 1.4036 0.1731 1
0.0000 0.8856 0.8912 -0.1990 2
0.0000 1.3657 1.3743 0.2379 2
0.0000 1.1784 1.1854 -0.2052 3
0.0000 1.3609 1.3685 0.3057 1
0.0000 1.3630 1.3701 -0.1691 2
0.0000 1.2754 1.2817 0.3515 2
0.0000 1.3612 1.3673 -0.1011 1
0.0000 1.2486 1.2538 0.4085 2
0.0000 1.3701 1.3759 -0.0339 1
0.0000 1.4545 1.4555 0.0359 1
0.0000 0.5869 0.5871 -0.1917 6
0.0000 1.3473 1.3473 0.0999 1
0.0000 0.7663 0.7663 -0.2107 2
0.0000 0.8971 0.8964 -0.2009 2
0.0000 1.3904 1.3889 0.2413 1
0.0000 1.1968 1.1951 -0.2077 3
0.0000 1.3071 1.3049 0.2925 1
0.0000 1.3776 1.3752 -0.1703 1
0.0000 1.2994 1.2966 0.3568 2
0.0000 1.3645 1.3612 -0.1010 1
0.0000 1.2736 1.2701 0.4153 1
0.0000 1.3808 1.3765 -0.0340 1
0.0000 1.3943 1.3856 0.0343 1
0.0000 0.5890 0.5851 -0.1917 6
0.0000 1.3945 1.3848 0.1030 1
0.0000 0.7523 0.7470 -0.2061 2
0.0000 0.8862 0.8794 -0.1977 2
0.0000 1.1981 1.1881 -0.2072 3
0.0000 1.3131 1.3017 0.2928 2
0.0000 1.3853 1.3732 -0.1707 1
0.0000 1.3094 1.2976 0.3583 2
0.0000 1.4076 1.3944 -0.1038 1
0.0000 1.2919 1.2793 0.4198 1
0.0000 1.3970 1.3829 -0.0343 1
0.0000 1.4120 1.3934 0.0346 1
0.0000 0.6076 0.5994 -0.1971 5
0.0000 1.3963 1.3774 0.1028 1
0.0000 0.7744 0.7637 -0.2114 2
0.0000 1.3692 1.3498 0.1682 1
0.0000 0.8892 0.8763 -0.1977 2
0.0000 1.2022 1.1839 -0.2072 3
0.0000 1.3990 1.3777 0.3110 1
0.0000 1.3957 1.3740 -0.1713 1
0.0000 1.3182 1.2972 0.3595 1
0.0000 1.4067 1.3838 -0.1034 1
0.0000 1.2964 1.2748 0.4198 1
0.0000 1.3944 1.3713 -0.0341 1
0.0000 1.4194 1.3915 0.0347 1
0.0000 0.5762 0.5647 -0.1863 6
0.0000 1.3954 1.3669 0.1024 1
0.0000 0.7855 0.7692 -0.2137 2
0.0000 1.4109 1.3812 0.1727 1
0.0000 0.8921 0.8733 -0.1977 2
0.0000 1.1934 1.1674 -0.2050 3
0.0000 1.4363 1.4046 0.3182 1
0.0000 1.4076 1.3760 -0.1722 1
0.0000 1.3533 1.3230 0.3679 1
0.0000 1.4127 1.3806 -0.1035 1
0.0000 1.3006 1.2705 0.4198 1
0.0000 1.4035 1.3706 -0.0342 1
0.0000 1.2828 1.2523 0.4804 1
0.0000 1.4400 1.4018 0.0351 1
0.0000 0.5950 0.5790 -0.1917 6
0.0000 1.4087 1.3704 0.1030 1
0.0000 0.7712 0.7502 -0.2091 2
0.0000 1.4341 1.3946 0.1750 1
0.0000 0.9037 0.8785 -0.1996 2
0.0000 1.2074 1.1729 -0.2067 3
0.0000 1.4384 1.3968 0.3176 1
0.0000 1.4179 1.3769 -0.1729 1
0.0000 1.4433 1.4007 -0.1054 1
0.0000 1.4126 1.3698 -0.0343 1
0.0000 1.2179 1.1806 0.4545 1
0.0000 1.4363 1.3885 0.0349 1
0.0000 0.5802 0.5606 -0.1863 6
0.0000 1.4221 1.3738 0.1036 1
0.0000 0.7540 0.7284 -0.2038 2
0.0000 1.4275 1.3785 0.1736 1
0.0000 0.9039 0.8726 -0.1990 2
0.0000 1.4199 1.3702 0.2423 1
0.0000 1.2229 1.1798 -0.2086 3
0.0000 1.4475 1.3959 0.3185 1
0.0000 1.4241 1.3733 -0.1731 1
0.0000 1.3117 1.2645 0.3541 1
0.0000 1.4482 1.3956 -0.1054 1
0.0000 1.3094 1.2614 0.4198 1
0.0000 1.4332 1.3802 -0.0347 1
0.0000 1.2442 1.1978 0.4628 1
0.0000 1.4296 1.3724 0.0346 1
0.0000 0.5962 0.5721 -0.1908 6
0.0000 2.8624 2.7459 0.2079 6
0.0000 0.7566 0.7258 -0.2038 2
0.0000 1.4452 1.3859 0.1752 1
0.0000 0.8955 0.8585 -0.1965 1
0.0000 1.3960 1.3378 0.2374 1
0.0000 1.2213 1.1700 -0.2077 3
0.0000 1.4275 1.3670 -0.1729 1
0.0000 1.3870 1.3277 0.3732 1
0.0000 1.8860 1.8048 -0.1368 1
0.0000 1.3138 1.2568 0.4198 1
0.0000 1.4698 1.4056 -0.0355 1
0.0000 1.2708 1.2148 0.4711 1
0.0000 0.6179 0.5888 -0.1971 5
0.0000 2.8691 2.7332 0.2077 9
0.0000 0.7847 0.7475 -0.2107 2
0.0000 2.0416 1.9442 0.2467 1
0.0000 0.8871 0.8444 -0.1940 1
0.0000 1.3517 1.2863 0.2291 1
0.0000 1.2326 1.1726 -0.2089 3
0.0000 1.4409 1.3702 -0.1740 1
0.0000 1.3205 1.2553 0.3541 1
0.0000 2.0081 1.9083 -0.1452 1
0.0000 1.2645 1.2012 0.4027 1
0.0000 1.9909 1.8906 -0.0479 1
0.0000 1.2582 1.1944 0.4648 1
0.0000 2.0749 1.9648 0.0499 1
0.0000 0.6199 0.5868 -0.1971 5
0.0000 0.7871 0.7449 -0.2107 2
0.0000 2.0278 1.9182 0.2442 1
0.0000 0.8985 0.8496 -0.1959 1
0.0000 1.3632 1.2887 0.2303 1
0.0000 1.2264 1.1589 -0.2072 3
0.0000 1.4428 1.3625 -0.1736 1
0.0000 1.2875 1.2158 0.3442 1
0.0000 1.2798 1.2077 0.4063 1
0.0000 2.0495 1.9334 -0.0492 1
0.0000 1.2200 1.1504 0.4493 1
0.0000 2.0205 1.9001 0.0484 1
0.0000 0.5878 0.5526 -0.1863 6
0.0000 0.7956 0.7474 -0.2122 2
0.0000 2.0900 1.9626 0.2508 1
0.0000 0.9217 0.8653 -0.2002 1
0.0000 1.3677 1.2839 0.2303 1
0.0000 1.2159 1.1410 -0.2047 3
0.0000 1.4606 1.3697 -0.1752 1
0.0000 1.3292 1.2460 0.3541 1
0.0000 2.8623 2.6822 -0.2056 45
0.0000 1.2416 1.1631 0.3928 1
0.0000 2.8633 2.6823 -0.0685 36
0.0000 1.2606 1.1805 0.4628 1
0.0000 2.8592 2.6691 0.0683 22
0.0000 0.6240 0.5823 -0.1971 5
0.0000 2.0330 1.8964 0.1457 1
0.0000 0.7666 0.7151 -0.2038 2
0.0000 0.9248 0.8620 -0.2002 2
0.0000 1.3506 1.2586 0.2267 1
0.0000 1.2332 1.1488 -0.2069 3
0.0000 1.3083 1.2183 0.2831 1
0.0000 1.4654 1.3646 -0.1752 1
0.0000 1.3048 1.2146 0.3465 1
0.0000 2.8745 2.6749 -0.2058 47
0.0000 1.2371 1.1508 0.3901 1
0.0000 2.8848 2.6826 -0.0688 48
0.0000 1.2140 1.1285 0.4441 1
0.0000 2.8641 2.6550 0.0682 43
0.0000 0.5918 0.5484 -0.1863 6
0.0000 0.7720 0.7151 -0.2045 2
0.0000 0.9046 0.8373 -0.1952 2
0.0000 1.3841 1.2808 0.2316 1
0.0000 1.2357 1.1431 -0.2067 3
0.0000 1.3183 1.2191 0.2844 1
0.0000 1.4745 1.3635 -0.1757 1
0.0000 1.2658 1.1701 0.3351 1
0.0000 2.8619 2.6446 -0.2042 48
0.0000 1.2425 1.1478 0.3905 1
0.0000 2.8868 2.6658 -0.0686 53
0.0000 1.2250 1.1308 0.4467 1
0.0000 2.8675 2.6396 0.0680 37
0.0000 0.6109 0.5621 -0.1917 6
0.0000 2.8924 2.6615 0.2060 49
0.0000 0.8120 0.7470 -0.2145 2
0.0000 2.1280 1.9568 0.2529 1
0.0000 0.9249 0.8502 -0.1990 2
0.0000 1.3594 1.2491 0.2267 1
0.0000 1.2397 1.1388 -0.2067 3
0.0000 1.3195 1.2120 0.2838 1
0.0000 1.5028 1.3799 -0.1785 1
0.0000 1.2814 1.1763 0.3381 1
0.0000 2.8564 2.6210 -0.2032 49
0.0000 1.2580 1.1540 0.3941 1
0.0000 2.8927 2.6535 -0.0685 46
0.0000 1.2202 1.1189 0.4436 2
0.0000 2.8733 2.6273 0.0680 39
0.0000 0.6127 0.5601 -0.1917 6
0.0000 2.8677 2.6204 0.2036 44
0.0000 0.7857 0.7177 -0.2068 2
0.0000 2.1496 1.9628 0.2547 1
0.0000 0.9278 0.8472 -0.1990 2
0.0000 1.3664 1.2473 0.2272 1
0.0000 1.2376 1.1293 -0.2057 3
0.0000 1.3295 1.2128 0.2850 1
0.0000 1.5282 1.3935 -0.1809 1
0.0000 1.2694 1.1575 0.3339 2
0.0000 2.8562 2.6035 -0.2025 48
0.0000 1.2489 1.1380 0.3901 1
0.0000 2.8872 2.6299 -0.0682 51
0.0000 1.2213 1.1121 0.4426 2
0.0000 2.8824 2.6173 0.0680 42
0.0000 0.6118 0.5553 -0.1908 6
0.0000 2.8636 2.5983 0.2026 38
0.0000 0.7880 0.7150 -0.2068 2
0.0000 2.1679 1.9664 0.2561 1
0.0000 0.9336 0.8466 -0.1996 2
0.0000 1.3443 1.2185 0.2228 1
0.0000 1.2445 1.1276 -0.2062 3
0.0000 1.3074 1.1842 0.2794 2
0.0000 1.5269 1.3830 -0.1802 1
0.0000 1.2719 1.1517 0.3335 1
0.0000 2.8652 2.5935 -0.2025 48
0.0000 1.2615 1.1414 0.3928 1
0.0000 2.8815 2.6064 -0.0678 53
0.0000 1.2381 1.1195 0.4472 1
0.0000 2.8930 2.6086 0.0680 43
0.0000 0.6166 0.5558 -0.1917 6
0.0000 2.8756 2.5910 0.2029 39
0.0000 0.7730 0.6965 -0.2023 2
0.0000 2.1643 1.9495 0.2548 1
0.0000 0.9336 0.8407 -0.1990 2
0.0000 1.3633 1.2271 0.2252 1
0.0000 1.2573 1.1313 -0.2077 3
0.0000 1.3086 1.1770 0.2788 1
0.0000 1.5406 1.3857 -0.1813 1
0.0000 1.2818 1.1525 0.3351 1
0.0000 2.8683 2.5781 -0.2021 48
0.0000 1.2655 1.1370 0.3928 1
0.0000 2.8861 2.5923 -0.0677 52
0.0000 1.2190 1.0945 0.4390 1
0.0000 2.8813 2.5798 0.0675 46
0.0000 0.6186 0.5537 -0.1917 6
0.0000 2.8757 2.5730 0.2022 38
0.0000 0.7989 0.7148 -0.2084 2
0.0000 2.1964 1.9645 0.2578 1
0.0000 0.9366 0.8374 -0.1990 2
0.0000 1.3469 1.2038 0.2218 1
0.0000 1.2583 1.1242 -0.2072 3
0.0000 1.3039 1.1646 0.2769 1
0.0000 1.5603 1.3936 -0.1830 1
0.0000 1.2770 1.1402 0.3328 1
0.0000 2.8743 2.5655 -0.2019 48
0.0000 1.2578 1.1222 0.3892 1
0.0000 2.8937 2.5809 -0.0677 53
0.0000 1.2257 1.0928 0.4400 1
0.0000 2.8843 2.5644 0.0674 45
0.0000 0.6526 0.5800 -0.2016 5
0.0000 2.8787 2.5576 0.2018 36
0.0000 0.8190 0.7276 -0.2129 2
0.0000 0.9247 0.8210 -0.1959 2
0.0000 1.3570 1.2044 0.2228 1
0.0000 1.2622 1.1198 -0.2072 3
0.0000 1.3079 1.1600 0.2769 1
0.0000 1.5621 1.3855 -0.1827 1
0.0000 1.2678 1.1240 0.3293 2
0.0000 2.8653 2.5395 -0.2007 48
0.0000 1.2530 1.1101 0.3865 1
0.0000 2.8982 2.5668 -0.0676 52
0.0000 1.2526 1.1090 0.4483 1
0.0000 2.8932 2.5543 0.0674 43
0.0000 0.6224 0.5493 -0.1917 6
0.0000 0.7979 0.7040 -0.2068 2
0.0000 0.9350 0.8243 -0.1974 2
0.0000 1.3493 1.1891 0.2208 1
0.0000 1.2452 1.0970 -0.2038 3
0.0000 1.2910 1.1374 0.2725 1
0.0000 1.5909 1.4011 -0.1855 1
0.0000 1.2776 1.1248 0.3309 2
0.0000 2.8652 2.5216 -0.2000 46
0.0000 1.2656 1.1134 0.3892 1
0.0000 2.9082 2.5585 -0.0676 53
0.0000 1.2186 1.0717 0.4348 1
0.0000 2.8941 2.5381 0.0672 25
0.0000 0.6418 0.5627 -0.1971 5
0.0000 0.8063 0.7064 -0.2084 2
0.0000 0.9407 0.8238 -0.1980 2
0.0000 1.3577 1.1886 0.2216 1
0.0000 1.2608 1.1034 -0.2057 3
0.0000 1.2831 1.1225 0.2700 2
0.0000 1.6048 1.4034 -0.1865 1
0.0000 1.2798 1.1192 0.3305 1
0.0000 2.8705 2.5094 -0.1998 46
0.0000 1.2575 1.0990 0.3856 1
0.0000 2.8900 2.5246 -0.0670 51
0.0000 1.2325 1.0763 0.4384 1
0.0000 0.6262 0.5451 -0.1917 6
0.0000 0.8264 0.7191 -0.2129 2
0.0000 1.5799 1.3743 0.1832 1
0.0000 0.9510 0.8270 -0.1996 2
0.0000 1.3543 1.1773 0.2203 1
0.0000 1.2706 1.1042 -0.2067 3
0.0000 1.2929 1.1231 0.2713 1
0.0000 1.6169 1.4046 -0.1874 1
0.0000 1.2926 1.1225 0.3328 1
0.0000 2.8793 2.4994 -0.1998 46
0.0000 1.2599 1.0933 0.3851 1
0.0000 2.8973 2.5132 -0.0669 23
0.0000 1.2085 1.0479 0.4286 1
0.0000 0.6443 0.5574 -0.2283 5
0.0000 0.6222 0.5378 -0.1899 6
0.0000 0.8230 0.7111 -0.2114 2
0.0000 1.5696 1.3558 0.1815 2
0.0000 0.9449 0.8159 -0.1977 2
0.0000 1.3419 1.1583 0.2177 1
0.0000 1.2730 1.0984 -0.2064 2
0.0000 1.3028 1.1238 0.2725 1
0.0000 1.6249 1.4015 -0.1877 1
0.0000 1.2638 1.0897 0.3244 1
0.0000 2.9001 2.4998 -0.2007 19
0.0000 1.2534 1.0800 0.3820 3
0.0000 1.2326 1.0614 0.4359 1
0.0000 0.6477 0.5559 -0.1971 5
0.0000 1.5840 1.3591 0.1094 2
0.0000 0.8254 0.7082 -0.2114 2
0.0000 0.9343 0.8010 -0.1949 2
0.0000 1.3414 1.1497 0.2169 1
0.0000 1.2753 1.0927 -0.2062 2
0.0000 1.3008 1.1141 0.2713 1
0.0000 1.6479 1.4114 -0.1898 1
0.0000 1.2810 1.0968 0.3278 2
0.0000 1.2512 1.0705 0.3802 2
0.0000 1.2099 1.0345 0.4265 1
0.0000 0.6615 0.5638 -0.2007 5
0.0000 2.8962 2.4675 0.1994 6
0.0000 0.8279 0.7054 -0.2114 2
0.0000 2.8880 2.4597 0.3319 40
0.0000 0.9461 0.8055 -0.1968 2
0.0000 1.3273 1.1296 0.2140 1
0.0000 1.2670 1.0779 -0.2043 2
0.0000 1.2926 1.0993 0.2688 2
0.0000 1.6756 1.4250 -0.1924 2
0.0000 1.2804 1.0885 0.3267 3
0.0000 1.2787 1.0863 0.3874 1
0.0000 1.2400 1.0527 0.4359 1
0.0000 2.9227 2.4743 0.0668 1
0.0000 0.6516 0.5514 -0.1971 5
0.0000 0.8304 0.7025 -0.2114 2
0.0000 2.9118 2.4624 0.3336 55
0.0000 0.9474 0.8009 -0.1965 2
0.0000 1.3388 1.1314 0.2152 1
0.0000 1.2814 1.0825 -0.2060 2
0.0000 1.2828 1.0833 0.2659 2
0.0000 1.6927 1.4294 -0.1938 2
0.0000 1.2932 1.0916 0.3290 2
0.0000 1.2646 1.0668 0.3820 1
0.0000 1.2304 1.0372 0.4312 1
0.0000 0.6356 0.5341 -0.1917 6
0.0000 2.9026 2.4382 0.1987 40
0.0000 0.8238 0.6920 -0.2091 2
0.0000 2.8945 2.4305 0.3307 45
0.0000 0.9653 0.8103 -0.1996 2
0.0000 1.3640 1.1446 0.2186 1
0.0000 1.2775 1.0716 -0.2047 3
0.0000 1.2972 1.0877 0.2681 1
0.0000 1.6931 1.4197 -0.1933 1
0.0000 1.2834 1.0758 0.3255 1
0.0000 1.2773 1.0699 0.3847 1
0.0000 2.9131 2.4392 -0.0663 1
0.0000 1.2414 1.0391 0.4338 1
0.0000 2.9092 2.4282 0.0661 48
0.0000 0.6374 0.5318 -0.1917 6
0.0000 2.9061 2.4247 0.1984 46
0.0000 0.8322 0.6941 -0.2107 2
0.0000 2.8953 2.4140 0.3298 46
0.0000 0.9438 0.7867 -0.1946 2
0.0000 1.3360 1.1131 0.2135 1
0.0000 1.2874 1.0722 -0.2057 3
0.0000 1.3069 1.0885 0.2694 1
0.0000 1.2842 1.0688 0.3248 1
0.0000 1.7303 1.4396 -0.1180 1
0.0000 1.2675 1.0542 0.3806 3
0.0000 2.9089 2.4193 -0.0660 36
0.0000 1.2300 1.0226 0.4286 1
0.0000 2.8942 2.3994 0.0656 45
0.0000 0.6392 0.5297 -0.1917 6
0.0000 2.8976 2.4005 0.1972 43
0.0000 0.8286 0.6862 -0.2091 2
0.0000 2.9006 2.4013 0.3294 46
0.0000 0.9464 0.7835 -0.1946 2
0.0000 1.3397 1.1087 0.2135 1
0.0000 1.2848 1.0629 -0.2047 3
0.0000 1.3076 1.0814 0.2688 1
0.0000 1.2741 1.0533 0.3213 2
0.0000 2.8898 2.3881 -0.1965 11
0.0000 1.2545 1.0363 0.3757 8
0.0000 2.9142 2.4066 -0.0660 48
0.0000 1.2365 1.0208 0.4296 1
0.0000 0.6577 0.5416 -0.2283 5
0.0000 2.9041 2.3905 0.0657 47
0.0000 0.6380 0.5250 -0.1908 6
0.0000 2.9010 2.3871 0.1969 45
0.0000 0.8400 0.6909 -0.2114 2
0.0000 2.9086 2.3917 0.3294 46
0.0000 0.9614 0.7903 -0.1971 2
0.0000 1.3313 1.0939 0.2116 1
0.0000 1.2824 1.0534 -0.2038 3
0.0000 1.2776 1.0495 0.2619 2
0.0000 1.7138 1.4072 -0.1940 1
0.0000 1.2884 1.0575 0.3240 6
0.0000 1.2626 1.0357 0.3770 2
0.0000 2.9330 2.4058 -0.0662 68
0.0000 1.2444 1.0203 0.4312 2
0.0000 2.9073 2.3771 0.0656 45
0.0000 0.6760 0.5525 -0.2016 5
0.0000 2.8984 2.3681 0.1962 46
0.0000 0.8424 0.6880 -0.2114 2
0.0000 2.9107 2.3765 0.3288 47
0.0000 0.9533 0.7783 -0.1949 2
0.0000 1.3349 1.0895 0.2116 1
0.0000 1.2982 1.0591 -0.2057 3
0.0000 1.2966 1.0575 0.2650 3
0.0000 1.7511 1.4277 -0.1977 2
0.0000 1.2949 1.0557 0.3248 3
0.0000 2.8998 2.3633 -0.1961 49
0.0000 1.2676 1.0327 0.3775 2
0.0000 2.9181 2.3766 -0.0657 67
0.0000 1.2569 1.0233 0.4343 2
0.0000 2.9125 2.3644 0.0655 45
0.0000 0.6628 0.5378 -0.1971 5
0.0000 2.9016 2.3547 0.1958 45
0.0000 0.8538 0.6926 -0.2137 2
0.0000 2.9093 2.3593 0.3277 53
0.0000 0.9683 0.7849 -0.1974 2
0.0000 1.3479 1.0923 0.2130 1
0.0000 1.3034 1.0559 -0.2060 3
0.0000 1.2817 1.0383 0.2612 2
0.0000 1.7621 1.4269 -0.1984 2
0.0000 1.2940 1.0475 0.3236 2
0.0000 2.8940 2.3419 -0.1951 59
0.0000 1.2757 1.0319 0.3788 2
0.0000 2.9135 2.3568 -0.0654 52
0.0000 1.2483 1.0094 0.4302 3
0.0000 2.9048 2.3422 0.0651 43
0.0000 0.5887 0.4745 -0.1746 7
0.0000 2.9098 2.3446 0.1958 45
0.0000 0.8379 0.6749 -0.2091 2
0.0000 2.9082 2.3416 0.3267 53
0.0000 0.9570 0.7706 -0.1946 2
0.0000 1.3392 1.0779 0.2111 1
0.0000 1.3084 1.0528 -0.2062 3
0.0000 1.2868 1.0350 0.2616 2
0.0000 1.7639 1.4182 -0.1980 3
0.0000 1.2883 1.0358 0.3213 3
0.0000 2.8971 2.3285 -0.1948 60
0.0000 1.2806 1.0289 0.3793 2
0.0000 2.9217 2.3466 -0.0654 52
0.0000 1.2383 0.9942 0.4255 1
0.0000 2.9075 2.3260 0.0650 43
0.0000 0.6483 0.5185 -0.1917 6
0.0000 2.9106 2.3277 0.1953 46
0.0000 0.8189 0.6546 -0.2038 2
0.0000 2.9152 2.3297 0.3265 55
0.0000 0.9754 0.7792 -0.1977 2
0.0000 1.3371 1.0678 0.2101 1
0.0000 1.3061 1.0430 -0.2052 3
0.0000 1.3030 1.0401 0.2641 2
0.0000 1.7893 1.4279 -0.2003 2
0.0000 1.3045 1.0407 0.3244 2
0.0000 2.8889 2.3037 -0.1936 56
0.0000 1.3057 1.0412 0.3856 1
0.0000 2.9288 2.3347 -0.0654 53
0.0000 1.2495 0.9956 0.4281 1
0.0000 2.9121 2.3139 0.0649 45
0.0000 0.6501 0.5163 -0.1917 6
0.0000 2.9074 2.3093 0.1946 48
0.0000 0.8518 0.6763 -0.2114 2
0.0000 2.9182 2.3163 0.3260 50
0.0000 0.9672 0.7674 -0.1955 2
0.0000 1.3375 1.0609 0.2096 1
0.0000 1.3158 1.0436 -0.2062 3
0.0000 1.3265 1.0518 0.2681 2
0.0000 1.8425 1.4603 -0.2057 2
0.0000 1.3018 1.0314 0.3228 2
0.0000 2.8934 2.2916 -0.1934 59
0.0000 1.2740 1.0091 0.3752 2
0.0000 2.9302 2.3200 -0.0652 53
0.0000 1.2497 0.9891 0.4271 1
0.0000 2.9197 2.3042 0.0649 45
0.0000 0.6518 0.5142 -0.1917 6
0.0000 2.9076 2.2930 0.1941 43
0.0000 0.8479 0.6686 -0.2099 2
0.0000 2.9212 2.3029 0.3254 47
0.0000 0.9681 0.7629 -0.1952 2
0.0000 1.3301 1.0478 0.2079 1
0.0000 1.3022 1.0255 -0.2035 3
0.0000 1.3085 1.0300 0.2637 2
0.0000 1.8614 1.4653 -0.2073 2
0.0000 1.3176 1.0368 0.3259 2
0.0000 2.8947 2.2771 -0.1930 59
0.0000 1.2684 0.9974 0.3725 2
0.0000 2.9241 2.2986 -0.0649 57
0.0000 1.2684 0.9967 0.4322 1
0.0000 2.9183 2.2866 0.0647 46
0.0000 0.6536 0.5119 -0.1917 6
0.0000 2.9108 2.2791 0.1937 45
0.0000 0.8347 0.6536 -0.2061 2
0.0000 2.9135 2.2804 0.3237 36
0.0000 0.9988 0.7815 -0.2009 2
0.0000 1.3635 1.0664 0.2125 1
0.0000 1.3152 1.0283 -0.2050 3
0.0000 1.2980 1.0145 0.2609 1
0.0000 1.8634 1.4563 -0.2069 3
0.0000 1.3011 1.0165 0.3209 2
0.0000 2.9105 2.2731 -0.1935 63
0.0000 1.2795 0.9990 0.3748 2
0.0000 2.9258 2.2835 -0.0648 57
0.0000 1.2566 0.9804 0.4271 1
0.0000 2.9152 2.2678 0.0645 49
0.0000 0.7015 0.5455 -0.2052 4
0.0000 2.9140 2.2653 0.1934 43
0.0000 0.8432 0.6555 -0.2076 2
0.0000 2.9183 2.2678 0.3233 28
0.0000 0.9875 0.7671 -0.1980 2
0.0000 1.3515 1.0495 0.2101 1
0.0000 1.3188 1.0237 -0.2050 3
0.0000 1.3219 1.0257 0.2650 2
0.0000 1.8655 1.4471 -0.2066 3
0.0000 1.3077 1.0144 0.3217 2
0.0000 2.9073 2.2543 -0.1928 57
0.0000 1.2707 0.9849 0.3712 2
0.0000 2.9338 2.2732 -0.0648 60
0.0000 1.2570 0.9736 0.4260 2
0.0000 2.9200 2.2552 0.0644 49
0.0000 0.7188 0.5550 -0.2097 4
0.0000 2.9124 2.2477 0.1928 43
0.0000 0.8332 0.6428 -0.2045 2
0.0000 2.9219 2.2534 0.3228 18
0.0000 0.9700 0.7478 -0.1940 2
0.0000 1.3269 1.0229 0.2057 1
0.0000 1.3271 1.0227 -0.2057 3
0.0000 1.3129 1.0114 0.2625 2
0.0000 1.8848 1.4515 -0.2081 2
0.0000 1.3177 1.0144 0.3232 3
0.0000 2.9029 2.2339 -0.1920 57
0.0000 1.2913 0.9933 0.3761 2
0.0000 2.9385 2.2605 -0.0647 57
0.0000 1.2695 0.9763 0.4291 2
0.0000 2.9282 2.2445 0.0644 41
0.0000 0.6930 0.5310 -0.2016 5
0.0000 2.9108 2.2303 0.1922 25
0.0000 0.8541 0.6542 -0.2091 2
0.0000 2.9297 2.2432 0.3228 6
0.0000 0.9773 0.7480 -0.1949 2
0.0000 1.3275 1.0157 0.2052 1
0.0000 1.3196 1.0096 -0.2040 3
0.0000 1.3196 1.0093 0.2631 2
0.0000 1.8883 1.4437 -0.2080 2
0.0000 1.3087 1.0002 0.3202 3
0.0000 2.9059 2.2201 -0.1917 20
0.0000 1.2760 0.9749 0.3707 2
0.0000 2.9337 2.2406 -0.0644 22
0.0000 1.2637 0.9648 0.4260 2
0.0000 0.6009 0.4576 -0.2024 7
0.0000 2.5633 1.9513 0.0562 14
0.0000 0.6606 0.5027 -0.1917 6
0.0000 2.5430 1.9352 0.1675 15
0.0000 0.8563 0.6514 -0.2091 2
0.0000 2.5486 1.9380 0.2801 1
0.0000 0.9782 0.7435 -0.1946 2
0.0000 1.3498 1.0257 0.2082 1
0.0000 1.3229 1.0052 -0.2040 3
0.0000 1.3151 0.9989 0.2616 2
0.0000 1.9010 1.4434 -0.2088 2
0.0000 1.3214 1.0030 0.3225 3
0.0000 2.5648 1.9461 -0.1687 15
0.0000 1.2823 0.9730 0.3716 2
0.0000 2.5556 1.9384 -0.0560 15
0.0000 1.2638 0.9583 0.4250 2
0.0000 2.5761 1.9476 0.0564 16
0.0000 0.6965 0.5264 -0.2016 5
0.0000 2.5593 1.9335 0.1681 16
0.0000 0.8585 0.6484 -0.2091 2
0.0000 2.5518 1.9271 0.2798 1
0.0000 0.9932 0.7498 -0.1971 2
0.0000 1.3469 1.0164 0.2072 1
0.0000 1.3296 1.0030 -0.2045 3
0.0000 1.3154 0.9919 0.2609 2
0.0000 1.8965 1.4296 -0.2078 2
0.0000 1.3171 0.9925 0.3206 3
0.0000 2.5700 1.9359 -0.1686 16
0.0000 1.2997 0.9790 0.3757 3
0.0000 2.5591 1.9270 -0.0559 15
0.0000 1.2703 0.9562 0.4260 2
0.0000 2.5657 1.9250 0.0560 16
0.0000 0.6454 0.4841 -0.1863 6
0.0000 2.5568 1.9169 0.1675 16
0.0000 0.8483 0.6358 -0.2061 2
0.0000 2.4951 1.8700 0.2728 1
0.0000 0.9802 0.7343 -0.1940 2
0.0000 1.3569 1.0162 0.2082 1
0.0000 1.3428 1.0053 -0.2060 3
0.0000 1.3332 0.9978 0.2637 2
0.0000 1.8937 1.4167 -0.2069 2
0.0000 1.3144 0.9829 0.3190 3
0.0000 2.5707 1.9217 -0.1682 16
0.0000 1.3017 0.9731 0.3752 3
0.0000 2.5662 1.9176 -0.0559 15
0.0000 1.2738 0.9515 0.4260 2
0.0000 2.5647 1.9096 0.0558 16
0.0000 0.6660 0.4957 -0.1917 6
0.0000 2.5619 1.9068 0.1674 15
0.0000 0.8443 0.6281 -0.2045 2
0.0000 0.9844 0.7319 -0.1943 2
0.0000 1.3543 1.0065 0.2072 1
0.0000 1.3385 0.9944 -0.2047 3
0.0000 1.3367 0.9931 0.2637 2
0.0000 1.9018 1.4124 -0.2073 2
0.0000 1.3320 0.9889 0.3225 3
0.0000 2.5646 1.9032 -0.1674 17
0.0000 1.3037 0.9672 0.3748 3
0.0000 2.5696 1.9063 -0.0558 15
0.0000 1.2802 0.9494 0.4271 2
0.0000 2.5710 1.9011 0.0558 15
0.0000 0.6488 0.4796 -0.1863 6
0.0000 2.5557 1.8883 0.1665 16
0.0000 0.8622 0.6369 -0.2084 2
0.0000 0.9980 0.7369 -0.1965 2
0.0000 1.3640 1.0067 0.2082 1
0.0000 1.3434 0.9912 -0.2050 3
0.0000 1.3513 0.9966 0.2659 2
0.0000 1.9100 1.4081 -0.2076 2
0.0000 1.3369 0.9856 0.3228 4
0.0000 2.5676 1.8923 -0.1672 16
0.0000 1.3006 0.9582 0.3730 3
0.0000 2.5795 1.8997 -0.0559 15
0.0000 1.2741 0.9380 0.4239 3
0.0000 2.5760 1.8909 0.0558 15
0.0000 0.6882 0.5050 -0.1971 5
0.0000 2.5458 1.8680 0.1655 15
0.0000 0.8422 0.6177 -0.2030 2
0.0000 1.0021 0.7345 -0.1968 2
0.0000 1.3995 1.0254 0.2130 1
0.0000 1.3404 0.9818 -0.2040 3
0.0000 1.3705 1.0038 0.2691 2
0.0000 1.9178 1.4042 -0.2080 2
0.0000 1.3403 0.9809 0.3228 4
0.0000 2.5742 1.8834 -0.1672 16
0.0000 1.2930 0.9456 0.3698 4
0.0000 2.5696 1.8793 -0.0556 15
0.0000 1.2897 0.9429 0.4281 3
0.0000 2.5790 1.8800 0.0557 14
0.0000 0.7229 0.5268 -0.2065 4
0.0000 2.5556 1.8615 0.1657 15
0.0000 0.8570 0.6240 -0.2061 2
0.0000 1.0094 0.7347 -0.1977 2
0.0000 1.3836 1.0068 0.2101 1
0.0000 1.3533 0.9843 -0.2055 3
0.0000 1.3884 1.0095 0.2719 3
0.0000 1.9179 1.3939 -0.2074 2
0.0000 1.3356 0.9707 0.3209 4
0.0000 2.5772 1.8725 -0.1670 15
0.0000 1.3087 0.9505 0.3734 4
0.0000 2.5713 1.8668 -0.0555 14
0.0000 1.2899 0.9361 0.4271 3
0.0000 2.5661 1.8569 0.0553 15
0.0000 0.6900 0.4991 -0.1966 5
0.0000 2.5588 1.8502 0.1655 15
0.0000 0.8877 0.6419 -0.2129 2
0.0000 0.9991 0.7219 -0.1952 2
0.0000 1.4386 1.0391 0.2179 1
0.0000 1.3535 0.9773 -0.2050 3
0.0000 1.4031 1.0127 0.2741 5
0.0000 1.9050 1.3744 -0.2055 2
0.0000 1.3358 0.9638 0.3202 5
0.0000 2.5837 1.8635 -0.1670 16
0.0000 1.3152 0.9482 0.3743 4
0.0000 2.5859 1.8637 -0.0556 15
0.0000 1.2806 0.9226 0.4229 3
0.0000 2.5677 1.8444 0.0552 15
0.0000 0.7076 0.5081 -0.2011 5
0.0000 2.5669 1.8425 0.1656 16
0.0000 0.8837 0.6341 -0.2114 2
0.0000 1.0018 0.7182 -0.1952 2
0.0000 1.3842 0.9924 0.2091 1
0.0000 1.3537 0.9702 -0.2045 3
0.0000 1.4147 1.0136 0.2756 9
0.0000 1.9146 1.3712 -0.2060 2
0.0000 1.3393 0.9589 0.3202 5
0.0000 2.5792 1.8458 -0.1662 17
0.0000 1.3187 0.9434 0.3743 4
0.0000 2.5827 1.8476 -0.0554 15
0.0000 1.2901 0.9226 0.4250 3
0.0000 2.5794 1.8385 0.0553 16
0.0000 0.6713 0.4783 -0.1903 6
0.0000 2.5587 1.8230 0.1646 16
0.0000 0.8763 0.6241 -0.2091 2
0.0000 1.0075 0.7170 -0.1959 2
0.0000 1.4202 1.0104 0.2140 1
0.0000 1.3508 0.9607 -0.2035 4
0.0000 1.4247 1.0132 0.2769 11
0.0000 1.9308 1.3726 -0.2073 2
0.0000 1.3491 0.9587 0.3217 4
0.0000 2.5758 1.8299 -0.1656 17
0.0000 1.3045 0.9263 0.3694 3
0.0000 2.5875 1.8375 -0.0554 16
0.0000 1.3091 0.9293 0.4302 2
0.0000 2.5822 1.8276 0.0552 16
0.0000 0.7111 0.5031 -0.2011 5
0.0000 2.5617 1.8118 0.1644 16
0.0000 0.8689 0.6143 -0.2068 2
0.0000 1.0098 0.7137 -0.1959 2
0.0000 1.4430 1.0194 0.2169 1
0.0000 1.3507 0.9539 -0.2030 3
0.0000 1.4330 1.0116 0.2778 14
0.0000 1.9355 1.3659 -0.2073 3
0.0000 1.3490 0.9520 0.3209 4
0.0000 2.5819 1.8213 -0.1656 18
0.0000 1.3107 0.9243 0.3703 3
0.0000 2.5824 1.8203 -0.0551 18
0.0000 1.3091 0.9225 0.4291 3
0.0000 2.5869 1.8174 0.0552 17
0.0000 0.6746 0.4738 -0.1903 6
0.0000 2.5661 1.8021 0.1643 17
0.0000 0.8838 0.6204 -0.2099 2
0.0000 1.0139 0.7113 -0.1962 2
0.0000 1.4108 0.9893 0.2116 2
0.0000 1.3605 0.9537 -0.2040 4
0.0000 1.4331 1.0046 0.2772 15
0.0000 1.9254 1.3492 -0.2057 3
0.0000 1.3491 0.9450 0.3202 3
0.0000 2.5882 1.8123 -0.1656 17
0.0000 1.3251 0.9275 0.3734 2
0.0000 2.5835 1.8083 -0.0550 16
0.0000 1.3027 0.9115 0.4260 2
0.0000 2.5782 1.7986 0.0549 16
0.0000 0.6602 0.4604 -0.1858 6
0.0000 2.5740 1.7943 0.1644 17
0.0000 0.8730 0.6084 -0.2068 2
0.0000 1.0179 0.7091 -0.1965 2
0.0000 1.4320 0.9971 0.2142 2
0.0000 1.3718 0.9549 -0.2052 4
0.0000 1.4350 0.9985 0.2769 15
0.0000 1.9432 1.3515 -0.2071 3
0.0000 1.3426 0.9338 0.3179 2
0.0000 2.5910 1.8014 -0.1654 17
0.0000 1.3122 0.9120 0.3689 2
0.0000 2.5915 1.8004 -0.0551 18
0.0000 1.2789 0.8882 0.4172 1
0.0000 0.7003 0.4851 -0.2283 5
0.0000 2.5811 1.7873 0.0548 16
0.0000 0.6810 0.4714 -0.1912 6
0.0000 2.5720 1.7796 0.1639 17
0.0000 0.8654 0.5988 -0.2045 2
0.0000 1.0009 0.6920 -0.1927 2
0.0000 1.4158 0.9785 0.2113 2
0.0000 1.3784 0.9523 -0.2057 4
0.0000 1.4450 0.9980 0.2781 14
0.0000 1.9413 1.3402 -0.2064 3
0.0000 1.3458 0.9291 0.3179 3
0.0000 2.5874 1.7856 -0.1648 17
0.0000 1.3266 0.9151 0.3721 1
0.0000 2.5912 1.7868 -0.0549 18
0.0000 1.2788 0.8815 0.4162 1
0.0000 0.7021 0.4825 -0.2283 5
0.0000 2.5808 1.7737 0.0547 16
0.0000 0.7019 0.4822 -0.1966 5
0.0000 2.5684 1.7639 0.1633 17
0.0000 0.8837 0.6067 -0.2084 2
0.0000 1.0148 0.6962 -0.1949 2
0.0000 1.4209 0.9747 0.2116 2
0.0000 1.3637 0.9352 -0.2030 5
0.0000 1.4485 0.9929 0.2781 15
0.0000 1.9558 1.3402 -0.2074 3
0.0000 1.3703 0.9386 0.3228 2
0.0000 2.5840 1.7693 -0.1641 18
0.0000 1.3235 0.9059 0.3703 1
0.0000 2.6023 1.7812 -0.0550 16
0.0000 1.2787 0.8749 0.4151 1
0.0000 2.5906 1.7665 0.0547 16
0.0000 0.6811 0.4643 -0.1903 6
0.0000 2.5765 1.7556 0.1634 17
0.0000 0.8696 0.5925 -0.2045 2
0.0000 1.0173 0.6926 -0.1949 2
0.0000 1.4179 0.9650 0.2106 2
0.0000 1.3721 0.9335 -0.2038 4
0.0000 1.4423 0.9809 0.2763 16
0.0000 1.9640 1.3353 -0.2078 3
0.0000 1.3330 0.9062 0.3133 1
0.0000 2.5935 1.7625 -0.1643 17
0.0000 1.3395 0.9100 0.3739 1
0.0000 2.5923 1.7604 -0.0547 18
0.0000 1.2851 0.8724 0.4162 1
0.0000 0.7055 0.4775 -0.2283 5
0.0000 2.5868 1.7507 0.0545 17
0.0000 0.7053 0.4772 -0.1966 5
0.0000 2.5793 1.7443 0.1632 16
0.0000 0.8946 0.6047 -0.2099 2
0.0000 1.0411 0.7033 -0.1990 2
0.0000 1.4114 0.9534 0.2091 2
0.0000 1.3819 0.9332 -0.2047 4
0.0000 1.4441 0.9748 0.2760 15
0.0000 1.9456 1.3128 -0.2053 3
0.0000 1.3395 0.9035 0.3141 1
0.0000 2.5933 1.7485 -0.1639 17
0.0000 1.3396 0.9029 0.3730 1
0.0000 2.5918 1.7469 -0.0546 18
0.0000 1.2913 0.8700 0.4172 1
0.0000 0.7070 0.4753 -0.2283 5
0.0000 2.5843 1.7366 0.0543 16
0.0000 0.7069 0.4749 -0.1966 5
0.0000 2.5784 1.7313 0.1628 16
0.0000 0.9095 0.6107 -0.2129 2
0.0000 1.0203 0.6846 -0.1946 2
0.0000 1.4343 0.9620 0.2121 3
0.0000 1.3834 0.9275 -0.2045 3
0.0000 1.4539 0.9744 0.2772 14
0.0000 1.9563 1.3111 -0.2060 3
0.0000 1.3554 0.9080 0.3171 1
0.0000 2.5988 1.7404 -0.1639 18
0.0000 1.3327 0.8922 0.3703 1
0.0000 2.5976 1.7383 -0.0546 16
0.0000 1.2894 0.8625 0.4157 1
0.0000 0.7087 0.4728 -0.2283 5
0.0000 2.5920 1.7286 0.0544 16
0.0000 0.6859 0.4572 -0.1903 6
0.0000 2.5844 1.7223 0.1628 16
0.0000 0.8953 0.5966 -0.2091 2
0.0000 1.0243 0.6821 -0.1949 2
0.0000 1.4244 0.9482 0.2101 3
0.0000 1.3899 0.9248 -0.2050 3
0.0000 1.4605 0.9715 0.2778 9
0.0000 1.9642 1.3065 -0.2064 2
0.0000 1.3586 0.9033 0.3171 1
0.0000 2.5849 1.7180 -0.1627 17
0.0000 1.3212 0.8778 0.3662 2
0.0000 2.6036 1.7292 -0.0546 18
0.0000 1.2956 0.8601 0.4167 3
0.0000 0.7103 0.4703 -0.2283 5
0.0000 2.6030 1.7229 0.0545 15
0.0000 0.7102 0.4699 -0.1966 5
0.0000 2.5771 1.7045 0.1619 15
0.0000 0.9137 0.6043 -0.2129 2
0.0000 2.6010 1.7196 0.2728 1
0.0000 1.0366 0.6851 -0.1968 2
0.0000 1.4261 0.9421 0.2099 3
0.0000 1.3799 0.9112 -0.2030 3
0.0000 1.9571 1.2919 -0.2052 2
0.0000 1.3470 0.8888 0.3137 2
0.0000 2.5925 1.7101 -0.1628 17
0.0000 1.3015 0.8582 0.3599 3
0.0000 2.6096 1.7201 -0.0546 16
0.0000 1.2970 0.8546 0.4162 1
0.0000 0.7120 0.4679 -0.2283 5
0.0000 2.6023 1.7094 0.0543 16
0.0000 0.6890 0.4524 -0.1903 6
0.0000 2.5797 1.6933 0.1617 15
0.0000 0.9060 0.5947 -0.2107 2
0.0000 2.5704 1.6865 0.2690 1
0.0000 1.0258 0.6728 -0.1943 2
0.0000 1.4244 0.9339 0.2091 2
0.0000 1.3863 0.9086 -0.2035 3
0.0000 1.4491 0.9494 0.2744 1
0.0000 1.9749 1.2938 -0.2066 2
0.0000 1.3353 0.8744 0.3103 3
0.0000 2.6052 1.7054 -0.1632 16
0.0000 1.3322 0.8718 0.3676 1
0.0000 2.6022 1.7022 -0.0543 16
0.0000 1.3129 0.8585 0.4203 1
0.0000 0.7136 0.4654 -0.2283 5
0.0000 2.6066 1.6992 0.0543 16
0.0000 0.7363 0.4798 -0.2029 5
0.0000 2.5853 1.6847 0.1617 15
0.0000 0.9081 0.5915 -0.2107 2
0.0000 2.5729 1.6753 0.2686 2
0.0000 1.0298 0.6703 -0.1946 2
0.0000 1.4309 0.9310 0.2096 2
0.0000 1.4027 0.9126 -0.2055 3
0.0000 1.9694 1.2804 -0.2055 3
0.0000 1.3614 0.8848 0.3156 2
0.0000 2.6094 1.6952 -0.1631 17
0.0000 1.3678 0.8886 0.3766 1
0.0000 2.6062 1.6925 -0.0542 18
0.0000 1.3206 0.8573 0.4219 3
0.0000 2.5954 1.6797 0.0540 16
0.0000 0.6954 0.4499 -0.1912 6
0.0000 2.5875 1.6739 0.1615 15
0.0000 0.8935 0.5778 -0.2068 2
0.0000 2.5801 1.6679 0.2688 3
0.0000 1.0220 0.6604 -0.1927 2
0.0000 1.4090 0.9101 0.2060 1
0.0000 1.3873 0.8961 -0.2028 3
0.0000 1.4554 0.9397 0.2744 1
0.0000 1.9636 1.2674 -0.2045 2
0.0000 1.3610 0.8781 0.3148 1
0.0000 2.6133 1.6855 -0.1630 12
0.0000 1.3478 0.8693 0.3703 2
0.0000 2.6135 1.6849 -0.0543 19
0.0000 1.3332 0.8592 0.4250 3
0.0000 2.6010 1.6711 0.0540 17
0.0000 0.6969 0.4476 -0.1912 6
0.0000 2.5900 1.6627 0.1613 15
0.0000 0.8921 0.5727 -0.2061 2
0.0000 2.5873 1.6604 0.2690 4
0.0000 1.0275 0.6592 -0.1934 2
0.0000 1.4003 0.8980 0.2043 1
0.0000 1.4005 0.8977 -0.2043 3
0.0000 1.4320 0.9176 0.2694 1
0.0000 1.3788 0.8831 0.3183 2
0.0000 1.4198 0.9087 0.3892 5
0.0000 2.6143 1.6725 -0.0542 13
0.0000 1.3280 0.8493 0.4224 1
0.0000 2.6118 1.6652 0.0541 14
0.0000 0.6984 0.4451 -0.1912 6
0.0000 2.5823 1.6451 0.1605 15
0.0000 0.9042 0.5758 -0.2084 2
0.0000 2.6051 1.6584 0.2702 6
0.0000 1.0433 0.6639 -0.1959 2
0.0000 1.4437 0.9186 0.2101 1
0.0000 1.3684 0.8704 -0.1991 1
0.0000 1.5436 0.9815 0.2897 2
0.0000 1.3770 0.8749 0.3171 3
0.0000 2.5804 1.6376 0.8189 5
0.0000 0.7198 0.4551 -0.1966 5
0.0000 2.6032 1.6457 0.1614 8
0.0000 0.8829 0.5580 -0.2030 2
0.0000 2.6160 1.6525 0.2707 9
0.0000 1.0523 0.6644 -0.1971 2
0.0000 1.4403 0.9091 0.2091 1
0.0000 1.3515 0.8527 -0.1962 1
0.0000 1.5253 0.9624 0.2856 3
0.0000 1.4482 0.9130 0.3328 4
0.0000 1.5021 0.9463 0.4099 35
0.0000 2.5845 1.6275 0.8184 5
0.0000 0.7015 0.4402 -0.1912 6
0.0000 0.8815 0.5528 -0.2023 2
0.0000 1.0511 0.6589 -0.1965 2
0.0000 1.4500 0.9085 0.2101 1
0.0000 1.3408 0.8398 -0.1943 2
0.0000 1.5270 0.9560 0.2853 4
0.0000 1.4895 0.9322 0.3415 9
0.0000 1.5135 0.9465 0.4121 19
0.0000 2.5771 1.6103 0.8142 6
0.0000 0.6997 0.4357 -0.1903 6
0.0000 0.9167 0.5706 -0.2099 2
0.0000 1.0433 0.6489 -0.1946 2
0.0000 1.4060 0.8741 0.2033 1
0.0000 1.3438 0.8351 -0.1943 3
0.0000 1.5437 0.9590 0.2878 5
0.0000 1.3150 0.8169 -0.1354 1
0.0000 1.4894 0.9249 0.3408 7
0.0000 1.5085 0.9360 0.4099 10
0.0000 2.5728 1.5952 0.8111 6
0.0000 0.6416 0.3964 -0.1741 7
0.0000 0.9053 0.5591 -0.2068 2
0.0000 1.0591 0.6536 -0.1971 2
0.0000 1.5104 0.9317 0.2179 1
0.0000 1.3838 0.8533 -0.1996 2
0.0000 1.5706 0.9681 0.2922 14
0.0000 1.3467 0.8301 -0.1384 3
0.0000 1.3792 0.8495 -0.0849 1
0.0000 1.5167 0.9338 0.4112 7
0.0000 2.5849 1.5903 0.8132 6
0.0000 0.6862 0.4206 -0.1858 6
0.0000 0.9006 0.5519 -0.2053 2
0.0000 1.0377 0.6354 -0.1927 2
0.0000 1.4020 0.8578 -0.2018 3
0.0000 1.5704 0.9609 0.2916 7
0.0000 1.3649 0.8347 -0.1400 1
0.0000 2.5929 1.5852 0.5907 19
0.0000 1.3753 0.8405 -0.0845 1
0.0000 1.5100 0.9224 0.4085 3
0.0000 1.3584 0.8298 -0.0278 1
0.0000 2.5836 1.5777 0.8111 7
0.0000 1.4194 0.8641 0.0290 1
0.0000 0.7075 0.4305 -0.1912 6
0.0000 1.3736 0.8355 0.0843 1
0.0000 0.8891 0.5406 -0.2023 2
0.0000 1.0398 0.6320 -0.1927 2
0.0000 1.3998 0.8501 -0.2011 3
0.0000 1.5738 0.9554 0.2916 2
0.0000 1.9912 1.2083 -0.2038 2
0.0000 2.5948 1.5746 0.5900 13
0.0000 2.6110 1.5838 -0.1600 7
0.0000 1.5480 0.9386 0.4180 1
0.0000 2.6199 1.5879 -0.0535 1
0.0000 2.5891 1.5686 0.8111 7
0.0000 2.7028 1.6324 0.0551 1
0.0000 0.7457 0.4502 -0.2011 5
0.0000 1.3766 0.8307 0.0843 1
0.0000 0.9043 0.5457 -0.2053 2
0.0000 1.4109 0.8511 0.1442 1
0.0000 1.0691 0.6447 -0.1977 2
0.0000 1.4198 0.8554 -0.2035 3
0.0000 1.9918 1.1996 -0.2034 2
0.0000 2.6251 1.5798 -0.1606 18
0.0000 2.5950 1.5611 0.6991 7
0.0000 2.6220 1.5767 -0.0534 11
0.0000 2.5797 1.5506 0.8065 6
0.0000 2.6107 1.5643 0.0531 9
0.0000 0.7105 0.4256 -0.1912 6
0.0000 2.6132 1.5646 0.1596 1
0.0000 0.9231 0.5527 -0.2091 2
0.0000 2.6311 1.5747 0.2683 1
0.0000 1.0442 0.6247 -0.1927 2
0.0000 1.4244 0.8515 -0.2038 3
0.0000 1.9925 1.1906 -0.2031 3
0.0000 1.5759 0.9413 0.3568 2
0.0000 2.6186 1.5635 -0.1598 15
0.0000 2.6021 1.5530 0.6996 19
0.0000 2.6343 1.5716 -0.0535 15
0.0000 2.5751 1.5357 0.8034 7
0.0000 2.6110 1.5522 0.0530 11
0.0000 0.7153 0.4251 -0.1921 6
0.0000 2.6049 1.5473 0.1588 12
0.0000 0.9250 0.5494 -0.2091 2
0.0000 2.6160 1.5533 0.2662 7
0.0000 1.0464 0.6211 -0.1927 2
0.0000 1.4223 0.8435 -0.2030 3
0.0000 2.0035 1.1877 -0.2038 3
0.0000 1.5420 0.9138 0.3484 9
0.0000 2.6120 1.5472 -0.1591 15
0.0000 2.5991 1.5389 0.6973 13
0.0000 2.6398 1.5624 -0.0535 19
0.0000 2.5838 1.5286 0.8044 7
0.0000 2.6199 1.5451 0.0531 15
0.0000 0.7135 0.4206 -0.1912 6
0.0000 2.6052 1.5352 0.1585 16
0.0000 0.9269 0.5462 -0.2091 2
0.0000 2.6300 1.5492 0.2670 16
0.0000 1.0724 0.6314 -0.1971 2
0.0000 1.4507 0.8539 0.2067 1
0.0000 1.4252 0.8385 -0.2030 3
0.0000 1.9956 1.1736 -0.2025 3
0.0000 1.5757 0.9263 0.3553 8
0.0000 2.6139 1.5360 -0.1589 15
0.0000 2.6011 1.5279 0.6964 15
0.0000 2.6349 1.5471 -0.0533 18
0.0000 2.5957 1.5235 0.8065 7
0.0000 2.6252 1.5359 0.0531 16
0.0000 0.7149 0.4181 -0.1912 6
0.0000 2.6033 1.5225 0.1581 16
0.0000 0.9457 0.5529 -0.2129 2
0.0000 2.6268 1.5350 0.2662 15
0.0000 1.0712 0.6257 -0.1965 2
0.0000 1.5326 0.8948 0.2179 1
0.0000 1.4076 0.8215 -0.2001 5
0.0000 2.0135 1.1747 -0.2039 3
0.0000 1.6010 0.9337 0.3602 3
0.0000 2.6227 1.5289 -0.1591 14
0.0000 2.6081 1.5198 0.6969 15
0.0000 2.6262 1.5303 -0.0531 10
0.0000 2.6041 1.5169 0.8075 7
0.0000 2.6321 1.5282 0.0531 16
0.0000 0.7163 0.4157 -0.1912 6
0.0000 2.6121 1.5154 0.1583 17
0.0000 0.9137 0.5299 -0.2053 2
0.0000 2.6114 1.5138 0.2641 16
0.0000 1.0630 0.6162 -0.1946 2
0.0000 1.6454 0.9534 0.2335 1
0.0000 1.4240 0.8248 -0.2021 3
0.0000 2.0141 1.1657 -0.2036 3
0.0000 2.6083 1.5095 0.5858 18
0.0000 2.6312 1.5222 -0.1593 15
0.0000 2.6081 1.5082 0.6955 15
0.0000 2.6384 1.5252 -0.0532 16
0.0000 2.5877 1.4952 0.8008 7
0.0000 0.7382 0.4253 -0.2283 5
0.0000 2.6270 1.5130 0.0529 16
0.0000 0.7178 0.4132 -0.1912 6
0.0000 2.6208 1.5083 0.1585 17
0.0000 0.9189 0.5288 -0.2061 2
0.0000 2.6164 1.5051 0.2641 16
0.0000 1.0754 0.6184 -0.1965 2
0.0000 1.6556 0.9517 0.2345 1
0.0000 1.4338 0.8238 -0.2030 3
0.0000 2.0076 1.1530 -0.2025 3
0.0000 2.6050 1.4955 0.5839 13
0.0000 2.6296 1.5090 -0.1589 15
0.0000 2.6184 1.5020 0.6969 14
0.0000 2.6455 1.5169 -0.0532 19
0.0000 2.5862 1.4823 0.7987 5
0.0000 0.7397 0.4227 -0.2283 5
0.0000 2.6201 1.4969 0.0527 15
0.0000 0.7192 0.4107 -0.1912 6
0.0000 2.6278 1.5001 0.1586 15
0.0000 0.9207 0.5256 -0.2061 2
0.0000 2.6251 1.4980 0.2644 16
0.0000 1.0673 0.6088 -0.1946 2
0.0000 1.6210 0.9242 0.2291 1
0.0000 1.4453 0.8237 -0.2043 3
0.0000 2.0272 1.1549 -0.2041 3
0.0000 2.6170 1.4903 0.5854 16
0.0000 2.6244 1.4939 -0.1583 15
0.0000 2.6202 1.4909 0.6960 14
0.0000 2.6351 1.4988 -0.0529 16
0.0000 2.5964 1.4761 0.8003 4
0.0000 2.6305 1.4907 0.0528 16
0.0000 0.7410 0.4197 -0.1966 5
0.0000 2.6122 1.4791 0.1573 16
0.0000 0.9533 0.5398 -0.2129 2
0.0000 2.6286 1.4878 0.2643 16
0.0000 1.0728 0.6070 -0.1952 2
0.0000 1.6260 0.9196 0.2294 1
0.0000 1.4274 0.8069 -0.2013 3
0.0000 2.0312 1.1478 -0.2041 3
0.0000 2.6205 1.4802 0.5850 17
0.0000 2.6262 1.4828 -0.1581 15
0.0000 2.6152 1.4760 0.6933 14
0.0000 2.6369 1.4876 -0.0528 16
0.0000 2.5981 1.4652 0.7992 4
0.0000 2.6287 1.4776 0.0526 12
0.0000 0.7424 0.4171 -0.1966 5
0.0000 2.6121 1.4670 0.1570 16
0.0000 0.8970 0.5038 -0.2000 2
0.0000 2.6338 1.4786 0.2643 16
0.0000 1.0543 0.5916 -0.1915 2
0.0000 1.6413 0.9207 0.2311 1
0.0000 1.4423 0.8087 -0.2030 3
0.0000 2.0196 1.1319 -0.2025 3
0.0000 2.6291 1.4730 0.5858 17
0.0000 2.6331 1.4746 -0.1582 15
0.0000 2.6102 1.4612 0.6906 14
0.0000 2.6351 1.4745 -0.0527 15
0.0000 2.5999 1.4542 0.7982 4
0.0000 0.7439 0.4146 -0.1966 5
0.0000 2.6155 1.4569 0.1569 15
0.0000 0.9193 0.5121 -0.2045 2
0.0000 2.6302 1.4646 0.2634 13
0.0000 1.1012 0.6129 -0.1996 2
0.0000 1.7243 0.9593 0.2423 1
0.0000 1.4399 0.8008 -0.2023 3
0.0000 2.6606 1.4790 0.4821 1
0.0000 2.0200 1.1229 -0.2022 3
0.0000 2.6342 1.4638 0.5858 17
0.0000 2.6312 1.4615 -0.1577 17
0.0000 2.6204 1.4549 0.6919 15
0.0000 2.6349 1.4624 -0.0526 16
0.0000 2.5880 1.4357 0.7930 4
0.0000 2.4657 1.3634 0.0492 1
0.0000 0.7453 0.4120 -0.1966 5
0.0000 2.6240 1.4497 0.1571 15
0.0000 0.9211 0.5089 -0.2045 2
0.0000 1.0860 0.5995 -0.1965 2
0.0000 1.6929 0.9341 0.2374 1
0.0000 1.4462 0.7977 -0.2028 3
0.0000 2.6156 1.4421 0.4731 3
0.0000 2.0170 1.1120 -0.2015 3
0.0000 2.6135 1.4404 0.5801 16
0.0000 2.6398 1.4542 -0.1579 16
0.0000 2.6254 1.4457 0.6919 15
0.0000 2.6418 1.4541 -0.0526 15
0.0000 2.5947 1.4276 0.7935 5
0.0000 0.7263 0.3981 -0.1912 6
0.0000 0.9642 0.5283 -0.2137 2
0.0000 1.0743 0.5881 -0.1940 2
0.0000 1.6439 0.8996 0.2301 1
0.0000 1.4455 0.7907 -0.2023 3
0.0000 2.6221 1.4343 0.4734 8
0.0000 2.0331 1.1117 -0.2027 2
0.0000 2.6203 1.4322 0.5804 17
0.0000 2.6343 1.4393 -0.1573 16
0.0000 2.6236 1.4328 0.6901 15
0.0000 2.6483 1.4463 -0.0527 9
0.0000 2.6045 1.4218 0.7951 6
0.0000 0.7139 0.3882 -0.1876 6
0.0000 0.9384 0.5099 -0.2076 2
0.0000 1.6895 0.9177 0.1682 1
0.0000 1.0832 0.5884 -0.1952 2
0.0000 1.6364 0.8885 0.2286 1
0.0000 1.4376 0.7802 -0.2008 3
0.0000 2.6166 1.4195 0.4715 13
0.0000 2.0299 1.1008 -0.2020 2
0.0000 2.6215 1.4216 0.5797 17
0.0000 2.6356 1.4286 -0.1571 4
0.0000 2.6146 1.4167 0.6866 15
0.0000 2.4353 1.3190 -0.0483 2
0.0000 2.6061 1.4109 0.7941 9
0.0000 0.7497 0.4047 -0.2283 5
0.0000 0.7324 0.3950 -0.1921 6
0.0000 0.9366 0.5050 -0.2068 2
0.0000 1.6715 0.9008 0.1661 1
0.0000 1.0956 0.5902 -0.1971 2
0.0000 1.6412 0.8837 0.2289 2
0.0000 1.4508 0.7809 -0.2023 3
0.0000 2.6181 1.4085 0.4709 15
0.0000 2.0406 1.0978 -0.2027 2
0.0000 2.6334 1.4162 0.5812 16
0.0000 2.6161 1.4057 0.6857 15
0.0000 2.4593 1.3209 -0.0487 1
0.0000 2.6161 1.4045 0.7956 10
0.0000 0.7166 0.3833 -0.1876 6
0.0000 1.7666 0.9445 0.1050 1
0.0000 0.9245 0.4943 -0.2038 2
0.0000 1.6571 0.8855 0.1644 1
0.0000 1.0872 0.5808 -0.1952 1
0.0000 1.6530 0.8826 0.2301 1
0.0000 1.4553 0.7767 -0.2025 3
0.0000 2.6282 1.4022 0.4718 17
0.0000 2.0497 1.0935 -0.2032 2
0.0000 2.6297 1.4023 0.5793 16
0.0000 2.6279 1.4002 0.6875 15
0.0000 2.6039 1.3863 0.7904 10
0.0000 0.7317 0.3881 -0.1912 6
0.0000 1.7029 0.9028 0.1010 1
0.0000 0.9436 0.5002 -0.2076 2
0.0000 1.6989 0.9003 0.1682 1
0.0000 1.0893 0.5770 -0.1952 2
0.0000 2.6105 1.3822 0.3627 14
0.0000 1.4598 0.7726 -0.2028 3
0.0000 2.6331 1.3930 0.4718 16
0.0000 2.0464 1.0826 -0.2025 2
0.0000 2.6276 1.3895 0.5778 18
0.0000 2.6259 1.3874 0.6857 16
0.0000 2.6019 1.3736 0.7884 12
0.0000 1.8210 0.9581 0.0359 1
0.0000 0.7330 0.3855 -0.1912 6
0.0000 1.7095 0.8987 0.1012 1
0.0000 0.9314 0.4896 -0.2045 2
0.0000 2.6368 1.3855 0.2606 15
0.0000 1.0843 0.5695 -0.1940 2
0.0000 2.6206 1.3758 0.3634 15
0.0000 1.4624 0.7675 -0.2028 3
0.0000 2.6380 1.3838 0.4718 16
0.0000 2.6220 1.3748 0.5755 17
0.0000 2.6324 1.3791 0.6861 16
0.0000 2.6135 1.3681 0.7904 15
0.0000 0.7553 0.3942 -0.2283 5
0.0000 1.7357 0.9055 0.0342 1
0.0000 0.7309 0.3811 -0.1903 6
0.0000 2.6299 1.3714 0.1554 13
0.0000 0.9436 0.4918 -0.2068 2
0.0000 2.6328 1.3717 0.2597 14
0.0000 1.0898 0.5675 -0.1946 2
0.0000 2.6165 1.3621 0.3622 15
0.0000 1.4562 0.7580 -0.2016 3
0.0000 2.6408 1.3741 0.4715 18
0.0000 2.6303 1.3675 0.5762 17
0.0000 2.6249 1.3641 0.6830 17
0.0000 1.6787 0.8720 -0.0330 1
0.0000 2.6163 1.3585 0.7899 16
0.0000 2.3674 1.2251 0.0465 17
0.0000 0.7322 0.3787 -0.1903 6
0.0000 2.6379 1.3645 0.1556 19
0.0000 0.9348 0.4833 -0.2045 2
0.0000 2.6461 1.3675 0.2606 16
0.0000 1.0951 0.5657 -0.1952 2
0.0000 2.6369 1.3616 0.3644 17
0.0000 1.4481 0.7477 -0.2001 3
0.0000 2.6348 1.3599 0.4696 17
0.0000 2.6330 1.3579 0.5759 18
0.0000 2.6207 1.3509 0.6807 16
0.0000 2.3944 1.2337 -0.0470 1
0.0000 2.6225 1.3507 0.7904 16
0.0000 2.3661 1.2145 0.0464 20
0.0000 0.6710 0.3443 -0.1741 7
0.0000 2.6338 1.3507 0.1551 16
0.0000 0.9573 0.4909 -0.2091 2
0.0000 2.6400 1.3533 0.2595 16
0.0000 1.1181 0.5729 -0.1990 1
0.0000 2.6326 1.3483 0.3632 17
0.0000 1.4719 0.7535 -0.2030 3
0.0000 2.6395 1.3507 0.4696 17
0.0000 2.6445 1.3527 0.5774 18
0.0000 2.6220 1.3400 0.6798 16
0.0000 2.4058 1.2290 -0.0472 2
0.0000 2.6152 1.3354 0.7868 16
0.0000 2.3882 1.2153 0.0468 9
0.0000 0.7382 0.3755 -0.1912 6
0.0000 2.6403 1.3424 0.1552 17
0.0000 0.9450 0.4805 -0.2061 2
0.0000 2.6430 1.3432 0.2594 16
0.0000 1.1025 0.5601 -0.1959 1
0.0000 2.6320 1.3364 0.3624 17
0.0000 1.4763 0.7493 -0.2033 3
0.0000 2.6407 1.3397 0.4690 17
0.0000 1.9598 0.9943 -0.1923 1
0.0000 2.6335 1.3355 0.5740 17
0.0000 2.4174 1.2254 -0.1420 1
0.0000 2.6266 1.3308 0.6798 16
0.0000 2.4137 1.2224 -0.0472 7
0.0000 2.6164 1.3245 0.7858 16
0.0000 2.3835 1.2024 0.0466 3
0.0000 0.7395 0.3729 -0.1912 6
0.0000 2.6396 1.3305 0.1549 17
0.0000 0.9432 0.4754 -0.2053 2
0.0000 2.6512 1.3357 0.2597 16
0.0000 1.0797 0.5438 -0.1915 1
0.0000 2.6242 1.3210 0.3607 16
0.0000 1.4771 0.7432 -0.2030 3
0.0000 2.6471 1.3314 0.4693 16
0.0000 2.0825 1.0474 -0.2039 2
0.0000 2.6329 1.3236 0.5728 18
0.0000 2.3932 1.2026 -0.1404 1
0.0000 2.6347 1.3234 0.6807 16
0.0000 2.4287 1.2194 -0.0474 29
0.0000 2.6176 1.3136 0.7847 16
0.0000 2.4020 1.2012 0.0469 3
0.0000 0.7373 0.3686 -0.1903 6
0.0000 2.6317 1.3150 0.1542 17
0.0000 0.9835 0.4914 -0.2137 2
0.0000 2.6594 1.3282 0.2601 16
0.0000 1.0958 0.5470 -0.1940 1
0.0000 2.6306 1.3127 0.3610 17
0.0000 1.4602 0.7283 -0.2004 3
0.0000 2.6535 1.3230 0.4696 17
0.0000 2.0844 1.0392 -0.2038 2
0.0000 2.6357 1.3135 0.5724 17
0.0000 2.4099 1.2005 -0.1411 1
0.0000 2.6271 1.3081 0.6776 15
0.0000 2.4275 1.2082 -0.0473 4
0.0000 2.6256 1.3062 0.7858 16
0.0000 0.7632 0.3785 -0.2283 5
0.0000 2.3990 1.1893 0.0467 10
0.0000 0.7386 0.3660 -0.1903 6
0.0000 2.6327 1.3040 0.1540 17
0.0000 0.9324 0.4618 -0.2023 2
0.0000 2.6569 1.3154 0.2594 16
0.0000 1.1083 0.5485 -0.1959 2
0.0000 2.6423 1.3070 0.3620 17
0.0000 1.4592 0.7215 -0.1999 3
0.0000 2.6404 1.3050 0.4665 18
0.0000 2.1791 1.0770 -0.2127 3
0.0000 2.6385 1.3035 0.5720 18
0.0000 2.4140 1.1920 -0.1411 3
0.0000 2.6299 1.2981 0.6771 17
0.0000 2.4156 1.1918 -0.0470 2
0.0000 2.6301 1.2970 0.7858 16
0.0000 2.3959 1.1774 0.0466 17
0.0000 0.7399 0.3634 -0.1903 6
0.0000 2.6390 1.2957 0.1541 16
0.0000 0.9763 0.4793 -0.2114 2
0.0000 2.6436 1.2974 0.2576 16
0.0000 1.1102 0.5446 -0.1959 2
0.0000 2.6361 1.2926 0.3605 18
0.0000 1.4759 0.7234 -0.2018 3
0.0000 2.6414 1.2940 0.4659 17
0.0000 2.2616 1.1079 -0.2203 4
0.0000 2.6483 1.2968 0.5732 18
0.0000 2.4146 1.1819 -0.1409 3
0.0000 2.6327 1.2880 0.6767 16
0.0000 2.4287 1.1877 -0.0472 3
0.0000 2.6242 1.2828 0.7827 16
0.0000 2.3964 1.1673 0.0465 17
0.0000 0.7411 0.3608 -0.1903 6
0.0000 2.6487 1.2896 0.1544 17
0.0000 0.9674 0.4708 -0.2091 2
0.0000 2.6481 1.2881 0.2576 17
0.0000 1.1121 0.5407 -0.1959 2
0.0000 2.6388 1.2825 0.3602 16
0.0000 1.4784 0.7182 -0.2018 3
0.0000 2.6475 1.2861 0.4662 18
0.0000 2.0808 1.0104 -0.2024 2
0.0000 2.6475 1.2850 0.5720 18
0.0000 2.4331 1.1804 -0.1417 1
0.0000 2.6424 1.2814 0.6780 16
0.0000 2.4506 1.1884 -0.0475 4
0.0000 2.6198 1.2698 0.7801 16
0.0000 2.4093 1.1637 0.0467 7
0.0000 0.7669 0.3702 -0.1966 5
0.0000 2.6442 1.2760 0.1539 17
0.0000 0.9796 0.4725 -0.2114 2
0.0000 2.6597 1.2823 0.2583 16
0.0000 1.0925 0.5267 -0.1921 2
0.0000 2.6341 1.2694 0.3590 17
0.0000 1.4915 0.7185 -0.2033 3
0.0000 2.6573 1.2794 0.4671 17
0.0000 2.0736 0.9979 -0.2013 2
0.0000 2.6394 1.2703 0.5694 18
0.0000 2.4244 1.1663 -0.1410 1
0.0000 2.6379 1.2684 0.6758 15
0.0000 2.4710 1.1876 -0.0479 3
0.0000 2.6259 1.2615 0.7806 16
0.0000 2.4224 1.1596 0.0469 3
0.0000 0.7682 0.3676 -0.1966 5
0.0000 2.6360 1.2607 0.1531 15
0.0000 0.9777 0.4676 -0.2107 2
0.0000 2.6568 1.2701 0.2576 16
0.0000 1.1086 0.5297 -0.1946 2
0.0000 2.6314 1.2568 0.3581 16
0.0000 1.4833 0.7081 -0.2018 3
0.0000 2.6457 1.2625 0.4643 18
0.0000 2.0930 0.9988 -0.2029 2
0.0000 2.6474 1.2627 0.5701 18
0.0000 2.4573 1.1715 -0.1427 1
0.0000 2.6353 1.2558 0.6740 16
0.0000 2.4805 1.1816 -0.0480 2
0.0000 2.6303 1.2523 0.7806 16
0.0000 0.7697 0.3653 -0.2283 5
0.0000 2.4390 1.1571 0.0471 1
0.0000 0.7448 0.3532 -0.1903 6
0.0000 2.6350 1.2489 0.1528 16
0.0000 0.9580 0.4541 -0.2061 2
0.0000 2.6612 1.2608 0.2576 16
0.0000 1.0962 0.5191 -0.1921 2
0.0000 2.6447 1.2518 0.3593 16
0.0000 1.4732 0.6970 -0.2001 3
0.0000 2.6393 1.2482 0.4624 16
0.0000 2.0929 0.9898 -0.2025 2
0.0000 2.6464 1.2510 0.5690 17
0.0000 2.4614 1.1630 -0.1427 1
0.0000 2.6344 1.2441 0.6726 15
0.0000 2.4467 1.1550 -0.0472 2
0.0000 2.6364 1.2440 0.7811 16
0.0000 2.4286 1.1418 0.0468 1
0.0000 0.7707 0.3622 -0.1966 5
0.0000 2.6430 1.2414 0.1530 16
0.0000 0.9951 0.4674 -0.2137 2
0.0000 2.6566 1.2473 0.2568 17
0.0000 1.1123 0.5220 -0.1946 2
0.0000 2.6473 1.2418 0.3590 16
0.0000 1.4774 0.6927 -0.2004 3
0.0000 2.6365 1.2356 0.4612 17
0.0000 2.0785 0.9736 -0.2008 2
0.0000 2.6526 1.2426 0.5694 17
0.0000 2.5088 1.1747 -0.1452 1
0.0000 2.6405 1.2358 0.6731 15
0.0000 2.4634 1.1524 -0.0475 2
0.0000 2.6355 1.2323 0.7796 16
0.0000 2.4416 1.1375 0.0470 1
0.0000 0.6837 0.3184 -0.1741 7
0.0000 2.6527 1.2347 0.1533 16
0.0000 1.0039 0.4671 -0.2152 2
0.0000 2.6539 1.2341 0.2561 17
0.0000 1.0963 0.5096 -0.1915 2
0.0000 2.6480 1.2308 0.3585 17
0.0000 1.4906 0.6926 -0.2018 3
0.0000 2.6587 1.2347 0.4643 17
0.0000 2.0602 0.9563 -0.1987 2
0.0000 2.6411 1.2254 0.5659 17
0.0000 2.6361 1.2220 0.6708 15
0.0000 2.4728 1.1463 -0.0476 2
0.0000 2.6363 1.2215 0.7785 16
0.0000 2.4294 1.1210 0.0467 1
0.0000 0.7485 0.3452 -0.1903 6
0.0000 2.6481 1.2208 0.1528 16
0.0000 1.0056 0.4636 -0.2152 2
0.0000 2.6564 1.2240 0.2559 17
0.0000 1.1124 0.5124 -0.1940 2
0.0000 2.6417 1.2161 0.3571 17
0.0000 1.4751 0.6788 -0.1994 2
0.0000 2.6507 1.2192 0.4621 17
0.0000 2.0800 0.9562 -0.2003 1
0.0000 2.6453 1.2162 0.5659 16
0.0000 2.6510 1.2176 0.6735 15
0.0000 2.4988 1.1472 -0.0480 1
0.0000 2.6337 1.2086 0.7765 16
0.0000 2.4679 1.1283 0.0474 1
0.0000 0.7746 0.3540 -0.1966 5
0.0000 2.6469 1.2091 0.1525 17
0.0000 0.9787 0.4468 -0.2091 2
0.0000 2.6645 1.2160 0.2562 17
0.0000 1.1143 0.5083 -0.1940 2
0.0000 2.6405 1.2044 0.3563 16
0.0000 1.4775 0.6736 -0.1994 2
0.0000 2.6513 1.2083 0.4615 17
0.0000 2.1014 0.9572 -0.2020 1
0.0000 2.6534 1.2081 0.5667 17
0.0000 2.6448 1.2031 0.6708 15
0.0000 2.4791 1.1277 -0.0475 1
0.0000 2.6309 1.1962 0.7744 15
0.0000 2.5117 1.1383 0.0481 1
0.0000 0.6870 0.3112 -0.1741 7
0.0000 2.6455 1.1978 0.1522 17
0.0000 0.9944 0.4502 -0.2122 2
0.0000 2.6737 1.2100 0.2568 17
0.0000 1.1375 0.5145 -0.1977 2
0.0000 2.6463 1.1965 0.3566 17
0.0000 1.4689 0.6638 -0.1979 2
0.0000 2.6481 1.1962 0.4602 17
0.0000 2.1081 0.9523 -0.2024 1
0.0000 2.6518 1.1973 0.5656 18
0.0000 2.6432 1.1924 0.6695 15
0.0000 2.4993 1.1269 -0.0479 1
0.0000 2.6454 1.1922 0.7775 16
0.0000 2.5521 1.1459 0.0488 1
0.0000 0.8018 0.3599 -0.2029 5
0.0000 2.6478 1.1878 0.1521 16
0.0000 0.9960 0.4468 -0.2122 2
0.0000 2.6579 1.1917 0.2548 17
0.0000 1.1393 0.5106 -0.1977 2
0.0000 2.6540 1.1889 0.3571 17
0.0000 1.4712 0.6587 -0.1979 2
0.0000 2.6523 1.1870 0.4602 17
0.0000 2.1005 0.9400 -0.2013 1
0.0000 2.6631 1.1913 0.5671 17
0.0000 2.6420 1.1813 -0.1517 1
0.0000 2.6474 1.1831 0.6695 16
0.0000 2.6407 1.1790 0.7749 15
0.0000 2.5634 1.1402 0.0490 1
0.0000 0.7782 0.3460 -0.1966 5
0.0000 2.6519 1.1785 0.1521 16
0.0000 0.9975 0.4433 -0.2122 2
0.0000 2.6548 1.1792 0.2541 17
0.0000 1.0977 0.4874 -0.1902 2
0.0000 2.6527 1.1772 0.3563 16
0.0000 1.4916 0.6616 -0.2004 2
0.0000 2.6582 1.1785 0.4605 16
0.0000 2.1001 0.9311 -0.2010 1
0.0000 2.6547 1.1764 0.5644 16
0.0000 2.6771 1.1858 -0.1534 14
0.0000 2.6568 1.1762 0.6708 10
0.0000 2.5729 1.1385 -0.0491 2
0.0000 2.6360 1.1659 0.7723 6
0.0000 2.5710 1.1329 0.0490 1
0.0000 0.7794 0.3433 -0.1966 5
0.0000 2.6560 1.1692 0.1521 17
0.0000 0.9990 0.4398 -0.2122 2
0.0000 2.6790 1.1788 0.2561 18
0.0000 1.1139 0.4899 -0.1927 2
0.0000 2.6550 1.1671 0.3561 8
0.0000 1.4903 0.6548 -0.1999 2
0.0000 2.6696 1.1724 0.4618 6
0.0000 2.0887 0.9173 -0.1996 2
0.0000 2.6660 1.1703 0.5659 4
0.0000 2.6703 1.1716 -0.1528 17
0.0000 2.6770 1.1740 0.6749 4
0.0000 2.6703 1.1705 -0.0509 13
0.0000 2.6772 1.1730 0.7832 3
0.0000 2.6483 1.1559 0.0504 1
0.0000 2.6672 1.1636 0.1525 4
0.0000 0.9970 0.4347 -0.2114 2
0.0000 2.6940 1.1742 0.2571 4
0.0000 1.1264 0.4907 -0.1946 2
0.0000 2.6900 1.1713 0.3602 4
0.0000 1.4944 0.6504 -0.2001 2
0.0000 2.7115 1.1801 0.4684 4
0.0000 2.1065 0.9164 -0.2010 1
0.0000 2.7096 1.1782 0.5743 4
0.0000 2.6707 1.1607 -0.1526 4
0.0000 2.7007 1.1732 0.6798 4
0.0000 2.6980 1.1720 -0.0513 4
0.0000 2.7165 1.1795 0.7935 3
0.0000 2.5934 1.1217 0.0493 1
0.0000 0.7817 0.3379 -0.1966 5
0.0000 2.7079 1.1701 0.1546 4
0.0000 0.9733 0.4204 -0.2061 2
0.0000 2.7530 1.1885 0.2623 4
0.0000 1.1281 0.4870 -0.1946 2
0.0000 2.7340 1.1797 0.3656 4
0.0000 1.4892 0.6423 -0.1991 2
0.0000 2.7319 1.1777 0.4712 4
0.0000 2.1115 0.9098 -0.2012 1
0.0000 2.7694 1.1933 0.5862 4
0.0000 2.7424 1.1811 -0.1565 4
0.0000 2.7529 1.1850 0.6919 4
0.0000 2.7425 1.1800 -0.0521 4
0.0000 2.7561 1.1853 0.8039 3
0.0000 2.6892 1.1520 0.0511 1
0.0000 2.7689 1.1851 0.1578 4
0.0000 1.0180 0.4357 -0.2152 2
0.0000 2.7825 1.1903 0.2648 4
0.0000 1.1334 0.4846 -0.1952 2
0.0000 2.7746 1.1858 0.3705 4
0.0000 1.4988 0.6402 -0.2001 2
0.0000 2.7850 1.1891 0.4796 4
0.0000 2.1127 0.9020 -0.2010 1
0.0000 2.8169 1.2021 0.5953 4
0.0000 2.7814 1.1864 -0.1585 3
0.0000 2.8073 1.1968 0.7045 4
0.0000 2.7815 1.1853 -0.0528 4
0.0000 2.7993 1.1923 0.8153 2
0.0000 2.8000 1.1879 0.0531 3
0.0000 2.8117 1.1917 0.1600 3
0.0000 0.9616 0.4076 -0.2030 2
0.0000 2.8234 1.1961 0.2683 4
0.0000 1.1278 0.4776 -0.1940 2
0.0000 2.8427 1.2031 0.3790 4
0.0000 1.4937 0.6319 -0.1991 2
0.0000 2.8438 1.2024 0.4890 4
0.0000 2.0883 0.8830 -0.1984 1
0.0000 2.8482 1.2037 0.6010 4
0.0000 2.8315 1.1961 -0.1611 4
0.0000 2.8599 1.2075 0.7167 4
0.0000 2.8336 1.1958 -0.0537 4
0.0000 2.8569 1.2050 0.8308 2
0.0000 0.7854 0.3301 -0.2283 5
0.0000 2.8594 1.2014 0.0541 4
0.0000 0.7852 0.3297 -0.1966 5
0.0000 2.8545 1.1982 0.1622 4
0.0000 1.0029 0.4210 -0.2114 2
0.0000 2.8716 1.2048 0.2724 4
0.0000 1.1112 0.4660 -0.1909 2
0.0000 2.8725 1.2040 0.3824 4
0.0000 1.5288 0.6405 -0.2035 2
0.0000 2.8789 1.2055 0.4943 5
0.0000 2.1136 0.8846 -0.2005 1
0.0000 2.8922 1.2104 0.6094 5
0.0000 2.8762 1.2031 -0.1634 4
0.0000 2.9144 1.2185 0.7293 4
0.0000 2.8783 1.2028 -0.0545 4
0.0000 2.9181 1.2189 0.8474 2
0.0000 2.8913 1.2029 0.0547 4
0.0000 0.7863 0.3270 -0.1966 5
0.0000 2.8863 1.1997 0.1638 4
0.0000 1.0044 0.4173 -0.2114 2
0.0000 2.9165 1.2110 0.2763 4
0.0000 1.1312 0.4695 -0.1940 2
0.0000 2.9042 1.2053 0.3861 5
0.0000 1.4980 0.6214 -0.1991 2
0.0000 2.9141 1.2083 0.4997 5
0.0000 2.1093 0.8741 -0.1998 1
0.0000 2.9329 1.2149 0.6171 5
0.0000 2.9157 1.2071 -0.1654 4
0.0000 2.9351 1.2145 0.7333 4
0.0000 2.9213 1.2088 -0.0552 4
0.0000 2.9527 1.2212 0.8562 3
0.0000 2.9437 1.2121 0.0556 4
0.0000 0.7875 0.3241 -0.1966 5
0.0000 2.9219 1.2025 0.1656 5
0.0000 0.9950 0.4093 -0.2091 2
0.0000 2.9631 1.2183 0.2803 5
0.0000 1.1328 0.4655 -0.1940 2
0.0000 2.9416 1.2083 0.3905 4
0.0000 1.5003 0.6159 -0.1991 2
0.0000 2.9530 1.2123 0.5056 5
0.0000 2.1234 0.8713 -0.2008 1
0.0000 2.9807 1.2225 0.6262 6
0.0000 2.9698 1.2174 -0.1682 7
0.0000 2.9663 1.2154 0.7401 21
0.0000 2.9569 1.2115 -0.0558 6
0.0000 2.9927 1.2256 0.8665 9
0.0000 2.9977 1.2227 0.0565 13
0.0000 0.6984 0.2847 -0.1741 7
0.0000 3.0074 1.2255 0.1702 20
0.0000 0.9818 0.3999 -0.2061 2
0.0000 1.1234 0.4573 -0.1921 2
0.0000 1.5042 0.6117 -0.1994 2
0.0000 2.1006 0.8534 -0.1984 1
0.0000 2.9993 1.2173 0.7473 22
0.0000 3.0166 1.2231 0.8722 2
0.0000 3.0075 1.2145 0.0566 19
0.0000 0.6993 0.2823 -0.1741 7
0.0000 3.0358 1.2247 0.1716 33
0.0000 0.9977 0.4025 -0.2091 2
0.0000 3.0360 1.2242 0.2864 36
0.0000 1.1176 0.4504 -0.1909 2
0.0000 3.0032 1.2097 0.3975 23
0.0000 1.5174 0.6109 -0.2008 2
0.0000 2.1219 0.8539 -0.2001 1
0.0000 3.0054 1.2088 0.6297 46
0.0000 3.0317 1.2187 -0.1712 29
0.0000 2.9872 1.2002 0.7432 46
0.0000 3.0507 1.2251 -0.0574 38
0.0000 2.9958 1.2025 0.8650 10
0.0000 3.0415 1.2159 0.0572 54
0.0000 0.7655 0.3059 -0.1903 6
0.0000 3.0400 1.2141 0.1716 51
0.0000 0.9845 0.3932 -0.2061 2
0.0000 3.0439 1.2150 0.2867 60
0.0000 1.1412 0.4553 -0.1946 2
0.0000 3.0056 1.1985 0.3973 41
0.0000 1.5287 0.6093 -0.2021 2
0.0000 3.0371 1.2099 0.5178 54
0.0000 2.1230 0.8457 -0.1999 1
0.0000 3.0260 1.2048 0.6331 68
0.0000 3.0174 1.2008 -0.1702 81
0.0000 3.0367 1.2078 0.7545 65
0.0000 3.0531 1.2137 -0.0573 68
0.0000 3.0141 1.1928 0.0566 43
0.0000 0.7702 0.3046 -0.1912 6
0.0000 3.0143 1.1922 0.1699 66
0.0000 1.0005 0.3955 -0.2091 2
0.0000 3.0389 1.2007 0.2859 69
0.0000 1.1207 0.4426 -0.1909 2
0.0000 3.0171 1.1909 0.3983 75
0.0000 1.5013 0.5923 -0.1982 2
0.0000 3.0338 1.1969 0.5165 65
0.0000 2.1185 0.8354 -0.1992 1
0.0000 3.0174 1.1892 0.6304 60
0.0000 3.0216 1.1902 -0.1702 70
0.0000 3.0064 1.1836 0.7459 57
0.0000 3.0497 1.2007 -0.0572 78
0.0000 2.9967 1.1792 0.8629 40
0.0000 3.0311 1.1879 0.0568 60
0.0000 0.7929 0.3106 -0.1966 5
0.0000 3.0129 1.1795 0.1696 56
0.0000 0.9873 0.3863 -0.2061 2
0.0000 3.0319 1.1858 0.2848 67
0.0000 1.1516 0.4504 -0.1959 2
0.0000 3.0210 1.1809 0.3983 55
0.0000 1.4977 0.5851 -0.1974 2
0.0000 3.0251 1.1813 0.5144 57
0.0000 2.1252 0.8294 -0.1996 1
0.0000 3.0396 1.1863 0.6342 63
0.0000 3.0274 1.1809 -0.1703 61
0.0000 3.0230 1.1786 0.7491 59
0.0000 3.0259 1.1791 -0.0567 75
0.0000 3.0134 1.1737 0.8665 55
0.0000 0.7942 0.3082 -0.2283 5
0.0000 3.0277 1.1744 0.0567 66
0.0000 0.7722 0.2994 -0.1912 6
0.0000 3.0263 1.1726 0.1701 59
0.0000 0.9885 0.3830 -0.2061 2
0.0000 3.0266 1.1721 0.2840 61
0.0000 1.1495 0.4449 -0.1952 2
0.0000 3.0307 1.1725 0.3990 56
0.0000 1.5108 0.5842 -0.1989 2
0.0000 3.0218 1.1678 0.5131 58
0.0000 2.1168 0.8181 -0.1985 2
0.0000 3.0401 1.1743 0.6335 63
0.0000 3.0315 1.1704 -0.1703 60
0.0000 3.0271 1.1681 0.7491 59
0.0000 3.0262 1.1671 -0.0566 75
0.0000 3.0013 1.1569 0.8619 59
0.0000 0.7953 0.3054 -0.2283 5
0.0000 3.0337 1.1645 0.0567 68
0.0000 3.0285 1.1613 0.1700 62
0.0000 1.0265 0.3936 -0.2137 2
0.0000 3.0195 1.1573 0.2829 61
0.0000 1.1363 0.4353 -0.1927 2
0.0000 3.0162 1.1548 0.3966 53
0.0000 1.5221 0.5825 -0.2001 2
0.0000 3.0093 1.1509 0.5103 54
0.0000 2.1010 0.8035 -0.1968 1
0.0000 3.0002 1.1468 0.6243 70
0.0000 3.0355 1.1598 -0.1703 58
0.0000 2.9966 1.1443 0.7405 64
0.0000 3.0228 1.1537 -0.0565 66
0.0000 2.9764 1.1354 0.8536 60
0.0000 2.9985 1.1390 0.0560 66
0.0000 0.7961 0.3023 -0.1966 5
0.0000 2.9971 1.1373 0.1680 65
0.0000 1.0169 0.3859 -0.2114 2
0.0000 3.0049 1.1396 0.2812 65
0.0000 1.1341 0.4299 -0.1921 2
0.0000 2.9943 1.1344 0.3932 57
0.0000 1.5297 0.5793 -0.2008 2
0.0000 3.0077 1.1383 0.5094 59
0.0000 2.1392 0.8096 -0.2001 2
0.0000 2.9968 1.1336 0.6228 68
0.0000 2.9985 1.1336 -0.1680 60
0.0000 3.0042 1.1352 0.7414 64
0.0000 2.9988 1.1325 -0.0560 61
0.0000 2.9840 1.1264 0.8546 60
0.0000 3.0024 1.1285 0.0560 66
0.0000 0.7534 0.2830 -0.1858 6
0.0000 2.9861 1.1212 0.1672 59
0.0000 0.9925 0.3727 -0.2061 2
0.0000 3.0088 1.1291 0.2812 65
0.0000 1.1430 0.4287 -0.1934 2
0.0000 2.9908 1.1212 0.3922 57
0.0000 1.5131 0.5669 -0.1984 2
0.0000 3.0154 1.1292 0.5100 59
0.0000 2.1252 0.7958 -0.1985 1
0.0000 3.0081 1.1259 0.6243 72
0.0000 2.9987 1.1218 -0.1678 61
0.0000 3.0154 1.1274 0.7432 63
0.0000 3.0046 1.1228 -0.0560 66
0.0000 3.0150 1.1261 0.8624 64
0.0000 3.0026 1.1167 0.0559 64
0.0000 0.7544 0.2804 -0.1858 6
0.0000 2.9975 1.1136 0.1676 59
0.0000 1.0085 0.3747 -0.2091 2
0.0000 3.0277 1.1242 0.2826 60
0.0000 1.1445 0.4247 -0.1934 2
0.0000 3.0356 1.1259 0.3975 55
0.0000 1.5226 0.5644 -0.1994 2
0.0000 3.0267 1.1214 0.5112 58
0.0000 2.1448 0.7947 -0.2001 2
0.0000 3.0341 1.1235 0.6289 74
0.0000 3.0213 1.1182 -0.1688 60
0.0000 3.0194 1.1169 0.7432 74
0.0000 3.0141 1.1144 -0.0561 70
0.0000 3.0262 1.1182 0.8645 81
0.0000 3.0403 1.1186 0.0565 78
0.0000 0.7078 0.2603 -0.1741 7
0.0000 3.0276 1.1127 0.1690 80
0.0000 1.0098 0.3711 -0.2091 2
0.0000 3.0428 1.1177 0.2836 99
0.0000 1.1608 0.4262 -0.1959 2
0.0000 3.0339 1.1133 0.3968 63
0.0000 1.5264 0.5598 -0.1996 2
0.0000 3.0287 1.1102 0.5109 70
0.0000 2.1251 0.7789 -0.1980 2
0.0000 3.0601 1.1211 0.6335 81
0.0000 3.0383 1.1125 -0.1696 80
0.0000 3.0470 1.1151 0.7491 78
0.0000 3.0518 1.1162 -0.0567 100
0.0000 3.0138 1.1017 0.8598 63
0.0000 3.0366 1.1052 0.0564 76
0.0000 0.8003 0.2911 -0.1966 5
0.0000 3.0352 1.1035 0.1693 74
0.0000 1.0111 0.3676 -0.2091 2
0.0000 3.0336 1.1023 0.2824 69
0.0000 1.1512 0.4181 -0.1940 2
0.0000 3.0434 1.1047 0.3975 57
0.0000 1.5283 0.5545 -0.1996 2
0.0000 3.0437 1.1036 0.5128 64
0.0000 2.1447 0.7776 -0.1996 1
0.0000 3.0492 1.1050 0.6304 78
0.0000 3.0572 1.1073 -0.1704 69
0.0000 3.0454 1.1024 0.7477 69
0.0000 3.0312 1.0967 -0.0563 72
0.0000 3.0194 1.0918 0.8603 64
0.0000 3.0423 1.0953 0.0564 70
0.0000 0.8196 0.2949 -0.2011 5
0.0000 3.0296 1.0895 0.1687 65
0.0000 1.0124 0.3641 -0.2091 2
0.0000 3.0393 1.0924 0.2826 64
0.0000 1.1340 0.4074 -0.1909 2
0.0000 3.0379 1.0907 0.3963 59
0.0000 1.5321 0.5498 -0.1999 2
0.0000 3.0476 1.0930 0.5128 60
0.0000 2.1361 0.7661 -0.1985 1
0.0000 3.0457 1.0917 0.6289 75
0.0000 3.0404 1.0892 -0.1693 60
0.0000 3.0419 1.0892 0.7459 66
0.0000 3.0407 1.0881 -0.0564 70
0.0000 3.0232 1.0813 0.8603 67
0.0000 3.0424 1.0833 0.0564 68
0.0000 0.7472 0.2659 -0.1831 7
0.0000 3.0146 1.0723 0.1677 67
0.0000 0.9989 0.3553 -0.2061 2
0.0000 3.0431 1.0818 0.2826 63
0.0000 1.1541 0.4100 -0.1940 2
0.0000 3.0342 1.0774 0.3953 59
0.0000 1.5359 0.5451 -0.2001 2
0.0000 3.0458 1.0804 0.5119 59
0.0000 2.1294 0.7553 -0.1977 1
0.0000 3.0550 1.0830 0.6301 73
0.0000 3.0366 1.0759 -0.1688 60
0.0000 3.0383 1.0759 0.7441 63
0.0000 3.0445 1.0775 -0.0564 70
0.0000 3.0269 1.0707 0.8603 64
0.0000 3.0499 1.0740 0.0564 68
0.0000 0.7849 0.2763 -0.1921 6
0.0000 3.0145 1.0604 0.1675 61
0.0000 0.9890 0.3479 -0.2038 2
0.0000 3.0431 1.0699 0.2822 64
0.0000 1.1629 0.4086 -0.1952 2
0.0000 3.0436 1.0688 0.3961 57
0.0000 1.5359 0.5391 -0.1999 2
0.0000 3.0421 1.0671 0.5106 59
0.0000 2.1433 0.7518 -0.1987 1
0.0000 3.0625 1.0737 0.6308 70
0.0000 3.0479 1.0680 -0.1693 60
0.0000 3.0549 1.0698 0.7473 57
0.0000 3.0406 1.0642 -0.0562 73
0.0000 3.0489 1.0665 0.8655 63
0.0000 3.0499 1.0621 0.0564 68
0.0000 0.7822 0.2722 -0.1912 6
0.0000 3.0388 1.0576 0.1686 65
0.0000 0.9828 0.3419 -0.2023 2
0.0000 3.0525 1.0612 0.2827 58
0.0000 1.1308 0.3929 -0.1896 2
0.0000 3.0660 1.0647 0.3985 55
0.0000 1.5284 0.5305 -0.1986 2
0.0000 3.0568 1.0609 0.5125 57
0.0000 2.1252 0.7372 -0.1968 1
0.0000 3.0681 1.0636 0.6312 68
0.0000 3.0554 1.0586 -0.1695 59
0.0000 3.0605 1.0598 0.7477 64
0.0000 3.0479 1.0554 -0.0563 73
0.0000 3.0451 1.0539 0.8634 64
0.0000 3.0572 1.0533 0.0564 74
0.0000 0.8052 0.2773 -0.1966 5
0.0000 3.0614 1.0535 0.1697 71
0.0000 1.0174 0.3499 -0.2091 2
0.0000 3.0543 1.0499 0.2826 72
0.0000 1.1395 0.3917 -0.1909 2
0.0000 3.0658 1.0532 0.3980 57
0.0000 1.5377 0.5280 -0.1996 2
0.0000 3.0661 1.0521 0.5134 60
0.0000 2.1334 0.7317 -0.1973 1
0.0000 3.0605 1.0496 0.6289 68
0.0000 3.0664 1.0511 -0.1699 63
0.0000 3.0677 1.0509 0.7486 60
0.0000 3.0667 1.0500 -0.0566 83
0.0000 3.0415 1.0407 0.8613 63
0.0000 3.0646 1.0439 0.0565 68
0.0000 0.7840 0.2669 -0.1912 6
0.0000 3.0593 1.0409 0.1694 68
0.0000 1.0445 0.3554 -0.2145 2
0.0000 3.0577 1.0397 0.2826 61
0.0000 1.1409 0.3877 -0.1909 2
0.0000 3.0506 1.0361 0.3956 57
0.0000 1.5395 0.5226 -0.1996 2
0.0000 3.0716 1.0421 0.5137 58
0.0000 2.1453 0.7278 -0.1982 1
0.0000 3.0678 1.0402 0.6297 66
0.0000 3.0587 1.0365 -0.1693 61
0.0000 3.0732 1.0408 0.7491 59
0.0000 3.0723 1.0399 -0.0566 75
0.0000 3.0506 1.0320 0.8629 60
0.0000 0.8074 0.2720 -0.2283 5
0.0000 3.0720 1.0344 0.0566 70
0.0000 0.7886 0.2654 -0.1921 6
0.0000 3.0516 1.0264 0.1687 62
0.0000 1.0309 0.3467 -0.2114 2
0.0000 3.0689 1.0316 0.2833 60
0.0000 1.1535 0.3875 -0.1927 2
0.0000 3.0580 1.0268 0.3961 56
0.0000 1.5263 0.5122 -0.1977 2
0.0000 3.0715 1.0301 0.5131 57
0.0000 2.1459 0.7197 -0.1980 1
0.0000 3.0714 1.0295 0.6297 65
0.0000 3.0585 1.0246 -0.1690 60
0.0000 3.0639 1.0258 0.7459 60
0.0000 3.0664 1.0260 -0.0564 70
0.0000 3.0542 1.0213 0.8629 60
0.0000 3.0680 1.0212 0.0564 68
0.0000 0.8081 0.2688 -0.1966 5
0.0000 3.0495 1.0138 0.1684 59
0.0000 1.0209 0.3394 -0.2091 2
0.0000 3.0725 1.0209 0.2833 18
0.0000 1.1548 0.3835 -0.1927 2
0.0000 3.0653 1.0173 0.3966 56
0.0000 1.5356 0.5093 -0.1986 2
0.0000 3.0638 1.0156 0.5112 58
0.0000 2.1370 0.7084 -0.1970 1
0.0000 3.0787 1.0200 0.6304 65
0.0000 3.0697 1.0164 -0.1695 60
0.0000 3.0693 1.0157 0.7464 50
0.0000 3.0681 1.0147 -0.0564 75
0.0000 3.0614 1.0119 0.8639 37
0.0000 3.0754 1.0117 0.0565 70
0.0000 0.8090 0.2660 -0.1966 5
0.0000 3.0530 1.0032 0.1684 15
0.0000 1.0221 0.3359 -0.2091 2
0.0000 1.1787 0.3868 -0.1965 2
0.0000 1.5336 0.5027 -0.1982 2
0.0000 3.0767 1.0080 0.5128 44
0.0000 2.1565 0.7065 -0.1985 1
0.0000 3.0935 1.0129 0.6327 27
0.0000 3.0694 1.0044 -0.1693 63
0.0000 3.0659 1.0021 -0.0563 68
0.0000 3.0751 0.9997 0.0564 25
0.0000 0.8099 0.2632 -0.1966 5
0.0000 1.0345 0.3359 -0.2114 2
0.0000 1.1349 0.3681 -0.1890 2
0.0000 1.5580 0.5047 -0.2011 2
0.0000 3.0915 1.0009 0.5147 57
0.0000 2.1344 0.6910 -0.1963 1
0.0000 3.0933 1.0009 0.6320 20
0.0000 3.0767 0.9949 -0.1695 60
0.0000 5.5555 1.7954 1.3479 9
0.0000 3.0808 0.9951 -0.0565 47
0.0000 5.5503 1.7916 1.5627 6
0.0000 3.0804 0.9896 0.0565 40
0.0000 0.7440 0.2389 -0.1804 7
0.0000 1.0095 0.3239 -0.2061 2
0.0000 1.3755 0.4411 0.1264 2
0.0000 1.1362 0.3641 -0.1890 2
0.0000 3.0966 0.9918 0.3992 1
0.0000 1.5597 0.4993 -0.2011 2
0.0000 3.0931 0.9895 0.5144 51
0.0000 2.1671 0.6933 -0.1991 1
0.0000 3.1005 0.9913 0.6327 20
0.0000 3.0687 0.9805 -0.1688 61
0.0000 5.5673 1.7778 1.3493 12
0.0000 3.1223 0.9965 -0.0572 90
0.0000 5.5565 1.7722 1.5627 6
0.0000 0.7199 0.2286 -0.2024 7
0.0000 0.7746 0.2457 -0.1876 6
0.0000 1.3498 0.4282 0.0742 2
0.0000 1.0443 0.3311 -0.2129 2
0.0000 1.3732 0.4351 0.1260 4
0.0000 1.1638 0.3685 -0.1934 2
0.0000 1.3646 0.4318 0.1757 2
0.0000 1.5500 0.4905 -0.1996 2
0.0000 2.1638 0.6839 -0.1985 1
0.0000 3.1002 0.9793 0.6320 20
0.0000 3.0645 0.9674 -0.1684 63
0.0000 5.5546 1.7535 1.3448 12
0.0000 3.1028 0.9789 -0.0568 83
0.0000 5.5660 1.7550 1.5638 6
0.0000 0.7940 0.2490 -0.1921 6
0.0000 1.3607 0.4267 0.0747 5
0.0000 1.0266 0.3217 -0.2091 2
0.0000 1.3537 0.4240 0.1241 4
0.0000 1.1726 0.3670 -0.1946 2
0.0000 1.3603 0.4255 0.1750 5
0.0000 1.5327 0.4794 -0.1972 2
0.0000 2.1566 0.6738 -0.1977 1
0.0000 3.1015 0.9684 0.6316 21
0.0000 3.0753 0.9596 -0.1688 61
0.0000 5.5641 1.7362 1.3457 12
0.0000 3.0926 0.9644 -0.0565 77
0.0000 5.5718 1.7365 1.5638 6
0.0000 1.5108 0.4685 0.0276 1
0.0000 0.7762 0.2406 -0.1876 6
0.0000 1.3565 0.4202 0.0744 6
0.0000 1.0428 0.3228 -0.2122 2
0.0000 1.3342 0.4130 0.1222 7
0.0000 1.1625 0.3596 -0.1927 2
0.0000 1.3389 0.4140 0.1721 7
0.0000 1.5571 0.4811 -0.2001 2
0.0000 1.3948 0.4307 0.2312 1
0.0000 2.1589 0.6662 -0.1977 1
0.0000 3.1068 0.9581 0.6320 22
0.0000 3.0748 0.9477 -0.1686 63
0.0000 5.5664 1.7156 1.3448 12
0.0000 3.0883 0.9513 -0.0564 79
0.0000 5.5520 1.7091 1.5565 6
0.0000 1.3844 0.4238 0.0253 3
0.0000 0.7920 0.2423 -0.1912 6
0.0000 1.3446 0.4111 0.0737 10
0.0000 1.0289 0.3144 -0.2091 2
0.0000 1.3186 0.4029 0.1206 9
0.0000 1.1525 0.3519 -0.1909 2
0.0000 1.3348 0.4073 0.1713 10
0.0000 1.5589 0.4754 -0.2001 2
0.0000 1.3718 0.4181 0.2271 4
0.0000 2.1480 0.6542 -0.1964 1
0.0000 3.0971 0.9427 0.6293 21
0.0000 3.0821 0.9376 -0.1688 63
0.0000 5.5633 1.6924 1.3425 9
0.0000 3.0918 0.9399 -0.0564 55
0.0000 5.5564 1.6881 1.5560 5
0.0000 0.8155 0.2465 -0.2283 5
0.0000 1.3706 0.4141 0.0250 4
0.0000 0.8339 0.2518 -0.2011 5
0.0000 1.3365 0.4035 0.0732 11
0.0000 1.0150 0.3062 -0.2061 2
0.0000 1.3219 0.3986 0.1208 10
0.0000 1.1348 0.3420 -0.1877 2
0.0000 1.3210 0.3978 0.1694 12
0.0000 1.5606 0.4697 -0.2001 2
0.0000 1.3638 0.4105 0.2256 5
0.0000 2.1426 0.6445 -0.1958 1
0.0000 3.1023 0.9325 0.6297 3
0.0000 3.0758 0.9240 -0.1683 66
0.0000 5.5751 1.6737 1.3439 12
0.0000 5.5752 1.6726 1.5596 5
0.0000 1.3566 0.4049 0.0247 6
0.0000 0.7937 0.2368 -0.1912 6
0.0000 1.3111 0.3909 0.0717 12
0.0000 1.0311 0.3072 -0.2091 2
0.0000 1.3157 0.3917 0.1201 10
0.0000 1.1587 0.3450 -0.1915 2
0.0000 1.3109 0.3901 0.1679 12
0.0000 1.5622 0.4645 -0.2001 2
0.0000 1.3425 0.3989 0.2218 6
0.0000 2.1563 0.6404 -0.1968 1
0.0000 3.1599 0.9384 0.6407 1
0.0000 3.0769 0.9132 -0.1682 63
0.0000 5.5675 1.6513 1.3407 12
0.0000 5.5791 1.6526 1.5591 5
0.0000 0.8172 0.2410 -0.2283 5
0.0000 1.3523 0.3985 0.0246 7
0.0000 0.7907 0.2329 -0.1903 6
0.0000 1.3028 0.3837 0.0712 15
0.0000 1.0434 0.3071 -0.2114 2
0.0000 1.3093 0.3851 0.1194 12
0.0000 1.1637 0.3420 -0.1921 2
0.0000 1.3123 0.3855 0.1679 15
0.0000 1.5485 0.4549 -0.1982 2
0.0000 1.3211 0.3878 0.2181 8
0.0000 2.1584 0.6332 -0.1968 1
0.0000 1.4977 0.4391 0.3034 1
0.0000 3.0820 0.9030 -0.1683 64
0.0000 5.5786 1.6345 1.3421 12
0.0000 1.4355 0.4203 -0.0261 1
0.0000 5.5716 1.6303 1.5555 5
0.0000 0.8180 0.2383 -0.2283 5
0.0000 1.3478 0.3924 0.0245 10
0.0000 0.8177 0.2379 -0.1966 5
0.0000 1.3079 0.3805 0.0714 17
0.0000 1.0180 0.2960 -0.2061 2
0.0000 1.2991 0.3774 0.1184 16
0.0000 1.1819 0.3431 -0.1949 2
0.0000 1.3097 0.3800 0.1674 17
0.0000 1.5576 0.4519 -0.1991 2
0.0000 1.2996 0.3768 0.2143 11
0.0000 2.1682 0.6283 -0.1975 1
0.0000 1.3955 0.4041 0.2824 2
0.0000 3.0812 0.8917 -0.1681 64
0.0000 5.5727 1.6127 1.3394 12
0.0000 1.4004 0.4050 -0.0254 4
0.0000 5.5695 1.6097 1.5534 6
0.0000 1.3242 0.3807 0.0240 11
0.0000 0.8185 0.2352 -0.1966 5
0.0000 1.2996 0.3732 0.0709 20
0.0000 1.0605 0.3045 -0.2145 2
0.0000 1.2889 0.3698 0.1173 16
0.0000 1.1564 0.3316 -0.1905 2
0.0000 1.3053 0.3740 0.1667 20
0.0000 1.5668 0.4487 -0.2001 2
0.0000 1.3161 0.3766 0.2168 12
0.0000 2.1397 0.6119 -0.1947 1
0.0000 1.3496 0.3860 0.2729 3
0.0000 3.0918 0.8836 -0.1685 64
0.0000 5.5783 1.5932 1.3394 9
0.0000 1.3883 0.3963 -0.0252 6
0.0000 5.5714 1.5892 1.5524 6
0.0000 1.3120 0.3722 0.0238 12
0.0000 0.8193 0.2323 -0.1966 5
0.0000 1.2875 0.3648 0.0701 17
0.0000 1.0352 0.2931 -0.2091 2
0.0000 1.2864 0.3640 0.1170 18
0.0000 1.1386 0.3220 -0.1874 2
0.0000 1.2741 0.3603 0.1626 19
0.0000 1.5492 0.4378 -0.1977 2
0.0000 1.3098 0.3699 0.2156 12
0.0000 2.1802 0.6153 -0.1982 1
0.0000 1.3472 0.3800 0.2721 4
0.0000 3.0816 0.8685 -0.1678 63
0.0000 5.5823 1.5723 1.3389 6
0.0000 1.3762 0.3876 -0.0250 8
0.0000 5.5899 1.5734 1.5560 6
0.0000 1.3153 0.3680 0.0238 13
0.0000 0.8464 0.2366 -0.2029 5
0.0000 1.2676 0.3542 0.0690 18
0.0000 1.0211 0.2853 -0.2061 2
0.0000 1.2857 0.3590 0.1168 19
0.0000 1.1626 0.3244 -0.1912 2
0.0000 1.2735 0.3551 0.1623 19
0.0000 1.5738 0.4385 -0.2006 2
0.0000 1.3112 0.3651 0.2156 16
0.0000 2.1746 0.6055 -0.1975 1
0.0000 1.3448 0.3742 0.2713 6
0.0000 3.0903 0.8594 -0.1681 37
0.0000 5.5896 1.5533 1.3394 3
0.0000 1.3642 0.3788 -0.0247 10
0.0000 5.5864 1.5503 1.5534 6
0.0000 0.8212 0.2268 -0.2283 5
0.0000 1.3089 0.3613 0.0237 14
0.0000 0.7759 0.2140 -0.1858 6
0.0000 1.2612 0.3476 0.0686 18
0.0000 1.0372 0.2859 -0.2091 2
0.0000 1.2831 0.3534 0.1164 18
0.0000 1.1713 0.3224 -0.1924 2
0.0000 1.2747 0.3506 0.1623 20
0.0000 1.5600 0.4288 -0.1986 2
0.0000 1.2934 0.3553 0.2124 16
0.0000 2.1844 0.6001 -0.1982 1
0.0000 1.3347 0.3664 0.2690 7
0.0000 1.3443 0.3683 -0.0243 14
0.0000 5.5955 1.5318 1.5545 6
0.0000 1.3024 0.3546 0.0236 14
0.0000 0.7841 0.2133 -0.1876 6
0.0000 1.2643 0.3437 0.0687 20
0.0000 1.0192 0.2771 -0.2053 2
0.0000 1.2690 0.3448 0.1150 21
0.0000 1.1495 0.3121 -0.1887 2
0.0000 1.2740 0.3457 0.1621 22
0.0000 1.5615 0.4234 -0.1986 2
0.0000 1.2813 0.3471 0.2102 17
0.0000 2.1557 0.5841 -0.1954 1
0.0000 1.3284 0.3597 0.2675 10
0.0000 3.0905 0.8362 -0.1678 1
0.0000 1.3436 0.3630 -0.0243 17
0.0000 5.5859 1.5082 1.5503 6
0.0000 1.2901 0.3464 0.0233 15
0.0000 0.7773 0.2086 -0.1858 6
0.0000 1.2578 0.3373 0.0682 20
0.0000 1.0695 0.2868 -0.2152 2
0.0000 1.2644 0.3388 0.1145 21
0.0000 1.1697 0.3132 -0.1918 1
0.0000 1.2656 0.3387 0.1609 20
0.0000 1.5898 0.4251 -0.2021 2
0.0000 1.2786 0.3417 0.2096 17
0.0000 2.1385 0.5714 -0.1937 1
0.0000 1.3107 0.3500 0.2637 10
0.0000 3.1127 0.8305 -0.1688 1
0.0000 1.4405 0.3841 0.3442 1
0.0000 1.3449 0.3583 -0.0243 19
0.0000 5.5874 1.4877 1.5493 6
0.0000 1.2932 0.3426 0.0234 16
0.0000 0.8006 0.2120 -0.1912 6
0.0000 1.2628 0.3341 0.0685 20
0.0000 1.0401 0.2752 -0.2091 2
0.0000 1.2674 0.3351 0.1147 22
0.0000 1.1669 0.3083 -0.1912 2
0.0000 1.2495 0.3299 0.1587 22
0.0000 1.5528 0.4097 -0.1972 2
0.0000 1.2817 0.3379 0.2099 20
0.0000 2.1751 0.5735 -0.1968 1
0.0000 1.3005 0.3426 0.2614 9
0.0000 1.4080 0.3707 -0.0763 1
0.0000 1.3513 0.3555 0.3226 2
0.0000 1.3402 0.3524 -0.0242 19
0.0000 5.5923 1.4692 1.5493 6
0.0000 1.2944 0.3381 0.0234 16
0.0000 0.7750 0.2023 -0.1849 6
0.0000 1.2485 0.3257 0.0676 21
0.0000 1.0410 0.2716 -0.2091 2
0.0000 1.2686 0.3307 0.1147 22
0.0000 1.1603 0.3022 -0.1899 2
0.0000 1.2525 0.3260 0.1589 22
0.0000 1.5465 0.4023 -0.1962 2
0.0000 1.2714 0.3305 0.2081 24
0.0000 2.2079 0.5739 -0.1996 1
0.0000 1.2959 0.3366 0.2603 11
0.0000 1.4016 0.3638 -0.0759 4
0.0000 1.3487 0.3498 0.3217 4
0.0000 1.3337 0.3457 -0.0240 21
0.0000 5.5955 1.4492 1.5488 1
0.0000 1.2878 0.3316 0.0232 20
0.0000 0.7794 0.2006 -0.1858 6
0.0000 1.2418 0.3195 0.0672 21
0.0000 1.0420 0.2679 -0.2091 2
0.0000 1.2620 0.3243 0.1140 22
0.0000 1.1805 0.3031 -0.1930 1
0.0000 1.2498 0.3207 0.1584 22
0.0000 1.5652 0.4013 -0.1984 2
0.0000 1.2572 0.3223 0.2056 22
0.0000 2.1983 0.5632 -0.1985 1
0.0000 1.2895 0.3301 0.2587 11
0.0000 1.3893 0.3554 -0.0752 4
0.0000 1.3348 0.3412 0.3181 5
0.0000 1.3155 0.3363 -0.0237 21
0.0000 5.5553 1.4191 1.5363 13
0.0000 1.2869 0.3268 0.0232 20
0.0000 0.8254 0.2095 -0.1966 5
0.0000 1.2429 0.3152 0.0672 21
0.0000 1.0581 0.2681 -0.2122 2
0.0000 1.2477 0.3159 0.1126 22
0.0000 1.1968 0.3031 -0.1955 1
0.0000 1.2490 0.3160 0.1582 22
0.0000 1.5492 0.3917 -0.1962 2
0.0000 1.2583 0.3179 0.2056 22
0.0000 2.1713 0.5482 -0.1959 1
0.0000 1.2887 0.3254 0.2584 13
0.0000 1.3827 0.3489 -0.0747 6
0.0000 1.3284 0.3349 0.3163 7
0.0000 1.3167 0.3317 -0.0237 23
0.0000 5.5471 1.3964 1.5327 17
0.0000 1.2803 0.3204 0.0230 20
0.0000 0.8451 0.2113 -0.2011 5
0.0000 1.2517 0.3128 0.0676 22
0.0000 1.0742 0.2684 -0.2152 2
0.0000 1.2410 0.3099 0.1119 23
0.0000 1.1826 0.2951 -0.1930 1
0.0000 1.2520 0.3122 0.1584 22
0.0000 1.5622 0.3892 -0.1977 2
0.0000 1.2555 0.3126 0.2049 22
0.0000 2.1654 0.5391 -0.1952 1
0.0000 1.2746 0.3171 0.2553 14
0.0000 1.3684 0.3402 -0.0739 7
0.0000 1.3315 0.3307 0.3167 7
0.0000 1.3120 0.3257 -0.0236 23
0.0000 5.5557 1.3780 1.5338 19
0.0000 1.2775 0.3150 0.0230 20
0.0000 0.8042 0.1981 -0.1912 6
0.0000 1.2489 0.3075 0.0674 22
0.0000 1.0561 0.2600 -0.2114 2
0.0000 1.2460 0.3065 0.1123 22
0.0000 1.1836 0.2909 -0.1930 2
0.0000 1.2338 0.3030 0.1560 23
0.0000 1.5558 0.3819 -0.1967 2
0.0000 1.2547 0.3077 0.2046 24
0.0000 2.1731 0.5329 -0.1958 1
0.0000 1.2719 0.3117 0.2545 15
0.0000 1.3560 0.3321 -0.0732 9
0.0000 1.3193 0.3228 0.3136 9
0.0000 1.3073 0.3196 -0.0235 25
0.0000 5.5605 1.3586 1.5338 19
0.0000 1.2728 0.3091 0.0229 21
0.0000 0.8276 0.2008 -0.1966 5
0.0000 1.2403 0.3007 0.0669 21
0.0000 1.0761 0.2609 -0.2152 2
0.0000 1.2509 0.3031 0.1126 23
0.0000 1.1731 0.2840 -0.1912 2
0.0000 1.2271 0.2969 0.1550 22
0.0000 1.5571 0.3764 -0.1967 2
0.0000 1.2558 0.3033 0.2046 25
0.0000 2.1865 0.5282 -0.1968 1
0.0000 1.2806 0.3091 0.2561 15
0.0000 1.3436 0.3241 -0.0724 12
0.0000 1.2977 0.3128 0.3082 9
0.0000 1.3084 0.3151 -0.0235 25
0.0000 5.5652 1.3392 1.5338 16
0.0000 1.2700 0.3037 0.0228 21
0.0000 0.8055 0.1925 -0.1912 6
0.0000 1.2355 0.2950 0.0666 22
0.0000 1.0617 0.2535 -0.2122 2
0.0000 1.2481 0.2978 0.1123 25
0.0000 1.1971 0.2854 -0.1949 2
0.0000 1.2301 0.2930 0.1553 23
0.0000 1.5739 0.3747 -0.1986 2
0.0000 1.2491 0.2971 0.2034 24
0.0000 2.1942 0.5219 -0.1973 1
0.0000 1.2702 0.3019 0.2538 16
0.0000 1.3486 0.3203 -0.0726 12
0.0000 1.3007 0.3087 0.3086 9
0.0000 1.2920 0.3064 -0.0232 29
0.0000 5.5699 1.3197 1.5338 9
0.0000 1.2691 0.2988 0.0228 22
0.0000 0.8290 0.1950 -0.1966 5
0.0000 1.2384 0.2914 0.0667 23
0.0000 1.0588 0.2489 -0.2114 2
0.0000 1.2413 0.2916 0.1116 25
0.0000 1.1904 0.2794 -0.1937 2
0.0000 1.2350 0.2897 0.1557 23
0.0000 1.5558 0.3646 -0.1962 2
0.0000 1.2424 0.2912 0.2021 25
0.0000 2.1882 0.5124 -0.1966 1
0.0000 1.2693 0.2970 0.2534 16
0.0000 1.3439 0.3142 -0.0723 12
0.0000 1.2923 0.3019 0.3064 10
0.0000 1.2949 0.3025 -0.0232 31
0.0000 5.5592 1.2977 1.5296 2
0.0000 1.2603 0.2924 0.0226 21
0.0000 0.8068 0.1870 -0.1912 6
0.0000 1.2433 0.2880 0.0669 23
0.0000 1.0826 0.2505 -0.2160 2
0.0000 1.2229 0.2828 0.1098 23
0.0000 1.1798 0.2728 -0.1918 1
0.0000 1.2378 0.2860 0.1560 23
0.0000 1.5725 0.3630 -0.1982 2
0.0000 1.2377 0.2855 0.2012 25
0.0000 2.1803 0.5026 -0.1958 1
0.0000 1.2588 0.2902 0.2511 16
0.0000 1.3410 0.3089 -0.0721 12
0.0000 1.2952 0.2981 0.3068 11
0.0000 1.2960 0.2980 -0.0232 31
0.0000 1.2575 0.2871 0.0225 21
0.0000 0.8075 0.1842 -0.1912 6
0.0000 1.2365 0.2818 0.0665 26
0.0000 1.0834 0.2469 -0.2160 2
0.0000 1.2414 0.2827 0.1114 26
0.0000 1.1923 0.2713 -0.1937 1
0.0000 1.2234 0.2782 0.1540 23
0.0000 1.5544 0.3532 -0.1957 2
0.0000 1.2406 0.2816 0.2015 25
0.0000 2.1897 0.4971 -0.1964 1
0.0000 1.2579 0.2853 0.2507 18
0.0000 1.3284 0.3011 -0.0714 15
0.0000 1.2848 0.2910 0.3041 11
0.0000 1.2912 0.2922 -0.0231 29
0.0000 1.3944 0.3153 0.3831 1
0.0000 1.2584 0.2827 0.0225 21
0.0000 0.8081 0.1814 -0.1912 6
0.0000 1.2317 0.2762 0.0662 25
0.0000 1.0498 0.2354 -0.2091 2
0.0000 1.2404 0.2779 0.1112 25
0.0000 1.1894 0.2663 -0.1930 1
0.0000 1.2108 0.2709 0.1523 23
0.0000 1.5595 0.3486 -0.1962 2
0.0000 1.2396 0.2769 0.2012 25
0.0000 1.2589 0.2809 0.2507 18
0.0000 1.3295 0.2964 -0.0714 15
0.0000 1.2839 0.2860 0.3037 13
0.0000 1.2902 0.2872 -0.0231 31
0.0000 1.3691 0.3045 0.3758 1
0.0000 1.2614 0.2787 0.0225 22
0.0000 0.7364 0.1626 -0.1741 7
0.0000 1.2228 0.2700 0.0656 26
0.0000 1.0813 0.2385 -0.2152 2
0.0000 1.2375 0.2728 0.1109 27
0.0000 1.2057 0.2655 -0.1955 1
0.0000 1.2156 0.2675 0.1528 23
0.0000 1.5452 0.3397 -0.1943 2
0.0000 1.2328 0.2711 0.1999 25
0.0000 1.4225 0.3125 -0.1274 1
0.0000 1.2503 0.2744 0.2488 19
0.0000 1.3344 0.2927 -0.0716 16
0.0000 1.2773 0.2799 0.3019 13
0.0000 1.2873 0.2821 -0.0230 33
0.0000 1.3455 0.2946 0.3691 2
0.0000 1.2525 0.2724 0.0224 23
0.0000 0.8322 0.1808 -0.1966 5
0.0000 1.2277 0.2666 0.0658 26
0.0000 1.0783 0.2339 -0.2145 2
0.0000 1.2267 0.2659 0.1098 27
0.0000 1.2143 0.2632 -0.1968 1
0.0000 1.2203 0.2643 0.1533 23
0.0000 1.5696 0.3396 -0.1972 2
0.0000 1.2299 0.2659 0.1993 25
0.0000 1.3905 0.3004 -0.1245 2
0.0000 1.2512 0.2703 0.2488 19
0.0000 1.3217 0.2853 -0.0709 16
0.0000 1.2782 0.2757 0.3019 14
0.0000 1.2785 0.2755 -0.0228 31
0.0000 1.3390 0.2883 0.3670 3
0.0000 1.2535 0.2680 0.0224 25
0.0000 0.8099 0.1730 -0.1912 6
0.0000 1.2345 0.2635 0.0662 27
0.0000 1.0829 0.2312 -0.2152 2
0.0000 1.2237 0.2610 0.1095 27
0.0000 1.1920 0.2540 -0.1930 1
0.0000 1.2368 0.2633 0.1553 24
0.0000 1.5708 0.3342 -0.1972 2
0.0000 1.2347 0.2624 0.1999 25
0.0000 1.3993 0.2972 -0.1252 3
0.0000 1.2425 0.2639 0.2469 20
0.0000 1.3266 0.2815 -0.0711 16
0.0000 1.2830 0.2720 0.3028 13
0.0000 1.2853 0.2723 -0.0229 33
0.0000 1.3381 0.2832 0.3665 4
0.0000 1.2505 0.2628 0.0223 25
0.0000 0.8067 0.1694 -0.1903 6
0.0000 1.2373 0.2596 0.0663 30
0.0000 1.0645 0.2232 -0.2114 2
0.0000 1.2324 0.2581 0.1102 27
0.0000 1.2007 0.2513 -0.1943 1
0.0000 1.2221 0.2558 0.1533 26
0.0000 1.5875 0.3319 -0.1991 2
0.0000 1.2279 0.2565 0.1987 27
0.0000 1.3906 0.2903 -0.1243 3
0.0000 1.2435 0.2593 0.2469 20
0.0000 1.3198 0.2750 -0.0707 18
0.0000 1.2744 0.2653 0.3005 14
0.0000 1.2803 0.2665 -0.0228 31
0.0000 1.3240 0.2754 0.3623 5
0.0000 1.2573 0.2595 0.0224 26
0.0000 0.7386 0.1523 -0.1741 7
0.0000 1.2246 0.2523 0.0655 28
0.0000 1.0845 0.2234 -0.2152 2
0.0000 1.2372 0.2546 0.1105 31
0.0000 1.1900 0.2447 -0.1924 1
0.0000 1.2153 0.2497 0.1523 26
0.0000 1.5809 0.3245 -0.1982 2
0.0000 1.2365 0.2536 0.1999 27
0.0000 1.4092 0.2890 -0.1259 5
0.0000 1.2521 0.2566 0.2484 20
0.0000 1.3090 0.2680 -0.0700 18
0.0000 1.2639 0.2585 0.2978 14
0.0000 1.2852 0.2627 -0.0229 31
0.0000 1.3231 0.2701 0.3618 6
0.0000 1.2445 0.2523 0.0222 26
0.0000 0.8079 0.1636 -0.1903 6
0.0000 1.2176 0.2464 0.0651 31
0.0000 1.0814 0.2188 -0.2145 2
0.0000 1.2245 0.2476 0.1093 32
0.0000 1.2024 0.2429 -0.1943 2
0.0000 1.2239 0.2470 0.1533 31
0.0000 1.5704 0.3166 -0.1967 2
0.0000 1.2239 0.2465 0.1977 28
0.0000 1.4024 0.2825 -0.1252 5
0.0000 1.2568 0.2530 0.2492 20
0.0000 1.3119 0.2638 -0.0701 19
0.0000 1.2705 0.2553 0.2992 15
0.0000 1.2783 0.2566 -0.0228 31
0.0000 1.3183 0.2644 0.3603 6
0.0000 1.2571 0.2503 0.0224 28
0.0000 0.8620 0.1715 -0.2029 5
0.0000 1.2243 0.2435 0.0654 34
0.0000 1.0668 0.2120 -0.2114 2
0.0000 1.2136 0.2410 0.1082 30
0.0000 1.2033 0.2387 -0.1943 1
0.0000 1.2267 0.2431 0.1536 28
0.0000 1.5831 0.3137 -0.1982 2
0.0000 1.2169 0.2410 0.1965 27
0.0000 1.3721 0.2714 -0.1224 5
0.0000 1.2538 0.2478 0.2484 21
0.0000 1.3128 0.2592 -0.0701 21
0.0000 1.2695 0.2507 0.2987 15
0.0000 1.2752 0.2516 -0.0227 38
0.0000 1.3116 0.2585 0.3582 7
0.0000 1.2442 0.2434 0.0221 32
0.0000 0.7899 0.1544 -0.1858 6
0.0000 1.2212 0.2387 0.0652 34
0.0000 1.1137 0.2175 -0.2206 2
0.0000 1.2144 0.2369 0.1082 32
0.0000 1.2040 0.2347 -0.1943 1
0.0000 1.2314 0.2398 0.1540 27
0.0000 1.5646 0.3047 -0.1957 2
0.0000 1.2255 0.2384 0.1977 27
0.0000 1.3690 0.2661 -0.1220 6
0.0000 1.2469 0.2422 0.2469 20
0.0000 1.3097 0.2541 -0.0699 21
0.0000 1.2684 0.2461 0.2983 15
0.0000 1.2721 0.2466 -0.0226 36
0.0000 1.2992 0.2516 0.3546 8
0.0000 0.8366 0.1610 -0.2283 5
0.0000 1.2431 0.2389 0.0221 31
0.0000 0.8363 0.1606 -0.1966 5
0.0000 1.2240 0.2348 0.0653 35
0.0000 1.0913 0.2094 -0.2160 2
0.0000 1.2230 0.2344 0.1089 32
0.0000 1.1971 0.2292 -0.1930 1
0.0000 1.2147 0.2324 0.1518 31
0.0000 1.5813 0.3022 -0.1977 2
0.0000 1.2263 0.2341 0.1977 28
0.0000 1.3739 0.2621 -0.1224 6
0.0000 1.2381 0.2362 0.2450 21
0.0000 1.3047 0.2486 -0.0696 21
0.0000 1.2692 0.2417 0.2983 15
0.0000 1.2710 0.2418 -0.0226 36
0.0000 1.2906 0.2453 0.3520 8
0.0000 1.2458 0.2350 0.0221 32
0.0000 0.8369 0.1577 -0.1966 5
0.0000 1.2130 0.2283 0.0647 35
0.0000 1.0882 0.2046 -0.2152 2
0.0000 1.2238 0.2299 0.1089 30
0.0000 1.2212 0.2292 -0.1968 1
0.0000 1.2077 0.2267 0.1509 34
0.0000 1.5745 0.2952 -0.1967 2
0.0000 1.2290 0.2302 0.1980 28
0.0000 1.3689 0.2562 -0.1218 8
0.0000 1.2467 0.2331 0.2465 21
0.0000 1.2958 0.2420 -0.0691 21
0.0000 1.2586 0.2349 0.2956 16
0.0000 1.2777 0.2384 -0.0227 36
0.0000 1.3028 0.2429 0.3551 9
0.0000 1.2428 0.2297 0.0221 32
0.0000 0.8106 0.1497 -0.1903 6
0.0000 1.2119 0.2235 0.0646 39
0.0000 1.1159 0.2058 -0.2206 2
0.0000 1.2246 0.2256 0.1089 32
0.0000 1.1987 0.2206 -0.1930 2
0.0000 1.2163 0.2237 0.1518 35
0.0000 1.5873 0.2916 -0.1982 2
0.0000 1.2163 0.2232 0.1959 28
0.0000 1.3836 0.2537 -0.1231 8
0.0000 1.2436 0.2280 0.2458 21
0.0000 1.2966 0.2375 -0.0691 21
0.0000 1.2517 0.2291 0.2938 16
0.0000 1.2609 0.2305 -0.0224 36
0.0000 1.2980 0.2371 0.3535 9
0.0000 1.2475 0.2260 0.0221 33
0.0000 1.2126 0.2193 0.0646 38
0.0000 1.1051 0.1996 -0.2183 2
0.0000 1.2156 0.2194 0.1081 36
0.0000 1.2189 0.2198 -0.1962 2
0.0000 1.2190 0.2198 0.1521 35
0.0000 1.5922 0.2868 -0.1986 2
0.0000 1.2112 0.2179 0.1949 30
0.0000 1.3648 0.2453 -0.1213 8
0.0000 1.2444 0.2235 0.2458 21
0.0000 1.3093 0.2349 -0.0697 21
0.0000 1.2545 0.2248 0.2942 16
0.0000 1.2578 0.2254 -0.0223 36
0.0000 1.2874 0.2305 0.3504 10
0.0000 1.2325 0.2191 0.0219 35
0.0000 0.8385 0.1489 -0.1966 5
0.0000 1.2134 0.2153 0.0646 39
0.0000 1.1173 0.1982 -0.2206 2
0.0000 1.2085 0.2142 0.1074 38
0.0000 1.2157 0.2152 -0.1955 2
0.0000 1.2119 0.2144 0.1511 37
0.0000 1.6049 0.2836 -0.2001 2
0.0000 1.2178 0.2149 0.1959 31
0.0000 1.3656 0.2408 -0.1213 9
0.0000 1.2316 0.2172 0.2431 22
0.0000 1.3021 0.2294 -0.0693 22
0.0000 1.2552 0.2209 0.2942 16
0.0000 1.2605 0.2216 -0.0223 38
0.0000 1.2824 0.2252 0.3489 10
0.0000 1.2372 0.2155 0.0219 35
0.0000 0.9350 0.1627 -0.2191 3
0.0000 1.2141 0.2110 0.0646 39
0.0000 1.0871 0.1887 -0.2145 2
0.0000 1.2210 0.2118 0.1084 36
0.0000 1.2184 0.2111 -0.1959 2
0.0000 1.2049 0.2088 0.1501 38
0.0000 1.5902 0.2753 -0.1982 2
0.0000 1.2224 0.2114 0.1965 31
0.0000 1.3586 0.2347 -0.1206 9
0.0000 1.2343 0.2130 0.2435 21
0.0000 1.2912 0.2226 -0.0687 22
0.0000 1.2656 0.2179 0.2965 18
0.0000 1.2711 0.2189 -0.0225 38
0.0000 1.2794 0.2201 0.3479 10
0.0000 1.2360 0.2106 0.0219 37
0.0000 0.8165 0.1390 -0.1912 6
0.0000 1.2011 0.2042 0.0638 42
0.0000 1.0761 0.1830 -0.2122 2
0.0000 1.2218 0.2075 0.1084 41
0.0000 1.2192 0.2069 -0.1959 2
0.0000 1.2056 0.2043 0.1501 35
0.0000 1.5814 0.2678 -0.1969 2
0.0000 1.2212 0.2066 0.1962 28
0.0000 1.3692 0.2316 -0.1215 11
0.0000 1.2409 0.2097 0.2446 23
0.0000 1.2880 0.2174 -0.0685 22
0.0000 1.2567 0.2119 0.2942 19
0.0000 1.2640 0.2129 -0.0224 36
0.0000 1.2878 0.2167 0.3499 11
0.0000 1.2446 0.2076 0.0220 36
0.0000 0.8400 0.1400 -0.1966 5
0.0000 1.1959 0.1991 0.0635 44
0.0000 1.0922 0.1818 -0.2152 2
0.0000 1.2146 0.2020 0.1077 40
0.0000 1.2316 0.2045 -0.1977 2
0.0000 1.2102 0.2008 0.1506 37
0.0000 1.5824 0.2622 -0.1969 2
0.0000 1.2063 0.1997 0.1937 31
0.0000 1.3642 0.2258 -0.1210 11
0.0000 1.2396 0.2050 0.2442 22
0.0000 1.2966 0.2142 -0.0689 22
0.0000 1.2555 0.2072 0.2938 20
0.0000 1.2608 0.2078 -0.0223 38
0.0000 1.2943 0.2131 0.3515 11
0.0000 1.2374 0.2020 0.0219 36
0.0000 0.8136 0.1326 -0.1903 6
0.0000 1.2064 0.1965 0.0641 44
0.0000 1.0774 0.1755 -0.2122 2
0.0000 1.2075 0.1964 0.1070 38
0.0000 1.2401 0.2015 -0.1990 2
0.0000 1.2070 0.1959 0.1501 38
0.0000 1.5794 0.2561 -0.1965 2
0.0000 1.2090 0.1958 0.1940 31
0.0000 1.3492 0.2185 -0.1196 11
0.0000 1.2423 0.2010 0.2446 23
0.0000 1.2993 0.2100 -0.0690 24
0.0000 1.2620 0.2037 0.2951 19
0.0000 1.2516 0.2018 -0.0221 38
0.0000 1.2817 0.2064 0.3479 11
0.0000 1.2302 0.1964 0.0217 40
0.0000 0.8410 0.1341 -0.1966 5
0.0000 1.2170 0.1938 0.0646 48
0.0000 1.0935 0.1742 -0.2152 2
0.0000 1.2042 0.1916 0.1067 38
0.0000 1.2252 0.1947 -0.1965 2
0.0000 1.2077 0.1917 0.1501 39
0.0000 1.5881 0.2518 -0.1974 2
0.0000 1.2116 0.1919 0.1943 31
0.0000 1.3460 0.2132 -0.1192 11
0.0000 1.2275 0.1942 0.2416 24
0.0000 1.2961 0.2048 -0.0688 24
0.0000 1.2589 0.1987 0.2942 19
0.0000 1.2642 0.1993 -0.0223 40
0.0000 1.2709 0.2002 0.3447 11
0.0000 0.8417 0.1315 -0.2283 5
0.0000 1.2309 0.1921 0.0217 38
0.0000 0.8684 0.1354 -0.2029 5
0.0000 1.2058 0.1880 0.0640 48
0.0000 1.1057 0.1722 -0.2175 2
0.0000 1.2088 0.1880 0.1070 43
0.0000 1.2141 0.1886 -0.1946 2
0.0000 1.2025 0.1866 0.1494 41
0.0000 1.5890 0.2463 -0.1974 2
0.0000 1.2122 0.1879 0.1943 31
0.0000 1.3586 0.2103 -0.1203 11
0.0000 1.2281 0.1899 0.2416 23
0.0000 1.2771 0.1972 -0.0677 22
0.0000 1.2596 0.1943 0.2942 19
0.0000 1.2648 0.1951 -0.0223 40
0.0000 1.2812 0.1974 0.3473 12
0.0000 1.2355 0.1886 0.0218 38
0.0000 0.8419 0.1284 -0.1966 5
0.0000 1.2025 0.1831 0.0637 48
0.0000 1.0753 0.1636 -0.2114 2
0.0000 1.2075 0.1835 0.1069 45
0.0000 1.2499 0.1899 -0.2002 2
0.0000 1.1952 0.1814 0.1484 45
0.0000 1.5819 0.2398 -0.1965 2
0.0000 1.2109 0.1834 0.1940 34
0.0000 1.3554 0.2050 -0.1199 12
0.0000 1.2326 0.1864 0.2423 25
0.0000 1.2856 0.1942 -0.0681 24
0.0000 1.2429 0.1875 0.2902 20
0.0000 1.2714 0.1916 -0.0224 40
0.0000 1.2837 0.1932 0.3479 13
0.0000 1.2401 0.1849 0.0219 40
0.0000 0.9387 0.1398 -0.2191 3
0.0000 1.2050 0.1794 0.0638 49
0.0000 1.0991 0.1635 -0.2160 2
0.0000 1.2140 0.1803 0.1074 47
0.0000 1.2427 0.1844 -0.1990 2
0.0000 1.2057 0.1787 0.1497 48
0.0000 1.5651 0.2317 -0.1943 2
0.0000 1.2115 0.1793 0.1940 42
0.0000 1.3560 0.2005 -0.1199 12
0.0000 1.2314 0.1818 0.2419 27
0.0000 1.2863 0.1897 -0.0681 25
0.0000 1.2512 0.1843 0.2920 20
0.0000 1.2562 0.1851 -0.0222 40
0.0000 1.2786 0.1881 0.3463 13
0.0000 1.2328 0.1796 0.0217 41
0.0000 0.8157 0.1187 -0.1903 6
0.0000 1.2017 0.1747 0.0636 53
0.0000 1.0764 0.1563 -0.2114 2
0.0000 1.2067 0.1750 0.1067 51
0.0000 1.2590 0.1825 -0.2015 2
0.0000 1.2102 0.1753 0.1501 46
0.0000 1.5364 0.2222 -0.1906 3
0.0000 1.2102 0.1748 0.1937 43
0.0000 1.3409 0.1935 -0.1185 11
0.0000 1.2397 0.1789 0.2435 28
0.0000 1.2830 0.1849 -0.0679 24
0.0000 1.2518 0.1802 0.2920 20
0.0000 1.2529 0.1801 -0.0221 42
0.0000 1.2678 0.1820 0.3432 13
0.0000 1.2255 0.1742 0.0216 41
0.0000 0.7968 0.1131 -0.1858 6
0.0000 1.2063 0.1710 0.0638 53
0.0000 1.0769 0.1527 -0.2114 2
0.0000 1.2034 0.1704 0.1063 53
0.0000 1.2753 0.1804 -0.2040 2
0.0000 1.2147 0.1716 0.1506 48
0.0000 1.5411 0.2174 -0.1911 3
0.0000 1.2186 0.1717 0.1949 43
0.0000 1.3435 0.1893 -0.1187 11
0.0000 1.2248 0.1724 0.2404 28
0.0000 1.2935 0.1818 -0.0685 22
0.0000 1.2582 0.1766 0.2933 21
0.0000 1.2595 0.1766 -0.0222 40
0.0000 1.2665 0.1773 0.3427 13
0.0000 1.2241 0.1696 0.0216 41
0.0000 0.9401 0.1301 -0.2191 3
0.0000 1.2167 0.1682 0.0644 56
0.0000 1.1085 0.1532 -0.2175 2
0.0000 1.2138 0.1676 0.1072 55
0.0000 1.2250 0.1689 -0.1959 2
0.0000 1.1996 0.1652 0.1487 49
0.0000 1.5497 0.2131 -0.1921 3
0.0000 1.2270 0.1685 0.1962 42
0.0000 1.3541 0.1860 -0.1196 12
0.0000 1.2254 0.1681 0.2404 29
0.0000 1.2763 0.1748 -0.0675 24
0.0000 1.2608 0.1725 0.2938 20
0.0000 1.2700 0.1735 -0.0224 40
0.0000 1.2729 0.1737 0.3442 14
0.0000 0.8443 0.1141 -0.2283 5
0.0000 1.2326 0.1664 0.0217 41
0.0000 0.8440 0.1138 -0.1966 5
0.0000 1.2015 0.1620 0.0635 56
0.0000 1.1168 0.1504 -0.2190 2
0.0000 1.2124 0.1631 0.1070 63
0.0000 1.2217 0.1641 -0.1952 2
0.0000 1.1982 0.1607 0.1484 52
0.0000 1.5229 0.2040 -0.1887 3
0.0000 1.2237 0.1639 0.1955 43
0.0000 1.3626 0.1823 -0.1203 12
0.0000 1.2357 0.1651 0.2423 25
0.0000 1.2809 0.1709 -0.0677 25
0.0000 1.2343 0.1645 0.2875 21
0.0000 1.2626 0.1682 -0.0222 40
0.0000 1.2773 0.1700 0.3453 14
0.0000 1.2292 0.1618 0.0216 40
0.0000 0.8211 0.1080 -0.1912 6
0.0000 1.2060 0.1583 0.0637 61
0.0000 1.0979 0.1440 -0.2152 2
0.0000 1.2130 0.1588 0.1070 71
0.0000 1.2457 0.1631 -0.1990 2
0.0000 1.2046 0.1575 0.1492 55
0.0000 1.5314 0.2000 -0.1896 3
0.0000 1.2125 0.1581 0.1937 43
0.0000 1.3514 0.1760 -0.1192 12
0.0000 1.2265 0.1597 0.2404 29
0.0000 1.2854 0.1672 -0.0679 25
0.0000 1.2503 0.1624 0.2911 20
0.0000 1.2573 0.1631 -0.0221 42
0.0000 1.2779 0.1655 0.3453 14
0.0000 1.2337 0.1580 0.0217 42
0.0000 0.8215 0.1051 -0.1912 6
0.0000 1.2145 0.1551 0.0642 66
0.0000 1.0945 0.1398 -0.2145 2
0.0000 1.2095 0.1543 0.1067 80
0.0000 1.2541 0.1598 -0.2002 2
0.0000 1.2032 0.1531 0.1489 52
0.0000 1.5419 0.1959 -0.1908 3
0.0000 1.2130 0.1539 0.1937 45
0.0000 1.3401 0.1698 -0.1182 12
0.0000 1.2309 0.1559 0.2412 31
0.0000 1.2860 0.1627 -0.0679 24
0.0000 1.2451 0.1573 0.2897 21
0.0000 1.2578 0.1587 -0.0221 42
0.0000 1.2669 0.1596 0.3422 13
0.0000 1.2224 0.1523 0.0215 41
0.0000 0.8064 0.1003 -0.1876 6
0.0000 1.2189 0.1514 0.0644 66
0.0000 1.0872 0.1348 -0.2129 2
0.0000 1.2061 0.1494 0.1063 82
0.0000 1.2468 0.1542 -0.1990 2
0.0000 1.2136 0.1501 0.1501 59
0.0000 1.5446 0.1907 -0.1911 5
0.0000 1.2136 0.1497 0.1937 45
0.0000 1.3466 0.1658 -0.1187 12
0.0000 1.2218 0.1502 0.2393 34
0.0000 1.2965 0.1592 -0.0685 25
0.0000 1.2476 0.1530 0.2902 21
0.0000 1.2683 0.1555 -0.0223 45
0.0000 1.2675 0.1552 0.3422 13
0.0000 1.2229 0.1478 0.0215 41
0.0000 0.8880 0.1071 -0.2065 4
0.0000 1.2056 0.1455 0.0636 66
0.0000 1.0681 0.1287 -0.2091 2
0.0000 1.2106 0.1456 0.1067 82
0.0000 1.2474 0.1498 -0.1990 2
0.0000 1.2003 0.1440 0.1484 61
0.0000 1.5591 0.1867 -0.1928 8
0.0000 1.2200 0.1461 0.1946 46
0.0000 1.3452 0.1609 -0.1185 13
0.0000 1.2203 0.1457 0.2389 30
0.0000 1.2792 0.1525 -0.0675 25
0.0000 1.2539 0.1493 0.2915 21
0.0000 1.2629 0.1504 -0.0222 42
0.0000 1.2719 0.1512 0.3432 14
0.0000 1.2313 0.1447 0.0216 43
0.0000 0.8226 0.0965 -0.1912 6
0.0000 1.1962 0.1401 0.0631 68
0.0000 1.0764 0.1259 -0.2107 2
0.0000 1.2151 0.1419 0.1070 100
0.0000 1.2518 0.1462 -0.1996 2
0.0000 1.2067 0.1407 0.1492 66
0.0000 1.5498 0.1804 -0.1916 12
0.0000 1.2224 0.1421 0.1949 43
0.0000 1.3577 0.1576 -0.1196 12
0.0000 1.2286 0.1426 0.2404 28
0.0000 1.2757 0.1478 -0.0673 25
0.0000 1.2409 0.1436 0.2884 21
0.0000 1.2713 0.1469 -0.0223 42
0.0000 1.2724 0.1468 0.3432 14
0.0000 1.2358 0.1408 0.0217 42
0.0000 0.9004 0.1024 -0.2092 4
0.0000 1.1986 0.1361 0.0632 71
0.0000 1.0105 0.1148 -0.1977 2
0.0000 1.2195 0.1383 0.1074 100
0.0000 1.2837 0.1454 -0.2046 2
0.0000 1.2052 0.1363 0.1489 68
0.0000 1.5425 0.1741 -0.1906 20
0.0000 1.2210 0.1376 0.1946 46
0.0000 1.3582 0.1528 -0.1196 12
0.0000 1.2330 0.1387 0.2412 30
0.0000 1.2881 0.1447 -0.0679 24
0.0000 1.2491 0.1401 0.2902 20
0.0000 1.2540 0.1404 -0.0220 47
0.0000 1.2729 0.1423 0.3432 15
0.0000 0.8468 0.0935 -0.2283 5
0.0000 1.2403 0.1369 0.0218 42
0.0000 0.8465 0.0933 -0.1966 5
0.0000 1.2051 0.1326 0.0635 74
0.0000 1.0187 0.1119 -0.1992 2
0.0000 1.2081 0.1325 0.1063 100
0.0000 1.2980 0.1421 -0.2068 2
0.0000 1.2096 0.1325 0.1494 68
0.0000 1.5510 0.1696 -0.1916 53
0.0000 1.2175 0.1329 0.1940 46
0.0000 1.3369 0.1457 -0.1177 13
0.0000 1.2335 0.1342 0.2412 31
0.0000 1.2886 0.1400 -0.0679 25
0.0000 1.2574 0.1364 0.2920 20
0.0000 1.2604 0.1367 -0.0221 42
0.0000 1.2657 0.1371 0.3411 14
0.0000 1.2288 0.1311 0.0216 43
0.0000 0.9088 0.0968 -0.2110 4
0.0000 1.2154 0.1295 0.0641 70
0.0000 1.0620 0.1129 -0.2076 2
0.0000 1.2006 0.1275 0.1056 100
0.0000 1.2847 0.1362 -0.2046 2
0.0000 1.2141 0.1285 0.1499 72
0.0000 1.5201 0.1606 -0.1877 17
0.0000 1.2219 0.1291 0.1946 46
0.0000 1.3493 0.1423 -0.1187 13
0.0000 1.2222 0.1287 0.2389 30
0.0000 1.2931 0.1359 -0.0681 25
0.0000 1.2540 0.1316 0.2911 20
0.0000 1.2649 0.1327 -0.0222 42
0.0000 1.2623 0.1322 0.3401 14
0.0000 1.2253 0.1266 0.0215 42
0.0000 0.8006 0.0826 -0.1858 6
0.0000 1.2159 0.1252 0.0641 78
0.0000 1.0253 0.1054 -0.2003 2
0.0000 1.2110 0.1243 0.1065 100
0.0000 1.2498 0.1283 -0.1990 2
0.0000 1.2026 0.1232 0.1484 74
0.0000 1.5285 0.1563 -0.1887 5
0.0000 1.2243 0.1250 0.1949 43
0.0000 1.3498 0.1376 -0.1187 13
0.0000 1.2305 0.1254 0.2404 29
0.0000 1.2816 0.1304 -0.0675 25
0.0000 1.2563 0.1276 0.2915 21
0.0000 1.2733 0.1291 -0.0223 42
0.0000 1.2705 0.1286 0.3422 15
0.0000 1.2377 0.1235 0.0217 45
0.0000 0.8474 0.0844 -0.1966 5
0.0000 1.1984 0.1194 0.0631 74
0.0000 1.0335 0.1028 -0.2019 2
0.0000 1.2173 0.1209 0.1070 100
0.0000 1.2424 0.1231 -0.1977 2
0.0000 1.2109 0.1198 0.1494 68
0.0000 1.5152 0.1496 -0.1869 3
0.0000 1.2247 0.1209 0.1949 45
0.0000 1.3582 0.1339 -0.1194 13
0.0000 1.2368 0.1217 0.2416 29
0.0000 1.2821 0.1259 -0.0675 25
0.0000 1.2432 0.1219 0.2884 21
0.0000 1.2717 0.1247 -0.0223 40
0.0000 1.2709 0.1244 0.3422 14
0.0000 0.8480 0.0818 -0.2283 5
0.0000 1.2381 0.1194 0.0217 42
0.0000 0.8826 0.0850 -0.2047 4
0.0000 1.2048 0.1158 0.0634 78
0.0000 1.0260 0.0984 -0.2003 2
0.0000 1.2217 0.1170 0.1074 100
0.0000 1.2231 0.1171 -0.1946 2
0.0000 1.2153 0.1162 0.1499 71
0.0000 1.5216 0.1452 -0.1877 3
0.0000 1.2173 0.1159 0.1937 45
0.0000 1.3527 0.1286 -0.1189 12
0.0000 1.2372 0.1176 0.2416 30
0.0000 1.2904 0.1224 -0.0679 24
0.0000 1.2494 0.1183 0.2897 21
0.0000 1.2622 0.1193 -0.0221 42
0.0000 1.2790 0.1207 0.3442 14
0.0000 1.2385 0.1149 0.0217 42
0.0000 0.8480 0.0785 -0.1966 5
0.0000 1.2112 0.1121 0.0637 72
0.0000 1.0439 0.0965 -0.2038 2
0.0000 1.2023 0.1109 0.1056 100
0.0000 1.2550 0.1155 -0.1996 2
0.0000 1.2177 0.1119 0.1501 64
0.0000 1.5379 0.1410 -0.1896 3
0.0000 1.2196 0.1119 0.1940 46
0.0000 1.3472 0.1233 -0.1184 13
0.0000 1.2454 0.1138 0.2431 30
0.0000 1.2968 0.1182 -0.0682 25
0.0000 1.2576 0.1144 0.2915 21
0.0000 1.2626 0.1149 -0.0221 42
0.0000 1.2640 0.1148 0.3401 14
0.0000 1.2269 0.1097 0.0215 43
0.0000 0.8249 0.0736 -0.1912 6
0.0000 1.2076 0.1076 0.0635 74
0.0000 1.0560 0.0939 -0.2061 2
0.0000 1.2205 0.1083 0.1072 90
0.0000 1.2160 0.1079 -0.1934 2
0.0000 1.2220 0.1082 0.1506 63
0.0000 1.5463 0.1366 -0.1906 2
0.0000 1.2220 0.1078 0.1943 43
0.0000 1.3516 0.1190 -0.1187 13
0.0000 1.2301 0.1083 0.2400 30
0.0000 1.3012 0.1143 -0.0685 25
0.0000 1.2599 0.1104 0.2920 21
0.0000 1.2729 0.1114 -0.0223 40
0.0000 1.2625 0.1102 0.3396 15
0.0000 1.2313 0.1058 0.0216 43
0.0000 0.8252 0.0707 -0.1912 6
0.0000 1.2079 0.1033 0.0635 68
0.0000 1.0446 0.0894 -0.2038 2
0.0000 1.2149 0.1037 0.1067 85
0.0000 1.2282 0.1046 -0.1952 2
0.0000 1.2046 0.1024 0.1484 60
0.0000 1.5369 0.1304 -0.1894 2
0.0000 1.2263 0.1038 0.1949 43
0.0000 1.3559 0.1148 -0.1191 13
0.0000 1.2344 0.1043 0.2408 29
0.0000 1.2877 0.1086 -0.0677 25
0.0000 1.2680 0.1067 0.2938 21
0.0000 1.2614 0.1059 -0.0221 40
0.0000 1.2763 0.1070 0.3432 14
0.0000 1.2396 0.1021 0.0217 42
0.0000 0.8021 0.0659 -0.1858 6
0.0000 1.2023 0.0986 0.0632 71
0.0000 1.0410 0.0854 -0.2030 2
0.0000 1.2192 0.0998 0.1070 77
0.0000 1.2561 0.1026 -0.1996 2
0.0000 1.2089 0.0985 0.1489 57
0.0000 1.5413 0.1254 -0.1899 2
0.0000 1.2306 0.0999 0.1955 43
0.0000 1.3544 0.1099 -0.1189 12
0.0000 1.2426 0.1006 0.2423 30
0.0000 1.2880 0.1041 -0.0677 22
0.0000 1.2490 0.1007 0.2893 21
0.0000 1.2797 0.1030 -0.0224 38
0.0000 1.2844 0.1031 0.3453 15
0.0000 1.2439 0.0981 0.0218 42
0.0000 0.8218 0.0647 -0.1903 6
0.0000 1.1986 0.0943 0.0630 63
0.0000 1.0686 0.0839 -0.2084 2
0.0000 1.2255 0.0960 0.1076 70
0.0000 1.2210 0.0955 -0.1940 2
0.0000 1.2152 0.0948 0.1497 53
0.0000 1.5457 0.1203 -0.1904 2
0.0000 1.2309 0.0958 0.1955 42
0.0000 1.3508 0.1049 -0.1185 12
0.0000 1.2429 0.0963 0.2423 29
0.0000 1.2963 0.1002 -0.0681 24
0.0000 1.2590 0.0971 0.2915 21
0.0000 1.2621 0.0973 -0.0221 42
0.0000 1.2809 0.0986 0.3442 14
0.0000 1.2443 0.0940 0.0218 42
0.0000 0.7909 0.0596 -0.1831 7
0.0000 1.2109 0.0910 0.0636 53
0.0000 1.0376 0.0778 -0.2023 2
0.0000 1.2199 0.0913 0.1070 63
0.0000 1.2528 0.0938 -0.1990 2
0.0000 1.2155 0.0908 0.1497 50
0.0000 1.5461 0.1152 -0.1904 2
0.0000 1.2233 0.0909 0.1943 42
0.0000 1.3531 0.1003 -0.1187 12
0.0000 1.2433 0.0922 0.2423 27
0.0000 1.3007 0.0962 -0.0684 22
0.0000 1.2574 0.0928 0.2911 20
0.0000 1.2644 0.0931 -0.0221 40
0.0000 1.2735 0.0935 0.3422 14
0.0000 0.8497 0.0614 -0.2283 5
0.0000 1.2366 0.0891 0.0216 42
0.0000 0.8261 0.0594 -0.1912 6
0.0000 1.2252 0.0878 0.0644 61
0.0000 1.0927 0.0783 -0.2129 2
0.0000 1.2222 0.0874 0.1072 55
0.0000 1.2256 0.0874 -0.1946 2
0.0000 1.2237 0.0871 0.1506 48
0.0000 1.5821 0.1123 -0.1947 2
0.0000 1.2276 0.0869 0.1949 42
0.0000 1.3514 0.0957 -0.1185 13
0.0000 1.2318 0.0870 0.2400 28
0.0000 1.3030 0.0918 -0.0685 22
0.0000 1.2694 0.0892 0.2938 20
0.0000 1.2607 0.0884 -0.0221 40
0.0000 1.2777 0.0893 0.3432 14
0.0000 1.2369 0.0848 0.0216 41
0.0000 0.8302 0.0567 -0.1921 6
0.0000 1.2255 0.0835 0.0644 56
0.0000 1.0969 0.0748 -0.2137 2
0.0000 1.2245 0.0833 0.1074 51
0.0000 1.2298 0.0834 -0.1952 2
0.0000 1.2121 0.0820 0.1492 48
0.0000 1.5944 0.1076 -0.1962 2
0.0000 1.2358 0.0832 0.1962 42
0.0000 1.3697 0.0922 -0.1201 12
0.0000 1.2399 0.0832 0.2416 27
0.0000 1.2953 0.0867 -0.0680 22
0.0000 1.2697 0.0848 0.2938 21
0.0000 1.2730 0.0848 -0.0223 38
0.0000 1.2934 0.0859 0.3473 13
0.0000 1.2452 0.0810 0.0218 38
0.0000 0.8265 0.0536 -0.1912 6
0.0000 1.2158 0.0786 0.0638 52
0.0000 1.0775 0.0697 -0.2099 2
0.0000 1.2248 0.0790 0.1074 50
0.0000 1.2143 0.0781 -0.1927 2
0.0000 1.2243 0.0785 0.1506 45
0.0000 1.5829 0.1012 -0.1947 2
0.0000 1.2380 0.0790 0.1965 40
0.0000 1.3720 0.0873 -0.1203 11
0.0000 1.2461 0.0793 0.2427 24
0.0000 1.2996 0.0824 -0.0682 21
0.0000 1.2583 0.0796 0.2911 20
0.0000 1.2773 0.0806 -0.0223 40
0.0000 1.2976 0.0816 0.3484 13
0.0000 1.2475 0.0767 0.0218 38
0.0000 0.8267 0.0507 -0.1912 6
0.0000 1.2081 0.0739 0.0634 52
0.0000 1.0739 0.0655 -0.2091 2
0.0000 1.2310 0.0749 0.1079 45
0.0000 1.2383 0.0751 -0.1965 2
0.0000 1.2245 0.0743 0.1506 45
0.0000 1.5990 0.0967 -0.1967 2
0.0000 1.2225 0.0737 0.1940 37
0.0000 1.3743 0.0826 -0.1204 11
0.0000 1.2503 0.0749 0.2435 25
0.0000 1.3039 0.0779 -0.0685 22
0.0000 1.2644 0.0753 0.2924 20
0.0000 1.2676 0.0755 -0.0222 40
0.0000 1.2940 0.0769 0.3473 13
0.0000 1.2557 0.0726 0.0220 38
0.0000 0.8268 0.0477 -0.1912 6
0.0000 1.2163 0.0701 0.0638 49
0.0000 1.1094 0.0638 -0.2160 2
0.0000 1.2273 0.0703 0.1076 45
0.0000 1.2306 0.0703 -0.1952 2
0.0000 1.2248 0.0698 0.1506 45
0.0000 1.6073 0.0916 -0.1977 2
0.0000 1.2267 0.0697 0.1946 39
0.0000 1.3626 0.0771 -0.1194 11
0.0000 1.2506 0.0706 0.2435 24
0.0000 1.3061 0.0735 -0.0686 24
0.0000 1.2666 0.0713 0.2929 20
0.0000 1.2698 0.0712 -0.0222 38
0.0000 1.2885 0.0720 0.3458 12
0.0000 1.2440 0.0678 0.0217 37
0.0000 0.8309 0.0451 -0.1921 6
0.0000 1.2225 0.0664 0.0642 48
0.0000 1.0861 0.0588 -0.2114 2
0.0000 1.2275 0.0663 0.1076 45
0.0000 1.2072 0.0650 -0.1915 2
0.0000 1.2270 0.0658 0.1509 44
0.0000 1.5957 0.0856 -0.1962 2
0.0000 1.2388 0.0662 0.1965 42
0.0000 1.3708 0.0730 -0.1201 11
0.0000 1.2508 0.0664 0.2435 24
0.0000 1.3084 0.0693 -0.0687 22
0.0000 1.2766 0.0676 0.2951 20
0.0000 1.2720 0.0671 -0.0222 38
0.0000 1.2964 0.0682 0.3479 13
0.0000 1.2442 0.0637 0.0217 38
0.0000 0.8116 0.0414 -0.1876 6
0.0000 1.2267 0.0624 0.0644 48
0.0000 1.0745 0.0546 -0.2091 2
0.0000 1.2337 0.0625 0.1081 42
0.0000 1.2113 0.0612 -0.1921 2
0.0000 1.2233 0.0615 0.1504 42
0.0000 1.6317 0.0818 -0.2006 2
0.0000 1.2469 0.0623 0.1977 37
0.0000 1.3730 0.0686 -0.1203 9
0.0000 1.2471 0.0621 0.2427 24
0.0000 1.3006 0.0645 -0.0682 22
0.0000 1.2846 0.0635 0.2969 19
0.0000 1.2803 0.0631 -0.0224 38
0.0000 1.2966 0.0636 0.3479 13
0.0000 1.2564 0.0599 0.0220 36
0.0000 0.8312 0.0395 -0.1921 6
0.0000 1.2110 0.0573 0.0635 46
0.0000 1.0707 0.0507 -0.2084 2
0.0000 1.2319 0.0581 0.1079 43
0.0000 1.2234 0.0575 -0.1940 2
0.0000 1.2334 0.0577 0.1516 44
0.0000 1.5844 0.0739 -0.1947 1
0.0000 1.2510 0.0581 0.1984 36
0.0000 1.3872 0.0644 -0.1215 9
0.0000 1.2551 0.0581 0.2442 24
0.0000 1.3008 0.0600 -0.0682 22
0.0000 1.2770 0.0587 0.2951 19
0.0000 1.2905 0.0591 -0.0225 36
0.0000 1.3007 0.0593 0.3489 12
0.0000 0.7546 0.0335 -0.2024 7
0.0000 1.2646 0.0559 0.0221 35
0.0000 0.8274 0.0364 -0.1912 6
0.0000 1.2172 0.0534 0.0638 44
0.0000 1.0395 0.0456 -0.2023 2
0.0000 1.2321 0.0538 0.1079 42
0.0000 1.2157 0.0529 -0.1927 2
0.0000 1.2356 0.0535 0.1518 41
0.0000 1.5965 0.0689 -0.1962 1
0.0000 1.2354 0.0531 0.1959 36
0.0000 1.3994 0.0601 -0.1225 10
0.0000 1.2593 0.0539 0.2450 24
0.0000 1.3210 0.0563 -0.0693 22
0.0000 1.2772 0.0542 0.2951 19
0.0000 1.2767 0.0540 -0.0223 38
0.0000 1.3106 0.0552 0.3515 13
0.0000 0.7817 0.0319 -0.2096 6
0.0000 1.2608 0.0513 0.0220 36
0.0000 0.8314 0.0337 -0.1921 6
0.0000 1.2293 0.0496 0.0645 44
0.0000 1.0397 0.0419 -0.2023 2
0.0000 1.2263 0.0493 0.1074 38
0.0000 1.2159 0.0486 -0.1927 2
0.0000 1.2357 0.0492 0.1518 39
0.0000 1.6007 0.0635 -0.1967 2
0.0000 1.2396 0.0489 0.1965 34
0.0000 1.3777 0.0544 -0.1206 9
0.0000 1.2673 0.0498 0.2465 23
0.0000 1.3212 0.0517 -0.0693 21
0.0000 1.2813 0.0499 0.2960 19
0.0000 1.2768 0.0495 -0.0223 38
0.0000 1.3030 0.0503 0.3494 11
0.0000 1.2489 0.0465 0.0218 35
0.0000 0.8510 0.0315 -0.1966 5
0.0000 1.2315 0.0454 0.0646 44
0.0000 1.0869 0.0400 -0.2114 2
0.0000 1.2265 0.0450 0.1074 38
0.0000 1.2081 0.0441 -0.1915 2
0.0000 1.2518 0.0455 0.1538 38
0.0000 1.6089 0.0582 -0.1977 2
0.0000 1.2378 0.0445 0.1962 31
0.0000 1.3878 0.0497 -0.1215 8
0.0000 1.2557 0.0449 0.2442 24
0.0000 1.3233 0.0471 -0.0694 21
0.0000 1.2873 0.0456 0.2974 18
0.0000 1.2850 0.0453 -0.0224 38
0.0000 1.3090 0.0459 0.3510 11
0.0000 1.2591 0.0424 0.0220 35
0.0000 0.8316 0.0279 -0.1921 6
0.0000 1.2396 0.0413 0.0650 44
0.0000 1.0478 0.0348 -0.2038 2
0.0000 1.2346 0.0407 0.1081 36
0.0000 1.2201 0.0400 -0.1934 2
0.0000 1.2301 0.0404 0.1511 37
0.0000 1.5971 0.0521 -0.1962 2
0.0000 1.2478 0.0405 0.1977 31
0.0000 1.3920 0.0450 -0.1218 6
0.0000 1.2598 0.0405 0.2450 22
0.0000 1.3155 0.0420 -0.0690 21
0.0000 1.2992 0.0413 0.3001 18
0.0000 1.2951 0.0412 -0.0226 36
0.0000 1.3285 0.0420 0.3561 10
0.0000 1.2632 0.0379 0.0221 33
0.0000 0.8278 0.0247 -0.1912 6
0.0000 1.2278 0.0367 0.0644 41
0.0000 1.0872 0.0323 -0.2114 2
0.0000 1.2447 0.0367 0.1089 35
0.0000 1.2321 0.0361 -0.1952 2
0.0000 1.2322 0.0359 0.1514 35
0.0000 1.5854 0.0459 -0.1947 1
0.0000 1.2617 0.0366 0.1999 30
0.0000 1.4080 0.0406 -0.1232 7
0.0000 1.2677 0.0363 0.2465 22
0.0000 1.3256 0.0377 -0.0695 21
0.0000 1.2876 0.0364 0.2974 18
0.0000 1.2893 0.0365 -0.0225 33
0.0000 1.3305 0.0374 0.3567 9
0.0000 0.8516 0.0227 -0.2283 5
0.0000 1.2754 0.0341 0.0223 32
0.0000 0.8669 0.0230 -0.2002 5
0.0000 1.2279 0.0324 0.0644 41
0.0000 1.0873 0.0285 -0.2114 2
0.0000 1.2448 0.0324 0.1089 35
0.0000 1.2322 0.0321 -0.1952 2
0.0000 1.2423 0.0321 0.1526 35
0.0000 1.5975 0.0410 -0.1962 1
0.0000 1.2421 0.0317 0.1968 31
0.0000 1.4122 0.0357 -0.1236 6
0.0000 1.2698 0.0321 0.2469 21
0.0000 1.3278 0.0334 -0.0696 19
0.0000 1.2897 0.0322 0.2978 18
0.0000 1.2854 0.0319 -0.0224 33
0.0000 1.3442 0.0331 0.3603 9
0.0000 1.2755 0.0296 0.0223 35
0.0000 0.8514 0.0196 -0.1966 5
0.0000 1.2360 0.0285 0.0648 38
0.0000 1.0874 0.0249 -0.2114 2
0.0000 1.2409 0.0282 0.1086 33
0.0000 1.2244 0.0276 -0.1940 2
0.0000 1.2384 0.0277 0.1521 37
0.0000 1.5897 0.0352 -0.1952 2
0.0000 1.2462 0.0276 0.1974 30
0.0000 1.3983 0.0308 -0.1224 5
0.0000 1.2778 0.0279 0.2484 21
0.0000 1.3359 0.0289 -0.0700 19
0.0000 1.2937 0.0278 0.2987 16
0.0000 1.2935 0.0278 -0.0226 36
0.0000 1.3327 0.0284 0.3572 9
0.0000 1.2756 0.0254 0.0223 33
0.0000 0.8514 0.0168 -0.1966 5
0.0000 1.2480 0.0244 0.0654 41
0.0000 1.0757 0.0208 -0.2091 2
0.0000 1.2410 0.0238 0.1086 31
0.0000 1.1890 0.0228 -0.1883 2
0.0000 1.2524 0.0238 0.1538 33
0.0000 1.5937 0.0300 -0.1957 1
0.0000 1.2462 0.0233 0.1974 27
0.0000 1.4104 0.0261 -0.1234 3
0.0000 1.2700 0.0235 0.2469 22
0.0000 1.3379 0.0245 -0.0701 21
0.0000 1.2918 0.0235 0.2983 15
0.0000 1.3096 0.0235 -0.0229 36
0.0000 1.3347 0.0238 0.3577 8
0.0000 1.2736 0.0209 0.0222 31
0.0000 0.8359 0.0136 -0.1930 6
0.0000 1.2441 0.0202 0.0652 38
0.0000 1.0757 0.0173 -0.2091 2
0.0000 1.2411 0.0197 0.1086 33
0.0000 1.1811 0.0186 -0.1871 2
0.0000 1.2445 0.0193 0.1528 31
0.0000 1.5859 0.0244 -0.1947 2
0.0000 1.2562 0.0193 0.1990 27
0.0000 1.4324 0.0218 -0.1253 3
0.0000 1.2740 0.0191 0.2477 21
0.0000 1.3320 0.0198 -0.0698 19
0.0000 1.3036 0.0191 0.3010 15
0.0000 1.3097 0.0192 -0.0229 33
0.0000 1.3541 0.0196 0.3629 8
0.0000 1.2737 0.0167 0.0222 31
0.0000 0.7931 0.0102 -0.1831 7
0.0000 1.2382 0.0158 0.0649 37
0.0000 1.0876 0.0137 -0.2114 2
0.0000 1.2491 0.0155 0.1093 32
0.0000 1.2286 0.0152 -0.1946 2
0.0000 1.2485 0.0153 0.1533 31
0.0000 1.5780 0.0190 -0.1938 2
0.0000 1.2622 0.0150 0.1999 28
0.0000 1.4404 0.0168 -0.1260 2
0.0000 1.2839 0.0150 0.2496 20
0.0000 1.3401 0.0154 -0.0702 18
0.0000 1.2997 0.0147 0.3001 15
0.0000 1.3077 0.0146 -0.0228 31
0.0000 1.3541 0.0149 0.3629 6
0.0000 0.8519 0.0082 -0.2283 5
0.0000 1.2897 0.0122 0.0225 28
0.0000 0.8009 0.0074 -0.1849 6
0.0000 1.2482 0.0113 0.0654 35
0.0000 1.0405 0.0094 -0.2023 2
0.0000 1.2532 0.0112 0.1096 31
0.0000 1.2089 0.0105 -0.1915 2
0.0000 1.2625 0.0108 0.1550 28
0.0000 1.5781 0.0132 -0.1938 2
0.0000 1.2504 0.0103 0.1980 27
0.0000 1.4365 0.0118 -0.1257 1
0.0000 1.2839 0.0103 0.2496 21
0.0000 1.3481 0.0106 -0.0707 18
0.0000 1.2998 0.0100 0.3001 15
0.0000 1.3038 0.0098 -0.0228 31
0.0000 1.3851 0.0102 0.3711 5
0.0000 1.2858 0.0076 0.0224 28
0.0000 0.8516 0.0049 -0.1966 5
0.0000 1.2563 0.0070 0.0658 28
0.0000 1.0484 0.0059 -0.2038 2
0.0000 1.2512 0.0068 0.1095 28
0.0000 1.1911 0.0062 -0.1887 1
0.0000 1.2625 0.0064 0.1550 28
0.0000 1.5861 0.0078 -0.1947 1
0.0000 1.2544 0.0059 0.1987 27
0.0000 1.4445 0.0068 -0.1264 1
0.0000 1.3036 0.0059 0.2534 20
0.0000 1.3501 0.0059 -0.0708 16
0.0000 1.3056 0.0055 0.3014 14
0.0000 1.3078 0.0052 -0.0228 31
0.0000 1.3755 0.0053 0.3686 4
0.0000 1.2838 0.0031 0.0224 26
0.0000 0.8282 0.0019 -0.1912 6
0.0000 1.2583 0.0026 0.0659 26
0.0000 1.0602 0.0022 -0.2061 2
0.0000 1.2572 0.0024 0.1100 28
0.0000 1.1951 0.0021 -0.1893 1
0.0000 1.2625 0.0020 0.1550 30
0.0000 1.5742 0.0022 -0.1933 2
0.0000 1.2642 0.0015 0.2002 28
0.0000 2.1837 0.0027 -0.1910 2
0.0000 1.2899 0.0014 0.2507 20
0.0000 1.3621 0.0012 -0.0714 15
0.0000 1.3193 0.0009 0.3046 14
0.0000 1.3198 0.0007 -0.0230 31
0.0000 5.7202 0.0020 1.5327 4
0.0000 0.7824 -0.0007 -0.2096 6
0.0000 1.2838 -0.0013 0.0224 26
0.0000 0.8282 -0.0010 -0.1912 6
0.0000 1.2663 -0.0018 0.0664 26
0.0000 1.0759 -0.0015 -0.2091 2
0.0000 1.2672 -0.0020 0.1109 30
0.0000 1.1951 -0.0021 -0.1893 1
0.0000 1.2585 -0.0024 0.1545 28
0.0000 1.5960 -0.0033 -0.1960 2
0.0000 1.2662 -0.0029 0.2005 25
0.0000 2.2016 -0.0050 -0.1926 2
0.0000 1.2859 -0.0031 0.2500 19
0.0000 1.3581 -0.0036 -0.0712 15
0.0000 1.3251 -0.0037 0.3059 13
0.0000 1.3198 -0.0039 -0.0230 31
0.0000 1.4064 -0.0044 0.3768 1
0.0000 0.8519 -0.0039 -0.2283 5
0.0000 1.2978 -0.0061 0.0227 25
0.0000 0.8516 -0.0042 -0.1966 5
0.0000 1.2603 -0.0064 0.0660 27
0.0000 1.0758 -0.0054 -0.2091 2
0.0000 1.2632 -0.0066 0.1105 27
0.0000 1.1832 -0.0064 -0.1874 2
0.0000 1.2565 -0.0070 0.1543 26
0.0000 1.5880 -0.0091 -0.1950 2
0.0000 1.2800 -0.0076 0.2027 25
0.0000 2.1916 -0.0130 -0.1917 2
0.0000 1.2977 -0.0079 0.2522 19
0.0000 1.3661 -0.0086 -0.0716 15
0.0000 1.3173 -0.0085 0.3041 13
0.0000 1.3298 -0.0088 -0.0232 31
0.0000 10.6501 -0.0725 2.8537 2
0.0000 0.7553 -0.0061 -0.2024 7
0.0000 1.2978 -0.0106 0.0227 23
0.0000 0.8282 -0.0069 -0.1912 6
0.0000 1.2582 -0.0108 0.0659 26
0.0000 1.0758 -0.0092 -0.2091 2
0.0000 1.2751 -0.0111 0.1116 25
0.0000 1.2030 -0.0107 -0.1905 1
0.0000 1.2684 -0.0115 0.1557 24
0.0000 1.5821 -0.0146 -0.1943 2
0.0000 1.2681 -0.0120 0.2009 25
0.0000 2.2075 -0.0208 -0.1931 2
0.0000 1.3153 -0.0126 0.2557 18
0.0000 1.3780 -0.0135 -0.0722 13
0.0000 1.3270 -0.0132 0.3064 12
0.0000 1.3197 -0.0134 -0.0230 29
0.0000 10.6420 -0.1096 2.8517 2
0.0000 0.8519 -0.0098 -0.2283 5
0.0000 1.3097 -0.0153 0.0229 23
0.0000 0.8321 -0.0099 -0.1921 6
0.0000 1.2702 -0.0151 0.0666 26
0.0000 1.0758 -0.0130 -0.2091 2
0.0000 1.2651 -0.0155 0.1107 27
0.0000 1.2148 -0.0151 -0.1924 1
0.0000 1.2763 -0.0160 0.1567 24
0.0000 1.5979 -0.0204 -0.1962 2
0.0000 1.2681 -0.0162 0.2009 25
0.0000 2.1954 -0.0284 -0.1921 2
0.0000 1.3153 -0.0172 0.2557 19
0.0000 1.3820 -0.0183 -0.0724 12
0.0000 1.3387 -0.0180 0.3091 10
0.0000 1.3237 -0.0178 -0.0231 29
0.0000 10.6339 -0.1448 2.8496 2
0.0000 1.3057 -0.0196 0.0228 23
0.0000 0.8281 -0.0126 -0.1912 6
0.0000 1.2841 -0.0197 0.0673 25
0.0000 1.0875 -0.0169 -0.2114 2
0.0000 1.2710 -0.0200 0.1112 27
0.0000 1.1950 -0.0188 -0.1893 1
0.0000 1.2763 -0.0203 0.1567 23
0.0000 1.5859 -0.0255 -0.1947 2
0.0000 1.2838 -0.0208 0.2034 25
0.0000 2.1893 -0.0359 -0.1916 2
0.0000 1.3034 -0.0214 0.2534 16
0.0000 1.3819 -0.0229 -0.0724 12
0.0000 1.3405 -0.0225 0.3095 11
0.0000 1.3296 -0.0225 -0.0232 27
0.0000 10.6372 -0.1820 2.8506 2
0.0000 0.8518 -0.0156 -0.2283 5
0.0000 1.3096 -0.0242 0.0229 23
0.0000 0.8125 -0.0152 -0.1876 6
0.0000 1.2820 -0.0239 0.0672 23
0.0000 1.0757 -0.0203 -0.2091 2
0.0000 1.2809 -0.0244 0.1121 23
0.0000 1.1830 -0.0227 -0.1874 1
0.0000 1.2682 -0.0246 0.1557 24
0.0000 1.5957 -0.0312 -0.1960 2
0.0000 1.2916 -0.0253 0.2046 25
0.0000 2.2091 -0.0436 -0.1933 2
0.0000 1.3033 -0.0259 0.2534 16
0.0000 1.3858 -0.0278 -0.0726 7
0.0000 1.3502 -0.0273 0.3118 10
0.0000 1.3455 -0.0272 -0.0235 25
0.0000 10.6635 -0.2178 2.8579 2
0.0000 0.7552 -0.0165 -0.2024 7
0.0000 1.3095 -0.0286 0.0229 22
0.0000 0.8046 -0.0177 -0.1858 6
0.0000 1.2739 -0.0282 0.0668 23
0.0000 1.1070 -0.0247 -0.2152 2
0.0000 1.2848 -0.0289 0.1124 23
0.0000 1.1948 -0.0269 -0.1893 1
0.0000 1.2801 -0.0290 0.1572 23
0.0000 1.5916 -0.0364 -0.1955 2
0.0000 1.2995 -0.0299 0.2059 25
0.0000 2.1910 -0.0509 -0.1917 2
0.0000 1.3032 -0.0303 0.2534 15
0.0000 1.3997 -0.0327 -0.0734 7
0.0000 1.3559 -0.0320 0.3131 9
0.0000 1.3474 -0.0320 -0.0235 23
0.0000 10.6685 -0.2551 2.8594 1
0.0000 0.7551 -0.0190 -0.2024 7
0.0000 1.3234 -0.0335 0.0231 22
0.0000 0.8124 -0.0207 -0.1876 6
0.0000 1.2738 -0.0327 0.0668 22
0.0000 1.0598 -0.0272 -0.2061 2
0.0000 1.2906 -0.0333 0.1130 23
0.0000 1.1789 -0.0307 -0.1868 1
0.0000 1.2859 -0.0337 0.1579 23
0.0000 1.5776 -0.0416 -0.1938 2
0.0000 1.2855 -0.0341 0.2037 24
0.0000 2.2008 -0.0584 -0.1926 2
0.0000 1.3188 -0.0352 0.2564 15
0.0000 1.4096 -0.0379 -0.0739 6
0.0000 1.3519 -0.0366 0.3122 7
0.0000 1.3453 -0.0366 -0.0235 21
0.0000 10.6791 -0.2927 2.8625 1
0.0000 1.3193 -0.0380 0.0230 20
0.0000 0.8045 -0.0233 -0.1858 6
0.0000 1.2777 -0.0373 0.0670 21
0.0000 1.0597 -0.0309 -0.2061 2
0.0000 1.2825 -0.0376 0.1123 23
0.0000 1.1906 -0.0351 -0.1887 1
0.0000 1.2778 -0.0379 0.1570 23
0.0000 1.5794 -0.0472 -0.1940 2
0.0000 1.2953 -0.0389 0.2052 24
0.0000 2.1966 -0.0660 -0.1923 2
0.0000 1.3305 -0.0402 0.2587 15
0.0000 1.4294 -0.0434 -0.0749 5
0.0000 1.3713 -0.0419 0.3167 6
0.0000 1.3512 -0.0415 -0.0236 19
0.0000 10.6414 -0.3288 2.8527 2
0.0000 0.8515 -0.0274 -0.2283 5
0.0000 1.3111 -0.0423 0.0229 20
0.0000 0.8512 -0.0276 -0.1966 5
0.0000 1.2935 -0.0422 0.0678 21
0.0000 1.0753 -0.0351 -0.2091 2
0.0000 1.2824 -0.0421 0.1123 22
0.0000 1.1787 -0.0389 -0.1868 1
0.0000 1.2896 -0.0428 0.1584 23
0.0000 1.5713 -0.0524 -0.1930 2
0.0000 1.3089 -0.0439 0.2074 24
0.0000 2.1904 -0.0734 -0.1917 2
0.0000 1.3264 -0.0447 0.2580 14
0.0000 1.4372 -0.0487 -0.0754 4
0.0000 1.3984 -0.0476 0.3230 6
0.0000 1.3590 -0.0465 -0.0237 21
0.0000 10.6440 -0.3661 2.8537 1
0.0000 1.3249 -0.0474 0.0231 18
0.0000 0.8277 -0.0298 -0.1912 6
0.0000 1.3014 -0.0470 0.0682 20
0.0000 1.0752 -0.0389 -0.2091 2
0.0000 1.2882 -0.0468 0.1128 21
0.0000 1.1864 -0.0433 -0.1880 1
0.0000 1.2914 -0.0474 0.1587 22
0.0000 1.5870 -0.0585 -0.1950 2
0.0000 1.3226 -0.0490 0.2096 20
0.0000 2.2001 -0.0814 -0.1926 2
0.0000 1.3282 -0.0494 0.2584 14
0.0000 1.4430 -0.0539 -0.0757 2
0.0000 1.3963 -0.0524 0.3226 4
0.0000 1.3688 -0.0516 -0.0239 19
0.0000 10.6504 -0.4036 2.8558 3
0.0000 0.8513 -0.0333 -0.2283 5
0.0000 1.3348 -0.0524 0.0233 16
0.0000 0.8120 -0.0320 -0.1876 6
0.0000 1.2952 -0.0511 0.0679 20
0.0000 1.0868 -0.0431 -0.2114 2
0.0000 1.3080 -0.0521 0.1145 22
0.0000 1.2099 -0.0484 -0.1918 2
0.0000 1.2913 -0.0519 0.1587 22
0.0000 1.5689 -0.0630 -0.1928 2
0.0000 1.3303 -0.0537 0.2109 20
0.0000 2.1978 -0.0890 -0.1924 2
0.0000 1.3437 -0.0547 0.2614 12
0.0000 1.3805 -0.0564 0.3190 2
0.0000 1.3866 -0.0569 -0.0242 14
0.0000 10.6721 -0.4398 2.8620 2
0.0000 1.3466 -0.0574 0.0235 15
0.0000 0.8236 -0.0352 -0.1903 6
0.0000 1.3030 -0.0558 0.0684 20
0.0000 1.0749 -0.0462 -0.2091 2
0.0000 1.3118 -0.0566 0.1149 21
0.0000 1.1940 -0.0517 -0.1893 1
0.0000 1.3010 -0.0566 0.1599 20
0.0000 1.5707 -0.0683 -0.1930 2
0.0000 1.3143 -0.0574 0.2084 21
0.0000 2.2114 -0.0969 -0.1937 2
0.0000 1.3573 -0.0597 0.2641 12
0.0000 3.2164 -0.1421 -0.1687 46
0.0000 12.0587 -0.5328 2.7867 3
0.0000 1.3764 -0.0611 -0.0240 17
0.0000 10.6552 -0.4745 2.8579 2
0.0000 1.3484 -0.0619 0.0236 14
0.0000 0.8234 -0.0380 -0.1903 6
0.0000 1.3048 -0.0604 0.0685 20
0.0000 1.0316 -0.0477 -0.2007 2
0.0000 1.3016 -0.0605 0.1140 21
0.0000 1.1820 -0.0551 -0.1874 1
0.0000 1.3186 -0.0617 0.1621 22
0.0000 1.5824 -0.0743 -0.1945 2
0.0000 1.3220 -0.0623 0.2096 19
0.0000 2.1972 -0.1036 -0.1924 2
0.0000 1.3610 -0.0644 0.2648 10
0.0000 3.2439 -0.1541 -0.1702 81
0.0000 12.0860 -0.5763 2.7934 3
0.0000 1.3862 -0.0663 -0.0242 14
0.0000 10.6496 -0.5115 2.8568 3
0.0000 1.3422 -0.0663 0.0235 15
0.0000 0.8272 -0.0410 -0.1912 6
0.0000 1.3166 -0.0655 0.0691 18
0.0000 1.0745 -0.0535 -0.2091 2
0.0000 1.3133 -0.0656 0.1150 20
0.0000 1.2015 -0.0602 -0.1905 1
0.0000 1.3204 -0.0664 0.1623 20
0.0000 1.5801 -0.0798 -0.1943 2
0.0000 1.3317 -0.0675 0.2112 17
0.0000 2.1908 -0.1110 -0.1919 2
0.0000 1.3666 -0.0695 0.2660 9
0.0000 3.2613 -0.1664 -0.1711 82
0.0000 12.1228 -0.6205 2.8024 1
0.0000 1.3979 -0.0718 -0.0244 10
0.0000 10.6767 -0.5502 2.8646 1
0.0000 1.3539 -0.0717 0.0237 13
0.0000 0.8270 -0.0439 -0.1912 6
0.0000 1.3223 -0.0705 0.0694 18
0.0000 1.0743 -0.0572 -0.2091 2
0.0000 1.3270 -0.0709 0.1163 18
0.0000 1.1934 -0.0640 -0.1893 1
0.0000 1.3162 -0.0708 0.1618 19
0.0000 1.5778 -0.0852 -0.1940 2
0.0000 1.3472 -0.0730 0.2137 17
0.0000 2.2023 -0.1197 -0.1930 2
0.0000 1.3723 -0.0746 0.2671 7
0.0000 3.2447 -0.1769 -0.1703 72
0.0000 1.4097 -0.0773 -0.0246 10
0.0000 1.3596 -0.0767 0.0238 13
0.0000 0.8269 -0.0468 -0.1912 6
0.0000 1.3181 -0.0748 0.0692 18
0.0000 1.0859 -0.0619 -0.2114 2
0.0000 1.3407 -0.0766 0.1175 15
0.0000 1.1853 -0.0679 -0.1880 1
0.0000 1.3199 -0.0756 0.1623 19
0.0000 1.5736 -0.0905 -0.1935 2
0.0000 1.3607 -0.0785 0.2159 15
0.0000 2.2059 -0.1276 -0.1933 2
0.0000 1.3916 -0.0807 0.2709 7
0.0000 3.2480 -0.1890 -0.1705 72
0.0000 3.2100 -0.1873 0.7423 2
0.0000 1.4134 -0.0825 -0.0247 8
0.0000 3.1860 -0.1865 0.8551 4
0.0000 1.3773 -0.0828 0.0241 11
0.0000 0.8267 -0.0498 -0.1912 6
0.0000 1.3198 -0.0796 0.0693 17
0.0000 1.1053 -0.0668 -0.2152 2
0.0000 1.3444 -0.0815 0.1178 16
0.0000 1.1890 -0.0723 -0.1887 2
0.0000 1.3414 -0.0818 0.1650 17
0.0000 1.5752 -0.0963 -0.1938 2
0.0000 1.3605 -0.0832 0.2159 13
0.0000 2.1816 -0.1338 -0.1912 2
0.0000 1.4168 -0.0871 0.2759 5
0.0000 3.2494 -0.2004 -0.1706 66
0.0000 3.1762 -0.1965 0.7347 27
0.0000 1.4310 -0.0885 -0.0250 6
0.0000 1.3830 -0.0877 0.0242 10
0.0000 0.8265 -0.0526 -0.1912 6
0.0000 1.3354 -0.0852 0.0701 17
0.0000 1.0580 -0.0677 -0.2061 2
0.0000 1.3461 -0.0863 0.1180 16
0.0000 1.2163 -0.0780 -0.1930 1
0.0000 1.3530 -0.0870 0.1665 17
0.0000 1.5709 -0.1013 -0.1933 2
0.0000 1.3543 -0.0876 0.2149 12
0.0000 2.1890 -0.1419 -0.1919 2
0.0000 3.2463 -0.2105 0.6323 4
0.0000 3.2566 -0.2117 -0.1710 70
0.0000 3.1853 -0.2077 0.7369 36
0.0000 1.4447 -0.0944 -0.0253 2
0.0000 0.8501 -0.0568 -0.2283 5
0.0000 1.3927 -0.0932 0.0244 9
0.0000 0.8264 -0.0555 -0.1912 6
0.0000 1.3531 -0.0908 0.0711 15
0.0000 1.0734 -0.0722 -0.2091 2
0.0000 1.3518 -0.0912 0.1185 15
0.0000 1.1766 -0.0796 -0.1868 1
0.0000 1.3487 -0.0915 0.1660 16
0.0000 1.5785 -0.1073 -0.1943 3
0.0000 1.3894 -0.0945 0.2206 12
0.0000 2.1806 -0.1487 -0.1912 2
0.0000 3.1594 -0.2159 0.6155 21
0.0000 3.2559 -0.2231 -0.1710 66
0.0000 3.1768 -0.2182 0.7351 46
0.0000 3.1839 -0.2193 0.8551 60
0.0000 1.3983 -0.0983 0.0245 7
0.0000 0.8223 -0.0579 -0.1903 6
0.0000 1.3707 -0.0968 0.0720 15
0.0000 1.0732 -0.0760 -0.2091 2
0.0000 1.3693 -0.0972 0.1201 14
0.0000 1.2079 -0.0857 -0.1918 2
0.0000 1.3583 -0.0967 0.1672 15
0.0000 1.5761 -0.1124 -0.1940 3
0.0000 1.3852 -0.0990 0.2199 9
0.0000 2.1801 -0.1563 -0.1912 2
0.0000 3.2591 -0.2342 -0.1712 64
0.0000 3.1896 -0.2298 0.7383 65
0.0000 3.1947 -0.2312 0.8582 94
0.0000 0.7533 -0.0556 -0.2024 7
0.0000 1.4179 -0.1049 0.0248 6
0.0000 0.8259 -0.0612 -0.1912 6
0.0000 1.3564 -0.1006 0.0713 11
0.0000 1.0886 -0.0809 -0.2122 2
0.0000 1.3710 -0.1021 0.1203 13
0.0000 1.1839 -0.0884 -0.1880 1
0.0000 1.3600 -0.1018 0.1674 13
0.0000 1.5797 -0.1185 -0.1945 3
0.0000 1.4006 -0.1051 0.2224 8
0.0000 2.1874 -0.1645 -0.1919 2
0.0000 3.2087 -0.2418 0.6255 68
0.0000 3.2542 -0.2458 -0.1710 47
0.0000 3.1868 -0.2413 0.7378 55
0.0000 3.2462 -0.2458 -0.0568 100
0.0000 3.1938 -0.2424 0.8582 52
0.0000 1.4335 -0.1108 0.0251 4
0.0000 0.8296 -0.0643 -0.1921 6
0.0000 1.3799 -0.1072 0.0725 10
0.0000 1.0726 -0.0835 -0.2091 2
0.0000 1.3904 -0.1085 0.1220 11
0.0000 1.1836 -0.0923 -0.1880 1
0.0000 1.3952 -0.1091 0.1718 11
0.0000 1.5713 -0.1231 -0.1935 3
0.0000 1.4159 -0.1112 0.2250 5
0.0000 2.1928 -0.1726 -0.1924 2
0.0000 3.2079 -0.2525 0.6255 34
0.0000 3.2594 -0.2571 -0.1713 39
0.0000 3.1782 -0.2512 0.7360 18
0.0000 3.2055 -0.2540 -0.0561 77
0.0000 3.1853 -0.2529 0.8562 13
0.0000 3.1871 -0.2575 0.0558 3
0.0000 0.8022 -0.0650 -0.1858 6
0.0000 1.3955 -0.1133 0.0734 8
0.0000 1.0528 -0.0854 -0.2053 2
0.0000 1.3960 -0.1135 0.1225 9
0.0000 1.1793 -0.0961 -0.1874 2
0.0000 1.3988 -0.1143 0.1723 8
0.0000 1.5670 -0.1283 -0.1930 3
0.0000 1.4254 -0.1169 0.2265 4
0.0000 2.1704 -0.1781 -0.1905 2
0.0000 3.1928 -0.2631 -0.1679 49
0.0000 3.1307 -0.2585 0.7252 3
0.0000 3.1112 -0.2580 0.8365 3
0.0000 3.1145 -0.2626 0.0546 3
0.0000 0.8486 -0.0717 -0.1966 5
0.0000 1.4070 -0.1191 0.0740 6
0.0000 1.0838 -0.0918 -0.2114 2
0.0000 1.4036 -0.1191 0.1232 7
0.0000 1.1869 -0.1009 -0.1887 2
0.0000 1.4182 -0.1208 0.1748 6
0.0000 1.5784 -0.1348 -0.1945 3
0.0000 3.1058 -0.2657 0.4937 2
0.0000 2.1817 -0.1867 -0.1916 2
0.0000 3.0886 -0.2648 0.6026 3
0.0000 3.1958 -0.2745 -0.1681 70
0.0000 3.0696 -0.2642 0.7113 3
0.0000 3.1259 -0.2696 -0.0548 2
0.0000 3.0583 -0.2643 0.8225 3
0.0000 3.0856 -0.2710 0.0541 3
0.0000 0.7901 -0.0695 -0.1831 7
0.0000 1.4106 -0.1244 0.0742 3
0.0000 1.0717 -0.0945 -0.2091 2
0.0000 1.4270 -0.1261 0.1253 4
0.0000 1.1904 -0.1054 -0.1893 2
0.0000 1.4217 -0.1261 0.1752 3
0.0000 1.5621 -0.1389 -0.1926 3
0.0000 3.0655 -0.2730 0.4874 3
0.0000 2.1750 -0.1937 -0.1910 2
0.0000 3.0486 -0.2721 0.5949 3
0.0000 3.1948 -0.2857 -0.1681 64
0.0000 3.0298 -0.2715 0.7023 2
0.0000 3.0652 -0.2752 -0.0537 2
0.0000 3.0112 -0.2709 0.8101 3
0.0000 3.0449 -0.2782 0.0534 3
0.0000 0.8248 -0.0755 -0.1912 6
0.0000 1.4758 -0.1353 0.0777 1
0.0000 1.0714 -0.0983 -0.2091 2
0.0000 1.4325 -0.1316 0.1259 3
0.0000 1.1901 -0.1096 -0.1893 2
0.0000 1.4430 -0.1331 0.1779 1
0.0000 1.5635 -0.1445 -0.1928 3
0.0000 3.0213 -0.2797 0.4806 3
0.0000 2.1724 -0.2011 -0.1909 2
0.0000 3.0124 -0.2795 0.5881 3
0.0000 3.2018 -0.2976 -0.1685 44
0.0000 2.9551 -0.2752 0.6852 3
0.0000 3.0204 -0.2818 -0.0530 2
0.0000 2.9602 -0.2767 0.7966 2
0.0000 0.8482 -0.0803 -0.2283 5
0.0000 2.9921 -0.2839 0.0525 3
0.0000 0.8245 -0.0784 -0.1912 6
0.0000 2.9486 -0.2808 0.1552 3
0.0000 1.0710 -0.1020 -0.2091 2
0.0000 2.9711 -0.2835 0.2611 2
0.0000 1.1818 -0.1130 -0.1880 1
0.0000 2.9601 -0.2835 0.3651 3
0.0000 1.5630 -0.1500 -0.1928 2
0.0000 2.9691 -0.2854 0.4724 3
0.0000 2.1974 -0.2112 -0.1931 2
0.0000 2.9645 -0.2855 0.5789 3
0.0000 3.1033 -0.2994 -0.1634 19
0.0000 2.9231 -0.2825 0.6780 2
0.0000 2.9697 -0.2875 -0.0521 2
0.0000 2.9400 -0.2852 0.7915 3
0.0000 2.9413 -0.2894 0.0516 3
0.0000 0.8009 -0.0790 -0.1858 6
0.0000 2.9257 -0.2889 0.1541 3
0.0000 1.0941 -0.1080 -0.2137 2
0.0000 2.9324 -0.2901 0.2578 3
0.0000 1.2011 -0.1190 -0.1912 1
0.0000 2.9236 -0.2903 0.3607 3
0.0000 1.5763 -0.1568 -0.1945 3
0.0000 2.9209 -0.2910 0.4649 3
0.0000 2.1610 -0.2153 -0.1900 2
0.0000 2.9264 -0.2921 0.5717 3
0.0000 2.8833 -0.2888 0.6690 2
0.0000 2.9189 -0.2929 -0.0512 2
0.0000 2.8852 -0.2900 0.7770 3
0.0000 2.9125 -0.2969 0.0511 3
0.0000 0.8084 -0.0825 -0.1876 6
0.0000 2.8790 -0.2945 0.1517 3
0.0000 1.0547 -0.1079 -0.2061 2
0.0000 2.8799 -0.2951 0.2533 3
0.0000 1.1849 -0.1216 -0.1887 1
0.0000 2.8771 -0.2958 0.3551 3
0.0000 1.5679 -0.1615 -0.1935 3
0.0000 2.8806 -0.2972 0.4587 3
0.0000 2.1801 -0.2249 -0.1917 2
0.0000 2.8766 -0.2973 0.5621 3
0.0000 3.0694 -0.3177 -0.1617 8
0.0000 2.8532 -0.2959 0.6623 2
0.0000 2.9019 -0.3014 -0.0509 2
0.0000 2.8227 -0.2937 0.7604 3
0.0000 2.8617 -0.3018 0.0502 3
0.0000 0.8004 -0.0845 -0.1858 6
0.0000 2.8502 -0.3016 0.1502 3
0.0000 1.0816 -0.1144 -0.2114 2
0.0000 2.8550 -0.3026 0.2512 3
0.0000 1.1570 -0.1228 -0.1843 1
0.0000 2.8267 -0.3006 0.3490 3
0.0000 1.5732 -0.1676 -0.1943 3
0.0000 2.8324 -0.3022 0.4512 3
0.0000 2.1812 -0.2327 -0.1919 2
0.0000 2.8306 -0.3025 0.5533 3
0.0000 2.9828 -0.3193 -0.1572 8
0.0000 2.8193 -0.3023 0.6546 3
0.0000 2.8512 -0.3062 -0.0501 2
0.0000 2.7755 -0.2986 0.7480 3
0.0000 2.8268 -0.3081 0.0496 3
0.0000 0.8233 -0.0899 -0.1912 6
0.0000 2.7856 -0.3041 0.1469 3
0.0000 1.0539 -0.1152 -0.2061 2
0.0000 2.8104 -0.3078 0.2473 3
0.0000 1.2037 -0.1320 -0.1918 1
0.0000 2.7862 -0.3061 0.3442 3
0.0000 1.5568 -0.1713 -0.1923 3
0.0000 2.8000 -0.3081 0.4462 3
0.0000 2.1745 -0.2397 -0.1914 2
0.0000 2.7905 -0.3081 0.5457 3
0.0000 2.9559 -0.3269 -0.1559 8
0.0000 2.7717 -0.3070 0.6438 3
0.0000 2.8044 -0.3106 -0.0493 2
0.0000 2.7745 -0.3078 0.7480 3
0.0000 2.7880 -0.3132 0.0490 3
0.0000 0.8191 -0.0922 -0.1903 6
0.0000 2.7528 -0.3102 0.1452 3
0.0000 1.0691 -0.1207 -0.2091 2
0.0000 2.7796 -0.3142 0.2447 3
0.0000 1.1954 -0.1351 -0.1905 2
0.0000 2.7654 -0.3131 0.3417 4
0.0000 1.5523 -0.1760 -0.1918 2
0.0000 2.7557 -0.3130 0.4393 3
0.0000 2.1994 -0.2502 -0.1937 2
0.0000 2.7778 -0.3160 0.5434 3
0.0000 2.9508 -0.3362 -0.1556 8
0.0000 2.7378 -0.3124 0.6362 4
0.0000 2.7676 -0.3163 -0.0486 2
0.0000 2.7197 -0.3113 0.7335 9
0.0000 2.7651 -0.3204 0.0486 6
0.0000 0.8188 -0.0950 -0.1903 6
0.0000 2.7556 -0.3203 0.1454 6
0.0000 1.0492 -0.1219 -0.2053 2
0.0000 2.7429 -0.3193 0.2416 4
0.0000 1.1949 -0.1393 -0.1905 2
0.0000 2.7387 -0.3198 0.3386 8
0.0000 1.5773 -0.1845 -0.1950 3
0.0000 2.7271 -0.3194 0.4349 9
0.0000 2.1688 -0.2540 -0.1910 2
0.0000 2.7318 -0.3204 0.5346 15
0.0000 2.9437 -0.3458 -0.1553 10
0.0000 2.7525 -0.3243 -0.0484 8
0.0000 2.6936 -0.3179 0.7268 20
0.0000 2.7322 -0.3263 0.0480 20
0.0000 0.8727 -0.1044 -0.2029 5
0.0000 2.7446 -0.3287 0.1449 18
0.0000 1.0526 -0.1261 -0.2061 2
0.0000 2.7161 -0.3258 0.2393 15
0.0000 1.1866 -0.1425 -0.1893 1
0.0000 1.5570 -0.1876 -0.1926 2
0.0000 2.7299 -0.3294 0.4355 21
0.0000 2.1482 -0.2592 -0.1893 2
0.0000 2.7385 -0.3309 0.5362 18
0.0000 2.9226 -0.3537 -0.1543 5
0.0000 2.7374 -0.3318 0.6366 20
0.0000 2.7673 -0.3359 -0.0487 29
0.0000 2.7021 -0.3284 0.7294 27
0.0000 2.7310 -0.3358 0.0480 33
0.0000 0.8220 -0.1012 -0.1912 6
0.0000 2.7414 -0.3381 0.1448 27
0.0000 1.0834 -0.1336 -0.2122 2
0.0000 2.7406 -0.3384 0.2416 23
0.0000 1.1821 -0.1462 -0.1887 2
0.0000 2.7403 -0.3394 0.3390 21
0.0000 1.5642 -0.1940 -0.1935 3
0.0000 2.7346 -0.3396 0.4365 21
0.0000 2.1749 -0.2701 -0.1917 2
0.0000 2.7353 -0.3402 0.5358 23
0.0000 2.8124 -0.3503 -0.1485 16
0.0000 2.7459 -0.3425 0.6389 24
0.0000 2.7562 -0.3443 -0.0485 23
0.0000 2.7220 -0.3405 0.7350 20
0.0000 2.7397 -0.3466 0.0482 23
0.0000 0.7482 -0.0948 -0.1741 7
0.0000 2.7422 -0.3479 0.1449 25
0.0000 1.0673 -0.1354 -0.2091 2
0.0000 2.7414 -0.3483 0.2418 19
0.0000 1.1660 -0.1483 -0.1862 2
0.0000 2.7293 -0.3477 0.3378 22
0.0000 1.5517 -0.1979 -0.1921 3
0.0000 2.7393 -0.3499 0.4374 22
0.0000 2.2095 -0.2823 -0.1949 2
0.0000 2.7458 -0.3513 0.5381 26
0.0000 2.7235 -0.3494 0.6339 24
0.0000 2.7589 -0.3544 -0.0486 26
0.0000 2.7342 -0.3517 0.7387 20
0.0000 2.7464 -0.3572 0.0483 23
0.0000 0.8213 -0.1070 -0.1912 6
0.0000 2.7271 -0.3556 0.1441 21
0.0000 1.0123 -0.1320 -0.1984 2
0.0000 2.7441 -0.3583 0.2421 21
0.0000 1.1850 -0.1550 -0.1893 2
0.0000 2.7379 -0.3585 0.3390 25
0.0000 1.5431 -0.2023 -0.1911 3
0.0000 2.7577 -0.3621 0.4405 24
0.0000 2.1789 -0.2861 -0.1923 2
0.0000 2.7465 -0.3611 0.5385 17
0.0000 2.7980 -0.3684 -0.1479 18
0.0000 2.7280 -0.3596 0.6353 12
0.0000 2.7418 -0.3619 -0.0483 21
0.0000 2.7291 -0.3608 0.7376 19
0.0000 2.7551 -0.3681 0.0485 21
0.0000 0.7475 -0.1000 -0.1741 7
0.0000 2.7437 -0.3675 0.1451 20
0.0000 1.0235 -0.1371 -0.2007 2
0.0000 2.7409 -0.3677 0.2419 20
0.0000 1.1688 -0.1570 -0.1868 2
0.0000 2.7406 -0.3686 0.3395 26
0.0000 1.5542 -0.2093 -0.1926 3
0.0000 2.7368 -0.3691 0.4374 26
0.0000 2.1581 -0.2910 -0.1905 2
0.0000 2.7550 -0.3720 0.5404 14
0.0000 2.8561 -0.3862 -0.1510 8
0.0000 2.7190 -0.3681 0.6335 8
0.0000 2.7484 -0.3726 -0.0484 20
0.0000 2.7317 -0.3708 0.7387 19
0.0000 2.7479 -0.3769 0.0484 24
0.0000 0.8205 -0.1127 -0.1912 6
0.0000 2.7424 -0.3771 0.1451 23
0.0000 0.9997 -0.1375 -0.1962 2
0.0000 2.7475 -0.3783 0.2426 20
0.0000 1.1643 -0.1605 -0.1862 2
0.0000 2.7511 -0.3798 0.3410 24
0.0000 1.5574 -0.2153 -0.1930 3
0.0000 2.7453 -0.3800 0.4390 16
0.0000 2.1551 -0.2983 -0.1903 2
0.0000 2.7498 -0.3811 0.5396 19
0.0000 2.8211 -0.3915 -0.1493 8
0.0000 2.7390 -0.3805 0.6384 9
0.0000 2.7412 -0.3813 -0.0483 23
0.0000 2.7285 -0.3801 0.7382 18
0.0000 2.7445 -0.3862 0.0484 26
0.0000 0.8433 -0.1188 -0.1966 5
0.0000 2.7450 -0.3873 0.1453 23
0.0000 1.0498 -0.1481 -0.2061 2
0.0000 2.7560 -0.3893 0.2435 21
0.0000 1.1716 -0.1657 -0.1874 2
0.0000 2.7320 -0.3869 0.3388 21
0.0000 1.5645 -0.2218 -0.1940 3
0.0000 2.7361 -0.3884 0.4377 21
0.0000 2.1679 -0.3078 -0.1916 2
0.0000 2.7465 -0.3904 0.5392 21
0.0000 2.7821 -0.3960 -0.1473 8
0.0000 2.7337 -0.3896 0.6375 14
0.0000 2.7576 -0.3935 -0.0486 25
0.0000 2.7348 -0.3907 0.7402 18
0.0000 2.7531 -0.3972 0.0486 23
0.0000 0.8197 -0.1184 -0.1912 6
0.0000 2.7378 -0.3955 0.1450 21
0.0000 1.0959 -0.1585 -0.2152 2
0.0000 2.7566 -0.3992 0.2437 20
0.0000 1.1749 -0.1704 -0.1880 2
0.0000 2.7444 -0.3984 0.3405 26
0.0000 1.5441 -0.2244 -0.1916 3
0.0000 2.7583 -0.4009 0.4415 18
0.0000 2.1629 -0.3148 -0.1912 2
0.0000 2.7645 -0.4028 0.5430 20
0.0000 2.7985 -0.4083 -0.1482 8
0.0000 2.7420 -0.4005 0.6398 18
0.0000 2.7583 -0.4029 -0.0487 24
0.0000 2.7335 -0.3997 0.7402 16
0.0000 2.7577 -0.4072 0.0487 21
0.0000 0.7962 -0.1177 -0.1858 6
0.0000 2.7344 -0.4048 0.1449 23
0.0000 1.0642 -0.1577 -0.2091 2
0.0000 2.7631 -0.4100 0.2444 19
0.0000 1.1587 -0.1719 -0.1855 1
0.0000 2.7509 -0.4087 0.3415 23
0.0000 1.5433 -0.2295 -0.1916 3
0.0000 2.7490 -0.4094 0.4402 18
0.0000 2.1558 -0.3214 -0.1907 2
0.0000 2.7612 -0.4117 0.5427 20
0.0000 2.8031 -0.4184 -0.1485 9
0.0000 2.7484 -0.4107 0.6416 18
0.0000 2.7549 -0.4122 -0.0486 20
0.0000 2.7454 -0.4113 0.7438 14
0.0000 2.7622 -0.4177 0.0488 19
0.0000 0.7457 -0.1129 -0.1741 7
0.0000 2.7449 -0.4156 0.1455 19
0.0000 1.0986 -0.1665 -0.2160 2
0.0000 2.7499 -0.4174 0.2433 18
0.0000 1.1620 -0.1766 -0.1862 2
0.0000 2.7573 -0.4195 0.3425 18
0.0000 1.5543 -0.2367 -0.1930 3
0.0000 2.7535 -0.4194 0.4411 18
0.0000 2.1449 -0.3271 -0.1898 2
0.0000 2.7617 -0.4216 0.5430 21
0.0000 2.7996 -0.4279 -0.1484 9
0.0000 2.7585 -0.4221 0.6443 17
0.0000 2.7555 -0.4217 -0.0487 17
0.0000 2.7402 -0.4198 0.7428 13
0.0000 2.7548 -0.4260 0.0487 17
0.0000 0.8185 -0.1267 -0.1912 6
0.0000 2.7474 -0.4258 0.1457 19
0.0000 1.0631 -0.1650 -0.2091 2
0.0000 2.7523 -0.4276 0.2437 19
0.0000 1.1614 -0.1804 -0.1862 2
0.0000 2.7618 -0.4295 0.3432 19
0.0000 1.5613 -0.2431 -0.1940 3
0.0000 2.7599 -0.4302 0.4424 18
0.0000 2.1634 -0.3376 -0.1916 2
0.0000 2.7642 -0.4314 0.5438 20
0.0000 2.7903 -0.4359 -0.1480 9
0.0000 2.7571 -0.4313 0.6443 17
0.0000 2.7659 -0.4331 -0.0489 16
0.0000 2.7349 -0.4288 0.7418 14
0.0000 2.7533 -0.4361 0.0487 18
0.0000 0.8603 -0.1364 -0.2011 5
0.0000 2.7497 -0.4365 0.1459 19
0.0000 1.0470 -0.1662 -0.2061 2
0.0000 2.7626 -0.4390 0.2447 18
0.0000 1.1686 -0.1859 -0.1874 2
0.0000 2.7524 -0.4384 0.3422 19
0.0000 1.5447 -0.2463 -0.1921 3
0.0000 2.7680 -0.4419 0.4440 17
0.0000 2.1741 -0.3471 -0.1926 2
0.0000 2.7626 -0.4415 0.5438 23
0.0000 2.7650 -0.4424 -0.1468 9
0.0000 2.7593 -0.4420 0.6452 17
0.0000 2.7682 -0.4439 -0.0489 15
0.0000 2.7391 -0.4397 0.7433 12
0.0000 0.8410 -0.1361 -0.2283 5
0.0000 2.7636 -0.4476 0.0489 18
0.0000 0.8098 -0.1313 -0.1894 6
0.0000 2.7364 -0.4442 0.1453 18
0.0000 1.0736 -0.1743 -0.2114 2
0.0000 2.7670 -0.4496 0.2453 17
0.0000 1.1620 -0.1890 -0.1865 2
0.0000 2.7489 -0.4477 0.3420 17
0.0000 1.5556 -0.2536 -0.1935 3
0.0000 2.7723 -0.4525 0.4449 16
0.0000 2.1610 -0.3527 -0.1916 2
0.0000 2.7649 -0.4518 0.5446 20
0.0000 2.7989 -0.4578 -0.1486 9
0.0000 2.7443 -0.4494 0.6420 16
0.0000 2.7726 -0.4545 -0.0490 16
0.0000 2.7528 -0.4518 0.7475 10
0.0000 2.7679 -0.4582 0.0490 20
0.0000 0.8594 -0.1424 -0.2011 5
0.0000 2.7408 -0.4542 0.1456 18
0.0000 1.0459 -0.1735 -0.2061 2
0.0000 2.7733 -0.4606 0.2460 17
0.0000 1.1536 -0.1918 -0.1852 2
0.0000 2.7571 -0.4589 0.3432 17
0.0000 1.5450 -0.2572 -0.1923 2
0.0000 2.7610 -0.4601 0.4433 17
0.0000 2.1637 -0.3609 -0.1919 2
0.0000 2.7672 -0.4621 0.5453 20
0.0000 2.8643 -0.4788 -0.1522 10
0.0000 2.7524 -0.4601 0.6443 17
0.0000 2.7651 -0.4627 -0.0489 19
0.0000 2.7570 -0.4619 0.7490 8
0.0000 2.7723 -0.4684 0.0491 17
0.0000 0.8397 -0.1420 -0.1966 5
0.0000 2.7491 -0.4650 0.1461 19
0.0000 1.0259 -0.1737 -0.2023 2
0.0000 2.7540 -0.4668 0.2444 18
0.0000 1.1802 -0.2003 -0.1896 2
0.0000 2.7595 -0.4687 0.3437 17
0.0000 1.5500 -0.2633 -0.1930 2
0.0000 2.7634 -0.4699 0.4440 17
0.0000 2.1409 -0.3644 -0.1900 2
0.0000 2.7734 -0.4726 0.5469 23
0.0000 2.8942 -0.4937 -0.1539 10
0.0000 2.7643 -0.4715 0.6474 18
0.0000 2.7675 -0.4726 -0.0490 21
0.0000 2.7383 -0.4681 0.7444 5
0.0000 2.7549 -0.4749 0.0488 18
0.0000 0.8008 -0.1382 -0.1876 6
0.0000 2.7554 -0.4759 0.1465 19
0.0000 1.0447 -0.1804 -0.2061 2
0.0000 2.7662 -0.4783 0.2456 17
0.0000 1.1679 -0.2021 -0.1877 2
0.0000 2.7657 -0.4792 0.3446 21
0.0000 1.5295 -0.2653 -0.1906 2
0.0000 2.7695 -0.4809 0.4452 17
0.0000 2.1318 -0.3705 -0.1893 2
0.0000 2.7602 -0.4797 0.5446 23
0.0000 2.8965 -0.5039 -0.1541 10
0.0000 2.7684 -0.4822 0.6488 20
0.0000 2.7737 -0.4836 -0.0491 19
0.0000 2.7328 -0.4770 0.7433 4
0.0000 2.7592 -0.4855 0.0489 19
0.0000 0.7427 -0.1308 -0.1741 7
0.0000 2.7635 -0.4873 0.1471 20
0.0000 1.0595 -0.1870 -0.2091 2
0.0000 2.7743 -0.4902 0.2465 17
0.0000 1.1788 -0.2085 -0.1896 2
0.0000 2.7582 -0.4878 0.3439 23
0.0000 1.5540 -0.2751 -0.1938 2
0.0000 2.7678 -0.4905 0.4452 18
0.0000 2.1462 -0.3807 -0.1907 2
0.0000 2.7603 -0.4902 0.5450 25
0.0000 2.8848 -0.5128 -0.1536 12
0.0000 2.7762 -0.4940 0.6510 20
0.0000 2.7779 -0.4943 -0.0493 20
0.0000 2.7540 -0.4906 0.7495 4
0.0000 2.7731 -0.4985 0.0492 18
0.0000 0.7806 -0.1405 -0.1831 7
0.0000 2.7539 -0.4955 0.1466 18
0.0000 1.0588 -0.1907 -0.2091 2
0.0000 2.7804 -0.5013 0.2472 16
0.0000 1.1703 -0.2112 -0.1883 2
0.0000 2.7603 -0.4986 0.3444 18
0.0000 1.5295 -0.2766 -0.1908 3
0.0000 2.7739 -0.5016 0.4465 17
0.0000 2.1448 -0.3882 -0.1907 2
0.0000 2.7779 -0.5033 0.5488 20
0.0000 2.8829 -0.5229 -0.1536 11
0.0000 2.7668 -0.5023 0.6492 18
0.0000 2.7880 -0.5062 -0.0495 21
0.0000 2.7655 -0.5026 0.7532 2
0.0000 2.7734 -0.5080 0.0492 18
0.0000 0.7916 -0.1451 -0.1858 6
0.0000 2.7463 -0.5040 0.1463 19
0.0000 1.0157 -0.1866 -0.2007 2
0.0000 2.7825 -0.5117 0.2475 16
0.0000 1.1657 -0.2144 -0.1877 2
0.0000 2.7703 -0.5099 0.3459 18
0.0000 1.5423 -0.2842 -0.1926 2
0.0000 2.7702 -0.5109 0.4462 17
0.0000 2.1474 -0.3964 -0.1910 2
0.0000 2.7840 -0.5140 0.5503 21
0.0000 2.8851 -0.5332 -0.1538 12
0.0000 2.7709 -0.5126 0.6506 20
0.0000 2.7724 -0.5133 -0.0492 19
0.0000 2.7866 -0.5165 0.7594 1
0.0000 2.7874 -0.5206 0.0495 18
0.0000 0.8563 -0.1601 -0.2011 5
0.0000 2.7583 -0.5162 0.1471 18
0.0000 1.0150 -0.1900 -0.2007 2
0.0000 2.7671 -0.5184 0.2463 17
0.0000 1.1727 -0.2199 -0.1890 2
0.0000 2.7744 -0.5207 0.3466 20
0.0000 1.5335 -0.2881 -0.1916 2
0.0000 2.7664 -0.5202 0.4458 17
0.0000 2.1480 -0.4039 -0.1912 2
0.0000 2.7822 -0.5237 0.5503 23
0.0000 2.8852 -0.5436 -0.1539 14
0.0000 2.7786 -0.5240 0.6528 20
0.0000 2.7746 -0.5238 -0.0493 19
0.0000 2.8436 -0.5373 0.7754 1
0.0000 0.8369 -0.1592 -0.2283 5
0.0000 2.7698 -0.5274 0.0492 18
0.0000 0.8365 -0.1594 -0.1966 5
0.0000 2.7702 -0.5284 0.1478 21
0.0000 1.0568 -0.2016 -0.2091 2
0.0000 2.7653 -0.5280 0.2463 17
0.0000 1.1564 -0.2210 -0.1865 2
0.0000 2.7764 -0.5311 0.3471 22
0.0000 1.5246 -0.2919 -0.1906 2
0.0000 2.7704 -0.5310 0.4468 18
0.0000 2.1485 -0.4118 -0.1914 2
0.0000 2.7726 -0.5319 0.5488 23
0.0000 2.8853 -0.5540 -0.1540 15
0.0000 2.7730 -0.5330 0.6519 22
0.0000 2.7924 -0.5372 -0.0496 22
0.0000 2.7758 -0.5386 0.0494 21
0.0000 0.7901 -0.1534 -0.1858 6
0.0000 2.7683 -0.5381 0.1478 19
0.0000 1.0561 -0.2053 -0.2091 2
0.0000 2.7771 -0.5403 0.2475 20
0.0000 1.1634 -0.2266 -0.1877 2
0.0000 2.7707 -0.5401 0.3466 22
0.0000 1.5334 -0.2992 -0.1918 2
0.0000 2.7821 -0.5433 0.4490 21
0.0000 2.1569 -0.4212 -0.1923 2
0.0000 2.7765 -0.5427 0.5499 24
0.0000 2.8715 -0.5618 -0.1533 16
0.0000 2.7749 -0.5434 0.6528 22
0.0000 2.7846 -0.5458 -0.0495 21
0.0000 2.8701 -0.5631 0.7837 1
0.0000 2.7818 -0.5498 0.0495 22
0.0000 0.8048 -0.1592 -0.1894 6
0.0000 2.7664 -0.5478 0.1478 21
0.0000 1.0554 -0.2090 -0.2091 2
0.0000 2.7791 -0.5508 0.2479 18
0.0000 1.1703 -0.2322 -0.1890 2
0.0000 2.7688 -0.5497 0.3466 22
0.0000 1.5342 -0.3049 -0.1921 2
0.0000 2.7802 -0.5530 0.4490 20
0.0000 2.1417 -0.4260 -0.1910 2
0.0000 2.7823 -0.5539 0.5514 24
0.0000 3.0106 -0.5999 -0.1609 7
0.0000 2.7730 -0.5531 0.6528 21
0.0000 2.7787 -0.5547 -0.0495 22
0.0000 2.7837 -0.5603 0.0496 26
0.0000 0.7966 -0.1605 -0.1876 6
0.0000 2.7626 -0.5565 0.1477 22
0.0000 1.0546 -0.2127 -0.2091 2
0.0000 2.7830 -0.5617 0.2484 19
0.0000 1.1656 -0.2355 -0.1883 2
0.0000 2.7824 -0.5625 0.3485 19
0.0000 1.5332 -0.3103 -0.1921 2
0.0000 2.7667 -0.5599 0.4471 20
0.0000 2.1480 -0.4351 -0.1917 2
0.0000 2.7823 -0.5640 0.5518 23
0.0000 2.9713 -0.6029 -0.1589 8
0.0000 2.7806 -0.5647 0.6551 20
0.0000 2.7730 -0.5632 -0.0494 21
0.0000 2.7877 -0.5707 0.0497 25
0.0000 0.8037 -0.1647 -0.1894 6
0.0000 2.7724 -0.5686 0.1483 22
0.0000 1.0539 -0.2163 -0.2091 2
0.0000 2.7752 -0.5702 0.2479 18
0.0000 1.1803 -0.2425 -0.1909 2
0.0000 2.7863 -0.5730 0.3493 18
0.0000 1.5399 -0.3169 -0.1930 2
0.0000 2.7744 -0.5715 0.4487 18
0.0000 2.1348 -0.4401 -0.1907 2
0.0000 2.7842 -0.5741 0.5526 23
0.0000 2.9067 -0.5998 -0.1555 8
0.0000 2.7768 -0.5735 0.6546 22
0.0000 2.7749 -0.5736 -0.0495 22
0.0000 2.7740 -0.5780 0.0495 24
0.0000 0.8337 -0.1739 -0.1966 5
0.0000 2.7665 -0.5774 0.1481 20
0.0000 1.0339 -0.2160 -0.2053 2
0.0000 2.7753 -0.5798 0.2480 19
0.0000 1.1447 -0.2393 -0.1852 2
0.0000 2.7882 -0.5835 0.3498 18
0.0000 1.5194 -0.3182 -0.1906 2
0.0000 2.7802 -0.5828 0.4499 19
0.0000 2.1293 -0.4468 -0.1903 2
0.0000 2.7821 -0.5843 0.5526 21
0.0000 2.8654 -0.6023 -0.1534 10
0.0000 2.7862 -0.5856 0.6573 20
0.0000 2.7846 -0.5858 -0.0497 18
0.0000 2.8885 -0.6082 0.7910 1
0.0000 2.7855 -0.5911 0.0497 21
0.0000 0.7949 -0.1688 -0.1876 6
0.0000 2.7780 -0.5905 0.1488 21
0.0000 1.0523 -0.2239 -0.2091 2
0.0000 2.7848 -0.5924 0.2491 19
0.0000 1.1592 -0.2468 -0.1877 2
0.0000 2.7822 -0.5929 0.3493 17
0.0000 1.5298 -0.3263 -0.1921 2
0.0000 2.7799 -0.5934 0.4502 17
0.0000 2.1433 -0.4579 -0.1917 2
0.0000 2.7895 -0.5965 0.5545 19
0.0000 2.8475 -0.6094 -0.1526 12
0.0000 2.7860 -0.5962 0.6578 17
0.0000 2.8059 -0.6010 -0.0501 21
0.0000 2.8995 -0.6216 0.7946 10
0.0000 0.7384 -0.1594 -0.2024 7
0.0000 2.7892 -0.6025 0.0498 19
0.0000 0.7943 -0.1717 -0.1876 6
0.0000 2.7642 -0.5977 0.1482 17
0.0000 1.0362 -0.2242 -0.2061 2
0.0000 2.7846 -0.6031 0.2493 18
0.0000 1.1699 -0.2536 -0.1896 2
0.0000 2.7703 -0.6010 0.3481 17
0.0000 1.5015 -0.3260 -0.1887 2
0.0000 2.7914 -0.6061 0.4524 17
0.0000 2.1261 -0.4620 -0.1903 3
0.0000 2.7951 -0.6079 0.5560 17
0.0000 2.8454 -0.6194 -0.1526 13
0.0000 2.7914 -0.6081 0.6596 17
0.0000 2.8018 -0.6104 -0.0501 21
0.0000 2.7853 -0.6114 0.0498 18
0.0000 0.7861 -0.1727 -0.1858 6
0.0000 2.7660 -0.6082 0.1484 17
0.0000 1.0622 -0.2337 -0.2114 2
0.0000 2.7941 -0.6153 0.2503 18
0.0000 1.1498 -0.2532 -0.1865 2
0.0000 2.7760 -0.6119 0.3490 18
0.0000 1.5178 -0.3348 -0.1908 2
0.0000 2.7777 -0.6132 0.4505 16
0.0000 2.1206 -0.4686 -0.1900 3
0.0000 2.8008 -0.6189 0.5575 17
0.0000 2.8453 -0.6292 -0.1527 14
0.0000 2.7798 -0.6153 0.6573 19
0.0000 2.7997 -0.6202 -0.0501 21
0.0000 3.0894 -0.6849 0.8479 1
0.0000 2.7929 -0.6233 0.0499 16
0.0000 0.7360 -0.1644 -0.1741 7
0.0000 2.7756 -0.6204 0.1491 17
0.0000 1.0193 -0.2278 -0.2030 2
0.0000 2.7726 -0.6203 0.2486 18
0.0000 1.1682 -0.2615 -0.1896 2
0.0000 2.7932 -0.6259 0.3515 16
0.0000 1.5147 -0.3397 -0.1906 2
0.0000 2.7851 -0.6251 0.4521 17
0.0000 2.1093 -0.4734 -0.1891 2
0.0000 2.7986 -0.6286 0.5575 19
0.0000 2.8489 -0.6405 -0.1530 10
0.0000 2.7872 -0.6271 0.6596 19
0.0000 2.7995 -0.6304 -0.0501 21
0.0000 3.0606 -0.6897 0.8406 1
0.0000 2.7926 -0.6334 0.0500 17
0.0000 0.8039 -0.1825 -0.1903 6
0.0000 2.7812 -0.6319 0.1495 17
0.0000 1.0338 -0.2349 -0.2061 2
0.0000 2.7840 -0.6330 0.2498 17
0.0000 1.1403 -0.2595 -0.1852 2
0.0000 2.7852 -0.6343 0.3507 17
0.0000 1.5155 -0.3454 -0.1908 2
0.0000 2.7945 -0.6375 0.4540 20
0.0000 2.1134 -0.4821 -0.1897 3
0.0000 2.7945 -0.6380 0.5572 20
0.0000 2.8427 -0.6495 -0.1528 10
0.0000 2.7907 -0.6381 0.6609 20
0.0000 2.8070 -0.6424 -0.0503 22
0.0000 3.0280 -0.6935 0.8324 1
0.0000 2.7884 -0.6427 0.0499 17
0.0000 0.8032 -0.1853 -0.1903 6
0.0000 2.7809 -0.6420 0.1496 15
0.0000 1.0483 -0.2420 -0.2091 2
0.0000 2.7876 -0.6441 0.2503 20
0.0000 1.1432 -0.2644 -0.1858 2
0.0000 2.7772 -0.6427 0.3500 17
0.0000 1.5200 -0.3520 -0.1916 2
0.0000 2.7961 -0.6481 0.4546 20
0.0000 2.1214 -0.4917 -0.1905 3
0.0000 2.7922 -0.6477 0.5572 20
0.0000 2.8288 -0.6567 -0.1522 7
0.0000 2.7865 -0.6474 0.6605 20
0.0000 2.8008 -0.6513 -0.0502 23
0.0000 2.9955 -0.6971 0.8241 1
0.0000 2.7940 -0.6543 0.0501 17
0.0000 0.8291 -0.1943 -0.1966 5
0.0000 2.7748 -0.6508 0.1494 17
0.0000 1.0589 -0.2484 -0.2114 2
0.0000 2.7951 -0.6561 0.2512 22
0.0000 1.1538 -0.2711 -0.1877 2
0.0000 2.7827 -0.6542 0.3510 17
0.0000 1.5111 -0.3555 -0.1906 3
0.0000 2.7977 -0.6588 0.4552 19
0.0000 2.1178 -0.4987 -0.1903 2
0.0000 2.7957 -0.6588 0.5583 20
0.0000 2.8031 -0.6611 -0.1509 5
0.0000 2.7861 -0.6576 0.6609 18
0.0000 2.8044 -0.6624 -0.0503 22
0.0000 2.9911 -0.7071 0.8236 1
0.0000 2.8014 -0.6664 0.0503 16
0.0000 0.7830 -0.1864 -0.1858 6
0.0000 2.7744 -0.6610 0.1495 17
0.0000 1.0313 -0.2457 -0.2061 2
0.0000 2.7986 -0.6672 0.2517 18
0.0000 1.1529 -0.2751 -0.1877 2
0.0000 2.7977 -0.6681 0.3532 18
0.0000 1.5021 -0.3590 -0.1896 3
0.0000 2.7838 -0.6658 0.4533 18
0.0000 2.1276 -0.5088 -0.1914 2
0.0000 2.8067 -0.6718 0.5610 19
0.0000 2.7892 -0.6681 -0.1503 8
0.0000 2.7952 -0.6700 0.6636 16
0.0000 2.7904 -0.6694 -0.0501 18
0.0000 2.9567 -0.7098 0.8148 1
0.0000 2.8029 -0.6771 0.0503 18
0.0000 0.8050 -0.1946 -0.1912 6
0.0000 2.7838 -0.6735 0.1501 18
0.0000 0.9923 -0.2401 -0.1984 2
0.0000 2.7846 -0.6742 0.2507 20
0.0000 1.1519 -0.2791 -0.1877 2
0.0000 2.7973 -0.6783 0.3534 19
0.0000 1.5182 -0.3684 -0.1918 2
0.0000 2.7853 -0.6764 0.4540 19
0.0000 2.1046 -0.5111 -0.1895 2
0.0000 2.8024 -0.6811 0.5606 19
0.0000 2.7829 -0.6769 -0.1501 5
0.0000 2.7929 -0.6798 0.6636 15
0.0000 2.7978 -0.6815 -0.0503 18
0.0000 2.9204 -0.7119 0.8054 1
0.0000 2.7969 -0.6849 0.0503 18
0.0000 0.8271 -0.2027 -0.1966 5
0.0000 2.7875 -0.6836 0.1504 20
0.0000 0.9915 -0.2432 -0.1984 2
0.0000 2.7921 -0.6853 0.2515 19
0.0000 1.1433 -0.2808 -0.1865 2
0.0000 2.7971 -0.6876 0.3537 18
0.0000 1.5055 -0.3703 -0.1904 2
0.0000 2.7966 -0.6885 0.4562 21
0.0000 2.1068 -0.5187 -0.1898 3
0.0000 2.7984 -0.6894 0.5602 19
0.0000 2.7964 -0.6900 0.6650 15
0.0000 2.8131 -0.6946 -0.0506 18
0.0000 2.8957 -0.7155 0.7992 1
0.0000 2.7945 -0.6947 0.0503 18
0.0000 0.7810 -0.1943 -0.1858 6
0.0000 2.7967 -0.6963 0.1510 18
0.0000 1.0326 -0.2571 -0.2068 2
0.0000 1.1462 -0.2858 -0.1871 2
0.0000 2.7889 -0.6959 0.3529 16
0.0000 1.5196 -0.3794 -0.1923 2
0.0000 2.8038 -0.7006 0.4577 18
0.0000 2.1166 -0.5289 -0.1909 2
0.0000 2.8017 -0.7006 0.5614 19
0.0000 2.8501 -0.7132 -0.1540 27
0.0000 2.7996 -0.7011 0.6663 14
0.0000 2.8164 -0.7059 -0.0507 19
0.0000 2.8726 -0.7205 0.7935 1
0.0000 2.8056 -0.7079 0.0505 17
0.0000 0.7803 -0.1970 -0.1858 6
0.0000 2.7865 -0.7041 0.1506 18
0.0000 1.0279 -0.2597 -0.2061 2
0.0000 2.2464 -0.5680 0.2027 13
0.0000 1.1490 -0.2907 -0.1877 2
0.0000 2.2496 -0.5696 0.2849 6
0.0000 1.5086 -0.3823 -0.1911 2
0.0000 2.7822 -0.7055 0.4546 6
0.0000 2.1205 -0.5378 -0.1914 2
0.0000 2.8030 -0.7114 0.5621 18
0.0000 2.9018 -0.7370 -0.1569 11
0.0000 2.7990 -0.7114 0.6668 15
0.0000 2.8120 -0.7152 -0.0506 20
0.0000 2.8607 -0.7281 0.7910 1
0.0000 0.8254 -0.2112 -0.2283 5
0.0000 2.8109 -0.7196 0.0506 17
0.0000 0.8023 -0.2055 -0.1912 6
0.0000 2.7898 -0.7153 0.1509 19
0.0000 0.9927 -0.2545 -0.1992 2
0.0000 2.2734 -0.5833 0.2053 10
0.0000 1.1403 -0.2928 -0.1865 2
0.0000 2.2399 -0.5755 0.2840 15
0.0000 1.4823 -0.3811 -0.1879 2
0.0000 2.2383 -0.5759 0.3661 13
0.0000 2.1013 -0.5407 -0.1898 2
0.0000 2.9108 -0.7501 -0.1575 12
0.0000 2.7852 -0.7182 0.6641 15
0.0000 2.8095 -0.7250 -0.0506 20
0.0000 2.8300 -0.7308 0.7832 1
0.0000 2.8064 -0.7289 0.0506 18
0.0000 0.7789 -0.2025 -0.1858 6
0.0000 2.7873 -0.7250 0.1509 17
0.0000 1.0146 -0.2639 -0.2038 2
0.0000 2.2752 -0.5922 0.2057 12
0.0000 1.1508 -0.2998 -0.1883 2
0.0000 2.2494 -0.5863 0.2854 18
0.0000 1.5059 -0.3928 -0.1911 3
0.0000 2.2420 -0.5852 0.3670 18
0.0000 2.0917 -0.5460 -0.1891 2
0.0000 2.2680 -0.5925 0.4557 18
0.0000 2.9024 -0.7587 -0.1572 9
0.0000 2.2963 -0.6007 0.5480 5
0.0000 2.8089 -0.7353 -0.0507 18
0.0000 2.5640 -0.6717 0.7102 1
0.0000 0.8239 -0.2169 -0.2283 5
0.0000 2.8000 -0.7377 0.0505 18
0.0000 0.7971 -0.2102 -0.1903 6
0.0000 2.8002 -0.7388 0.1518 17
0.0000 1.0175 -0.2685 -0.2045 2
0.0000 2.2924 -0.6052 0.2074 10
0.0000 1.1421 -0.3018 -0.1871 2
0.0000 2.2569 -0.5967 0.2866 18
0.0000 1.4988 -0.3966 -0.1904 2
0.0000 2.2476 -0.5951 0.3682 23
0.0000 2.0801 -0.5508 -0.1883 2
0.0000 2.2716 -0.6019 0.4568 20
0.0000 2.8727 -0.7617 -0.1558 8
0.0000 2.8179 -0.7482 -0.0509 18
0.0000 2.3376 -0.6211 0.6481 4
0.0000 2.8013 -0.7485 0.0506 18
0.0000 0.7775 -0.2079 -0.1858 6
0.0000 2.8053 -0.7506 0.1522 16
0.0000 1.0203 -0.2730 -0.2053 2
0.0000 2.4115 -0.6457 0.2184 14
0.0000 1.1219 -0.3006 -0.1840 2
0.0000 2.2587 -0.6056 0.2871 13
0.0000 1.5031 -0.4033 -0.1911 2
0.0000 2.2512 -0.6045 0.3692 25
0.0000 2.1051 -0.5652 -0.1907 2
0.0000 2.2581 -0.6068 0.4545 19
0.0000 2.8314 -0.7613 -0.1537 13
0.0000 2.2864 -0.6152 0.5466 21
0.0000 2.8172 -0.7586 -0.0509 18
0.0000 2.2999 -0.6197 0.6382 17
0.0000 2.8218 -0.7646 0.0510 16
0.0000 0.7956 -0.2157 -0.1903 6
0.0000 2.7969 -0.7589 0.1519 18
0.0000 1.0118 -0.2745 -0.2038 2
0.0000 2.4515 -0.6656 0.2222 19
0.0000 1.1285 -0.3066 -0.1852 2
0.0000 2.2546 -0.6130 0.2869 11
0.0000 1.4979 -0.4075 -0.1906 2
0.0000 2.2605 -0.6154 0.3711 28
0.0000 2.1166 -0.5763 -0.1919 2
0.0000 2.2579 -0.6152 0.4549 23
0.0000 2.8172 -0.7680 -0.1530 17
0.0000 2.2748 -0.6206 0.5444 20
0.0000 2.8319 -0.7731 -0.0512 18
0.0000 2.2922 -0.6262 0.6367 17
0.0000 2.8191 -0.7744 0.0510 20
0.0000 0.7760 -0.2133 -0.1858 6
0.0000 2.8116 -0.7734 0.1528 22
0.0000 1.0184 -0.2801 -0.2053 2
0.0000 2.4684 -0.6795 0.2240 26
0.0000 1.1465 -0.3158 -0.1883 2
0.0000 2.2333 -0.6156 0.2844 9
0.0000 1.4888 -0.4106 -0.1896 2
0.0000 2.2374 -0.6175 0.3676 18
0.0000 2.0857 -0.5757 -0.1893 2
0.0000 2.2671 -0.6262 0.4572 18
0.0000 2.8164 -0.7784 -0.1531 7
0.0000 2.2651 -0.6265 0.5426 18
0.0000 2.8234 -0.7814 -0.0511 20
0.0000 2.2863 -0.6332 0.6357 16
0.0000 2.8260 -0.7869 0.0512 21
0.0000 0.7978 -0.2223 -0.1912 6
0.0000 2.8108 -0.7837 0.1529 20
0.0000 0.9985 -0.2784 -0.2015 2
0.0000 2.4526 -0.6843 0.2228 30
0.0000 1.1168 -0.3118 -0.1837 2
0.0000 2.1948 -0.6132 0.2798 5
0.0000 1.4969 -0.4185 -0.1908 2
0.0000 2.1344 -0.5971 0.3510 13
0.0000 2.0837 -0.5830 -0.1893 2
0.0000 2.2479 -0.6293 0.4537 17
0.0000 2.4771 -0.6940 -0.1348 2
0.0000 2.2573 -0.6328 0.5412 19
0.0000 2.8245 -0.7923 -0.0512 21
0.0000 2.2654 -0.6359 0.6305 15
0.0000 2.8252 -0.7973 0.0512 22
0.0000 0.8195 -0.2314 -0.1966 5
0.0000 2.8176 -0.7962 0.1534 21
0.0000 1.0353 -0.2926 -0.2091 2
0.0000 2.4540 -0.6940 0.2231 31
0.0000 1.1271 -0.3189 -0.1855 2
0.0000 2.1736 -0.6155 0.2774 15
0.0000 1.5050 -0.4264 -0.1921 2
0.0000 2.1114 -0.5987 0.3476 18
0.0000 2.0740 -0.5881 -0.1886 2
0.0000 2.1437 -0.6082 0.4331 14
0.0000 2.7686 -0.7861 -0.1508 8
0.0000 2.2157 -0.6295 0.5318 8
0.0000 2.8294 -0.8044 -0.0513 21
0.0000 2.2446 -0.6385 0.6253 16
0.0000 2.8224 -0.8072 0.0512 22
0.0000 0.7738 -0.2214 -0.1858 6
0.0000 2.8148 -0.8061 0.1534 21
0.0000 1.0192 -0.2919 -0.2061 2
0.0000 2.4669 -0.7069 0.2245 20
0.0000 1.1108 -0.3185 -0.1830 2
0.0000 2.1161 -0.6072 0.2703 13
0.0000 1.5016 -0.4311 -0.1918 2
0.0000 2.1055 -0.6049 0.3470 24
0.0000 2.0777 -0.5969 -0.1891 2
0.0000 2.1283 -0.6119 0.4305 18
0.0000 2.8158 -0.8101 -0.1536 13
0.0000 2.1330 -0.6140 0.5124 13
0.0000 2.8381 -0.8176 -0.0516 20
0.0000 2.1904 -0.6314 0.6108 10
0.0000 2.8292 -0.8198 0.0514 20
0.0000 0.7917 -0.2296 -0.1903 6
0.0000 2.8158 -0.8170 0.1537 21
0.0000 1.0332 -0.2998 -0.2091 2
0.0000 2.4510 -0.7116 0.2233 17
0.0000 1.1249 -0.3268 -0.1855 1
0.0000 2.0892 -0.6074 0.2671 18
0.0000 1.4810 -0.4308 -0.1894 2
0.0000 2.1299 -0.6200 0.3514 26
0.0000 2.0832 -0.6064 -0.1898 2
0.0000 2.1356 -0.6221 0.4324 25
0.0000 2.8263 -0.8238 -0.1543 18
0.0000 2.1252 -0.6198 0.5111 17
0.0000 2.8449 -0.8303 -0.0517 22
0.0000 2.1567 -0.6298 0.6020 14
0.0000 2.8416 -0.8342 0.0517 23
0.0000 0.8433 -0.2477 -0.2029 5
0.0000 2.8130 -0.8268 0.1537 21
0.0000 0.9832 -0.2890 -0.1992 2
0.0000 2.4409 -0.7179 0.2226 15
0.0000 1.1427 -0.3363 -0.1887 2
0.0000 2.0908 -0.6158 0.2676 20
0.0000 1.4795 -0.4360 -0.1894 2
0.0000 2.1145 -0.6235 0.3492 30
0.0000 2.0830 -0.6143 -0.1900 2
0.0000 2.1372 -0.6306 0.4331 21
0.0000 2.8330 -0.8365 -0.1548 21
0.0000 2.1324 -0.6300 0.5133 24
0.0000 2.8285 -0.8362 -0.0515 20
0.0000 2.1563 -0.6379 0.6025 19
0.0000 2.8425 -0.8452 0.0518 24
0.0000 0.7714 -0.2295 -0.1858 6
0.0000 2.8160 -0.8379 0.1540 22
0.0000 0.9973 -0.2969 -0.2023 2
0.0000 2.7191 -0.8101 0.2482 18
0.0000 1.0999 -0.3279 -0.1818 2
0.0000 2.0906 -0.6236 0.2679 24
0.0000 1.4818 -0.4423 -0.1899 2
0.0000 2.1181 -0.6322 0.3501 24
0.0000 2.0713 -0.6187 -0.1891 3
0.0000 2.1275 -0.6358 0.4316 27
0.0000 2.8416 -0.8498 -0.1554 22
0.0000 2.1470 -0.6425 0.5174 30
0.0000 2.8334 -0.8479 -0.0516 20
0.0000 2.1375 -0.6401 0.5979 19
0.0000 2.8244 -0.8500 0.0515 21
0.0000 0.7893 -0.2377 -0.1903 6
0.0000 2.8283 -0.8523 0.1548 22
0.0000 1.0188 -0.3072 -0.2068 2
0.0000 2.8249 -0.8524 0.2582 22
0.0000 1.1215 -0.3384 -0.1855 2
0.0000 2.1037 -0.6351 0.2698 17
0.0000 1.4841 -0.4484 -0.1904 2
0.0000 2.1102 -0.6379 0.3492 22
0.0000 2.0672 -0.6253 -0.1890 3
0.0000 2.1216 -0.6418 0.4308 21
0.0000 2.8368 -0.8587 -0.1553 21
0.0000 2.1504 -0.6513 0.5187 30
0.0000 2.8496 -0.8636 -0.0520 20
0.0000 2.1445 -0.6503 0.6005 23
0.0000 2.8405 -0.8657 0.0518 9
0.0000 0.8146 -0.2484 -0.1966 5
0.0000 2.8253 -0.8622 0.1548 22
0.0000 0.9877 -0.3014 -0.2007 2
0.0000 2.8431 -0.8681 0.2601 20
0.0000 1.1052 -0.3377 -0.1830 2
0.0000 2.0844 -0.6373 0.2676 22
0.0000 1.4863 -0.4547 -0.1908 2
0.0000 2.1155 -0.6476 0.3504 17
0.0000 2.0652 -0.6322 -0.1890 3
0.0000 2.1268 -0.6515 0.4324 23
0.0000 2.8319 -0.8680 -0.1552 22
0.0000 2.1612 -0.6628 0.5219 20
0.0000 2.8427 -0.8724 -0.0519 20
0.0000 2.1422 -0.6578 0.6005 25
0.0000 0.7913 -0.2444 -0.1912 6
0.0000 2.8223 -0.8720 0.1548 23
0.0000 1.0392 -0.3211 -0.2114 2
0.0000 2.8438 -0.8792 0.2604 20
0.0000 1.1153 -0.3450 -0.1849 2
0.0000 2.0935 -0.6481 0.2691 19
0.0000 1.4658 -0.4540 -0.1884 2
0.0000 2.1208 -0.6573 0.3517 21
0.0000 2.0820 -0.6453 -0.1907 3
0.0000 2.1470 -0.6659 0.4370 18
0.0000 2.8327 -0.8790 -0.1554 23
0.0000 2.1384 -0.6640 0.5169 22
0.0000 2.8530 -0.8864 -0.0521 17
0.0000 2.1510 -0.6687 0.6036 26
0.0000 2.6474 -0.8271 0.0484 1
0.0000 0.7570 -0.2367 -0.1831 7
0.0000 2.8173 -0.8813 0.1547 21
0.0000 1.0118 -0.3165 -0.2061 2
0.0000 2.8388 -0.8885 0.2602 19
0.0000 1.1254 -0.3525 -0.1868 2
0.0000 2.0988 -0.6577 0.2701 26
0.0000 1.4869 -0.4663 -0.1913 2
0.0000 2.1166 -0.6641 0.3514 19
0.0000 2.0930 -0.6567 -0.1919 5
0.0000 2.1410 -0.6722 0.4362 22
0.0000 2.8429 -0.8931 -0.1562 17
0.0000 2.1398 -0.6726 0.5178 22
0.0000 2.1542 -0.6780 0.6051 23
0.0000 2.6006 -0.8225 0.0476 1
0.0000 0.8119 -0.2569 -0.1966 5
0.0000 2.8238 -0.8941 0.1552 22
0.0000 0.9770 -0.3094 -0.1992 2
0.0000 1.1317 -0.3588 -0.1880 2
0.0000 2.1079 -0.6687 0.2715 17
0.0000 1.4701 -0.4666 -0.1894 2
0.0000 2.1237 -0.6745 0.3529 17
0.0000 2.0660 -0.6562 -0.1897 3
0.0000 2.1536 -0.6844 0.4392 20
0.0000 2.1486 -0.6836 0.5205 21
0.0000 2.3590 -0.7510 -0.0432 3
0.0000 2.1481 -0.6843 0.6041 21
0.0000 2.5539 -0.8175 0.0468 2
0.0000 0.7887 -0.2526 -0.1912 6
0.0000 2.8396 -0.9101 0.1563 22
0.0000 0.9909 -0.3176 -0.2023 2
0.0000 2.3507 -0.7538 0.2160 4
0.0000 1.1191 -0.3591 -0.1862 2
0.0000 2.1150 -0.6790 0.2727 17
0.0000 1.4723 -0.4730 -0.1899 2
0.0000 2.1364 -0.6867 0.3554 16
0.0000 2.0561 -0.6609 -0.1890 3
0.0000 2.1343 -0.6865 0.4358 25
0.0000 2.1629 -0.6965 0.5246 18
0.0000 2.5562 -0.8236 -0.0469 2
0.0000 2.1549 -0.6948 0.6067 23
0.0000 0.8105 -0.2624 -0.2283 5
0.0000 2.5244 -0.8178 0.0463 2
0.0000 0.7174 -0.2325 -0.1741 7
0.0000 2.8364 -0.9200 0.1563 22
0.0000 1.0084 -0.3271 -0.2061 2
0.0000 2.8142 -0.9133 0.2589 15
0.0000 1.1141 -0.3618 -0.1855 2
0.0000 2.1126 -0.6864 0.2727 16
0.0000 1.4744 -0.4793 -0.1904 2
0.0000 2.1433 -0.6972 0.3570 23
0.0000 2.0500 -0.6669 -0.1886 3
0.0000 2.1506 -0.7000 0.4396 23
0.0000 2.1660 -0.7059 0.5259 18
0.0000 2.5723 -0.8388 -0.0472 4
0.0000 2.1635 -0.7059 0.6098 18
0.0000 0.8096 -0.2652 -0.2283 5
0.0000 2.5178 -0.8254 0.0462 2
0.0000 0.7166 -0.2351 -0.1741 7
0.0000 2.8351 -0.9305 0.1564 20
0.0000 1.0036 -0.3294 -0.2053 2
0.0000 2.8375 -0.9318 0.2613 11
0.0000 1.0866 -0.3570 -0.1812 2
0.0000 2.1083 -0.6932 0.2725 17
0.0000 1.4652 -0.4820 -0.1894 2
0.0000 2.1428 -0.7053 0.3573 21
0.0000 2.0590 -0.6778 -0.1897 3
0.0000 2.1593 -0.7112 0.4419 19
0.0000 2.2213 -0.7320 -0.1226 1
0.0000 2.1579 -0.7116 0.5246 22
0.0000 2.5712 -0.8484 -0.0473 8
0.0000 2.1555 -0.7116 0.6082 11
0.0000 2.4010 -0.7964 0.0442 1
0.0000 0.7158 -0.2376 -0.1741 7
0.0000 1.0099 -0.3353 -0.2068 2
0.0000 1.1266 -0.3745 -0.1880 2
0.0000 2.1322 -0.7093 0.2759 16
0.0000 1.4654 -0.4877 -0.1896 2
0.0000 2.1384 -0.7122 0.3570 19
0.0000 2.0491 -0.6824 -0.1890 3
0.0000 2.1680 -0.7225 0.4442 19
0.0000 2.5332 -0.8447 -0.1399 1
0.0000 2.1684 -0.7234 0.5277 10
0.0000 2.5379 -0.8472 -0.0467 3
0.0000 2.1347 -0.7130 0.6030 14
0.0000 0.8078 -0.2707 -0.2283 5
0.0000 2.4400 -0.8183 0.0449 2
0.0000 0.7150 -0.2399 -0.1741 7
0.0000 2.3061 -0.7743 0.1275 3
0.0000 0.9901 -0.3324 -0.2030 2
0.0000 2.2003 -0.7392 0.2031 1
0.0000 1.1178 -0.3758 -0.1868 2
0.0000 2.1525 -0.7240 0.2788 12
0.0000 1.4581 -0.4907 -0.1889 2
0.0000 2.1772 -0.7331 0.3639 12
0.0000 2.0412 -0.6873 -0.1884 3
0.0000 2.2065 -0.7434 0.4526 14
0.0000 2.6250 -0.8850 -0.1452 1
0.0000 2.1807 -0.7356 0.5313 7
0.0000 2.3608 -0.7968 -0.0435 1
0.0000 2.1177 -0.7151 0.5989 21
0.0000 2.4637 -0.8358 0.0454 3
0.0000 0.7695 -0.2612 -0.1876 6
0.0000 2.3072 -0.7836 0.1277 1
0.0000 0.9852 -0.3346 -0.2023 2
0.0000 2.1581 -0.7334 0.1994 6
0.0000 1.1090 -0.3771 -0.1855 2
0.0000 2.2044 -0.7500 0.2859 14
0.0000 1.4676 -0.4996 -0.1904 2
0.0000 2.2364 -0.7618 0.3742 16
0.0000 2.0463 -0.6970 -0.1891 3
0.0000 2.2653 -0.7720 0.4652 21
0.0000 2.5463 -0.8683 -0.1410 1
0.0000 2.1210 -0.7237 0.5174 12
0.0000 2.4337 -0.8309 -0.0449 1
0.0000 2.1115 -0.7213 0.5979 17
0.0000 2.3094 -0.7925 0.0426 1
0.0000 0.7796 -0.2677 -0.1903 6
0.0000 2.2931 -0.7878 0.1271 1
0.0000 1.0175 -0.3496 -0.2091 2
0.0000 2.1856 -0.7513 0.2022 10
0.0000 1.1002 -0.3784 -0.1843 2
0.0000 2.2130 -0.7616 0.2874 23
0.0000 1.4565 -0.5015 -0.1891 2
0.0000 2.2636 -0.7799 0.3792 17
0.0000 2.0401 -0.7029 -0.1888 3
0.0000 2.2848 -0.7876 0.4698 28
0.0000 2.5131 -0.8668 -0.1393 1
0.0000 2.1184 -0.7311 0.5174 15
0.0000 2.5177 -0.8694 -0.0465 2
0.0000 2.1126 -0.7299 0.5989 17
0.0000 2.4559 -0.8524 0.0454 1
0.0000 0.7787 -0.2704 -0.1903 6
0.0000 2.2715 -0.7892 0.1260 2
0.0000 1.0014 -0.3480 -0.2061 2
0.0000 2.1887 -0.7609 0.2027 13
0.0000 1.1138 -0.3874 -0.1868 2
0.0000 2.2010 -0.7660 0.2861 16
0.0000 1.4510 -0.5053 -0.1887 2
0.0000 2.2608 -0.7878 0.3792 17
0.0000 2.0489 -0.7139 -0.1898 3
0.0000 2.2858 -0.7969 0.4705 29
0.0000 2.4949 -0.8703 -0.1385 1
0.0000 2.1140 -0.7378 0.5169 13
0.0000 2.5052 -0.8749 -0.0463 1
0.0000 2.1046 -0.7354 0.5974 18
0.0000 2.4623 -0.8642 0.0456 1
0.0000 0.7778 -0.2731 -0.1903 6
0.0000 2.3139 -0.8131 0.1285 1
0.0000 0.9669 -0.3397 -0.1992 2
0.0000 2.1935 -0.7712 0.2034 20
0.0000 1.1013 -0.3874 -0.1849 2
0.0000 2.2114 -0.7783 0.2879 23
0.0000 1.4417 -0.5077 -0.1877 2
0.0000 2.2506 -0.7930 0.3779 18
0.0000 2.0276 -0.7144 -0.1881 3
0.0000 2.2774 -0.8029 0.4694 36
0.0000 2.4994 -0.8817 -0.1389 1
0.0000 2.1059 -0.7433 0.5156 12
0.0000 2.5210 -0.8903 -0.0467 2
0.0000 2.1020 -0.7427 0.5974 18
0.0000 0.8025 -0.2850 -0.1966 5
0.0000 2.2923 -0.8144 0.1275 1
0.0000 0.9879 -0.3510 -0.2038 2
0.0000 2.1908 -0.7788 0.2034 19
0.0000 1.1074 -0.3939 -0.1862 2
0.0000 2.1993 -0.7827 0.2866 16
0.0000 1.4624 -0.5207 -0.1906 2
0.0000 2.2460 -0.8002 0.3776 17
0.0000 2.0382 -0.7262 -0.1893 3
0.0000 2.2838 -0.8141 0.4713 29
0.0000 2.4944 -0.8897 -0.1388 2
0.0000 2.0886 -0.7454 0.5120 30
0.0000 2.4991 -0.8923 -0.0463 1
0.0000 2.0830 -0.7442 0.5927 19
0.0000 2.4017 -0.8618 0.0445 1
0.0000 0.7758 -0.2786 -0.1903 6
0.0000 2.8366 -1.0184 0.1579 9
0.0000 0.9793 -0.3518 -0.2023 2
0.0000 2.2031 -0.7919 0.2048 18
0.0000 1.0911 -0.3924 -0.1837 2
0.0000 2.2153 -0.7971 0.2891 21
0.0000 1.4420 -0.5189 -0.1882 2
0.0000 2.2396 -0.8063 0.3770 21
0.0000 2.0319 -0.7319 -0.1890 3
0.0000 2.2718 -0.8188 0.4694 36
0.0000 2.4988 -0.9011 -0.1392 1
0.0000 2.0953 -0.7556 0.5142 25
0.0000 2.4867 -0.8972 -0.0461 2
0.0000 2.0878 -0.7537 0.5948 21
0.0000 2.4270 -0.8800 0.0451 11
0.0000 0.7786 -0.2825 -0.1912 6
0.0000 2.8595 -1.0374 0.1594 20
0.0000 0.9855 -0.3577 -0.2038 2
0.0000 2.2135 -0.8039 0.2060 18
0.0000 1.0973 -0.3987 -0.1849 2
0.0000 2.2033 -0.8011 0.2879 17
0.0000 1.4533 -0.5284 -0.1899 2
0.0000 2.2499 -0.8185 0.3792 19
0.0000 2.0220 -0.7360 -0.1883 3
0.0000 2.2598 -0.8229 0.4675 26
0.0000 2.4790 -0.9032 -0.1383 1
0.0000 2.1130 -0.7699 0.5192 33
0.0000 2.4912 -0.9082 -0.0463 1
0.0000 2.0926 -0.7633 0.5968 21
0.0000 2.4672 -0.9039 0.0459 4
0.0000 0.7740 -0.2837 -0.1903 6
0.0000 2.8371 -1.0405 0.1584 19
0.0000 0.9842 -0.3611 -0.2038 2
0.0000 2.2258 -0.8167 0.2074 20
0.0000 1.0959 -0.4024 -0.1849 2
0.0000 2.1969 -0.8070 0.2874 26
0.0000 1.4384 -0.5287 -0.1882 2
0.0000 2.2415 -0.8243 0.3783 24
0.0000 2.0157 -0.7416 -0.1879 3
0.0000 2.2588 -0.8315 0.4679 19
0.0000 2.5058 -0.9229 -0.1399 1
0.0000 2.1029 -0.7746 0.5174 20
0.0000 2.4768 -0.9127 -0.0461 1
0.0000 2.0935 -0.7719 0.5979 18
0.0000 2.4695 -0.9150 0.0460 2
0.0000 2.8482 -1.0564 0.1592 19
0.0000 0.9755 -0.3620 -0.2023 2
0.0000 2.2284 -0.8270 0.2080 21
0.0000 1.0944 -0.4064 -0.1849 2
0.0000 2.2069 -0.8199 0.2891 28
0.0000 1.4476 -0.5381 -0.1896 2
0.0000 2.2459 -0.8352 0.3795 22
0.0000 2.0148 -0.7497 -0.1881 2
0.0000 2.2336 -0.8316 0.4633 9
0.0000 2.5173 -0.9377 -0.1408 1
0.0000 2.1037 -0.7836 0.5183 20
0.0000 2.3347 -0.8701 -0.0435 1
0.0000 2.0943 -0.7809 0.5989 18
0.0000 2.4868 -0.9317 0.0464 1
0.0000 0.7536 -0.2825 -0.1858 6
0.0000 2.8557 -1.0706 0.1598 19
0.0000 0.9595 -0.3599 -0.1992 2
0.0000 2.2123 -0.8302 0.2067 16
0.0000 1.0929 -0.4104 -0.1849 2
0.0000 2.2076 -0.8294 0.2896 21
0.0000 1.4345 -0.5392 -0.1882 2
0.0000 2.2263 -0.8368 0.3767 17
0.0000 2.0234 -0.7609 -0.1891 2
0.0000 2.1627 -0.8138 0.4492 13
0.0000 2.5402 -0.9563 -0.1422 1
0.0000 2.1373 -0.8051 0.5273 17
0.0000 2.4664 -0.9290 -0.0460 2
0.0000 2.1530 -0.8114 0.6165 19
0.0000 2.4594 -0.9308 0.0459 2
0.0000 0.7527 -0.2850 -0.1858 6
0.0000 2.8595 -1.0834 0.1603 21
0.0000 0.9730 -0.3688 -0.2023 2
0.0000 2.1684 -0.8224 0.2029 10
0.0000 1.0953 -0.4154 -0.1855 2
0.0000 2.1715 -0.8240 0.2852 12
0.0000 1.4494 -0.5503 -0.1904 2
0.0000 2.1569 -0.8193 0.3654 16
0.0000 2.0040 -0.7616 -0.1876 2
0.0000 2.1453 -0.8154 0.4461 19
0.0000 2.5333 -0.9633 -0.1420 1
0.0000 2.1310 -0.8108 0.5264 19
0.0000 2.5005 -0.9519 -0.0467 8
0.0000 2.1538 -0.8203 0.6175 21
0.0000 2.4486 -0.9365 0.0458 3
0.0000 0.7699 -0.2946 -0.1903 6
0.0000 2.8596 -1.0943 0.1605 19
0.0000 0.9864 -0.3777 -0.2053 2
0.0000 2.1564 -0.8260 0.2020 14
0.0000 1.0938 -0.4192 -0.1855 2
0.0000 2.1408 -0.8209 0.2815 19
0.0000 1.4456 -0.5546 -0.1901 2
0.0000 2.1560 -0.8272 0.3657 20
0.0000 1.9977 -0.7668 -0.1872 3
0.0000 2.1516 -0.8264 0.4480 19
0.0000 2.5374 -0.9750 -0.1425 1
0.0000 2.1354 -0.8210 0.5282 22
0.0000 2.5086 -0.9645 -0.0469 8
0.0000 2.1583 -0.8302 0.6196 23
0.0000 2.4250 -0.9367 0.0454 7
0.0000 0.7035 -0.2719 -0.1741 7
0.0000 2.8595 -1.1057 0.1607 21
0.0000 0.9704 -0.3754 -0.2023 2
0.0000 2.1553 -0.8343 0.2022 17
0.0000 1.1035 -0.4271 -0.1874 2
0.0000 2.1399 -0.8287 0.2818 20
0.0000 1.4401 -0.5580 -0.1896 2
0.0000 2.1512 -0.8340 0.3654 27
0.0000 2.0080 -0.7789 -0.1884 3
0.0000 2.1470 -0.8328 0.4476 23
0.0000 2.1273 -0.8260 0.5268 25
0.0000 2.5108 -0.9754 -0.0470 6
0.0000 2.1698 -0.8433 0.6238 21
0.0000 2.4329 -0.9495 0.0456 3
0.0000 0.7570 -0.2956 -0.1876 6
0.0000 2.8558 -1.1151 0.1607 19
0.0000 0.9326 -0.3644 -0.1946 2
0.0000 2.1544 -0.8421 0.2024 23
0.0000 1.1093 -0.4338 -0.1887 2
0.0000 2.1351 -0.8355 0.2815 18
0.0000 1.4252 -0.5579 -0.1879 2
0.0000 2.1374 -0.8368 0.3636 25
0.0000 2.0091 -0.7870 -0.1888 3
0.0000 2.1478 -0.8417 0.4484 19
0.0000 2.1171 -0.8305 0.5250 21
0.0000 2.4908 -0.9771 -0.0467 3
0.0000 2.1741 -0.8533 0.6258 20
0.0000 2.4651 -0.9715 0.0462 2
0.0000 0.7487 -0.2952 -0.1858 6
0.0000 2.8630 -1.1295 0.1613 19
0.0000 0.9496 -0.3748 -0.1984 2
0.0000 2.1255 -0.8394 0.1999 18
0.0000 1.0932 -0.4317 -0.1862 2
0.0000 2.1342 -0.8433 0.2818 19
0.0000 1.4344 -0.5671 -0.1894 2
0.0000 2.1290 -0.8421 0.3626 30
0.0000 1.9934 -0.7888 -0.1876 3
0.0000 2.1559 -0.8532 0.4507 18
0.0000 2.1325 -0.8447 0.5295 16
0.0000 2.5041 -0.9925 -0.0470 2
0.0000 2.1622 -0.8574 0.6232 18
0.0000 2.4728 -0.9845 0.0465 1
0.0000 0.7368 -0.2935 -0.1831 7
0.0000 2.8628 -1.1410 0.1615 19
0.0000 0.9520 -0.3794 -0.1992 2
0.0000 2.1412 -0.8538 0.2017 27
0.0000 1.0697 -0.4268 -0.1824 2
0.0000 2.1294 -0.8500 0.2815 17
0.0000 1.4287 -0.5706 -0.1889 2
0.0000 2.1389 -0.8546 0.3648 23
0.0000 1.9943 -0.7973 -0.1879 3
0.0000 2.1529 -0.8607 0.4507 17
0.0000 2.1403 -0.8565 0.5322 14
0.0000 2.5433 -1.0183 -0.0478 1
0.0000 2.1520 -0.8620 0.6212 13
0.0000 2.4656 -0.9917 0.0464 1
0.0000 0.7539 -0.3034 -0.1876 6
0.0000 2.8755 -1.1577 0.1625 18
0.0000 0.9542 -0.3844 -0.2000 2
0.0000 2.1362 -0.8609 0.2015 19
0.0000 1.0864 -0.4381 -0.1855 2
0.0000 2.1283 -0.8581 0.2818 22
0.0000 1.4378 -0.5800 -0.1904 2
0.0000 2.1469 -0.8665 0.3667 28
0.0000 1.9842 -0.8012 -0.1872 3
0.0000 2.1552 -0.8708 0.4518 15
0.0000 2.1998 -0.8892 -0.1244 1
0.0000 2.2095 -0.8936 0.5502 16
0.0000 2.8864 -1.1674 -0.0543 11
0.0000 2.1848 -0.8840 0.6315 8
0.0000 2.5361 -1.0308 0.0478 1
0.0000 0.7528 -0.3061 -0.1876 6
0.0000 2.8656 -1.1659 0.1621 19
0.0000 0.9784 -0.3981 -0.2053 2
0.0000 2.1369 -0.8699 0.2019 28
0.0000 1.0812 -0.4404 -0.1849 2
0.0000 2.1233 -0.8652 0.2815 18
0.0000 1.4320 -0.5838 -0.1899 2
0.0000 2.1473 -0.8759 0.3673 22
0.0000 1.9979 -0.8149 -0.1888 3
0.0000 2.1667 -0.8842 0.4549 14
0.0000 2.8790 -1.1755 -0.1630 10
0.0000 2.3795 -0.9720 0.5934 18
0.0000 2.9062 -1.1878 -0.0548 32
0.0000 2.3675 -0.9681 0.6854 20
0.0000 2.8100 -1.1536 0.0530 2
0.0000 0.7661 -0.3147 -0.1912 6
0.0000 2.8616 -1.1759 0.1621 19
0.0000 0.9406 -0.3866 -0.1977 2
0.0000 2.1228 -0.8728 0.2008 22
0.0000 1.0852 -0.4464 -0.1858 2
0.0000 2.1202 -0.8726 0.2815 26
0.0000 1.4189 -0.5842 -0.1884 2
0.0000 2.1406 -0.8819 0.3667 21
0.0000 1.9914 -0.8204 -0.1884 3
0.0000 2.1818 -0.8993 0.4587 13
0.0000 2.8804 -1.1878 -0.1633 18
0.0000 2.3977 -0.9892 0.5988 18
0.0000 2.8761 -1.1872 -0.0543 21
0.0000 2.3552 -0.9727 0.6828 21
0.0000 2.8576 -1.1848 0.0540 3
0.0000 0.7506 -0.3114 -0.1876 6
0.0000 2.8705 -1.1908 0.1629 18
0.0000 0.9284 -0.3853 -0.1954 2
0.0000 2.1198 -0.8802 0.2008 30
0.0000 1.0891 -0.4524 -0.1868 2
0.0000 2.1282 -0.8846 0.2830 17
0.0000 1.4315 -0.5953 -0.1904 2
0.0000 2.1322 -0.8867 0.3657 21
0.0000 1.9775 -0.8227 -0.1874 3
0.0000 2.2276 -0.9272 0.4690 19
0.0000 2.8910 -1.2040 -0.1641 19
0.0000 2.4050 -1.0021 0.6015 26
0.0000 2.8851 -1.2021 -0.0546 22
0.0000 2.3252 -0.9693 0.6750 25
0.0000 2.8648 -1.1989 0.0542 4
0.0000 0.7424 -0.3108 -0.1858 6
0.0000 2.8682 -1.2016 0.1630 19
0.0000 0.9379 -0.3931 -0.1977 2
0.0000 2.1130 -0.8861 0.2005 22
0.0000 1.0912 -0.4576 -0.1874 2
0.0000 2.1289 -0.8932 0.2835 21
0.0000 1.4112 -0.5924 -0.1879 2
0.0000 2.1473 -0.9018 0.3689 15
0.0000 1.9654 -0.8258 -0.1865 3
0.0000 2.9249 -1.2289 0.6167 22
0.0000 2.8870 -1.2136 -0.1641 19
0.0000 2.4233 -1.0191 0.6069 46
0.0000 2.8883 -1.2153 -0.0547 22
0.0000 2.3147 -0.9744 0.6729 34
0.0000 2.8771 -1.2159 0.0545 20
0.0000 0.7628 -0.3225 -0.1912 6
0.0000 2.8716 -1.2142 0.1634 19
0.0000 0.9655 -0.4085 -0.2038 2
0.0000 2.1192 -0.8969 0.2013 31
0.0000 1.0860 -0.4598 -0.1868 2
0.0000 2.1166 -0.8967 0.2822 16
0.0000 1.4274 -0.6050 -0.1904 2
0.0000 2.1552 -0.9135 0.3707 11
0.0000 1.9700 -0.8354 -0.1872 3
0.0000 2.9369 -1.2460 0.6201 11
0.0000 2.8699 -1.2182 -0.1634 18
0.0000 2.4538 -1.0421 0.6155 54
0.0000 2.8860 -1.2257 -0.0547 21
0.0000 2.2296 -0.9473 0.6491 26
0.0000 2.8731 -1.2255 0.0545 20
0.0000 0.7402 -0.3159 -0.1858 6
0.0000 2.8655 -1.2234 0.1633 18
0.0000 0.9641 -0.4118 -0.2038 2
0.0000 2.1106 -0.9020 0.2008 21
0.0000 1.0808 -0.4619 -0.1862 2
0.0000 2.1136 -0.9037 0.2822 19
0.0000 1.4072 -0.6019 -0.1879 2
0.0000 1.9634 -0.8407 -0.1869 3
0.0000 2.8985 -1.2411 0.6129 16
0.0000 2.8823 -1.2348 -0.1643 20
0.0000 2.4396 -1.0456 0.6128 59
0.0000 2.8909 -1.2397 -0.0549 20
0.0000 2.1766 -0.9338 0.6346 18
0.0000 2.8794 -1.2412 0.0547 18
0.0000 0.7390 -0.3187 -0.1858 6
0.0000 2.8701 -1.2379 0.1638 17
0.0000 0.9482 -0.4091 -0.2007 2
0.0000 2.1201 -0.9152 0.2020 26
0.0000 1.0645 -0.4598 -0.1837 2
0.0000 2.1302 -0.9205 0.2849 8
0.0000 1.4376 -0.6215 -0.1923 2
0.0000 2.9283 -1.2660 0.5053 2
0.0000 1.9713 -0.8526 -0.1879 3
0.0000 2.8973 -1.2538 0.6136 27
0.0000 2.8941 -1.2530 -0.1653 19
0.0000 2.4391 -1.0565 0.6137 57
0.0000 2.8809 -1.2479 -0.0548 21
0.0000 2.1909 -0.9494 0.6398 18
0.0000 2.8881 -1.2564 0.0550 19
0.0000 0.7594 -0.3305 -0.1912 6
0.0000 2.8805 -1.2543 0.1646 19
0.0000 0.9971 -0.4344 -0.2114 2
0.0000 2.0931 -0.9123 0.1998 17
0.0000 1.0847 -0.4728 -0.1874 2
0.0000 1.4101 -0.6152 -0.1889 2
0.0000 2.9184 -1.2738 0.5043 1
0.0000 1.9574 -0.8547 -0.1869 3
0.0000 2.9129 -1.2720 0.6178 34
0.0000 2.8881 -1.2618 -0.1652 19
0.0000 2.4409 -1.0669 0.6150 53
0.0000 2.8838 -1.2611 -0.0549 21
0.0000 2.1575 -0.9439 0.6310 17
0.0000 2.8800 -1.2648 0.0549 20
0.0000 0.7368 -0.3238 -0.1858 6
0.0000 2.8797 -1.2659 0.1649 19
0.0000 0.9454 -0.4156 -0.2007 2
0.0000 2.1430 -0.9425 0.2048 17
0.0000 1.0650 -0.4686 -0.1843 2
0.0000 2.8960 -1.2749 0.3885 19
0.0000 1.4188 -0.6249 -0.1904 2
0.0000 2.9302 -1.2912 0.5072 1
0.0000 1.9436 -0.8564 -0.1858 2
0.0000 2.9066 -1.2814 0.6175 34
0.0000 2.8964 -1.2775 -0.1659 19
0.0000 2.4265 -1.0707 0.6123 50
0.0000 2.8867 -1.2744 -0.0551 21
0.0000 2.1312 -0.9413 0.6243 18
0.0000 2.8902 -1.2814 0.0552 19
0.0000 0.7250 -0.3216 -0.1831 7
0.0000 2.8899 -1.2824 0.1657 21
0.0000 0.9367 -0.4157 -0.1992 2
0.0000 2.8917 -1.2839 0.2768 22
0.0000 1.0669 -0.4739 -0.1849 2
0.0000 2.8807 -1.2802 0.3871 19
0.0000 1.4167 -0.6298 -0.1904 2
0.0000 2.9365 -1.3062 0.5090 1
0.0000 1.9606 -0.8721 -0.1877 2
0.0000 2.9075 -1.2939 0.6186 20
0.0000 2.8920 -1.2876 -0.1659 17
0.0000 2.4014 -1.0697 0.6069 31
0.0000 2.8969 -1.2910 -0.0554 23
0.0000 2.1332 -0.9511 0.6258 22
0.0000 2.8967 -1.2963 0.0554 19
0.0000 0.7346 -0.3289 -0.1858 6
0.0000 2.8726 -1.2868 0.1650 18
0.0000 0.9353 -0.4190 -0.1992 2
0.0000 2.8981 -1.2988 0.2779 20
0.0000 1.0725 -0.4809 -0.1862 2
0.0000 2.8834 -1.2935 0.3880 20
0.0000 1.4144 -0.6348 -0.1904 2
0.0000 2.9860 -1.3407 0.5184 2
0.0000 1.9594 -0.8797 -0.1879 2
0.0000 2.9263 -1.3145 0.6236 18
0.0000 2.8966 -1.3018 -0.1664 18
0.0000 2.3639 -1.0629 0.5984 20
0.0000 2.9033 -1.3060 -0.0556 23
0.0000 2.1369 -0.9617 0.6279 21
0.0000 2.8921 -1.3065 0.0554 20
0.0000 0.7476 -0.3379 -0.1894 6
0.0000 2.8772 -1.3009 0.1655 21
0.0000 0.9231 -0.4174 -0.1969 2
0.0000 2.8972 -1.3106 0.2782 20
0.0000 1.0528 -0.4765 -0.1830 2
0.0000 2.8916 -1.3092 0.3897 18
0.0000 1.4032 -0.6356 -0.1891 2
0.0000 3.0047 -1.3617 0.5225 4
0.0000 1.9490 -0.8833 -0.1872 2
0.0000 2.9342 -1.3304 0.6262 19
0.0000 2.8975 -1.3143 -0.1667 16
0.0000 2.3353 -1.0598 0.5921 5
0.0000 2.8878 -1.3112 -0.0554 21
0.0000 2.1388 -0.9716 0.6294 20
0.0000 2.9003 -1.3223 0.0556 17
0.0000 0.7287 -0.3324 -0.1849 6
0.0000 2.8763 -1.3126 0.1657 15
0.0000 0.9466 -0.4320 -0.2023 2
0.0000 2.8908 -1.3199 0.2780 10
0.0000 1.0619 -0.4851 -0.1849 2
0.0000 1.4100 -0.6446 -0.1904 2
0.0000 3.0125 -1.3780 0.5247 1
0.0000 1.9296 -0.8826 -0.1856 2
0.0000 2.9331 -1.3423 0.6270 5
0.0000 2.9001 -1.3278 -0.1672 7
0.0000 2.1137 -0.9682 0.5367 19
0.0000 2.8905 -1.3246 -0.0555 14
0.0000 2.0775 -0.9524 0.6124 26
0.0000 0.7523 -0.3463 -0.1912 6
0.0000 0.9308 -0.4287 -0.1992 2
0.0000 1.0710 -0.4937 -0.1868 2
0.0000 1.8350 -0.8464 0.2481 1
0.0000 1.4149 -0.6529 -0.1913 2
0.0000 1.7809 -0.8222 0.3107 1
0.0000 1.9319 -0.8919 -0.1862 2
0.0000 2.9551 -1.3648 0.6327 2
0.0000 2.0855 -0.9641 0.5304 20
0.0000 2.0566 -0.9516 0.6072 45
0.0000 1.8010 -0.8364 0.0347 1
0.0000 0.7087 -0.3293 -0.1804 7
0.0000 1.7604 -0.8183 0.1017 1
0.0000 0.9365 -0.4353 -0.2007 2
0.0000 1.7705 -0.8233 0.1708 2
0.0000 1.0585 -0.4925 -0.1849 2
0.0000 1.7457 -0.8125 0.2364 3
0.0000 1.4072 -0.6553 -0.1906 2
0.0000 1.7834 -0.8309 0.3116 3
0.0000 1.7934 -0.8355 -0.1731 1
0.0000 2.9735 -1.3859 0.6377 2
0.0000 1.7540 -0.8179 -0.1014 2
0.0000 2.0751 -0.9681 0.5286 16
0.0000 1.7686 -0.8254 -0.0341 1
0.0000 2.0620 -0.9628 0.6098 66
0.0000 0.6840 -0.3204 -0.2024 7
0.0000 1.7654 -0.8274 0.0340 3
0.0000 0.7499 -0.3516 -0.1912 6
0.0000 1.7377 -0.8151 0.1006 3
0.0000 0.9491 -0.4452 -0.2038 2
0.0000 1.7622 -0.8270 0.1703 4
0.0000 1.0568 -0.4962 -0.1849 2
0.0000 1.7482 -0.8212 0.2372 5
0.0000 1.3906 -0.6535 -0.1887 2
0.0000 1.7698 -0.8320 0.3097 4
0.0000 1.7616 -0.8282 -0.1703 3
0.0000 2.9455 -1.3854 0.6327 1
0.0000 1.7584 -0.8274 -0.1018 4
0.0000 2.0805 -0.9794 0.5309 15
0.0000 1.7729 -0.8350 -0.0342 4
0.0000 2.0621 -0.9717 0.6108 74
0.0000 1.7553 -0.8301 0.0339 4
0.0000 0.7416 -0.3509 -0.1894 6
0.0000 1.7422 -0.8243 0.1010 4
0.0000 0.9263 -0.4384 -0.1992 2
0.0000 1.7467 -0.8271 0.1691 4
0.0000 1.0479 -0.4965 -0.1837 2
0.0000 1.7418 -0.8256 0.2367 5
0.0000 1.3919 -0.6600 -0.1891 2
0.0000 1.7349 -0.8227 0.3041 4
0.0000 1.7587 -0.8343 -0.1703 5
0.0000 2.9371 -1.3940 0.6320 1
0.0000 1.7501 -0.8310 -0.1015 4
0.0000 2.0683 -0.9825 0.5286 58
0.0000 1.7539 -0.8332 -0.0339 5
0.0000 2.0554 -0.9769 0.6098 74
0.0000 1.7489 -0.8342 0.0338 4
0.0000 0.7404 -0.3533 -0.1894 6
0.0000 1.7321 -0.8269 0.1006 4
0.0000 0.9354 -0.4468 -0.2015 2
0.0000 1.7240 -0.8238 0.1672 4
0.0000 1.0462 -0.4999 -0.1837 2
0.0000 1.7390 -0.8313 0.2367 5
0.0000 1.3968 -0.6681 -0.1901 2
0.0000 1.7320 -0.8287 0.3041 5
0.0000 1.7450 -0.8353 -0.1693 7
0.0000 1.7319 -0.8290 0.3732 1
0.0000 1.7401 -0.8333 -0.1011 4
0.0000 2.0650 -0.9894 0.5286 58
0.0000 1.7365 -0.8324 -0.0336 4
0.0000 2.0433 -0.9798 0.6072 66
0.0000 1.7280 -0.8316 0.0335 5
0.0000 0.7532 -0.3627 -0.1930 6
0.0000 1.7184 -0.8278 0.1000 4
0.0000 0.9091 -0.4379 -0.1962 2
0.0000 1.7248 -0.8312 0.1675 4
0.0000 1.0516 -0.5070 -0.1849 2
0.0000 1.7236 -0.8314 0.2350 6
0.0000 1.3909 -0.6712 -0.1896 2
0.0000 1.7238 -0.8322 0.3032 6
0.0000 1.7548 -0.8472 -0.1705 21
0.0000 1.7024 -0.8223 0.3675 2
0.0000 1.7228 -0.8325 -0.1003 4
0.0000 2.0756 -1.0034 0.5322 53
0.0000 1.7354 -0.8393 -0.0336 5
0.0000 2.0398 -0.9870 0.6072 58
0.0000 1.7197 -0.8350 0.0334 4
0.0000 0.7380 -0.3585 -0.1894 6
0.0000 1.7065 -0.8294 0.0994 5
0.0000 0.9429 -0.4583 -0.2038 2
0.0000 1.7166 -0.8346 0.1670 5
0.0000 1.0569 -0.5141 -0.1862 2
0.0000 1.6993 -0.8270 0.2320 6
0.0000 1.4028 -0.6830 -0.1916 2
0.0000 1.7191 -0.8373 0.3029 6
0.0000 1.7249 -0.8402 -0.1679 20
0.0000 1.7084 -0.8325 0.3694 2
0.0000 1.7073 -0.8323 -0.0995 5
0.0000 2.0738 -1.0115 0.5327 49
0.0000 1.7199 -0.8392 -0.0334 4
0.0000 2.0520 -1.0017 0.6118 59
0.0000 1.7078 -0.8366 0.0332 5
0.0000 0.7367 -0.3611 -0.1894 6
0.0000 1.6839 -0.8257 0.0983 5
0.0000 0.9202 -0.4512 -0.1992 2
0.0000 1.7011 -0.8345 0.1658 5
0.0000 1.0409 -0.5109 -0.1837 2
0.0000 1.6928 -0.8311 0.2316 6
0.0000 1.3791 -0.6774 -0.1887 2
0.0000 1.7073 -0.8390 0.3013 6
0.0000 1.7202 -0.8453 -0.1677 7
0.0000 1.6984 -0.8350 0.3679 3
0.0000 1.6972 -0.8348 -0.0991 6
0.0000 2.0755 -1.0213 0.5340 37
0.0000 1.7187 -0.8461 -0.0334 5
0.0000 2.0606 -1.0148 0.6155 55
0.0000 1.6977 -0.8390 0.0331 5
0.0000 0.7284 -0.3602 -0.1876 6
0.0000 1.6756 -0.8289 0.0980 5
0.0000 0.9151 -0.4526 -0.1984 2
0.0000 1.7000 -0.8413 0.1659 6
0.0000 1.0392 -0.5145 -0.1837 2
0.0000 1.6846 -0.8344 0.2308 6
0.0000 1.3767 -0.6822 -0.1887 2
0.0000 1.6796 -0.8326 0.2969 5
0.0000 1.6976 -0.8416 -0.1658 5
0.0000 1.6744 -0.8304 0.3633 4
0.0000 1.6907 -0.8389 -0.0989 5
0.0000 2.0684 -1.0268 0.5331 37
0.0000 1.6979 -0.8432 -0.0331 5
0.0000 2.0623 -1.0246 0.6170 51
0.0000 1.6876 -0.8414 0.0329 5
0.0000 0.7272 -0.3627 -0.1876 6
0.0000 1.6711 -0.8335 0.0979 5
0.0000 0.9170 -0.4576 -0.1992 2
0.0000 1.6774 -0.8374 0.1640 6
0.0000 1.0374 -0.5181 -0.1837 2
0.0000 1.6781 -0.8385 0.2303 6
0.0000 1.3761 -0.6879 -0.1889 2
0.0000 1.6733 -0.8364 0.2963 6
0.0000 1.6804 -0.8404 -0.1644 5
0.0000 1.6732 -0.8372 0.3637 3
0.0000 1.6824 -0.8421 -0.0986 5
0.0000 2.0823 -1.0427 0.5376 15
0.0000 1.6808 -0.8417 -0.0328 5
0.0000 2.0502 -1.0271 0.6144 41
0.0000 1.6705 -0.8398 0.0326 5
0.0000 0.7434 -0.3739 -0.1921 6
0.0000 1.6575 -0.8340 0.0972 5
0.0000 0.8873 -0.4467 -0.1931 2
0.0000 1.6602 -0.8361 0.1626 5
0.0000 1.0462 -0.5269 -0.1855 2
0.0000 1.6629 -0.8378 0.2286 6
0.0000 1.3898 -0.7005 -0.1911 2
0.0000 1.6562 -0.8352 0.2938 6
0.0000 1.6632 -0.8391 -0.1630 5
0.0000 1.6547 -0.8348 0.3602 4
0.0000 1.6778 -0.8468 -0.0985 5
0.0000 1.6707 -0.8439 -0.0327 6
0.0000 2.0587 -1.0404 0.6181 36
0.0000 1.6551 -0.8393 0.0324 6
0.0000 0.7247 -0.3677 -0.1876 6
0.0000 1.6599 -0.8425 0.0976 5
0.0000 0.9489 -0.4816 -0.2068 2
0.0000 1.6486 -0.8371 0.1618 4
0.0000 1.0303 -0.5234 -0.1830 2
0.0000 1.6493 -0.8382 0.2272 6
0.0000 1.3643 -0.6936 -0.1879 2
0.0000 1.6480 -0.8383 0.2928 6
0.0000 1.6516 -0.8401 -0.1621 4
0.0000 1.6483 -0.8387 0.3595 4
0.0000 1.6517 -0.8409 -0.0971 5
0.0000 2.8808 -1.4672 0.7464 21
0.0000 1.6641 -0.8479 -0.0326 5
0.0000 2.0654 -1.0528 0.6212 33
0.0000 1.6593 -0.8487 0.0325 6
0.0000 0.7373 -0.3773 -0.1912 6
0.0000 1.6267 -0.8328 0.0958 4
0.0000 0.9437 -0.4831 -0.2061 2
0.0000 1.6457 -0.8428 0.1618 4
0.0000 1.0320 -0.5288 -0.1837 2
0.0000 1.6358 -0.8385 0.2257 6
0.0000 1.3760 -0.7056 -0.1899 2
0.0000 1.6433 -0.8431 0.2925 5
0.0000 1.6451 -0.8440 -0.1618 4
0.0000 1.6383 -0.8409 0.3580 4
0.0000 1.6452 -0.8448 -0.0969 5
0.0000 2.8913 -1.4853 0.7504 9
0.0000 1.6505 -0.8482 -0.0324 6
0.0000 2.1115 -1.0856 0.6362 30
0.0000 1.6527 -0.8527 0.0325 6
0.0000 0.7567 -0.3906 -0.1966 5
0.0000 1.6257 -0.8391 0.0959 6
0.0000 0.9071 -0.4684 -0.1984 2
0.0000 1.6427 -0.8486 0.1618 5
0.0000 1.0406 -0.5378 -0.1855 2
0.0000 1.6276 -0.8415 0.2250 6
0.0000 1.3629 -0.7050 -0.1884 2
0.0000 1.6247 -0.8404 0.2897 5
0.0000 1.6439 -0.8507 -0.1619 5
0.0000 1.6424 -0.8502 0.3595 4
0.0000 1.6334 -0.8460 -0.0964 5
0.0000 1.6370 -0.8482 -0.0322 6
0.0000 2.1782 -1.1291 0.6574 49
0.0000 1.6392 -0.8526 0.0323 6
0.0000 0.6690 -0.3481 -0.1741 7
0.0000 1.6157 -0.8411 0.0955 6
0.0000 0.9542 -0.4969 -0.2091 2
0.0000 1.6221 -0.8451 0.1600 7
0.0000 1.0564 -0.5504 -0.1887 2
0.0000 1.6248 -0.8469 0.2250 6
0.0000 1.3712 -0.7150 -0.1899 2
0.0000 1.6113 -0.8406 0.2878 6
0.0000 1.6215 -0.8462 -0.1600 4
0.0000 1.6186 -0.8448 0.3549 4
0.0000 1.6271 -0.8495 -0.0962 5
0.0000 3.3492 -1.7494 0.8724 1
0.0000 1.6163 -0.8446 -0.0318 6
0.0000 2.1674 -1.1331 0.6553 52
0.0000 1.6150 -0.8472 0.0318 7
0.0000 0.7368 -0.3867 -0.1921 6
0.0000 1.6200 -0.8501 0.0959 7
0.0000 0.9074 -0.4764 -0.1992 2
0.0000 1.6104 -0.8459 0.1591 6
0.0000 1.0335 -0.5430 -0.1849 2
0.0000 1.6113 -0.8470 0.2235 6
0.0000 1.3616 -0.7161 -0.1889 2
0.0000 1.6067 -0.8450 0.2875 6
0.0000 1.6098 -0.8470 -0.1591 5
0.0000 1.5931 -0.8385 0.3499 4
0.0000 1.6152 -0.8505 -0.0957 5
0.0000 3.3776 -1.7793 0.8814 1
0.0000 1.6135 -0.8500 -0.0318 7
0.0000 2.1705 -1.1439 0.6574 52
0.0000 1.5945 -0.8432 0.0315 7
0.0000 0.7321 -0.3873 -0.1912 6
0.0000 1.6046 -0.8493 0.0951 7
0.0000 0.8988 -0.4759 -0.1977 2
0.0000 1.6039 -0.8496 0.1588 7
0.0000 1.0317 -0.5465 -0.1849 2
0.0000 1.5909 -0.8431 0.2211 7
0.0000 1.3733 -0.7280 -0.1908 2
0.0000 1.5916 -0.8441 0.2853 6
0.0000 1.6086 -0.8535 -0.1593 5
0.0000 1.5834 -0.8401 0.3484 5
0.0000 1.6001 -0.8493 -0.0949 6
0.0000 1.6088 -0.8547 -0.0318 8
0.0000 2.1665 -1.1514 0.6574 45
0.0000 1.6002 -0.8537 0.0317 7
0.0000 0.7066 -0.3771 -0.1849 6
0.0000 1.5698 -0.8382 0.0933 6
0.0000 0.9352 -0.4993 -0.2061 2
0.0000 1.5887 -0.8486 0.1576 6
0.0000 1.0296 -0.5502 -0.1849 2
0.0000 1.5791 -0.8442 0.2199 7
0.0000 1.3601 -0.7274 -0.1894 2
0.0000 1.5937 -0.8527 0.2863 6
0.0000 1.5898 -0.8507 -0.1578 6
0.0000 1.5924 -0.8524 0.3511 5
0.0000 1.5899 -0.8514 -0.0945 6
0.0000 1.6004 -0.8577 -0.0317 7
0.0000 2.1690 -1.1630 0.6595 27
0.0000 1.5814 -0.8508 0.0313 6
0.0000 0.7293 -0.3925 -0.1912 6
0.0000 1.5633 -0.8418 0.0931 6
0.0000 0.8954 -0.4821 -0.1977 2
0.0000 1.5875 -0.8551 0.1578 6
0.0000 1.0242 -0.5520 -0.1843 2
0.0000 1.5848 -0.8544 0.2211 7
0.0000 1.3750 -0.7416 -0.1918 2
0.0000 1.5646 -0.8442 0.2816 6
0.0000 1.5869 -0.8562 -0.1578 6
0.0000 1.5808 -0.8533 0.3492 6
0.0000 1.5869 -0.8570 -0.0945 6
0.0000 1.5762 -0.8519 -0.0313 6
0.0000 2.1939 -1.1862 0.6683 22
0.0000 1.5749 -0.8544 0.0313 6
0.0000 0.7039 -0.3820 -0.1849 6
0.0000 1.5588 -0.8460 0.0929 7
0.0000 0.8937 -0.4853 -0.1977 2
0.0000 1.5669 -0.8511 0.1560 6
0.0000 1.0292 -0.5593 -0.1855 2
0.0000 1.5679 -0.8524 0.2191 7
0.0000 1.3515 -0.7350 -0.1889 2
0.0000 1.5566 -0.8466 0.2806 6
0.0000 1.5629 -0.8503 -0.1557 6
0.0000 1.5657 -0.8522 0.3465 6
0.0000 1.5769 -0.8587 -0.0941 6
0.0000 1.5664 -0.8533 -0.0311 6
0.0000 2.1916 -1.1944 0.6688 21
0.0000 1.5545 -0.8500 0.0309 6
0.0000 0.7266 -0.3975 -0.1912 6
0.0000 1.5453 -0.8457 0.0923 5
0.0000 0.9127 -0.4997 -0.2023 2
0.0000 1.5587 -0.8537 0.1555 6
0.0000 1.0066 -0.5513 -0.1818 2
0.0000 1.5581 -0.8537 0.2181 6
0.0000 1.3560 -0.7433 -0.1899 2
0.0000 1.5519 -0.8510 0.2803 5
0.0000 1.5599 -0.8558 -0.1557 5
0.0000 1.5491 -0.8499 0.3435 6
0.0000 1.5670 -0.8601 -0.0937 6
0.0000 1.5634 -0.8588 -0.0311 6
0.0000 2.1925 -1.2048 0.6703 20
0.0000 1.5428 -0.8506 0.0308 5
0.0000 0.7047 -0.3887 -0.1858 6
0.0000 1.5424 -0.8511 0.0923 5
0.0000 0.9145 -0.5046 -0.2030 2
0.0000 1.5454 -0.8531 0.1544 4
0.0000 1.0185 -0.5625 -0.1843 2
0.0000 1.5447 -0.8534 0.2167 6
0.0000 1.3569 -0.7500 -0.1904 2
0.0000 1.5506 -0.8574 0.2806 5
0.0000 1.5466 -0.8552 -0.1546 5
0.0000 1.5375 -0.8505 0.3415 7
0.0000 1.5483 -0.8568 -0.0927 5
0.0000 1.6759 -0.9278 0.4423 1
0.0000 1.5534 -0.8603 -0.0310 6
0.0000 2.2052 -1.2219 0.6755 20
0.0000 1.5450 -0.8589 0.0309 4
0.0000 0.6932 -0.3855 -0.1831 7
0.0000 1.5167 -0.8438 0.0910 5
0.0000 0.8955 -0.4982 -0.1992 2
0.0000 1.5442 -0.8595 0.1546 5
0.0000 1.0338 -0.5756 -0.1874 2
0.0000 1.5295 -0.8520 0.2150 6
0.0000 1.3439 -0.7489 -0.1889 2
0.0000 1.5390 -0.8580 0.2791 6
0.0000 1.5418 -0.8596 -0.1544 4
0.0000 1.5311 -0.8540 0.3408 7
0.0000 1.5348 -0.8564 -0.0921 4
0.0000 1.5521 -0.8667 -0.0310 5
0.0000 2.2178 -1.2390 0.6807 19
0.0000 1.5316 -0.8584 0.0306 4
0.0000 0.7224 -0.4051 -0.1912 6
0.0000 1.5050 -0.8442 0.0904 5
0.0000 0.8801 -0.4937 -0.1962 2
0.0000 1.5394 -0.8639 0.1544 5
0.0000 1.0146 -0.5696 -0.1843 2
0.0000 1.5266 -0.8574 0.2150 6
0.0000 1.3395 -0.7526 -0.1887 2
0.0000 1.5171 -0.8527 0.2756 5
0.0000 1.5353 -0.8630 -0.1541 4
0.0000 1.5247 -0.8574 0.3400 7
0.0000 1.5301 -0.8608 -0.0920 5
0.0000 1.5264 -0.8594 -0.0306 6
0.0000 2.2320 -1.2571 0.6864 16
0.0000 1.5286 -0.8638 0.0306 6
0.0000 0.7074 -0.3999 -0.1876 6
0.0000 1.5021 -0.8495 0.0904 5
0.0000 0.8852 -0.5006 -0.1977 2
0.0000 1.5191 -0.8594 0.1527 5
0.0000 1.0160 -0.5751 -0.1849 2
0.0000 1.5184 -0.8598 0.2142 6
0.0000 1.3524 -0.7661 -0.1908 2
0.0000 1.5038 -0.8522 0.2738 6
0.0000 1.5115 -0.8566 -0.1520 6
0.0000 1.5166 -0.8598 0.3389 6
0.0000 1.5236 -0.8641 -0.0918 6
0.0000 1.5095 -0.8568 -0.0303 8
0.0000 1.5064 -0.8582 0.0303 6
0.0000 0.7196 -0.4101 -0.1912 6
0.0000 1.5060 -0.8587 0.0909 7
0.0000 0.9346 -0.5329 -0.2091 2
0.0000 1.5057 -0.8588 0.1517 7
0.0000 1.0071 -0.5747 -0.1837 2
0.0000 1.5068 -0.8601 0.2130 9
0.0000 1.3325 -0.7610 -0.1884 2
0.0000 1.5059 -0.8604 0.2747 7
0.0000 1.5033 -0.8589 -0.1515 6
0.0000 1.4965 -0.8553 0.3351 7
0.0000 1.5171 -0.8675 -0.0916 7
0.0000 1.5152 -0.8671 -0.0305 8
0.0000 3.3213 -1.9013 1.0254 1
0.0000 1.4948 -0.8585 0.0301 6
0.0000 0.6978 -0.4010 -0.1858 6
0.0000 1.4926 -0.8580 0.0902 9
0.0000 0.9328 -0.5361 -0.2091 2
0.0000 1.5009 -0.8631 0.1515 7
0.0000 1.0051 -0.5782 -0.1837 2
0.0000 1.4917 -0.8585 0.2113 9
0.0000 1.3419 -0.7725 -0.1901 3
0.0000 1.5012 -0.8646 0.2744 7
0.0000 1.5038 -0.8661 -0.1518 6
0.0000 1.4901 -0.8586 0.3343 8
0.0000 1.4881 -0.8578 -0.0900 5
0.0000 1.5751 -0.9083 0.4198 1
0.0000 1.5122 -0.8723 -0.0305 8
0.0000 3.3347 -1.9245 1.0317 1
0.0000 1.4952 -0.8657 0.0302 6
0.0000 0.7369 -0.4268 -0.1966 5
0.0000 1.4741 -0.8541 0.0893 7
0.0000 0.9309 -0.5394 -0.2091 2
0.0000 1.4893 -0.8633 0.1506 8
0.0000 1.0133 -0.5876 -0.1855 2
0.0000 1.4801 -0.8587 0.2101 10
0.0000 1.3186 -0.7653 -0.1872 3
0.0000 1.4931 -0.8669 0.2734 7
0.0000 1.4903 -0.8656 -0.1508 5
0.0000 1.4804 -0.8599 0.3328 7
0.0000 1.4868 -0.8640 -0.0901 5
0.0000 1.4935 -0.8686 -0.0302 7
0.0000 3.3447 -1.9459 1.0368 1
0.0000 1.4904 -0.8699 0.0301 6
0.0000 0.6950 -0.4058 -0.1858 6
0.0000 1.4607 -0.8532 0.0887 7
0.0000 0.8848 -0.5170 -0.1992 2
0.0000 1.4827 -0.8668 0.1503 8
0.0000 1.0214 -0.5973 -0.1874 2
0.0000 1.4788 -0.8648 0.2103 7
0.0000 1.3262 -0.7759 -0.1887 3
0.0000 1.4713 -0.8611 0.2700 9
0.0000 1.4872 -0.8708 -0.1508 5
0.0000 1.4772 -0.8653 0.3328 8
0.0000 1.4716 -0.8624 -0.0894 6
0.0000 1.5685 -0.9195 0.4198 1
0.0000 1.4819 -0.8687 -0.0300 9
0.0000 3.3445 -1.9614 1.0389 1
0.0000 1.4752 -0.8683 0.0299 6
0.0000 0.7338 -0.4321 -0.1966 5
0.0000 1.4577 -0.8583 0.0887 7
0.0000 0.9168 -0.5401 -0.2068 2
0.0000 1.4659 -0.8638 0.1489 8
0.0000 1.0227 -0.6029 -0.1880 2
0.0000 1.4688 -0.8662 0.2094 6
0.0000 1.3165 -0.7767 -0.1877 3
0.0000 1.4649 -0.8642 0.2694 9
0.0000 1.4584 -0.8608 -0.1482 5
0.0000 1.4775 -0.8724 0.3335 8
0.0000 1.4686 -0.8675 -0.0894 7
0.0000 1.4737 -0.8708 -0.0299 10
0.0000 3.3360 -1.9721 1.0384 1
0.0000 1.4499 -0.8599 0.0294 6
0.0000 0.6486 -0.3848 -0.1741 7
0.0000 1.4530 -0.8624 0.0886 7
0.0000 0.9015 -0.5352 -0.2038 2
0.0000 1.4492 -0.8608 0.1475 8
0.0000 1.0020 -0.5952 -0.1846 2
0.0000 1.4608 -0.8680 0.2086 9
0.0000 1.3258 -0.7882 -0.1894 3
0.0000 1.4567 -0.8663 0.2684 7
0.0000 1.4606 -0.8689 -0.1487 5
0.0000 1.4595 -0.8683 0.3301 7
0.0000 1.4606 -0.8693 -0.0891 7
0.0000 1.4637 -0.8719 -0.0297 10
0.0000 3.3423 -1.9916 1.0425 1
0.0000 0.7313 -0.4370 -0.2283 5
0.0000 1.4555 -0.8701 0.0296 6
0.0000 0.6907 -0.4131 -0.1858 6
0.0000 1.4500 -0.8675 0.0886 7
0.0000 0.9098 -0.5443 -0.2061 2
0.0000 1.4583 -0.8728 0.1487 8
0.0000 0.9915 -0.5936 -0.1830 2
0.0000 1.4424 -0.8640 0.2064 9
0.0000 1.3248 -0.7938 -0.1896 3
0.0000 1.4605 -0.8755 0.2697 7
0.0000 1.4507 -0.8699 -0.1480 6
0.0000 1.4497 -0.8693 0.3286 7
0.0000 1.4404 -0.8641 -0.0880 6
0.0000 1.4624 -0.8780 -0.0298 9
0.0000 3.3287 -1.9993 1.0405 1
0.0000 1.4490 -0.8731 0.0295 6
0.0000 0.7093 -0.4276 -0.1912 6
0.0000 1.4264 -0.8601 0.0873 7
0.0000 0.9011 -0.5436 -0.2045 2
0.0000 1.4466 -0.8730 0.1478 8
0.0000 1.0045 -0.6064 -0.1858 2
0.0000 1.4241 -0.8598 0.2043 9
0.0000 1.3033 -0.7871 -0.1869 3
0.0000 1.4405 -0.8703 0.2666 7
0.0000 1.4391 -0.8698 -0.1471 5
0.0000 1.4431 -0.8726 0.3278 8
0.0000 1.4321 -0.8663 -0.0877 6
0.0000 1.4559 -0.8810 -0.0297 9
0.0000 3.3465 -2.0259 1.0482 1
0.0000 1.4441 -0.8773 0.0295 6
0.0000 0.7078 -0.4301 -0.1912 6
0.0000 1.4200 -0.8630 0.0871 7
0.0000 0.9193 -0.5589 -0.2091 2
0.0000 1.4367 -0.8739 0.1471 8
0.0000 1.0007 -0.6089 -0.1855 2
0.0000 1.4226 -0.8660 0.2045 7
0.0000 1.3056 -0.7948 -0.1877 3
0.0000 1.4273 -0.8692 0.2647 7
0.0000 1.4361 -0.8749 -0.1471 6
0.0000 1.4417 -0.8787 0.3282 8
0.0000 1.4308 -0.8723 -0.0878 6
0.0000 1.4323 -0.8736 -0.0293 9
0.0000 3.3477 -2.0426 1.0508 1
0.0000 1.4293 -0.8748 0.0293 7
0.0000 0.6764 -0.4142 -0.1831 7
0.0000 1.4120 -0.8646 0.0868 6
0.0000 0.9040 -0.5538 -0.2061 2
0.0000 1.4134 -0.8661 0.1450 9
0.0000 0.9903 -0.6071 -0.1840 2
0.0000 1.4130 -0.8666 0.2035 7
0.0000 1.3115 -0.8043 -0.1889 3
0.0000 1.4093 -0.8646 0.2619 6
0.0000 1.4213 -0.8723 -0.1459 7
0.0000 1.4238 -0.8742 0.3248 7
0.0000 1.4176 -0.8708 -0.0872 7
0.0000 1.4277 -0.8773 -0.0293 9
0.0000 3.3343 -2.0497 1.0487 1
0.0000 1.4144 -0.8722 0.0290 7
0.0000 0.6750 -0.4164 -0.1831 7
0.0000 1.4158 -0.8737 0.0872 6
0.0000 0.8988 -0.5547 -0.2053 2
0.0000 1.4054 -0.8677 0.1445 7
0.0000 0.9899 -0.6114 -0.1843 2
0.0000 1.4034 -0.8671 0.2025 7
0.0000 1.3086 -0.8089 -0.1889 3
0.0000 1.4079 -0.8706 0.2622 7
0.0000 1.4201 -0.8781 -0.1461 9
0.0000 1.4108 -0.8727 0.3225 7
0.0000 1.4164 -0.8765 -0.0873 7
0.0000 1.4863 -0.9201 0.4036 1
0.0000 1.4128 -0.8749 -0.0290 9
0.0000 3.3271 -2.0613 1.0487 1
0.0000 1.4097 -0.8761 0.0290 7
0.0000 0.6835 -0.4249 -0.1858 6
0.0000 1.4026 -0.8723 0.0866 5
0.0000 0.8636 -0.5371 -0.1977 2
0.0000 1.4041 -0.8736 0.1447 9
0.0000 0.9995 -0.6221 -0.1865 2
0.0000 1.3936 -0.8678 0.2016 7
0.0000 1.3024 -0.8113 -0.1884 3
0.0000 1.4049 -0.8755 0.2622 7
0.0000 1.4102 -0.8788 -0.1454 7
0.0000 1.3961 -0.8704 0.3198 7
0.0000 1.3896 -0.8667 -0.0858 6
0.0000 1.4500 -0.9046 0.3946 1
0.0000 1.4029 -0.8756 -0.0289 9
0.0000 3.3412 -2.0862 1.0555 1
0.0000 1.3982 -0.8757 0.0288 7
0.0000 0.6820 -0.4273 -0.1858 6
0.0000 1.3860 -0.8688 0.0857 6
0.0000 0.8816 -0.5526 -0.2023 2
0.0000 1.4010 -0.8785 0.1447 9
0.0000 0.9906 -0.6214 -0.1852 2
0.0000 1.3889 -0.8716 0.2013 7
0.0000 1.2996 -0.8159 -0.1884 3
0.0000 1.3968 -0.8772 0.2612 6
0.0000 1.4088 -0.8848 -0.1456 7
0.0000 1.3997 -0.8794 0.3213 7
0.0000 1.3883 -0.8726 -0.0859 6
0.0000 1.3940 -0.8765 0.3802 1
0.0000 1.4015 -0.8816 -0.0289 11
0.0000 3.3388 -2.1009 1.0570 1
0.0000 1.4035 -0.8859 0.0290 7
0.0000 0.6706 -0.4235 -0.1831 7
0.0000 1.3796 -0.8715 0.0855 7
0.0000 0.8664 -0.5473 -0.1992 2
0.0000 1.3895 -0.8781 0.1438 7
0.0000 0.9968 -0.6302 -0.1868 2
0.0000 1.3841 -0.8754 0.2011 7
0.0000 1.2850 -0.8130 -0.1867 3
0.0000 1.3804 -0.8737 0.2587 7
0.0000 1.3923 -0.8812 -0.1442 6
0.0000 1.3834 -0.8759 0.3183 7
0.0000 1.3819 -0.8753 -0.0857 6
0.0000 1.3663 -0.8657 0.3734 2
0.0000 1.3782 -0.8736 -0.0285 8
0.0000 3.0639 -1.9429 0.9721 1
0.0000 1.3869 -0.8822 0.0287 6
0.0000 0.6691 -0.4258 -0.1831 7
0.0000 1.3748 -0.8752 0.0854 9
0.0000 0.8612 -0.5482 -0.1984 2
0.0000 1.3696 -0.8722 0.1421 7
0.0000 0.9946 -0.6336 -0.1868 2
0.0000 1.3811 -0.8802 0.2011 7
0.0000 1.2822 -0.8175 -0.1867 3
0.0000 1.3707 -0.8742 0.2575 7
0.0000 1.3724 -0.8753 -0.1424 6
0.0000 1.3803 -0.8807 0.3183 8
0.0000 1.3788 -0.8801 -0.0857 7
0.0000 1.3616 -0.8694 0.3730 2
0.0000 1.3785 -0.8806 -0.0286 9
0.0000 2.9025 -1.8548 0.9229 3
0.0000 1.3754 -0.8817 0.0285 7
0.0000 0.6775 -0.4344 -0.1858 6
0.0000 1.3718 -0.8800 0.0854 9
0.0000 0.8824 -0.5661 -0.2038 2
0.0000 1.3632 -0.8749 0.1417 7
0.0000 0.9758 -0.6264 -0.1837 2
0.0000 1.3680 -0.8786 0.1996 9
0.0000 1.2993 -0.8348 -0.1896 3
0.0000 1.3643 -0.8769 0.2569 8
0.0000 1.3643 -0.8769 -0.1419 6
0.0000 1.3591 -0.8738 0.3141 9
0.0000 1.3690 -0.8806 -0.0853 7
0.0000 1.3422 -0.8636 0.3685 3
0.0000 1.3737 -0.8843 -0.0285 11
0.0000 2.9090 -1.8733 0.9271 3
0.0000 1.3638 -0.8813 0.0283 7
0.0000 0.6759 -0.4369 -0.1858 6
0.0000 1.3586 -0.8783 0.0848 9
0.0000 0.8737 -0.5650 -0.2023 2
0.0000 1.3600 -0.8798 0.1417 9
0.0000 0.9867 -0.6386 -0.1862 2
0.0000 1.3531 -0.8760 0.1979 9
0.0000 1.3029 -0.8439 -0.1906 3
0.0000 1.3629 -0.8827 0.2572 8
0.0000 1.3644 -0.8840 -0.1422 7
0.0000 1.3509 -0.8756 0.3129 8
0.0000 1.3608 -0.8823 -0.0850 7
0.0000 1.3374 -0.8675 0.3680 3
0.0000 1.3723 -0.8902 -0.0286 13
0.0000 2.9332 -1.9034 0.9369 7
0.0000 1.3575 -0.8836 0.0283 7
0.0000 0.7136 -0.4647 -0.1966 5
0.0000 1.3472 -0.8775 0.0843 9
0.0000 0.8783 -0.5724 -0.2038 2
0.0000 1.3569 -0.8846 0.1417 7
0.0000 0.9714 -0.6332 -0.1837 2
0.0000 1.3418 -0.8751 0.1967 7
0.0000 1.2818 -0.8363 -0.1879 3
0.0000 1.3548 -0.8842 0.2562 8
0.0000 1.3613 -0.8888 -0.1422 7
0.0000 1.3464 -0.8790 0.3125 8
0.0000 1.3361 -0.8726 -0.0836 7
0.0000 1.3263 -0.8666 0.3658 4
0.0000 1.3642 -0.8917 -0.0284 13
0.0000 2.9217 -1.9104 0.9354 21
0.0000 1.3444 -0.8818 0.0281 7
0.0000 0.6631 -0.4351 -0.1831 7
0.0000 1.3324 -0.8746 0.0835 9
0.0000 0.8469 -0.5559 -0.1969 2
0.0000 1.3440 -0.8825 0.1407 7
0.0000 0.9791 -0.6431 -0.1855 2
0.0000 1.3504 -0.8874 0.1984 7
0.0000 1.2905 -0.8484 -0.1896 3
0.0000 1.3451 -0.8846 0.2550 8
0.0000 1.3467 -0.8856 -0.1410 6
0.0000 1.3449 -0.8848 0.3129 7
0.0000 1.3464 -0.8861 -0.0845 7
0.0000 1.3184 -0.8680 0.3644 4
0.0000 1.3427 -0.8843 -0.0281 9
0.0000 1.3413 -0.8864 0.0281 7
0.0000 0.6779 -0.4482 -0.1876 6
0.0000 1.3294 -0.8792 0.0835 7
0.0000 0.8581 -0.5675 -0.2000 2
0.0000 1.3310 -0.8806 0.1396 7
0.0000 0.9834 -0.6509 -0.1868 2
0.0000 1.3374 -0.8855 0.1969 7
0.0000 1.2809 -0.8485 -0.1887 3
0.0000 1.3322 -0.8827 0.2531 8
0.0000 1.3270 -0.8793 -0.1393 6
0.0000 1.3451 -0.8917 0.3137 7
0.0000 1.3399 -0.8886 -0.0843 7
0.0000 1.3137 -0.8715 0.3640 4
0.0000 1.3263 -0.8802 -0.0278 10
0.0000 1.6948 -1.1251 0.5451 3
0.0000 1.3315 -0.8867 0.0279 7
0.0000 0.6893 -0.4592 -0.1912 6
0.0000 1.3231 -0.8814 0.0833 7
0.0000 0.8397 -0.5596 -0.1962 2
0.0000 1.3246 -0.8830 0.1393 7
0.0000 0.9647 -0.6434 -0.1837 2
0.0000 1.3277 -0.8858 0.1960 7
0.0000 1.2846 -0.8574 -0.1896 3
0.0000 1.3292 -0.8871 0.2531 7
0.0000 1.3190 -0.8806 -0.1388 6
0.0000 1.3110 -0.8756 0.3064 7
0.0000 1.3302 -0.8888 -0.0838 6
0.0000 1.3026 -0.8707 0.3617 4
0.0000 1.3267 -0.8868 -0.0279 8
0.0000 1.6862 -1.1275 0.5435 4
0.0000 1.3120 -0.8800 0.0276 6
0.0000 0.6263 -0.4202 -0.1741 7
0.0000 1.3084 -0.8782 0.0826 7
0.0000 0.8280 -0.5560 -0.1939 2
0.0000 1.3198 -0.8865 0.1391 6
0.0000 0.9593 -0.6444 -0.1830 2
0.0000 1.3066 -0.8780 0.1933 8
0.0000 1.2850 -0.8638 -0.1901 3
0.0000 1.3261 -0.8918 0.2531 8
0.0000 1.3126 -0.8830 -0.1384 6
0.0000 1.3080 -0.8800 0.3064 7
0.0000 1.3189 -0.8876 -0.0833 6
0.0000 1.2997 -0.8750 0.3617 4
0.0000 1.3236 -0.8914 -0.0279 8
0.0000 1.6903 -1.1388 0.5461 8
0.0000 1.3139 -0.8879 0.0277 6
0.0000 0.6732 -0.4551 -0.1876 6
0.0000 1.2987 -0.8783 0.0822 6
0.0000 0.8554 -0.5785 -0.2007 2
0.0000 1.3103 -0.8864 0.1384 6
0.0000 0.9668 -0.6543 -0.1849 2
0.0000 1.2969 -0.8781 0.1923 8
0.0000 1.2721 -0.8616 -0.1887 3
0.0000 1.3132 -0.8898 0.2512 7
0.0000 1.3111 -0.8887 -0.1386 6
0.0000 1.3033 -0.8834 0.3061 7
0.0000 1.3026 -0.8833 -0.0825 6
0.0000 1.2870 -0.8730 0.3590 5
0.0000 1.3138 -0.8915 -0.0277 8
0.0000 1.6735 -1.1360 0.5420 8
0.0000 1.3025 -0.8868 0.0275 6
0.0000 0.6845 -0.4662 -0.1912 6
0.0000 1.2940 -0.8817 0.0821 6
0.0000 0.8468 -0.5772 -0.1992 2
0.0000 1.3070 -0.8912 0.1384 6
0.0000 0.9775 -0.6668 -0.1874 2
0.0000 1.3004 -0.8871 0.1933 7
0.0000 1.2626 -0.8616 -0.1877 3
0.0000 1.3101 -0.8943 0.2512 7
0.0000 1.3064 -0.8922 -0.1384 6
0.0000 1.2985 -0.8871 0.3057 6
0.0000 1.3093 -0.8948 -0.0831 6
0.0000 1.2805 -0.8755 0.3581 5
0.0000 1.3008 -0.8893 -0.0275 8
0.0000 1.6663 -1.1397 0.5409 8
0.0000 1.2927 -0.8871 0.0274 6
0.0000 0.6828 -0.4687 -0.1912 6
0.0000 1.2810 -0.8794 0.0814 5
0.0000 0.8286 -0.5691 -0.1954 2
0.0000 1.2858 -0.8834 0.1365 5
0.0000 0.9849 -0.6769 -0.1893 2
0.0000 1.2972 -0.8919 0.1933 6
0.0000 1.2741 -0.8763 -0.1899 3
0.0000 1.2793 -0.8799 0.2459 5
0.0000 1.2868 -0.8854 -0.1367 5
0.0000 1.2938 -0.8905 0.3053 4
0.0000 1.2963 -0.8926 -0.0825 6
0.0000 1.2807 -0.8822 0.3590 4
0.0000 1.2911 -0.8893 -0.0274 10
0.0000 1.6480 -1.1356 0.5363 8
0.0000 1.2798 -0.8845 0.0272 4
0.0000 0.7005 -0.4843 -0.1966 5
0.0000 1.2747 -0.8816 0.0812 4
0.0000 0.8557 -0.5921 -0.2023 2
0.0000 1.2762 -0.8833 0.1358 4
0.0000 0.9534 -0.6599 -0.1837 2
0.0000 1.2942 -0.8961 0.1933 5
0.0000 1.2663 -0.8772 -0.1891 3
0.0000 1.2924 -0.8956 0.2490 5
0.0000 1.2805 -0.8876 -0.1363 5
0.0000 1.2860 -0.8914 0.3041 4
0.0000 1.2949 -0.8980 -0.0826 5
0.0000 1.2873 -0.8931 0.3617 5
0.0000 1.2913 -0.8961 -0.0274 7
0.0000 1.6361 -1.1359 0.5337 8
0.0000 1.2899 -0.8982 0.0274 4
0.0000 0.6668 -0.4645 -0.1876 6
0.0000 1.2847 -0.8952 0.0821 4
0.0000 0.8537 -0.5949 -0.2023 2
0.0000 1.2912 -0.9001 0.1377 4
0.0000 0.9576 -0.6678 -0.1849 2
0.0000 1.2894 -0.8995 0.1930 7
0.0000 1.2600 -0.8793 -0.1887 3
0.0000 1.2958 -0.9046 0.2503 6
0.0000 1.2890 -0.8999 -0.1375 3
0.0000 1.2877 -0.8993 0.3053 8
0.0000 1.2885 -0.9002 -0.0824 5
0.0000 1.2938 -0.9043 0.3644 5
0.0000 1.2914 -0.9029 -0.0275 7
0.0000 1.6306 -1.1405 0.5332 8
0.0000 1.2900 -0.9049 0.0275 7
0.0000 0.6811 -0.4780 -0.1921 6
0.0000 1.2832 -0.9008 0.0822 9
0.0000 0.8323 -0.5843 -0.1977 2
0.0000 1.3044 -0.9161 0.1394 7
0.0000 0.9811 -0.6893 -0.1899 2
0.0000 1.2928 -0.9086 0.1940 11
0.0000 1.2439 -0.8746 -0.1867 3
0.0000 1.2991 -0.9137 0.2515 10
0.0000 1.3021 -0.9158 -0.1393 8
0.0000 1.2941 -0.9106 0.3076 9
0.0000 1.2952 -0.9116 -0.0830 10
0.0000 1.2811 -0.9020 0.3617 5
0.0000 1.3030 -0.9178 -0.0278 14
0.0000 1.6171 -1.1395 0.5301 6
0.0000 1.2999 -0.9187 0.0278 10
0.0000 0.6476 -0.4579 -0.1831 7
0.0000 1.2915 -0.9134 0.0829 10
0.0000 0.8495 -0.6008 -0.2023 2
0.0000 1.2963 -0.9171 0.1389 7
0.0000 0.9658 -0.6836 -0.1874 2
0.0000 1.2977 -0.9188 0.1952 10
0.0000 1.2441 -0.8812 -0.1872 3
0.0000 1.2975 -0.9193 0.2519 8
0.0000 1.3087 -0.9273 -0.1403 9
0.0000 1.3038 -0.9242 0.3106 8
0.0000 1.2969 -0.9196 -0.0833 10
0.0000 1.2811 -0.9088 0.3626 4
0.0000 1.2932 -0.9177 -0.0277 15
0.0000 1.6178 -1.1485 0.5316 7
0.0000 1.3032 -0.9278 0.0279 9
0.0000 0.6746 -0.4805 -0.1912 6
0.0000 1.2866 -0.9167 0.0828 7
0.0000 0.8282 -0.5901 -0.1977 2
0.0000 1.3044 -0.9298 0.1401 9
0.0000 0.9827 -0.7007 -0.1912 2
0.0000 1.2993 -0.9268 0.1960 7
0.0000 1.2475 -0.8901 -0.1882 3
0.0000 1.2975 -0.9262 0.2525 7
0.0000 1.2989 -0.9272 -0.1396 9
0.0000 1.3085 -0.9344 0.3125 8
0.0000 1.3002 -0.9288 -0.0837 10
0.0000 1.2906 -0.9223 0.3662 5
0.0000 1.2933 -0.9245 -0.0277 14
0.0000 1.5997 -1.1440 0.5270 6
0.0000 1.2951 -0.9289 0.0278 9
0.0000 0.6444 -0.4624 -0.1831 7
0.0000 1.2916 -0.9270 0.0833 7
0.0000 0.8453 -0.6067 -0.2023 2
0.0000 1.2963 -0.9308 0.1396 9
0.0000 0.9482 -0.6811 -0.1849 2
0.0000 1.3042 -0.9371 0.1972 7
0.0000 1.2411 -0.8922 -0.1877 3
0.0000 1.2991 -0.9342 0.2534 8
0.0000 1.2973 -0.9329 -0.1398 7
0.0000 1.3021 -0.9367 0.3118 8
0.0000 1.3018 -0.9368 -0.0841 8
0.0000 1.2937 -0.9313 0.3680 4
0.0000 1.3030 -0.9384 -0.0280 11
0.0000 1.5925 -1.1473 0.5259 5
0.0000 1.2934 -0.9346 0.0279 9
0.0000 0.6744 -0.4875 -0.1921 6
0.0000 1.2996 -0.9397 0.0841 9
0.0000 0.8400 -0.6074 -0.2015 2
0.0000 1.3060 -0.9447 0.1410 7
0.0000 0.9394 -0.6798 -0.1837 2
0.0000 1.2977 -0.9394 0.1967 9
0.0000 1.2444 -0.9012 -0.1887 3
0.0000 1.3086 -0.9480 0.2559 8
0.0000 1.3021 -0.9433 -0.1407 7
0.0000 1.2988 -0.9412 0.3118 8
0.0000 1.3001 -0.9425 -0.0842 8
0.0000 1.2920 -0.9370 0.3685 4
0.0000 1.3030 -0.9453 -0.0281 11
0.0000 1.5869 -1.1517 0.5254 4
0.0000 1.3015 -0.9473 0.0281 7
0.0000 0.6569 -0.4783 -0.1876 6
0.0000 1.2884 -0.9382 0.0835 7
0.0000 0.8220 -0.5988 -0.1977 2
0.0000 1.3043 -0.9504 0.1412 7
0.0000 0.9594 -0.6993 -0.1880 2
0.0000 1.2976 -0.9462 0.1972 9
0.0000 1.2350 -0.9006 -0.1877 3
0.0000 1.3134 -0.9581 0.2575 7
0.0000 1.3020 -0.9501 -0.1410 7
0.0000 1.3018 -0.9504 0.3133 8
0.0000 1.2968 -0.9470 -0.0842 7
0.0000 1.2858 -0.9390 0.3676 3
0.0000 1.3047 -0.9531 -0.0282 11
0.0000 1.5800 -1.1547 0.5244 3
0.0000 1.3064 -0.9575 0.0283 9
0.0000 0.6459 -0.4736 -0.1849 6
0.0000 1.2998 -0.9531 0.0845 10
0.0000 0.8359 -0.6131 -0.2015 2
0.0000 1.3108 -0.9618 0.1422 9
0.0000 0.9443 -0.6932 -0.1855 2
0.0000 1.3040 -0.9576 0.1986 9
0.0000 1.2224 -0.8976 -0.1862 3
0.0000 1.3007 -0.9554 0.2556 7
0.0000 1.3117 -0.9639 -0.1424 7
0.0000 1.3066 -0.9605 0.3152 7
0.0000 1.2985 -0.9549 -0.0845 8
0.0000 1.2779 -0.9398 0.3662 3
0.0000 1.2951 -0.9527 -0.0281 13
0.0000 1.5855 -1.1668 0.5275 3
0.0000 1.3048 -0.9631 0.0283 10
0.0000 0.6381 -0.4711 -0.1831 7
0.0000 1.3013 -0.9612 0.0848 10
0.0000 0.8243 -0.6089 -0.1992 2
0.0000 1.3044 -0.9638 0.1419 9
0.0000 0.9420 -0.6963 -0.1855 2
0.0000 1.3056 -0.9654 0.1994 9
0.0000 1.2193 -0.9019 -0.1862 3
0.0000 1.3037 -0.9647 0.2569 7
0.0000 1.2989 -0.9611 -0.1414 7
0.0000 1.3081 -0.9683 0.3164 8
0.0000 1.3033 -0.9651 -0.0850 10
0.0000 1.3013 -0.9639 0.3739 3
0.0000 1.3030 -0.9656 -0.0283 14
0.0000 1.5752 -1.1677 0.5254 3
0.0000 1.3063 -0.9712 0.0284 10
0.0000 0.6646 -0.4943 -0.1912 6
0.0000 1.3060 -0.9717 0.0853 10
0.0000 0.8411 -0.6258 -0.2038 2
0.0000 1.2994 -0.9671 0.1417 9
0.0000 0.9427 -0.7019 -0.1862 2
0.0000 1.3055 -0.9723 0.1999 10
0.0000 1.2225 -0.9109 -0.1872 3
0.0000 1.2971 -0.9669 0.2562 8
0.0000 1.3035 -0.9716 -0.1422 9
0.0000 1.3126 -0.9788 0.3183 9
0.0000 1.3064 -0.9744 -0.0854 10
0.0000 1.3010 -0.9708 0.3748 2
0.0000 1.3076 -0.9761 -0.0285 14
0.0000 1.5680 -1.1709 0.5244 2
0.0000 1.2997 -0.9733 0.0283 10
0.0000 0.6254 -0.4685 -0.1804 7
0.0000 1.2994 -0.9738 0.0851 11
0.0000 0.8295 -0.6217 -0.2015 2
0.0000 1.3056 -0.9788 0.1428 10
0.0000 0.9308 -0.6981 -0.1843 2
0.0000 1.3036 -0.9781 0.2001 10
0.0000 1.2161 -0.9128 -0.1867 3
0.0000 1.3127 -0.9856 0.2600 11
0.0000 1.3113 -0.9845 -0.1435 10
0.0000 1.3029 -0.9786 0.3167 9
0.0000 1.2966 -0.9742 -0.0850 10
0.0000 1.3023 -0.9789 0.3761 2
0.0000 1.3170 -0.9903 -0.0288 16
0.0000 1.5794 -1.1880 0.5295 3
0.0000 1.3059 -0.9851 0.0286 9
0.0000 0.6486 -0.4895 -0.1876 6
0.0000 1.2928 -0.9759 0.0849 10
0.0000 0.8367 -0.6317 -0.2038 2
0.0000 1.3085 -0.9882 0.1435 9
0.0000 0.9252 -0.6990 -0.1837 2
0.0000 1.3034 -0.9850 0.2006 10
0.0000 1.2098 -0.9146 -0.1862 3
0.0000 1.3140 -0.9938 0.2609 11
0.0000 1.3078 -0.9891 -0.1435 9
0.0000 1.3136 -0.9938 0.3202 10
0.0000 1.2979 -0.9823 -0.0853 8
0.0000 1.3128 -0.9940 0.3802 1
0.0000 1.3183 -0.9985 -0.0289 13
0.0000 1.5660 -1.1865 0.5264 2
0.0000 1.3104 -0.9957 0.0287 9
0.0000 0.6221 -0.4729 -0.1804 7
0.0000 1.2957 -0.9853 0.0853 10
0.0000 0.8158 -0.6203 -0.1992 2
0.0000 1.3082 -0.9952 0.1438 10
0.0000 0.9212 -0.7010 -0.1833 2
0.0000 1.3126 -0.9992 0.2025 10
0.0000 1.2050 -0.9176 -0.1860 3
0.0000 1.3058 -0.9948 0.2600 11
0.0000 1.3060 -0.9949 -0.1436 9
0.0000 1.3132 -1.0008 0.3209 10
0.0000 1.2993 -0.9905 -0.0856 10
0.0000 1.3621 -1.0387 0.3955 1
0.0000 1.3069 -0.9970 -0.0287 13
0.0000 1.5618 -1.1919 0.5264 2
0.0000 1.3148 -1.0063 0.0289 9
0.0000 0.6576 -0.5035 -0.1912 6
0.0000 1.3018 -0.9971 0.0859 9
0.0000 0.8261 -0.6327 -0.2023 2
0.0000 1.2984 -0.9949 0.1431 10
0.0000 0.9234 -0.7078 -0.1843 2
0.0000 1.3154 -1.0086 0.2035 10
0.0000 1.2002 -0.9206 -0.1857 3
0.0000 1.3055 -1.0017 0.2606 11
0.0000 1.3104 -1.0055 -0.1445 9
0.0000 1.3160 -1.0101 0.3225 9
0.0000 1.3021 -0.9999 -0.0860 8
0.0000 1.3646 -1.0482 0.3973 1
0.0000 1.3081 -1.0052 -0.0288 11
0.0000 1.5638 -1.2021 0.5285 3
0.0000 1.3081 -1.0085 0.0288 9
0.0000 0.6281 -0.4844 -0.1831 7
0.0000 1.3046 -1.0065 0.0864 10
0.0000 0.8176 -0.6308 -0.2007 2
0.0000 1.3044 -1.0067 0.1442 9
0.0000 0.9100 -0.7026 -0.1821 2
0.0000 1.3150 -1.0156 0.2040 10
0.0000 1.2143 -0.9382 -0.1884 3
0.0000 1.3129 -1.0147 0.2628 10
0.0000 1.3195 -1.0198 -0.1459 9
0.0000 1.3062 -1.0099 0.3209 10
0.0000 1.3034 -1.0081 -0.0864 8
0.0000 1.4380 -1.1126 0.4198 1
0.0000 1.3157 -1.0183 -0.0290 13
0.0000 1.5535 -1.2028 0.5264 2
0.0000 1.3078 -1.0155 0.0289 10
0.0000 0.6264 -0.4866 -0.1831 7
0.0000 1.3074 -1.0159 0.0868 9
0.0000 0.8092 -0.6288 -0.1992 2
0.0000 1.3056 -1.0149 0.1447 10
0.0000 0.9044 -0.7033 -0.1815 2
0.0000 1.3114 -1.0202 0.2040 10
0.0000 1.2047 -0.9375 -0.1874 3
0.0000 1.3218 -1.0290 0.2653 10
0.0000 1.3175 -1.0256 -0.1461 9
0.0000 1.3104 -1.0205 0.3228 8
0.0000 1.2983 -1.0114 -0.0862 8
0.0000 1.4341 -1.1176 0.4198 1
0.0000 1.3184 -1.0278 -0.0292 12
0.0000 1.5553 -1.2130 0.5285 3
0.0000 1.3137 -1.0275 0.0291 7
0.0000 0.6247 -0.4887 -0.1831 7
0.0000 1.3038 -1.0205 0.0868 7
0.0000 0.8039 -0.6292 -0.1984 2
0.0000 1.3130 -1.0281 0.1459 9
0.0000 0.9098 -0.7126 -0.1830 2
0.0000 1.3110 -1.0272 0.2045 10
0.0000 1.1983 -0.9393 -0.1869 3
0.0000 1.3213 -1.0360 0.2659 9
0.0000 1.3092 -1.0265 -0.1456 7
0.0000 1.3177 -1.0336 0.3255 9
0.0000 1.3010 -1.0209 -0.0867 7
0.0000 1.3180 -1.0349 -0.0293 12
0.0000 1.5511 -1.2184 0.5285 3
0.0000 1.3148 -1.0357 0.0292 8
0.0000 0.6138 -0.4837 -0.1804 7
0.0000 1.3065 -1.0300 0.0872 7
0.0000 0.7925 -0.6247 -0.1962 2
0.0000 1.3188 -1.0401 0.1469 9
0.0000 0.9290 -0.7329 -0.1874 2
0.0000 1.3136 -1.0367 0.2055 10
0.0000 1.1982 -0.9459 -0.1874 3
0.0000 1.3115 -1.0358 0.2647 10
0.0000 1.3118 -1.0360 -0.1462 6
0.0000 1.3171 -1.0406 0.3263 9
0.0000 1.3022 -1.0291 -0.0870 7
0.0000 1.5791 -1.2485 0.4647 1
0.0000 1.3034 -1.0308 -0.0290 13
0.0000 1.5499 -1.2262 0.5295 3
0.0000 1.3174 -1.0453 0.0294 8
0.0000 0.6212 -0.4931 -0.1831 7
0.0000 1.3031 -1.0343 0.0872 9
0.0000 0.7780 -0.6177 -0.1931 2
0.0000 1.3105 -1.0409 0.1464 8
0.0000 0.9233 -0.7336 -0.1868 2
0.0000 1.3209 -1.0499 0.2072 10
0.0000 1.1886 -0.9451 -0.1865 3
0.0000 1.3081 -1.0401 0.2647 10
0.0000 1.3082 -1.0406 -0.1462 7
0.0000 1.3242 -1.0537 0.3290 8
0.0000 1.3095 -1.0424 -0.0877 7
0.0000 1.3093 -1.0426 -0.0292 10
0.0000 1.5367 -1.2241 0.5264 3
0.0000 1.3061 -1.0434 0.0292 8
0.0000 0.6196 -0.4951 -0.1831 7
0.0000 1.2995 -1.0389 0.0872 9
0.0000 0.8126 -0.6499 -0.2023 2
0.0000 1.3038 -1.0430 0.1461 8
0.0000 0.9055 -0.7244 -0.1837 2
0.0000 1.3220 -1.0580 0.2079 9
0.0000 1.1917 -0.9540 -0.1874 3
0.0000 1.3198 -1.0570 0.2678 9
0.0000 1.3186 -1.0564 -0.1478 7
0.0000 1.3131 -1.0520 0.3270 9
0.0000 1.3138 -1.0529 -0.0882 8
0.0000 1.5706 -1.2592 0.4647 1
0.0000 1.3197 -1.0584 -0.0295 12
0.0000 1.5445 -1.2392 0.5306 3
0.0000 1.3150 -1.0580 0.0295 8
0.0000 0.6088 -0.4900 -0.1804 7
0.0000 1.3114 -1.0559 0.0882 9
0.0000 0.8043 -0.6476 -0.2007 2
0.0000 1.3158 -1.0598 0.1478 8
0.0000 0.9121 -0.7350 -0.1855 2
0.0000 1.3122 -1.0576 0.2069 9
0.0000 1.1837 -0.9545 -0.1867 3
0.0000 1.3207 -1.0653 0.2688 9
0.0000 1.3244 -1.0682 -0.1489 7
0.0000 1.3186 -1.0640 0.3293 8
0.0000 1.3070 -1.0550 -0.0880 10
0.0000 1.5571 -1.2573 0.4620 1
0.0000 1.3316 -1.0756 -0.0299 12
0.0000 1.5432 -1.2470 0.5316 3
0.0000 1.3175 -1.0676 0.0296 8
0.0000 0.6070 -0.4921 -0.1804 7
0.0000 1.3031 -1.0567 0.0879 9
0.0000 0.8082 -0.6554 -0.2023 2
0.0000 1.3183 -1.0694 0.1485 8
0.0000 0.8958 -0.7269 -0.1827 2
0.0000 1.3131 -1.0660 0.2077 9
0.0000 1.1711 -0.9511 -0.1852 3
0.0000 1.3339 -1.0836 0.2722 9
0.0000 1.3284 -1.0791 -0.1497 10
0.0000 1.3179 -1.0710 0.3301 8
0.0000 1.3080 -1.0634 -0.0883 10
0.0000 1.6041 -1.3046 0.4773 4
0.0000 1.3263 -1.0790 -0.0298 12
0.0000 1.5448 -1.2572 0.5337 3
0.0000 1.3168 -1.0747 0.0297 7
0.0000 0.6295 -0.5139 -0.1876 6
0.0000 1.3009 -1.0625 0.0880 9
0.0000 0.7998 -0.6532 -0.2007 2
0.0000 1.3238 -1.0816 0.1496 8
0.0000 0.8993 -0.7351 -0.1840 2
0.0000 1.3232 -1.0819 0.2099 9
0.0000 1.1801 -0.9652 -0.1872 3
0.0000 1.3102 -1.0720 0.2681 7
0.0000 1.3246 -1.0838 -0.1497 9
0.0000 1.3278 -1.0868 0.3335 7
0.0000 1.3166 -1.0780 -0.0892 10
0.0000 1.5935 -1.3052 0.4755 8
0.0000 1.3225 -1.0836 -0.0298 12
0.0000 1.5344 -1.2577 0.5316 3
0.0000 1.3223 -1.0870 0.0299 7
0.0000 0.6036 -0.4963 -0.1804 7
0.0000 1.3065 -1.0747 0.0887 7
0.0000 0.7854 -0.6460 -0.1977 2
0.0000 1.3139 -1.0811 0.1489 8
0.0000 0.8968 -0.7382 -0.1840 2
0.0000 1.3209 -1.0877 0.2101 7
0.0000 1.1737 -0.9668 -0.1867 3
0.0000 1.3156 -1.0841 0.2700 7
0.0000 1.3193 -1.0871 -0.1496 10
0.0000 1.3316 -1.0977 0.3354 8
0.0000 1.3159 -1.0852 -0.0894 10
0.0000 1.5965 -1.3170 0.4778 8
0.0000 1.3187 -1.0882 -0.0298 12
0.0000 1.5271 -1.2606 0.5306 3
0.0000 1.3232 -1.0954 0.0300 7
0.0000 0.6259 -0.5183 -0.1876 6
0.0000 1.3150 -1.0894 0.0895 7
0.0000 0.7952 -0.6588 -0.2007 2
0.0000 1.3254 -1.0984 0.1506 8
0.0000 0.8851 -0.7338 -0.1821 2
0.0000 1.3263 -1.0999 0.2116 10
0.0000 1.1764 -0.9760 -0.1877 3
0.0000 1.3240 -1.0988 0.2725 7
0.0000 1.3183 -1.0945 -0.1499 10
0.0000 1.3172 -1.0935 0.3328 7
0.0000 1.3275 -1.1025 -0.0904 9
0.0000 1.5874 -1.3188 0.4764 8
0.0000 1.3241 -1.1005 -0.0301 12
0.0000 1.5197 -1.2634 0.5295 3
0.0000 1.3147 -1.0962 0.0299 7
0.0000 0.6091 -0.5080 -0.1831 7
0.0000 1.3189 -1.1004 0.0900 9
0.0000 0.8049 -0.6718 -0.2038 2
0.0000 1.3260 -1.1071 0.1511 8
0.0000 0.8839 -0.7383 -0.1824 2
0.0000 1.3148 -1.0982 0.2103 9
0.0000 1.1638 -0.9724 -0.1862 3
0.0000 1.3292 -1.1110 0.2744 7
0.0000 1.3237 -1.1068 -0.1510 10
0.0000 1.3207 -1.1047 0.3347 8
0.0000 1.3143 -1.0997 -0.0898 7
0.0000 1.5795 -1.3221 0.4755 9
0.0000 1.3341 -1.1167 -0.0304 11
0.0000 1.5227 -1.2749 0.5321 4
0.0000 1.3199 -1.1087 0.0301 8
0.0000 0.5774 -0.4852 -0.1741 7
0.0000 1.3089 -1.0999 0.0896 10
0.0000 0.8115 -0.6822 -0.2061 2
0.0000 1.3343 -1.1220 0.1525 9
0.0000 0.8813 -0.7413 -0.1824 2
0.0000 1.3229 -1.1132 0.2123 10
0.0000 1.1572 -0.9741 -0.1857 3
0.0000 1.3344 -1.1233 0.2763 10
0.0000 1.3152 -1.1075 -0.1504 9
0.0000 1.3213 -1.1131 0.3358 8
0.0000 1.3181 -1.1107 -0.0903 9
0.0000 1.5660 -1.3201 0.4728 8
0.0000 1.3256 -1.1174 -0.0303 11
0.0000 1.5330 -1.2927 0.5373 5
0.0000 1.3131 -1.1105 0.0300 8
0.0000 0.6055 -0.5123 -0.1831 7
0.0000 1.3173 -1.1147 0.0904 11
0.0000 0.8002 -0.6774 -0.2038 2
0.0000 1.3243 -1.1215 0.1518 9
0.0000 0.8939 -0.7570 -0.1855 2
0.0000 1.3193 -1.1176 0.2123 10
0.0000 1.1510 -0.9754 -0.1852 3
0.0000 1.3275 -1.1254 0.2756 9
0.0000 1.3296 -1.1276 -0.1525 9
0.0000 1.3251 -1.1238 0.3377 9
0.0000 1.3220 -1.1215 -0.0909 9
0.0000 1.5512 -1.3164 0.4697 8
0.0000 1.3247 -1.1246 -0.0303 11
0.0000 1.5181 -1.2893 0.5337 5
0.0000 1.3245 -1.1280 0.0304 8
0.0000 0.5948 -0.5068 -0.1804 7
0.0000 1.3135 -1.1191 0.0904 10
0.0000 0.7441 -0.6342 -0.1900 2
0.0000 1.3236 -1.1285 0.1522 8
0.0000 0.8807 -0.7512 -0.1833 2
0.0000 1.3274 -1.1325 0.2142 9
0.0000 1.1596 -0.9897 -0.1872 3
0.0000 1.3207 -1.1272 0.2750 9
0.0000 1.3183 -1.1255 -0.1517 7
0.0000 1.3301 -1.1361 0.3400 8
0.0000 1.3241 -1.1313 -0.0913 9
0.0000 1.5495 -1.3244 0.4706 8
0.0000 1.3210 -1.1290 -0.0303 11
0.0000 1.5080 -1.2893 0.5316 5
0.0000 1.3147 -1.1272 0.0302 8
0.0000 0.6020 -0.5164 -0.1831 7
0.0000 1.3127 -1.1263 0.0906 7
0.0000 0.7687 -0.6598 -0.1969 2
0.0000 1.3272 -1.1396 0.1530 8
0.0000 0.8708 -0.7476 -0.1818 2
0.0000 1.3222 -1.1356 0.2140 10
0.0000 1.1624 -0.9987 -0.1882 3
0.0000 1.3318 -1.1447 0.2781 7
0.0000 1.3234 -1.1379 -0.1527 7
0.0000 1.3189 -1.1341 0.3381 8
0.0000 1.3325 -1.1461 -0.0921 9
0.0000 1.5377 -1.3231 0.4683 9
0.0000 1.3277 -1.1428 -0.0306 11
0.0000 1.4976 -1.2895 0.5295 5
0.0000 1.3213 -1.1409 0.0305 7
0.0000 0.6150 -0.5312 -0.1876 6
0.0000 1.3238 -1.1439 0.0917 8
0.0000 0.7754 -0.6700 -0.1992 2
0.0000 1.3279 -1.1479 0.1536 7
0.0000 0.8741 -0.7559 -0.1830 2
0.0000 1.3242 -1.1454 0.2150 7
0.0000 1.1499 -0.9950 -0.1867 3
0.0000 1.3278 -1.1493 0.2781 7
0.0000 1.3271 -1.1488 -0.1536 7
0.0000 1.3298 -1.1515 0.3419 8
0.0000 1.3224 -1.1455 -0.0917 9
0.0000 1.5405 -1.3349 0.4706 9
0.0000 1.3191 -1.1435 -0.0305 11
0.0000 1.4960 -1.2973 0.5306 5
0.0000 1.3234 -1.1508 0.0306 7
0.0000 0.6131 -0.5333 -0.1876 6
0.0000 1.3123 -1.1420 0.0912 9
0.0000 0.7672 -0.6676 -0.1977 2
0.0000 1.3360 -1.1630 0.1550 7
0.0000 0.8730 -0.7602 -0.1833 2
0.0000 1.3202 -1.1500 0.2150 9
0.0000 1.1404 -0.9938 -0.1857 3
0.0000 1.3342 -1.1630 0.2803 7
0.0000 1.3291 -1.1587 -0.1543 6
0.0000 1.3317 -1.1613 0.3435 8
0.0000 1.3245 -1.1554 -0.0921 9
0.0000 1.5138 -1.3210 0.4638 12
0.0000 1.3317 -1.1625 -0.0309 8
0.0000 1.4929 -1.3038 0.5311 8
0.0000 1.3238 -1.1593 0.0307 7
0.0000 0.5673 -0.4970 -0.1741 7
0.0000 1.3068 -1.1452 0.0911 7
0.0000 0.7619 -0.6677 -0.1969 2
0.0000 1.3349 -1.1703 0.1553 7
0.0000 0.8762 -0.7684 -0.1846 2
0.0000 1.3281 -1.1651 0.2169 7
0.0000 1.1309 -0.9925 -0.1848 3
0.0000 1.3227 -1.1612 0.2788 7
0.0000 1.3251 -1.1633 -0.1543 6
0.0000 1.3365 -1.1737 0.3457 8
0.0000 1.3264 -1.1653 -0.0925 7
0.0000 1.5136 -1.3302 0.4652 8
0.0000 1.3261 -1.1658 -0.0308 8
0.0000 1.4840 -1.3051 0.5295 9
0.0000 1.3303 -1.1732 0.0310 7
0.0000 0.5655 -0.4989 -0.1741 7
0.0000 1.3163 -1.1617 0.0920 6
0.0000 0.7654 -0.6755 -0.1984 2
0.0000 1.3278 -1.1723 0.1550 7
0.0000 0.8750 -0.7728 -0.1849 2
0.0000 1.3315 -1.1763 0.2181 7
0.0000 1.1290 -0.9978 -0.1850 3
0.0000 1.3334 -1.1789 0.2819 6
0.0000 1.3195 -1.1666 -0.1541 6
0.0000 1.3368 -1.1823 0.3469 7
0.0000 1.3313 -1.1778 -0.0932 7
0.0000 1.5060 -1.3329 0.4643 9
0.0000 1.3265 -1.1744 -0.0309 8
0.0000 1.4751 -1.3065 0.5280 10
0.0000 1.3172 -1.1699 0.0308 6
0.0000 0.5638 -0.5009 -0.1741 7
0.0000 1.3257 -1.1782 0.0929 9
0.0000 0.7601 -0.6756 -0.1977 2
0.0000 1.3192 -1.1729 0.1544 7
0.0000 0.8576 -0.7627 -0.1818 2
0.0000 1.3333 -1.1862 0.2191 7
0.0000 1.1299 -1.0057 -0.1857 3
0.0000 1.3293 -1.1835 0.2819 6
0.0000 1.3229 -1.1778 -0.1550 7
0.0000 1.3327 -1.1869 0.3469 7
0.0000 1.3317 -1.1865 -0.0935 9
0.0000 1.4955 -1.3329 0.4625 8
0.0000 1.3284 -1.1844 -0.0311 8
0.0000 1.4561 -1.2987 0.5228 11
0.0000 1.3280 -1.1878 0.0311 7
0.0000 0.5620 -0.5029 -0.1741 7
0.0000 1.3349 -1.1948 0.0939 8
0.0000 0.7490 -0.6704 -0.1954 2
0.0000 1.3255 -1.1868 0.1557 7
0.0000 0.8505 -0.7618 -0.1808 2
0.0000 1.3291 -1.1909 0.2191 9
0.0000 1.1323 -1.0149 -0.1867 3
0.0000 1.3354 -1.1974 0.2841 7
0.0000 1.3336 -1.1957 -0.1567 7
0.0000 1.3300 -1.1929 0.3473 8
0.0000 1.3350 -1.1978 -0.0940 7
0.0000 1.4865 -1.3342 0.4611 8
0.0000 1.3376 -1.2010 -0.0314 11
0.0000 1.4588 -1.3103 0.5254 14
0.0000 1.3268 -1.1951 0.0312 7
0.0000 1.3218 -1.1914 0.0933 7
0.0000 0.7525 -0.6782 -0.1969 2
0.0000 1.3303 -1.1994 0.1567 7
0.0000 0.8566 -0.7727 -0.1827 2
0.0000 1.3279 -1.1982 0.2196 9
0.0000 1.1258 -1.0162 -0.1862 3
0.0000 1.3386 -1.2087 0.2856 6
0.0000 1.3383 -1.2084 -0.1578 7
0.0000 1.3374 -1.2081 0.3503 7
0.0000 1.3308 -1.2024 -0.0940 7
0.0000 1.4775 -1.3355 0.4598 8
0.0000 1.3379 -1.2097 -0.0315 8
0.0000 1.4513 -1.3128 0.5244 15
0.0000 1.3390 -1.2145 0.0316 8
0.0000 1.3266 -1.2041 0.0939 10
0.0000 0.7356 -0.6677 -0.1931 2
0.0000 1.3364 -1.2135 0.1579 8
0.0000 0.8656 -0.7863 -0.1852 2
0.0000 1.3384 -1.2162 0.2220 9
0.0000 1.1105 -1.0094 -0.1843 3
0.0000 1.3300 -1.2093 0.2847 7
0.0000 1.3311 -1.2104 -0.1574 7
0.0000 1.3347 -1.2140 0.3507 7
0.0000 1.3354 -1.2151 -0.0946 6
0.0000 1.4584 -1.3275 0.4553 7
0.0000 1.3292 -1.2104 -0.0314 9
0.0000 1.4410 -1.3126 0.5223 16
0.0000 1.3406 -1.2246 0.0317 9
0.0000 1.3268 -1.2128 0.0942 10
0.0000 0.7361 -0.6729 -0.1939 2
0.0000 1.3307 -1.2168 0.1578 8
0.0000 0.8658 -0.7920 -0.1858 2
0.0000 1.3386 -1.2248 0.2228 9
0.0000 1.1128 -1.0187 -0.1852 3
0.0000 1.3330 -1.2206 0.2863 7
0.0000 1.3313 -1.2190 -0.1579 7
0.0000 1.3406 -1.2280 0.3534 6
0.0000 1.3371 -1.2252 -0.0950 7
0.0000 1.4581 -1.3366 0.4567 8
0.0000 1.3309 -1.2204 -0.0315 10
0.0000 1.4350 -1.3163 0.5218 15
0.0000 1.3304 -1.2238 0.0316 8
0.0000 0.5550 -0.5107 -0.1741 7
0.0000 1.3255 -1.2201 0.0944 10
0.0000 0.7598 -0.6994 -0.2007 2
0.0000 1.3308 -1.2255 0.1583 8
0.0000 0.8470 -0.7803 -0.1824 2
0.0000 1.3386 -1.2335 0.2235 9
0.0000 1.1151 -1.0279 -0.1862 3
0.0000 1.3302 -1.2266 0.2866 9
0.0000 1.3329 -1.2291 -0.1586 7
0.0000 1.3348 -1.2313 0.3530 6
0.0000 1.3357 -1.2326 -0.0953 7
0.0000 1.4534 -1.3416 0.4567 8
0.0000 1.3384 -1.2359 -0.0318 10
0.0000 1.4276 -1.3187 0.5207 15
0.0000 1.3276 -1.2298 0.0316 9
0.0000 0.5532 -0.5126 -0.1741 7
0.0000 1.3344 -1.2369 0.0954 10
0.0000 0.7170 -0.6647 -0.1900 2
0.0000 1.3382 -1.2409 0.1597 8
0.0000 0.8472 -0.7859 -0.1830 2
0.0000 1.3271 -1.2315 0.2223 8
0.0000 1.1101 -1.0305 -0.1860 3
0.0000 1.3433 -1.2474 0.2903 7
0.0000 1.3315 -1.2364 -0.1590 6
0.0000 1.3305 -1.2360 0.3530 6
0.0000 1.3329 -1.2386 -0.0954 6
0.0000 1.4459 -1.3440 0.4558 8
0.0000 1.3458 -1.2514 -0.0321 10
0.0000 1.4201 -1.3211 0.5197 15
0.0000 1.3336 -1.2440 0.0318 8
0.0000 0.5514 -0.5145 -0.1741 7
0.0000 1.3184 -1.2307 0.0945 9
0.0000 0.7721 -0.7208 -0.2053 2
0.0000 1.3382 -1.2497 0.1602 7
0.0000 0.8459 -0.7902 -0.1833 2
0.0000 1.3344 -1.2469 0.2242 8
0.0000 1.1050 -1.0330 -0.1857 3
0.0000 1.3418 -1.2548 0.2910 7
0.0000 1.3446 -1.2574 -0.1611 6
0.0000 1.3434 -1.2567 0.3576 6
0.0000 1.3314 -1.2459 -0.0956 6
0.0000 1.4255 -1.3344 0.4508 10
0.0000 1.3414 -1.2561 -0.0321 10
0.0000 1.4113 -1.3220 0.5182 16
0.0000 1.3438 -1.2623 0.0322 7
0.0000 1.3303 -1.2501 0.0957 8
0.0000 0.7496 -0.7046 -0.2000 2
0.0000 1.3498 -1.2694 0.1621 8
0.0000 0.8547 -0.8040 -0.1858 2
0.0000 1.3416 -1.2625 0.2262 7
0.0000 1.0913 -1.0273 -0.1840 3
0.0000 1.3391 -1.2606 0.2913 7
0.0000 1.3417 -1.2635 -0.1612 6
0.0000 1.3404 -1.2627 0.3580 5
0.0000 1.3358 -1.2588 -0.0962 6
0.0000 1.4223 -1.3407 0.4513 11
0.0000 1.3329 -1.2565 -0.0320 8
0.0000 1.4083 -1.3280 0.5187 16
0.0000 1.3454 -1.2723 0.0323 8
0.0000 1.3317 -1.2602 0.0961 10
0.0000 0.7300 -0.6910 -0.1954 2
0.0000 1.3338 -1.2631 0.1607 8
0.0000 0.8391 -0.7946 -0.1830 2
0.0000 1.3460 -1.2751 0.2277 6
0.0000 1.0908 -1.0336 -0.1845 3
0.0000 1.3404 -1.2707 0.2925 6
0.0000 1.3315 -1.2627 -0.1605 6
0.0000 1.3462 -1.2766 0.3606 5
0.0000 1.3360 -1.2674 -0.0965 5
0.0000 1.4178 -1.3454 0.4513 16
0.0000 1.3415 -1.2735 -0.0323 10
0.0000 1.3938 -1.3236 0.5150 17
0.0000 1.3424 -1.2784 0.0324 5
0.0000 1.3447 -1.2814 0.0973 4
0.0000 0.7618 -0.7260 -0.2045 2
0.0000 1.3556 -1.2923 0.1639 4
0.0000 0.8363 -0.7975 -0.1830 2
0.0000 1.3803 -1.3168 0.2342 6
0.0000 1.0943 -1.0443 -0.1857 3
0.0000 1.3803 -1.3176 0.3022 7
0.0000 1.3244 -1.2643 -0.1602 4
0.0000 1.3772 -1.3152 0.3702 9
0.0000 1.3431 -1.2830 -0.0973 3
0.0000 1.4131 -1.3504 0.4513 22
0.0000 1.3414 -1.2823 -0.0324 5
0.0000 1.3808 -1.3205 0.5119 15
0.0000 1.3711 -1.3149 0.0332 6
0.0000 1.4022 -1.3456 0.1018 13
0.0000 1.3985 -1.3425 0.1696 15
0.0000 0.8335 -0.8004 -0.1830 2
0.0000 1.0935 -1.0509 -0.1862 3
0.0000 1.3956 -1.3416 0.3066 21
0.0000 1.3674 -1.3145 -0.1659 4
0.0000 1.3939 -1.3404 0.3759 20
0.0000 1.4005 -1.3473 -0.1018 8
0.0000 1.4056 -1.3526 0.4504 25
0.0000 1.3974 -1.3452 -0.0339 8
0.0000 1.3734 -1.3226 0.5109 16
0.0000 1.4039 -1.3558 0.0341 20
0.0000 0.7539 -0.7285 -0.2038 2
0.0000 1.3823 -1.3363 0.1682 29
0.0000 0.8250 -0.7978 -0.1818 2
0.0000 1.0813 -1.0464 -0.1848 3
0.0000 1.3866 -1.3423 0.3057 36
0.0000 1.4015 -1.3567 -0.1707 11
0.0000 1.4047 -1.3603 0.3801 38
0.0000 1.3972 -1.3535 -0.1020 12
0.0000 1.4036 -1.3602 0.4513 19
0.0000 1.4243 -1.3807 -0.0346 29
0.0000 1.3744 -1.3328 0.5130 15
0.0000 1.3841 -1.3470 0.1012 81
0.0000 1.3791 -1.3425 0.1684 36
0.0000 0.8420 -0.8200 -0.1862 2
0.0000 1.3992 -1.3630 0.2398 43
0.0000 1.0862 -1.0585 -0.1862 3
0.0000 1.3890 -1.3541 0.3072 27
0.0000 1.4010 -1.3657 -0.1712 10
0.0000 1.4098 -1.3748 0.3828 19
0.0000 1.3925 -1.3584 -0.1020 34
0.0000 1.3933 -1.3597 0.4495 13
0.0000 1.3851 -1.3522 -0.0338 39
0.0000 1.3669 -1.3349 0.5119 13
0.0000 1.3902 -1.3613 0.0340 97
0.0000 1.3923 -1.3644 0.1022 90
0.0000 1.3929 -1.3655 0.1707 27
0.0000 0.8364 -0.8202 -0.1855 2
0.0000 1.3958 -1.3693 0.2401 19
0.0000 1.0711 -1.0511 -0.1843 3
0.0000 1.3927 -1.3672 0.3091 15
0.0000 1.3806 -1.3553 -0.1693 6
0.0000 1.3980 -1.3728 0.3809 13
0.0000 1.3977 -1.3731 -0.1027 52
0.0000 1.4011 -1.3768 0.4535 8
0.0000 1.3904 -1.3668 -0.0340 63
0.0000 1.3513 -1.3288 0.5078 7
0.0000 1.3996 -1.3802 0.0343 27
0.0000 1.3861 -1.3678 0.1021 18
0.0000 1.3853 -1.3675 0.1703 13
0.0000 0.8194 -0.8092 -0.1824 1
0.0000 1.3939 -1.3769 0.2406 12
0.0000 1.0788 -1.0660 -0.1862 3
0.0000 1.4062 -1.3901 0.3132 9
0.0000 1.3758 -1.3601 -0.1693 3
0.0000 1.3988 -1.3832 0.3824 8
0.0000 1.3929 -1.3779 -0.1027 12
0.0000 1.4046 -1.3899 0.4562 8
0.0000 1.4027 -1.3885 -0.0345 19
0.0000 1.3493 -1.3362 0.5088 5
0.0000 1.3948 -1.3851 0.0343 5
0.0000 1.3813 -1.3726 0.1021 13
0.0000 1.3960 -1.3878 0.1722 10
0.0000 0.8306 -0.8260 -0.1855 1
0.0000 1.3989 -1.3916 0.2423 8
0.0000 1.0708 -1.0656 -0.1855 3
0.0000 1.4098 -1.4034 0.3151 8
0.0000 1.3457 -1.3396 -0.1661 2
0.0000 1.4078 -1.4019 0.3862 8
0.0000 1.3725 -1.3673 -0.1015 2
0.0000 1.4149 -1.4099 0.4611 8
0.0000 1.4006 -1.3962 -0.0345 5
0.0000 1.3584 -1.3546 0.5140 8
0.0000 2.6824 -2.6824 0.0662 3
0.0000 1.3821 -1.3831 0.1025 6
0.0000 1.4067 -1.4082 0.1741 8
0.0000 0.8082 -0.8093 -0.1812 1
0.0000 1.4010 -1.4035 0.2435 9
0.0000 1.0531 -1.0553 -0.1830 2
0.0000 1.4146 -1.4181 0.3172 7
0.0000 1.3536 -1.3570 -0.1677 1
0.0000 1.4140 -1.4180 0.3893 8
0.0000 1.3833 -1.3876 -0.1027 1
0.0000 1.4086 -1.4135 0.4607 8
0.0000 2.6631 -2.6733 -0.0659 3
0.0000 1.3563 -1.3620 0.5150 5
0.0000 1.3914 -1.4021 0.1035 5
0.0000 1.4130 -1.4244 0.1755 8
0.0000 0.8360 -0.8430 -0.1880 1
0.0000 1.4073 -1.4197 0.2454 9
0.0000 1.0633 -1.0730 -0.1855 2
0.0000 1.4027 -1.4160 0.3157 8
0.0000 1.3559 -1.3687 -0.1686 1
0.0000 1.4215 -1.4355 0.3927 8
0.0000 2.2889 -2.3122 -0.1705 1
0.0000 1.4406 -1.4558 0.4728 3
0.0000 2.6383 -2.6670 -0.0655 36
0.0000 1.3570 -1.3723 0.5171 3
0.0000 2.6439 -2.6811 0.0657 56
0.0000 1.3907 -1.4112 0.1038 6
0.0000 1.4052 -1.4265 0.1752 8
0.0000 0.8413 -0.8543 -0.1899 1
0.0000 1.4079 -1.4302 0.2464 9
0.0000 1.0707 -1.0881 -0.1874 1
0.0000 1.4061 -1.4293 0.3176 7
0.0000 1.3288 -1.3507 -0.1658 1
0.0000 1.4178 -1.4418 0.3931 8
0.0000 2.3004 -2.3401 -0.1720 2
0.0000 1.5981 -1.6262 0.5264 2
0.0000 2.6289 -2.6762 -0.0655 48
0.0000 1.3441 -1.3687 0.5140 3
0.0000 2.5996 -2.6546 0.0649 45
0.0000 1.3986 -1.4287 0.1048 6
0.0000 1.4030 -1.4342 0.1755 7
0.0000 0.8190 -0.8375 -0.1855 1
0.0000 1.4196 -1.4522 0.2493 8
0.0000 1.0699 -1.0944 -0.1879 1
0.0000 1.4069 -1.4396 0.3188 7
0.0000 1.3143 -1.3454 -0.1646 1
0.0000 1.4169 -1.4510 0.3942 8
0.0000 2.2978 -2.3539 -0.1724 3
0.0000 1.5954 -1.6343 0.5273 2
0.0000 2.6159 -2.6806 -0.0654 65
0.0000 1.3679 -1.4022 0.5249 4
0.0000 2.5852 -2.6574 0.0647 46
0.0000 1.3980 -1.4376 0.1051 7
0.0000 1.4107 -1.4517 0.1771 6
0.0000 1.4037 -1.4455 0.2474 6
0.0000 1.1077 -1.1407 -0.1952 1
0.0000 1.4131 -1.4556 0.3213 6
0.0000 1.3209 -1.3612 -0.1659 1
0.0000 1.4094 -1.4528 0.3934 7
0.0000 2.2733 -2.3443 -0.1711 3
0.0000 1.4937 -1.5403 0.4953 2
0.0000 2.5972 -2.6792 -0.0651 67
0.0000 1.3820 -1.4262 0.5321 4
0.0000 2.5763 -2.6660 0.0647 46
0.0000 1.3971 -1.4468 0.1054 8
0.0000 1.4142 -1.4650 0.1781 6
0.0000 1.4085 -1.4601 0.2491 6
0.0000 1.4135 -1.4663 0.3226 6
0.0000 1.3175 -1.3672 -0.1661 1
0.0000 1.4223 -1.4759 0.3984 7
0.0000 2.2572 -2.3432 -0.1705 3
0.0000 1.4153 -1.4697 0.4710 7
0.0000 2.5809 -2.6810 -0.0650 56
0.0000 1.3931 -1.4477 0.5383 4
0.0000 2.5629 -2.6707 0.0646 47
0.0000 1.3921 -1.4516 0.1054 8
0.0000 1.4144 -1.4759 0.1788 6
0.0000 1.4103 -1.4722 0.2503 6
0.0000 1.4070 -1.4697 0.3223 8
0.0000 1.3403 -1.4006 -0.1696 1
0.0000 1.4155 -1.4797 0.3980 7
0.0000 2.2555 -2.3586 -0.1710 3
0.0000 1.4112 -1.4763 0.4715 7
0.0000 2.5605 -2.6785 -0.0647 56
0.0000 1.3947 -1.4595 0.5409 4
0.0000 2.5531 -2.6800 0.0646 47
0.0000 1.4021 -1.4724 0.1066 8
0.0000 1.4078 -1.4794 0.1787 6
0.0000 1.4158 -1.4889 0.2523 6
0.0000 1.4032 -1.4761 0.3226 6
0.0000 1.4198 -1.4946 0.4007 7
0.0000 2.2624 -2.3824 -0.1722 3
0.0000 1.4155 -1.4911 0.4746 7
0.0000 2.5387 -2.6743 -0.0644 60
0.0000 1.3790 -1.4532 0.5368 3
0.0000 2.5263 -2.6696 0.0642 51
0.0000 1.4066 -1.4874 0.1073 8
0.0000 1.4054 -1.4872 0.1790 6
0.0000 1.4136 -1.4964 0.2528 6
0.0000 1.4170 -1.5011 0.3269 6
0.0000 1.4121 -1.4964 0.3999 6
0.0000 2.2476 -2.3826 -0.1717 3
0.0000 1.4319 -1.5184 0.4818 7
0.0000 2.5362 -2.6905 -0.0645 62
0.0000 1.3766 -1.4608 0.5378 3
0.0000 2.5142 -2.6755 0.0641 51
0.0000 1.4099 -1.5008 0.1079 8
0.0000 1.4154 -1.5078 0.1809 7
0.0000 1.4016 -1.4941 0.2515 6
0.0000 1.4188 -1.5130 0.3285 6
0.0000 1.4149 -1.5099 0.4022 6
0.0000 2.2311 -2.3817 -0.1710 4
0.0000 1.4266 -1.5234 0.4818 7
0.0000 2.5218 -2.6930 -0.0644 62
0.0000 1.3796 -1.4738 0.5409 3
0.0000 2.5040 -2.6823 0.0641 49
0.0000 1.4019 -1.5028 0.1077 8
0.0000 1.4183 -1.5215 0.1820 7
0.0000 1.4102 -1.5133 0.2540 6
0.0000 1.4297 -1.5353 0.3323 7
0.0000 1.4300 -1.5362 0.4079 7
0.0000 2.2082 -2.3730 -0.1699 5
0.0000 1.4202 -1.5267 0.4814 7
0.0000 2.5056 -2.6945 -0.0642 57
0.0000 1.3719 -1.4758 0.5399 3
0.0000 2.4868 -2.6846 0.0639 54
0.0000 1.3964 -1.5079 0.1077 8
0.0000 1.4249 -1.5399 0.1836 6
0.0000 1.4124 -1.5274 0.2554 6
0.0000 1.4173 -1.5332 0.3307 6
0.0000 1.4254 -1.5431 0.4083 6
0.0000 2.2113 -2.3947 -0.1708 4
0.0000 1.4249 -1.5436 0.4850 7
0.0000 2.4808 -2.6875 -0.0638 62
0.0000 1.3638 -1.4780 0.5389 2
0.0000 2.4739 -2.6884 0.0638 49
0.0000 1.3992 -1.5216 0.1083 7
0.0000 1.4074 -1.5316 0.1820 6
0.0000 1.4194 -1.5453 0.2576 6
0.0000 1.4173 -1.5440 0.3320 6
0.0000 1.4309 -1.5594 0.4114 6
0.0000 2.2155 -2.4153 -0.1718 4
0.0000 1.4250 -1.5541 0.4868 7
0.0000 2.4673 -2.6917 -0.0637 60
0.0000 1.3613 -1.4856 0.5399 2
0.0000 2.4550 -2.6867 0.0635 51
0.0000 1.3966 -1.5295 0.1085 6
0.0000 1.4157 -1.5510 0.1837 5
0.0000 1.4207 -1.5575 0.2589 7
0.0000 1.4225 -1.5606 0.3345 6
0.0000 1.4268 -1.5658 0.4118 7
0.0000 2.1963 -2.4112 -0.1709 4
0.0000 1.4367 -1.5778 0.4926 7
0.0000 2.4552 -2.6973 -0.0637 57
0.0000 1.3587 -1.4932 0.5409 2
0.0000 2.4376 -2.6864 0.0633 51
0.0000 1.4020 -1.5462 0.1094 6
0.0000 1.4234 -1.5709 0.1855 5
0.0000 1.4126 -1.5595 0.2584 6
0.0000 1.4264 -1.5758 0.3366 6
0.0000 1.4250 -1.5754 0.4129 7
0.0000 2.1915 -2.4237 -0.1712 4
0.0000 1.4361 -1.5888 0.4944 8
0.0000 2.4431 -2.7029 -0.0636 57
0.0000 1.3612 -1.5065 0.5440 2
0.0000 2.4250 -2.6923 0.0632 51
0.0000 1.3950 -1.5498 0.1093 5
0.0000 1.4259 -1.5848 0.1865 4
0.0000 1.4149 -1.5736 0.2598 6
0.0000 1.4338 -1.5957 0.3398 5
0.0000 1.4378 -1.6008 0.4183 7
0.0000 2.1870 -2.4357 -0.1716 3
0.0000 1.4371 -1.6011 0.4967 7
0.0000 2.4252 -2.7029 -0.0634 57
0.0000 1.3557 -1.5115 0.5440 2
0.0000 2.4130 -2.6978 0.0632 46
0.0000 1.3975 -1.5636 0.1099 5
0.0000 1.4177 -1.5868 0.1862 4
0.0000 1.4213 -1.5918 0.2620 6
0.0000 1.4229 -1.5948 0.3385 6
0.0000 1.4440 -1.6190 0.4217 8
0.0000 2.1785 -2.4434 -0.1716 3
0.0000 1.4431 -1.6192 0.5007 8
0.0000 2.3998 -2.6935 -0.0630 55
0.0000 1.3478 -1.5133 0.5430 2
0.0000 2.3956 -2.6972 0.0630 43
0.0000 1.3974 -1.5744 0.1103 5
0.0000 1.4148 -1.5947 0.1865 5
0.0000 1.4262 -1.6087 0.2640 6
0.0000 1.4331 -1.6175 0.3423 5
0.0000 1.4435 -1.6299 0.4232 7
0.0000 2.1633 -2.4435 -0.1710 3
0.0000 1.4413 -1.6286 0.5021 7
0.0000 2.3824 -2.6928 -0.0628 50
0.0000 1.3374 -1.5122 0.5409 2
0.0000 2.3702 -2.6876 0.0625 39
0.0000 1.3971 -1.5853 0.1107 5
0.0000 1.4185 -1.6101 0.1877 5
0.0000 1.4285 -1.6226 0.2654 6
0.0000 1.4314 -1.6270 0.3432 5
0.0000 1.4353 -1.6320 0.4225 8
0.0000 2.1469 -2.4420 -0.1704 3
0.0000 1.4524 -1.6526 0.5079 8
0.0000 2.3677 -2.6951 -0.0626 47
0.0000 1.3321 -1.5169 0.5409 2
0.0000 2.3569 -2.6913 0.0624 34
0.0000 1.4103 -1.6110 0.1122 4
0.0000 1.4233 -1.6270 0.1891 4
0.0000 1.4267 -1.6320 0.2662 6
0.0000 1.4402 -1.6481 0.3467 5
0.0000 1.4463 -1.6562 0.4274 7
0.0000 2.1475 -2.4600 -0.1711 3
0.0000 1.4584 -1.6706 0.5120 8
0.0000 2.3601 -2.7045 -0.0627 42
0.0000 1.3271 -1.5213 0.5409 2
0.0000 2.3493 -2.7006 0.0625 31
0.0000 1.4049 -1.6156 0.1122 4
0.0000 1.4284 -1.6438 0.1905 4
0.0000 1.4317 -1.6487 0.2681 6
0.0000 1.4425 -1.6618 0.3485 4
0.0000 1.4498 -1.6714 0.4301 7
0.0000 2.1381 -2.4656 -0.1710 2
0.0000 1.4529 -1.6755 0.5120 8
0.0000 2.3485 -2.7093 -0.0626 36
0.0000 1.3271 -1.5315 0.5430 2
0.0000 2.3416 -2.7099 0.0625 21
0.0000 1.4071 -1.6296 0.1128 4
0.0000 1.4281 -1.6545 0.1912 4
0.0000 1.4366 -1.6655 0.2701 6
0.0000 1.4393 -1.6698 0.3492 5
0.0000 1.4545 -1.6881 0.4331 6
0.0000 2.1233 -2.4651 -0.1705 2
0.0000 1.4521 -1.6864 0.5138 7
0.0000 2.3299 -2.7068 -0.0623 31
0.0000 1.3268 -1.5420 0.5451 2
0.0000 2.3295 -2.7150 0.0624 16
0.0000 1.4092 -1.6436 0.1135 4
0.0000 1.4299 -1.6688 0.1923 4
0.0000 1.4450 -1.6871 0.2727 5
0.0000 1.4412 -1.6838 0.3510 5
0.0000 1.4534 -1.6994 0.4347 6
0.0000 2.1117 -2.4699 -0.1703 2
0.0000 1.4662 -1.7155 0.5210 7
0.0000 2.3152 -2.7089 -0.0622 27
0.0000 1.3038 -1.5261 0.5378 2
0.0000 2.3066 -2.7083 0.0621 14
0.0000 1.4177 -1.6652 0.1146 4
0.0000 1.4266 -1.6768 0.1926 4
0.0000 1.4465 -1.7014 0.2742 5
0.0000 1.4430 -1.6979 0.3529 4
0.0000 1.4589 -1.7179 0.4381 6
0.0000 2.0837 -2.4544 -0.1687 1
0.0000 1.4677 -1.7295 0.5237 7
0.0000 2.3096 -2.7215 -0.0623 21
0.0000 1.2960 -1.5277 0.5368 2
0.0000 2.2950 -2.7129 0.0620 12
0.0000 1.4287 -1.6900 0.1160 4
0.0000 1.4336 -1.6970 0.1944 4
0.0000 1.4485 -1.7153 0.2757 4
0.0000 1.4511 -1.7195 0.3564 4
0.0000 1.4596 -1.7302 0.4400 6
0.0000 2.0768 -2.4628 -0.1688 1
0.0000 1.4695 -1.7433 0.5264 7
0.0000 2.2975 -2.7265 -0.0622 18
0.0000 1.2882 -1.5292 0.5358 3
0.0000 2.2881 -2.7240 0.0621 12
0.0000 1.4292 -1.7026 0.1165 4
0.0000 1.4382 -1.7140 0.1958 4
0.0000 1.4464 -1.7249 0.2764 4
0.0000 1.4552 -1.7367 0.3589 4
0.0000 1.4661 -1.7504 0.4438 5
0.0000 2.0810 -2.4854 -0.1699 1
0.0000 1.4684 -1.7544 0.5282 7
0.0000 2.2931 -2.7406 -0.0624 12
0.0000 1.2890 -1.5411 0.5383 4
0.0000 2.2683 -2.7197 0.0618 14
0.0000 1.4335 -1.7199 0.1173 4
0.0000 1.4450 -1.7343 0.1975 4
0.0000 1.4543 -1.7468 0.2791 4
0.0000 1.4529 -1.7463 0.3598 4
0.0000 1.4650 -1.7615 0.4453 5
0.0000 2.0519 -2.4680 -0.1682 1
0.0000 1.4673 -1.7655 0.5300 7
0.0000 2.2695 -2.7317 -0.0620 12
0.0000 1.2923 -1.5560 0.5420 5
0.0000 2.2486 -2.7152 0.0615 16
0.0000 1.4325 -1.7310 0.1178 4
0.0000 1.4440 -1.7455 0.1982 4
0.0000 1.4495 -1.7534 0.2793 4
0.0000 1.4581 -1.7651 0.3626 4
0.0000 1.4739 -1.7848 0.4499 5
0.0000 2.0484 -2.4813 -0.1686 1
0.0000 1.4698 -1.7811 0.5331 7
0.0000 2.2536 -2.7319 -0.0618 13
0.0000 1.2893 -1.5635 0.5430 7
0.0000 2.2315 -2.7138 0.0613 19
0.0000 1.4417 -1.7545 0.1190 4
0.0000 1.4480 -1.7628 0.1996 4
0.0000 1.4572 -1.7753 0.2820 4
0.0000 1.4632 -1.7839 0.3654 4
0.0000 1.4664 -1.7884 0.4495 5
0.0000 2.0448 -2.4947 -0.1690 1
0.0000 1.4747 -1.7998 0.5372 7
0.0000 2.2377 -2.7320 -0.0616 17
0.0000 1.2899 -1.5754 0.5456 6
0.0000 2.2094 -2.7061 0.0610 19
0.0000 1.4472 -1.7732 0.1200 4
0.0000 1.4544 -1.7833 0.2013 4
0.0000 1.4598 -1.7911 0.2837 4
0.0000 1.4798 -1.8163 0.3711 4
0.0000 1.4725 -1.8087 0.4534 5
0.0000 2.0461 -2.5142 -0.1699 1
0.0000 1.4696 -1.8064 0.5376 4
0.0000 2.2236 -2.7332 -0.0615 20
0.0000 1.2945 -1.5917 0.5497 6
0.0000 2.2029 -2.7165 0.0610 29
0.0000 1.4322 -1.7674 0.1192 4
0.0000 1.4645 -1.8085 0.2036 4
0.0000 1.4663 -1.8114 0.2861 4
0.0000 1.4821 -1.8322 0.3733 4
0.0000 1.4739 -1.8228 0.4557 5
0.0000 2.0252 -2.5054 -0.1688 1
0.0000 1.4636 -1.8113 0.5376 4
0.0000 2.2052 -2.7301 -0.0613 22
0.0000 1.2974 -1.6067 0.5534 5
0.0000 2.1859 -2.7148 0.0608 32
0.0000 1.4423 -1.7926 0.1206 4
0.0000 1.4647 -1.8211 0.2045 4
0.0000 1.4674 -1.8258 0.2876 4
0.0000 1.4757 -1.8374 0.3733 4
0.0000 1.4835 -1.8478 0.4606 5
0.0000 2.0227 -2.5202 -0.1694 2
0.0000 1.4597 -1.8194 0.5385 3
0.0000 2.1957 -2.7377 -0.0613 30
0.0000 1.3063 -1.6293 0.5596 6
0.0000 2.1739 -2.7193 0.0608 34
0.0000 1.4485 -1.8133 0.1216 4
0.0000 1.4633 -1.8324 0.2052 4
0.0000 1.4784 -1.8526 0.2910 4
0.0000 1.4730 -1.8472 0.3742 4
0.0000 1.4869 -1.8652 0.4637 4
0.0000 2.0102 -2.5226 -0.1690 2
0.0000 1.4594 -1.8322 0.5408 3
0.0000 2.1762 -2.7329 -0.0610 37
0.0000 1.3018 -1.6354 0.5601 5
0.0000 2.1582 -2.7191 0.0606 39
0.0000 1.4484 -1.8261 0.1222 4
0.0000 1.4644 -1.8469 0.2062 4
0.0000 1.4842 -1.8733 0.2935 4
0.0000 1.4825 -1.8724 0.3783 4
0.0000 1.4755 -1.8643 0.4621 4
0.0000 1.9952 -2.5218 -0.1685 2
0.0000 1.4494 -1.8326 0.5394 2
0.0000 2.1703 -2.7452 -0.0611 46
0.0000 1.3093 -1.6566 0.5658 3
0.0000 2.1425 -2.7187 0.0604 38
0.0000 1.4494 -1.8406 0.1228 4
0.0000 1.4727 -1.8708 0.2083 4
0.0000 1.4740 -1.8738 0.2927 4
0.0000 1.4906 -1.8962 0.3820 4
0.0000 1.4799 -1.8833 0.4656 3
0.0000 1.9777 -2.5177 -0.1678 2
0.0000 1.4502 -1.8469 0.5421 2
0.0000 2.1496 -2.7386 -0.0608 49
0.0000 1.3273 -1.6916 0.5761 2
0.0000 2.1301 -2.7234 0.0604 37
0.0000 1.4578 -1.8645 0.1240 4
0.0000 1.4756 -1.8887 0.2097 4
0.0000 1.4830 -1.8995 0.2959 4
0.0000 1.4900 -1.9092 0.3836 4
0.0000 1.4899 -1.9104 0.4709 3
0.0000 1.9648 -2.5202 -0.1675 2
0.0000 1.4447 -1.8537 0.5426 2
0.0000 2.1413 -2.7476 -0.0608 50
0.0000 1.3487 -1.7312 0.5880 1
0.0000 2.1222 -2.7320 0.0604 34
0.0000 1.4513 -1.8696 0.1240 4
0.0000 1.4813 -1.9096 0.2114 4
0.0000 1.4852 -1.9154 0.2976 4
0.0000 1.4858 -1.9175 0.3842 4
0.0000 1.4980 -1.9339 0.4755 2
0.0000 1.9625 -2.5346 -0.1680 2
0.0000 1.4409 -1.8616 0.5435 1
0.0000 2.1158 -2.7345 -0.0604 47
0.0000 2.1139 -2.7410 0.0604 29
0.0000 1.4691 -1.9063 0.1261 4
0.0000 1.4798 -1.9208 0.2121 4
0.0000 1.4834 -1.9269 0.2986 4
0.0000 1.4875 -1.9336 0.3864 3
0.0000 1.5044 -1.9563 0.4797 2
0.0000 1.9464 -2.5320 -0.1674 1
0.0000 1.4415 -1.8759 0.5462 1
0.0000 2.0952 -2.7276 -0.0600 36
0.0000 2.0934 -2.7341 0.0601 17
0.0000 1.4673 -1.9178 0.1265 4
0.0000 1.4727 -1.9262 0.2121 4
0.0000 1.4935 -1.9541 0.3020 4
0.0000 1.4927 -1.9545 0.3895 3
0.0000 1.4865 -1.9477 0.4763 2
0.0000 1.9322 -2.5327 -0.1670 1
0.0000 1.4382 -1.8858 0.5475 1
0.0000 2.0930 -2.7445 -0.0602 22
0.0000 2.0821 -2.7401 0.0601 8
0.0000 1.4703 -1.9356 0.1274 4
0.0000 1.4901 -1.9631 0.2156 4
0.0000 1.4911 -1.9659 0.3030 4
0.0000 1.4966 -1.9739 0.3923 3
0.0000 1.4986 -1.9779 0.4824 1
0.0000 1.9137 -2.5267 -0.1661 1
0.0000 1.4339 -1.8939 0.5484 1
0.0000 2.0798 -2.7470 -0.0601 10
0.0000 2.0622 -2.7327 0.0598 3
0.0000 1.4671 -1.9455 0.1277 4
0.0000 1.4892 -1.9763 0.2165 3
0.0000 1.4906 -1.9788 0.3042 4
0.0000 1.5016 -1.9949 0.3955 3
0.0000 1.5180 -2.0174 0.4908 1
0.0000 1.4347 -1.9080 0.5511 1
0.0000 2.0726 -2.7574 -0.0602 4
0.0000 2.0634 -2.7543 0.0601 2
0.0000 1.4699 -1.9634 0.1285 3
0.0000 1.4958 -1.9987 0.2184 4
0.0000 1.4932 -1.9967 0.3061 4
0.0000 1.4970 -2.0033 0.3961 3
0.0000 1.5603 -2.0888 0.5068 1
0.0000 1.4373 -1.9255 0.5547 1
0.0000 2.0570 -2.7566 -0.0600 2
0.0000 2.0514 -2.7582 0.0600 1
0.0000 1.4713 -1.9797 0.1293 3
0.0000 1.4852 -1.9991 0.2179 3
0.0000 1.5040 -2.0258 0.3098 3
0.0000 1.5018 -2.0244 0.3992 2
0.0000 1.4306 -1.9305 0.5547 1
0.0000 2.0414 -2.7557 -0.0599 1
0.0000 2.0537 -2.7815 0.0604 1
0.0000 1.4739 -1.9977 0.1301 3
0.0000 1.4830 -2.0107 0.2186 2
0.0000 1.5016 -2.0374 0.3108 3
0.0000 1.5216 -2.0662 0.4064 2
0.0000 2.0460 -2.7822 -0.0603 1
0.0000 2.0440 -2.7886 0.0604 1
0.0000 1.4870 -2.0302 0.1319 3
0.0000 1.5089 -2.0609 0.2235 2
0.0000 1.4992 -2.0491 0.3117 2
0.0000 1.5179 -2.0762 0.4074 1
0.0000 2.0292 -2.7796 -0.0601 1
0.0000 2.0342 -2.7957 0.0604 1
0.0000 1.4767 -2.0303 0.1316 3
0.0000 1.5029 -2.0678 0.2236 2
0.0000 1.5037 -2.0704 0.3142 2
0.0000 1.5308 -2.1084 0.4127 1
0.0000 2.0504 -2.8284 -0.0610 1
0.0000 1.4813 -2.0516 0.1326 3
0.0000 1.5143 -2.0989 0.2264 1
0.0000 1.5328 -2.1252 0.3217 1
0.0000 1.5488 -2.1490 0.4196 1
0.0000 1.5591 -2.1753 0.1403 1
0.0000 0.6844 -0.9648 0.2731 1
0.0000 0.6515 -0.9229 0.0988 1
0.0000 0.6672 -0.9469 0.2252 1
0.0000 0.6833 -0.9740 0.0208 1
0.0000 0.6328 -0.9028 0.0578 1
0.0000 0.6425 -0.9186 0.2179 3
0.0000 0.6410 -0.9206 0.0196 2
0.0000 0.6251 -0.8984 0.0574 4
0.0000 0.6435 -0.9259 0.1384 7
0.0000 0.6460 -0.9305 0.2202 5
0.0000 0.6412 -0.9278 0.0197 5
0.0000 0.6322 -0.9154 0.0583 9
0.0000 0.6441 -0.9329 0.0992 10
0.0000 0.6231 -0.9046 -0.0576 1
0.0000 0.6244 -0.9102 0.0193 7
0.0000 0.6301 -0.9192 0.0584 16
0.0000 0.6318 -0.9220 0.0978 17
0.0000 0.6262 -0.9156 0.2156 16
0.0000 0.6189 -0.9052 -0.0575 3
0.0000 0.6235 -0.9157 0.0193 10
0.0000 0.6280 -0.9231 0.0585 42
0.0000 0.6308 -0.9275 0.0981 22
0.0000 0.6175 -0.9096 0.2137 13
0.0000 0.6214 -0.9195 0.0194 12
0.0000 0.6227 -0.9218 0.0583 11
0.0000 0.6309 -0.9347 0.0987 6
0.0000 0.6341 -0.9411 0.2206 7
0.0000 0.6151 -0.9174 0.0579 4
0.0000 0.6550 -0.9837 0.0206 1
0.0000 0.6341 -0.9592 0.0201 1
0.0000 0.6154 -0.9315 0.0585 4
0.0000 0.6198 -0.9454 0.0592 4
0.0000 0.6296 -0.9669 0.0201 6
0.0000 0.6165 -0.9475 0.0592 5
