0.0000 1.0444 2.9890 0.3888 14
0.0000 1.1110 2.5885 0.3459 2
0.0000 1.1051 2.5500 0.3412 2
0.0000 1.1084 2.5334 0.3395 2
0.0000 1.2076 2.7548 -0.1576 3
0.0000 0.4306 0.9452 0.2398 2
0.0000 0.4337 0.9438 0.2398 3
0.0000 0.4386 0.9458 0.2407 3
0.0000 0.4434 0.9479 0.2416 2
0.0000 0.4467 0.9463 0.2416 3
0.0000 0.5172 1.0883 0.1479 2
0.0000 0.4567 0.9588 0.2452 3
0.0000 0.5090 1.0628 0.0618 1
0.0000 0.5251 1.0960 0.1063 2
0.0000 0.4567 0.9502 0.2434 2
0.0000 0.4497 0.9349 0.2780 3
0.0000 0.5162 1.0682 0.0622 2
0.0000 0.5205 1.0757 0.1467 2
0.0000 0.4644 0.9573 0.2456 2
0.0000 0.4572 0.9420 0.2806 3
0.0000 0.5308 1.0894 0.0212 1
0.0000 0.5155 1.0574 0.0617 2
0.0000 0.5225 1.0708 0.1042 2
0.0000 0.5253 1.0756 0.1470 2
0.0000 0.5316 1.0880 0.1918 3
0.0000 0.4821 0.9859 0.2133 2
0.0000 0.4746 0.9697 0.2492 2
0.0000 0.4647 0.9490 0.2831 3
0.0000 0.5239 1.0661 0.0207 1
0.0000 0.5166 1.0502 0.0613 2
0.0000 0.5262 1.0689 0.1042 2
0.0000 0.5271 1.0703 0.1465 2
0.0000 0.5249 1.0649 0.1880 3
0.0000 0.4732 0.9596 0.2080 3
0.0000 0.4847 0.9821 0.2528 2
0.0000 0.4663 0.9440 0.2821 3
0.0000 0.5311 1.0714 0.0209 1
0.0000 0.5176 1.0431 0.0610 2
0.0000 0.5262 1.0601 0.1035 2
0.0000 0.5220 1.0507 0.1440 3
0.0000 0.5339 1.0736 0.1899 3
0.0000 0.4748 0.9545 0.2072 3
0.0000 0.4916 0.9874 0.2546 2
0.0000 0.4713 0.9458 0.2831 3
0.0000 0.5304 1.0606 0.0207 1
0.0000 0.5158 1.0305 0.0604 2
0.0000 0.5317 1.0618 0.1039 2
0.0000 0.5203 1.0382 0.1426 3
0.0000 0.5312 1.0594 -0.1455 1
0.0000 0.5359 1.0682 0.1893 3
0.0000 0.4834 0.9633 0.2095 3
0.0000 0.4916 0.9787 0.2528 2
0.0000 0.4781 0.9510 0.2852 3
0.0000 0.5386 1.0677 0.0209 2
0.0000 0.5122 1.0145 0.0596 2
0.0000 0.5327 1.0546 0.1034 2
0.0000 0.5222 1.0328 0.1421 3
0.0000 0.5331 1.0540 -0.1450 1
0.0000 0.5280 1.0434 0.1852 3
0.0000 0.4868 0.9616 0.2095 3
0.0000 0.4932 0.9735 0.2519 2
0.0000 0.5289 1.0434 -0.0204 2
0.0000 0.4814 0.9494 0.2852 3
0.0000 0.5351 1.0515 0.0206 2
0.0000 0.5248 1.0305 0.0606 2
0.0000 0.5255 1.0314 0.1013 2
0.0000 0.5240 1.0274 0.1416 3
0.0000 0.5350 1.0486 -0.1445 1
0.0000 0.5262 1.0310 0.1833 3
0.0000 0.5009 0.9809 0.2141 3
0.0000 0.5370 1.0512 -0.0619 1
0.0000 0.4993 0.9770 0.2533 2
0.0000 0.5271 1.0309 -0.0202 2
0.0000 0.4865 0.9511 0.2863 3
0.0000 0.5397 1.0514 0.0206 3
0.0000 0.5237 1.0198 0.0601 4
0.0000 0.5218 1.0154 0.0999 3
0.0000 0.5285 1.0274 0.1419 4
0.0000 0.5423 1.0538 -0.1455 1
0.0000 0.5297 1.0293 0.1833 3
0.0000 0.4899 0.9512 0.2080 3
0.0000 0.5361 1.0404 -0.0613 3
0.0000 0.4991 0.9683 0.2515 3
0.0000 0.5369 1.0416 -0.0205 5
0.0000 0.4888 0.9478 0.2857 3
0.0000 0.5349 1.0336 0.0203 5
0.0000 0.5291 1.0215 0.0603 4
0.0000 0.5318 1.0259 0.1011 3
0.0000 0.5227 1.0080 0.1394 3
0.0000 0.5403 1.0414 -0.1440 3
0.0000 0.5351 1.0309 0.1840 3
0.0000 0.5003 0.9635 0.2110 3
0.0000 0.5322 1.0244 -0.0605 4
0.0000 0.5005 0.9632 0.2506 3
0.0000 0.5405 1.0397 -0.0205 7
0.0000 0.4947 0.9512 0.2873 3
0.0000 0.5440 1.0424 0.0205 2
0.0000 0.5234 1.0020 0.0592 2
0.0000 0.5370 1.0277 0.1014 2
0.0000 0.5216 0.9974 0.1382 3
0.0000 0.5273 1.0078 -0.1397 3
0.0000 0.5414 1.0343 0.1849 3
0.0000 0.5037 0.9618 0.2110 3
0.0000 0.5283 1.0084 -0.0597 1
0.0000 0.5003 0.9545 0.2488 3
0.0000 0.5340 1.0183 -0.0201 2
0.0000 0.4981 0.9495 0.2873 3
0.0000 0.5439 1.0334 0.0204 2
0.0000 0.5166 0.9807 0.0581 2
0.0000 0.5472 1.0387 -0.2282 2
0.0000 0.5332 1.0117 0.1001 2
0.0000 0.5859 1.1113 -0.1990 1
0.0000 0.5325 1.0096 0.1401 3
0.0000 0.5290 1.0025 -0.1392 3
0.0000 0.5386 1.0202 0.1827 3
0.0000 0.5311 1.0061 -0.0995 1
0.0000 0.5107 0.9670 0.2126 3
0.0000 0.5384 1.0189 -0.0604 3
0.0000 0.5091 0.9631 0.2515 3
0.0000 0.5282 0.9988 -0.0197 2
0.0000 0.5059 0.9563 0.2899 3
0.0000 0.5429 1.0227 0.0202 2
0.0000 0.5218 0.9825 0.0583 2
0.0000 0.5283 0.9940 0.0985 2
0.0000 0.5314 0.9990 0.1389 3
0.0000 0.5344 1.0041 -0.1397 3
0.0000 0.5280 0.9922 0.1780 3
0.0000 0.5374 1.0095 -0.1001 3
0.0000 0.5196 0.9756 0.2149 3
0.0000 0.5476 1.0276 -0.0610 3
0.0000 0.5088 0.9544 0.2497 3
0.0000 0.5296 0.9935 -0.0197 2
0.0000 0.5027 0.9427 0.2863 3
0.0000 0.5425 1.0138 0.0201 2
0.0000 0.5224 0.9754 0.0580 2
0.0000 0.5544 1.0349 -0.2282 2
0.0000 0.5337 0.9957 0.0988 2
0.0000 0.5935 1.1073 -0.1990 1
0.0000 0.5319 0.9919 0.1382 3
0.0000 0.5433 1.0128 -0.1411 3
0.0000 0.5352 0.9974 0.1793 3
0.0000 0.5249 0.9778 -0.0971 3
0.0000 0.5191 0.9669 0.2133 3
0.0000 0.5406 1.0065 -0.0599 3
0.0000 0.5193 0.9665 0.2533 3
0.0000 0.5425 1.0093 -0.0200 2
0.0000 0.5133 0.9545 0.2904 3
0.0000 0.5365 0.9943 0.0197 2
0.0000 0.5265 0.9754 0.0581 2
0.0000 0.5579 1.0330 -0.2282 2
0.0000 0.5322 0.9851 0.0980 2
0.0000 0.5598 1.0357 -0.1865 1
0.0000 0.5278 0.9761 0.1362 3
0.0000 0.5393 0.9970 -0.1392 3
0.0000 0.5329 0.9851 0.1774 3
0.0000 0.5301 0.9795 -0.0974 3
0.0000 0.5244 0.9686 0.2141 3
0.0000 0.5355 0.9888 -0.0589 3
0.0000 0.5273 0.9732 0.2555 4
0.0000 0.5459 1.0074 -0.0200 2
0.0000 0.5183 0.9562 0.2914 3
0.0000 0.5513 1.0136 0.0201 2
0.0000 0.5299 0.9736 0.0581 2
0.0000 0.5615 1.0311 -0.2282 2
0.0000 0.5442 0.9990 0.0995 2
0.0000 0.5613 1.0304 -0.1858 1
0.0000 0.5339 0.9796 0.1370 3
0.0000 0.5483 1.0056 -0.1406 3
0.0000 0.5420 0.9937 0.1793 3
0.0000 0.5373 0.9847 -0.0981 1
0.0000 0.5323 0.9754 0.2160 4
0.0000 0.5359 0.9817 -0.0586 1
0.0000 0.5277 0.9663 0.2542 4
0.0000 0.5398 0.9880 -0.0197 2
0.0000 0.5263 0.9629 0.2940 4
0.0000 0.5503 1.0027 0.0200 2
0.0000 0.5258 0.9576 0.0573 2
0.0000 0.5463 0.9946 -0.2206 2
0.0000 0.5412 0.9848 0.0983 2
0.0000 0.5710 1.0386 -0.1877 1
0.0000 0.5367 0.9758 0.1367 3
0.0000 0.5349 0.9722 -0.1362 3
0.0000 0.5399 0.9813 0.1774 3
0.0000 0.5496 0.9984 -0.0997 3
0.0000 0.5398 0.9803 0.2175 4
0.0000 0.5435 0.9866 -0.0590 1
0.0000 0.5333 0.9677 0.2551 3
0.0000 0.5395 0.9790 -0.0195 2
0.0000 0.5326 0.9660 0.2956 3
0.0000 0.5566 1.0061 0.0201 2
0.0000 0.5359 0.9680 0.0580 2
0.0000 0.5270 0.9515 -0.2114 2
0.0000 0.5388 0.9725 0.0973 2
0.0000 0.5744 1.0367 -0.1877 1
0.0000 0.5418 0.9775 0.1372 3
0.0000 0.5478 0.9878 -0.1387 3
0.0000 0.5395 0.9725 0.1761 3
0.0000 0.5327 0.9599 -0.0960 1
0.0000 0.5449 0.9819 0.2183 3
0.0000 0.5478 0.9866 -0.0591 1
0.0000 0.5308 0.9557 0.2524 3
0.0000 0.5352 0.9631 -0.0192 2
0.0000 0.5341 0.9608 0.2945 3
0.0000 0.5445 0.9763 0.0195 2
0.0000 0.5374 0.9627 0.0578 2
0.0000 0.5301 0.9497 -0.2114 2
0.0000 0.5411 0.9689 0.0971 2
0.0000 0.5607 1.0037 -0.1821 1
0.0000 0.5336 0.9548 0.1343 3
0.0000 0.5532 0.9894 -0.1392 3
0.0000 0.5410 0.9672 0.1755 3
0.0000 0.5330 0.9529 -0.0955 3
0.0000 0.5436 0.9714 0.2164 2
0.0000 0.5424 0.9690 -0.0582 3
0.0000 0.5342 0.9539 0.2524 2
0.0000 0.5405 0.9647 -0.0193 2
0.0000 0.5355 0.9555 0.2935 2
0.0000 0.5557 0.9883 0.0198 5
0.0000 0.5456 0.9695 0.0583 4
0.0000 0.5257 0.9342 -0.2084 2
0.0000 0.5425 0.9636 0.0967 2
0.0000 0.5545 0.9845 -0.1790 1
0.0000 0.5369 0.9529 0.1343 3
0.0000 0.5547 0.9840 -0.1387 3
0.0000 0.5424 0.9618 0.1749 3
0.0000 0.5285 0.9371 -0.0941 3
0.0000 0.5508 0.9764 0.2179 2
0.0000 0.5389 0.9549 -0.0575 5
0.0000 0.5375 0.9520 0.2524 2
0.0000 0.5448 0.9646 -0.0193 7
0.0000 0.5351 0.9469 0.2914 2
0.0000 0.5483 0.9672 0.0194 7
0.0000 0.5332 0.9398 0.0566 4
0.0000 0.5406 0.9528 -0.2129 2
0.0000 0.5350 0.9426 0.0948 2
0.0000 0.5579 0.9826 -0.1790 1
0.0000 0.5363 0.9441 0.1333 3
0.0000 0.5453 0.9596 -0.1355 3
0.0000 0.5497 0.9668 0.1761 3
0.0000 0.5475 0.9630 -0.0969 3
0.0000 0.5416 0.9522 0.2129 2
0.0000 0.5423 0.9530 -0.0575 5
0.0000 0.5408 0.9501 0.2524 2
0.0000 0.5492 0.9644 -0.0194 2
0.0000 0.5403 0.9484 0.2925 2
0.0000 0.5547 0.9705 0.0195 2
0.0000 0.5286 0.9240 0.0558 2
0.0000 0.5361 0.9373 -0.2099 2
0.0000 0.5403 0.9442 0.0952 2
0.0000 0.5516 0.9635 -0.1758 1
0.0000 0.5387 0.9405 0.1331 3
0.0000 0.5536 0.9663 -0.1367 1
0.0000 0.5413 0.9443 0.1724 3
0.0000 0.5380 0.9386 -0.0947 1
0.0000 0.5469 0.9538 0.2137 2
0.0000 0.5376 0.9373 -0.0566 1
0.0000 0.5344 0.9313 0.2479 2
0.0000 0.5466 0.9521 -0.0192 2
0.0000 0.5417 0.9431 0.2914 2
0.0000 0.5541 0.9616 0.0194 2
0.0000 0.5368 0.9308 0.0563 2
0.0000 0.5355 0.9286 -0.2084 2
0.0000 0.5376 0.9319 0.0941 2
0.0000 0.5470 0.9478 -0.1733 2
0.0000 0.5479 0.9490 0.1345 3
0.0000 0.5550 0.9609 -0.1362 1
0.0000 0.5455 0.9441 0.1727 1
0.0000 0.5433 0.9402 -0.0950 1
0.0000 0.5502 0.9518 0.2137 2
0.0000 0.5519 0.9544 -0.0578 1
0.0000 0.5396 0.9328 0.2488 2
0.0000 0.5499 0.9502 -0.0192 2
0.0000 0.5411 0.9346 0.2894 2
0.0000 0.5454 0.9389 0.0190 2
0.0000 0.5340 0.9186 0.0557 1
0.0000 0.5279 0.9081 -0.2042 5
0.0000 0.5449 0.9369 0.0948 2
0.0000 0.5444 0.9357 -0.1715 2
0.0000 0.5482 0.9419 0.1338 3
0.0000 0.5783 0.9933 -0.1411 1
0.0000 0.5448 0.9354 0.1715 1
0.0000 0.5425 0.9314 -0.0943 1
0.0000 0.5535 0.9499 0.2137 2
0.0000 0.5583 0.9576 -0.0581 3
0.0000 0.5380 0.9225 0.2465 2
0.0000 0.5512 0.9448 -0.0191 2
0.0000 0.5482 0.9393 0.2914 2
0.0000 0.5487 0.9370 0.0190 5
0.0000 0.5372 0.9167 0.0557 2
0.0000 0.5340 0.9113 -0.2053 5
0.0000 0.5451 0.9299 0.0943 1
0.0000 0.5396 0.9201 -0.1689 2
0.0000 0.5434 0.9263 0.1319 3
0.0000 0.5491 0.9352 0.1718 1
0.0000 0.5427 0.9243 -0.0938 1
0.0000 0.5549 0.9446 0.2129 2
0.0000 0.5444 0.9264 -0.0563 1
0.0000 0.5442 0.9257 0.2479 2
0.0000 0.5484 0.9325 -0.0189 2
0.0000 0.5476 0.9308 0.2894 2
0.0000 0.5550 0.9403 0.0191 2
0.0000 0.5404 0.9149 0.0557 1
0.0000 0.5362 0.9077 -0.2049 5
0.0000 0.5555 0.9400 0.0955 2
0.0000 0.5448 0.9217 -0.1696 2
0.0000 0.5467 0.9244 0.1319 3
0.0000 0.5544 0.9367 0.1724 3
0.0000 0.5460 0.9224 -0.0938 1
0.0000 0.5481 0.9258 0.2091 2
0.0000 0.5558 0.9383 -0.0572 1
0.0000 0.5295 0.8936 0.2398 2
0.0000 0.5639 0.9512 -0.0193 2
0.0000 0.5410 0.9122 0.2842 2
0.0000 0.5511 0.9263 0.0188 2
0.0000 0.3867 0.6497 -0.1746 7
0.0000 0.5426 0.9112 0.0556 2
0.0000 0.5384 0.9042 -0.2045 7
0.0000 0.5577 0.9363 0.0953 2
0.0000 0.5420 0.9096 -0.1677 2
0.0000 0.5428 0.9105 0.1302 3
0.0000 0.5724 0.9599 -0.1372 1
0.0000 0.5485 0.9195 0.1696 3
0.0000 0.5400 0.9051 -0.0922 1
0.0000 0.5524 0.9255 0.2095 3
0.0000 0.5570 0.9329 -0.0569 3
0.0000 0.5466 0.9151 0.2461 2
0.0000 0.5488 0.9184 -0.0187 5
0.0000 0.5541 0.9269 0.2894 2
0.0000 0.5677 0.9467 0.0193 7
0.0000 0.3890 0.6484 -0.1746 7
0.0000 0.5478 0.9128 0.0558 4
0.0000 0.5496 0.9158 -0.2076 7
0.0000 0.5466 0.9105 0.0929 3
0.0000 0.5452 0.9077 -0.1677 2
0.0000 0.5501 0.9154 0.1311 3
0.0000 0.5471 0.9102 -0.1304 3
0.0000 0.5477 0.9108 0.1683 3
0.0000 0.5503 0.9152 -0.0934 3
0.0000 0.5556 0.9236 0.2095 3
0.0000 0.5572 0.9258 -0.0566 5
0.0000 0.5438 0.9032 0.2434 2
0.0000 0.5561 0.9233 -0.0188 13
0.0000 0.5474 0.9084 0.2842 2
0.0000 0.5524 0.9139 0.0186 12
0.0000 0.3912 0.6470 -0.1746 7
0.0000 0.5508 0.9110 0.0558 5
0.0000 0.5558 0.9189 -0.2087 5
0.0000 0.5477 0.9051 0.0926 2
0.0000 0.5381 0.8889 -0.1646 2
0.0000 0.5563 0.9186 0.1319 3
0.0000 0.5565 0.9185 -0.1319 4
0.0000 0.5599 0.9241 0.1711 3
0.0000 0.5401 0.8911 -0.0912 4
0.0000 0.5588 0.9216 0.2095 2
0.0000 0.5542 0.9136 -0.0560 7
0.0000 0.5550 0.9146 0.2470 2
0.0000 0.5571 0.9180 -0.0187 7
0.0000 0.5524 0.9099 0.2852 2
0.0000 0.5502 0.9035 0.0185 2
0.0000 0.4137 0.6790 -0.1836 6
0.0000 0.5519 0.9056 0.0556 2
0.0000 0.5406 0.8867 -0.2019 5
0.0000 0.5582 0.9151 0.0938 2
0.0000 0.5400 0.8854 -0.1643 2
0.0000 0.5532 0.9066 0.1304 3
0.0000 0.5564 0.9116 -0.1311 4
0.0000 0.5652 0.9256 0.1718 3
0.0000 0.5453 0.8926 -0.0915 1
0.0000 0.5660 0.9265 0.2110 2
0.0000 0.5582 0.9135 -0.0561 3
0.0000 0.5580 0.9128 0.2470 2
0.0000 0.5686 0.9297 -0.0190 2
0.0000 0.5596 0.9146 0.2873 2
0.0000 0.5554 0.9050 0.0185 2
0.0000 0.4344 0.7075 -0.1917 6
0.0000 0.5509 0.8969 0.0552 2
0.0000 0.5549 0.9034 -0.2061 5
0.0000 0.5664 0.9218 0.0947 2
0.0000 0.5421 0.8818 -0.1639 2
0.0000 0.5563 0.9047 0.1304 3
0.0000 0.5502 0.8944 -0.1289 3
0.0000 0.5726 0.9303 0.1730 3
0.0000 0.5545 0.9010 -0.0926 1
0.0000 0.5713 0.9278 0.2118 2
0.0000 0.5698 0.9251 -0.0569 1
0.0000 0.5490 0.8909 0.2416 2
0.0000 0.5698 0.9243 -0.0190 2
0.0000 0.5628 0.9126 0.2873 2
0.0000 0.5796 0.9370 0.0192 2
0.0000 0.4348 0.7026 -0.1908 6
0.0000 0.5509 0.8899 0.0548 2
0.0000 0.5498 0.8881 -0.2030 5
0.0000 0.5749 0.9282 0.0955 2
0.0000 0.5472 0.8833 -0.1646 2
0.0000 0.5658 0.9128 0.1319 3
0.0000 0.5670 0.9144 -0.1321 3
0.0000 0.5654 0.9115 0.1699 3
0.0000 0.5682 0.9160 -0.0943 1
0.0000 0.5683 0.9158 0.2095 2
0.0000 0.5751 0.9265 -0.0572 3
0.0000 0.5685 0.9155 0.2488 2
0.0000 0.5667 0.9122 -0.0187 2
0.0000 0.5659 0.9106 0.2873 2
0.0000 0.5723 0.9180 0.0189 2
0.0000 0.4599 0.7375 -0.2007 5
0.0000 0.5656 0.9066 0.0560 2
0.0000 0.5632 0.9028 -0.2068 7
0.0000 0.5707 0.9144 0.0943 2
0.0000 0.5440 0.8713 -0.1627 2
0.0000 0.5731 0.9176 0.1328 3
0.0000 0.5786 0.9259 -0.1341 3
0.0000 0.5707 0.9129 0.1705 3
0.0000 0.5692 0.9106 -0.0940 1
0.0000 0.5798 0.9272 0.2126 2
0.0000 0.5699 0.9110 -0.0563 3
0.0000 0.5634 0.9003 0.2452 2
0.0000 0.5614 0.8966 -0.0185 2
0.0000 0.5671 0.9054 0.2863 2
0.0000 0.5777 0.9194 0.0190 2
0.0000 0.4293 0.6831 -0.1863 6
0.0000 0.5815 0.9249 0.0573 2
0.0000 0.5716 0.9091 -0.2087 12
0.0000 0.5803 0.9225 0.0953 2
0.0000 0.5386 0.8560 -0.1602 1
0.0000 0.5806 0.9223 0.1338 3
0.0000 0.5903 0.9373 -0.1360 3
0.0000 0.5823 0.9243 0.1730 3
0.0000 0.5682 0.9019 -0.0933 1
0.0000 0.5872 0.9318 0.2141 2
0.0000 0.5890 0.9343 -0.0579 3
0.0000 0.5811 0.9214 0.2515 2
0.0000 0.5794 0.9183 -0.0190 2
0.0000 0.5723 0.9067 0.2873 2
0.0000 0.5894 0.9309 0.0192 2
0.0000 0.4567 0.7211 -0.1971 5
0.0000 0.5750 0.9078 0.0563 2
0.0000 0.5653 0.8922 -0.2053 30
0.0000 0.5899 0.9306 0.0964 2
0.0000 0.5817 0.9169 0.1333 3
0.0000 0.5957 0.9386 -0.1365 3
0.0000 0.5917 0.9323 0.1749 3
0.0000 0.5820 0.9167 -0.0950 3
0.0000 0.5789 0.9115 0.2099 2
0.0000 0.5902 0.9289 -0.0577 3
0.0000 0.5812 0.9144 0.2501 2
0.0000 0.5889 0.9265 -0.0192 2
0.0000 0.5836 0.9178 0.2914 2
0.0000 0.6076 0.9526 0.0197 2
0.0000 0.4675 0.7327 -0.2007 5
0.0000 0.5943 0.9310 0.0579 2
0.0000 0.5769 0.9035 -0.2084 20
0.0000 0.5953 0.9319 0.0967 2
0.0000 0.5933 0.9284 0.1353 3
0.0000 0.5913 0.9249 -0.1348 3
0.0000 0.6098 0.9536 0.1793 3
0.0000 0.5863 0.9164 -0.0952 3
0.0000 0.5946 0.9294 0.2145 2
0.0000 0.5986 0.9353 -0.0582 3
0.0000 0.6021 0.9404 0.2578 1
0.0000 0.6072 0.9480 -0.0197 2
0.0000 0.5857 0.9141 0.2909 1
0.0000 0.6336 0.9858 0.0205 3
0.0000 0.4616 0.7179 -0.1971 5
0.0000 0.6299 0.9793 0.0610 4
0.0000 0.5650 0.8784 -0.2030 5
0.0000 0.6285 0.9768 0.1016 2
0.0000 0.5731 0.8903 -0.1677 1
0.0000 0.6578 1.0214 0.1492 2
0.0000 0.6128 0.9512 -0.1389 4
0.0000 0.6346 0.9846 0.1855 1
0.0000 0.6164 0.9562 -0.0995 3
0.0000 0.6181 0.9587 0.2217 1
0.0000 0.6517 1.0104 -0.0630 6
0.0000 1.2023 1.8635 0.5120 2
0.0000 0.6485 1.0047 -0.0209 7
0.0000 1.0898 1.6879 0.5383 4
0.0000 0.6425 0.9919 0.0206 2
0.0000 0.4811 0.7425 -0.2043 4
0.0000 0.6692 1.0324 0.0645 13
0.0000 0.5693 0.8780 -0.2034 5
0.0000 0.6722 1.0363 0.1081 7
0.0000 0.5656 0.8716 -0.1646 1
0.0000 0.6743 1.0391 0.1521 11
0.0000 0.6507 1.0023 -0.1467 10
0.0000 0.6853 1.0553 0.1993 1
0.0000 0.6534 1.0058 -0.1049 9
0.0000 1.2196 1.8766 0.4350 3
0.0000 0.6673 1.0265 -0.0642 27
0.0000 1.2102 1.8607 0.5124 3
0.0000 0.6662 1.0242 -0.0213 21
0.0000 1.0852 1.6678 0.5332 4
0.0000 0.6701 1.0264 0.0214 2
0.0000 0.4667 0.7146 -0.1971 5
0.0000 0.6730 1.0300 0.0645 41
0.0000 0.5745 0.8793 -0.2042 5
0.0000 0.6606 1.0106 0.1056 18
0.0000 0.5730 0.8763 -0.1658 1
0.0000 0.6607 1.0100 0.1482 20
0.0000 0.6630 1.0132 -0.1487 21
0.0000 0.6805 1.0396 0.1968 1
0.0000 0.6680 1.0201 -0.1067 28
0.0000 1.2154 1.8559 0.4312 3
0.0000 0.6666 1.0174 -0.0637 39
0.0000 1.2145 1.8532 0.5115 3
0.0000 0.6787 1.0352 -0.0216 30
0.0000 1.0881 1.6590 0.5316 3
0.0000 0.6847 1.0408 0.0217 11
0.0000 0.4692 0.7130 -0.1971 5
0.0000 0.6787 1.0309 0.0647 56
0.0000 0.5777 0.8772 -0.2042 5
0.0000 0.6610 1.0032 0.1051 28
0.0000 0.5599 0.8494 -0.1611 3
0.0000 0.6664 1.0110 0.1487 22
0.0000 0.6699 1.0159 -0.1494 31
0.0000 1.2160 1.8435 0.3498 3
0.0000 0.6683 1.0127 -0.1062 48
0.0000 1.2146 1.8400 0.4286 3
0.0000 0.6626 1.0033 -0.0630 29
0.0000 1.2160 1.8406 0.5093 3
0.0000 0.6702 1.0144 -0.0212 4
0.0000 1.0960 1.6584 0.5326 3
0.0000 0.6751 1.0184 0.0213 31
0.0000 0.4846 0.7308 -0.2025 5
0.0000 0.6777 1.0220 0.0643 57
0.0000 0.5958 0.8982 -0.2095 5
0.0000 0.6775 1.0209 0.1072 40
0.0000 0.5638 0.8492 -0.1614 7
0.0000 0.6798 1.0236 0.1509 22
0.0000 0.6743 1.0153 -0.1497 39
0.0000 1.2221 1.8395 0.3498 3
0.0000 0.6783 1.0205 -0.1072 55
0.0000 1.2196 1.8343 0.4282 3
0.0000 0.6626 0.9961 -0.0627 30
0.0000 1.2088 1.8173 0.5039 3
0.0000 0.6868 1.0322 -0.0216 7
0.0000 1.1058 1.6612 0.5347 2
0.0000 0.6840 1.0245 0.0215 31
0.0000 0.4633 0.6936 -0.1926 6
0.0000 0.6789 1.0164 0.0641 48
0.0000 0.5923 0.8864 -0.2072 5
0.0000 0.6920 1.0353 0.1089 43
0.0000 0.5512 0.8243 -0.1571 2
0.0000 0.6865 1.0263 0.1516 23
0.0000 0.6755 1.0098 -0.1492 61
0.0000 1.2195 1.8223 0.3473 3
0.0000 0.6694 1.0000 -0.1053 39
0.0000 1.2224 1.8254 0.4270 3
0.0000 0.6714 1.0022 -0.0632 42
0.0000 1.2083 1.8036 0.5012 3
0.0000 0.6969 1.0399 -0.0219 21
0.0000 1.1156 1.6640 0.5368 2
0.0000 0.6997 1.0404 0.0219 36
0.0000 0.5004 0.7438 -0.2070 4
0.0000 0.6825 1.0141 0.0641 41
0.0000 0.5996 0.8909 -0.2087 5
0.0000 0.6843 1.0164 0.1072 38
0.0000 0.5804 0.8618 -0.1646 1
0.0000 0.6899 1.0240 0.1516 24
0.0000 0.6768 1.0041 -0.1487 60
0.0000 1.2081 1.7918 0.3423 3
0.0000 0.6650 0.9862 -0.1041 37
0.0000 1.2274 1.8197 0.4266 3
0.0000 0.6781 1.0050 -0.0635 39
0.0000 1.2200 1.8074 0.5034 3
0.0000 0.6994 1.0358 -0.0218 47
0.0000 1.1095 1.6424 0.5311 1
0.0000 0.6988 1.0314 0.0217 42
0.0000 0.4986 0.7356 -0.2052 4
0.0000 0.6882 1.0150 0.0643 41
0.0000 0.6005 0.8856 -0.2080 5
0.0000 0.6890 1.0157 0.1074 35
0.0000 0.5945 0.8761 -0.1677 1
0.0000 0.7046 1.0380 0.1540 24
0.0000 0.6736 0.9919 -0.1472 42
0.0000 1.2210 1.7974 0.3442 3
0.0000 0.6673 0.9822 -0.1039 40
0.0000 1.2260 1.8040 0.4240 3
0.0000 0.6883 1.0125 -0.0642 37
0.0000 1.2110 1.7806 0.4971 3
0.0000 0.7109 1.0449 -0.0221 45
0.0000 1.1163 1.6402 0.5316 2
0.0000 0.4802 0.7037 -0.2283 5
0.0000 0.7080 1.0372 0.0219 57
0.0000 0.5099 0.7467 -0.2088 4
0.0000 0.6974 1.0208 0.0648 35
0.0000 0.6058 0.8867 -0.2087 5
0.0000 0.6981 1.0215 0.1082 27
0.0000 0.5976 0.8740 -0.1677 1
0.0000 0.7217 1.0552 0.1570 11
0.0000 0.6804 0.9945 -0.1479 58
0.0000 1.2251 1.7899 0.3435 3
0.0000 0.6788 0.9913 -0.1051 34
0.0000 1.2212 1.7835 0.4202 3
0.0000 0.6862 1.0018 -0.0636 42
0.0000 1.2238 1.7860 0.4998 3
0.0000 0.7055 1.0292 -0.0218 40
0.0000 1.1286 1.6458 0.5347 1
0.0000 0.7139 1.0380 0.0220 61
0.0000 0.4860 0.7064 -0.1980 5
0.0000 0.7010 1.0184 0.0648 46
0.0000 0.6101 0.8861 -0.2091 2
0.0000 0.7064 1.0255 0.1089 17
0.0000 0.6008 0.8719 -0.1677 1
0.0000 0.7344 1.0658 0.1589 2
0.0000 0.6782 0.9839 -0.1467 60
0.0000 1.2324 1.7872 0.3438 3
0.0000 0.6879 0.9971 -0.1060 35
0.0000 1.2255 1.7758 0.4194 3
0.0000 0.6910 1.0010 -0.0637 40
0.0000 1.2126 1.7558 0.4926 3
0.0000 0.7193 1.0416 -0.0221 38
0.0000 1.1288 1.6339 0.5321 1
0.0000 0.7223 1.0419 0.0221 48
0.0000 0.4709 0.6790 -0.1908 6
0.0000 0.7013 1.0109 0.0645 41
0.0000 0.6144 0.8856 -0.2095 2
0.0000 0.7247 1.0443 0.1112 7
0.0000 0.6601 0.9509 -0.1833 1
0.0000 1.2071 1.7381 0.2598 2
0.0000 0.6807 0.9798 -0.1465 51
0.0000 1.2209 1.7567 0.3388 3
0.0000 0.6891 0.9914 -0.1056 31
0.0000 1.2272 1.7651 0.4179 3
0.0000 0.6991 1.0051 -0.0642 35
0.0000 1.2187 1.7516 0.4926 3
0.0000 0.7220 1.0373 -0.0221 49
0.0000 1.1392 1.6361 0.5342 1
0.0000 0.7328 1.0493 0.0223 42
0.0000 0.5223 0.7476 -0.2106 4
0.0000 0.7151 1.0232 0.0654 19
0.0000 0.6219 0.8899 -0.2110 2
0.0000 0.7466 1.0679 0.1140 6
0.0000 0.7201 1.0295 -0.1990 2
0.0000 1.2166 1.7387 0.2606 3
0.0000 0.6955 0.9937 -0.1489 45
0.0000 1.2214 1.7443 0.3373 3
0.0000 0.6891 0.9841 -0.1051 30
0.0000 1.2334 1.7608 0.4179 3
0.0000 0.7060 1.0076 -0.0645 35
0.0000 1.2237 1.7457 0.4922 3
0.0000 0.7314 1.0429 -0.0222 67
0.0000 1.1427 1.6290 0.5332 1
0.0000 0.7330 1.0418 0.0222 55
0.0000 0.5137 0.7299 -0.2061 4
0.0000 0.6239 0.8861 -0.2107 2
0.0000 0.7389 1.0490 0.1123 8
0.0000 0.7180 1.0189 -0.1974 8
0.0000 1.2215 1.7328 0.2603 3
0.0000 0.7036 0.9977 -0.1499 40
0.0000 1.2249 1.7371 0.3366 3
0.0000 0.7006 0.9931 -0.1063 31
0.0000 1.2304 1.7436 0.4148 3
0.0000 0.7118 1.0084 -0.0647 35
0.0000 1.2220 1.7303 0.4890 3
0.0000 0.7267 1.0291 -0.0220 52
0.0000 1.1537 1.6330 0.5358 1
0.0000 0.7388 1.0426 0.0223 31
0.0000 0.5229 0.7377 -0.2088 4
0.0000 2.1996 3.1021 0.1993 16
0.0000 0.6327 0.8919 -0.2126 2
0.0000 0.8013 1.1293 0.1211 2
0.0000 0.7282 1.0262 -0.1993 13
0.0000 1.2180 1.7158 0.2584 3
0.0000 0.7092 0.9986 -0.1504 36
0.0000 1.2264 1.7263 0.3354 3
0.0000 0.7029 0.9890 -0.1062 33
0.0000 1.2317 1.7331 0.4133 3
0.0000 0.7094 0.9979 -0.0642 39
0.0000 1.2243 1.7215 0.4877 3
0.0000 0.7350 1.0330 -0.0221 45
0.0000 1.1549 1.6227 0.5337 1
0.0000 0.7424 1.0400 0.0223 6
0.0000 0.5300 0.7422 -0.2106 4
0.0000 0.6356 0.8898 -0.2126 2
0.0000 1.2279 1.7183 0.1848 3
0.0000 0.7364 1.0301 -0.2005 16
0.0000 1.2240 1.7116 0.2584 3
0.0000 0.7080 0.9897 -0.1494 31
0.0000 1.2370 1.7285 0.3366 3
0.0000 0.7143 0.9981 -0.1074 31
0.0000 1.2331 1.7224 0.4118 3
0.0000 0.7164 1.0002 -0.0645 35
0.0000 1.2269 1.7124 0.4863 3
0.0000 0.7397 1.0321 -0.0222 38
0.0000 1.1583 1.6155 0.5326 2
0.0000 0.7472 1.0390 0.0223 11
0.0000 0.5280 0.7340 -0.2088 4
0.0000 2.2247 3.0915 0.1996 48
0.0000 0.6261 0.8701 -0.2084 2
0.0000 1.2292 1.7075 0.1841 3
0.0000 0.7434 1.0323 -0.2015 16
0.0000 1.2242 1.6992 0.2571 3
0.0000 0.7103 0.9856 -0.1492 30
0.0000 1.2280 1.7033 0.3326 3
0.0000 0.7178 0.9956 -0.1074 30
0.0000 1.2346 1.7117 0.4102 4
0.0000 0.7269 1.0075 -0.0651 32
0.0000 1.2260 1.6987 0.4836 3
0.0000 0.7562 1.0473 -0.0225 47
0.0000 1.1730 1.6240 0.5368 2
0.0000 2.2677 3.1304 0.0675 4
0.0000 0.5192 0.7164 -0.2043 4
0.0000 2.2479 3.1019 0.2008 52
0.0000 0.6222 0.8583 -0.2061 2
0.0000 1.2282 1.6935 0.1830 3
0.0000 0.7517 1.0361 -0.2027 15
0.0000 1.2254 1.6885 0.2562 3
0.0000 0.7242 0.9976 -0.1514 30
0.0000 1.2290 1.6928 0.3313 3
0.0000 0.7189 0.9898 -0.1070 30
0.0000 1.2428 1.7106 0.4110 3
0.0000 0.7327 1.0081 -0.0653 30
0.0000 1.2296 1.6912 0.4827 3
0.0000 0.7644 1.0513 -0.0227 45
0.0000 1.1693 1.6076 0.5326 2
0.0000 2.2674 3.1083 0.0672 22
0.0000 0.5009 0.6863 -0.1962 5
0.0000 2.2646 3.1021 0.2013 57
0.0000 0.6333 0.8673 -0.2087 2
0.0000 1.2223 1.6732 0.1813 3
0.0000 0.7504 1.0272 -0.2015 13
0.0000 1.2345 1.6893 0.2569 3
0.0000 0.7369 1.0080 -0.1533 33
0.0000 1.2314 1.6837 0.3304 3
0.0000 0.7270 0.9937 -0.1077 30
0.0000 1.2346 1.6875 0.4064 3
0.0000 0.7384 1.0089 -0.0655 30
0.0000 1.2329 1.6840 0.4818 3
0.0000 0.7751 1.0583 -0.0229 45
0.0000 1.1772 1.6066 0.5337 2
0.0000 2.2830 3.1068 0.0673 51
0.0000 0.5240 0.7128 -0.2043 4
0.0000 2.2884 3.1119 0.2024 53
0.0000 0.6478 0.8810 -0.2126 2
0.0000 1.2290 1.6707 0.1815 3
0.0000 0.7528 1.0230 -0.2012 12
0.0000 1.2181 1.6546 0.2523 3
0.0000 0.7404 1.0054 -0.1533 31
0.0000 1.2326 1.6731 0.3291 3
0.0000 0.7327 0.9945 -0.1081 31
0.0000 1.2428 1.6863 0.4072 3
0.0000 0.7372 0.9999 -0.0651 34
0.0000 1.2353 1.6750 0.4805 3
0.0000 2.3020 3.1201 -0.0677 22
0.0000 1.1828 1.6025 0.5337 2
0.0000 2.2974 3.1036 0.0674 43
0.0000 0.5079 0.6860 -0.1971 5
0.0000 2.2981 3.1022 0.2023 52
0.0000 0.6521 0.8803 -0.2129 2
0.0000 1.2384 1.6712 0.1820 3
0.0000 0.7611 1.0267 -0.2024 12
0.0000 1.2309 1.6599 0.2537 3
0.0000 0.7416 0.9996 -0.1528 34
0.0000 1.2361 1.6656 0.3285 3
0.0000 0.7433 1.0016 -0.1091 35
0.0000 1.2417 1.6725 0.4049 3
0.0000 0.7490 1.0086 -0.0658 39
0.0000 1.2296 1.6550 0.4760 3
0.0000 2.3177 3.1185 -0.0678 52
0.0000 1.1907 1.6015 0.5347 2
0.0000 2.3142 3.1036 0.0676 24
0.0000 0.5290 0.7092 -0.2043 4
0.0000 2.3017 3.0846 0.2017 22
0.0000 0.6599 0.8843 -0.2145 2
0.0000 1.2359 1.6557 0.1808 3
0.0000 0.7730 1.0351 -0.2046 13
0.0000 1.2284 1.6444 0.2520 3
0.0000 0.7427 0.9938 -0.1523 40
0.0000 1.2289 1.6439 0.3251 3
0.0000 0.7587 1.0149 -0.1109 35
0.0000 1.2475 1.6682 0.4049 3
0.0000 0.7717 1.0315 -0.0675 36
0.0000 1.2342 1.6491 0.4755 3
0.0000 2.2950 3.0655 -0.0668 11
0.0000 1.2032 1.6066 0.5378 2
0.0000 2.2902 3.0491 0.0666 10
0.0000 0.5244 0.6980 -0.2016 5
0.0000 2.2933 3.0510 0.2000 9
0.0000 0.6488 0.8632 -0.2099 2
0.0000 1.2273 1.6323 0.1787 3
0.0000 0.7706 1.0245 -0.2031 10
0.0000 1.2401 1.6481 0.2532 3
0.0000 0.7545 1.0023 -0.1540 43
0.0000 1.2310 1.6348 0.3241 3
0.0000 0.7562 1.0043 -0.1100 41
0.0000 1.2533 1.6638 0.4049 3
0.0000 0.7801 1.0352 -0.0679 33
0.0000 1.2376 1.6417 0.4746 3
0.0000 2.2924 3.0399 -0.0665 11
0.0000 1.1972 1.5870 0.5326 2
0.0000 0.5139 0.6795 -0.2283 5
0.0000 2.2900 3.0268 0.0662 11
0.0000 0.5175 0.6837 -0.1980 5
0.0000 2.2901 3.0259 0.1989 6
0.0000 0.6660 0.8797 -0.2145 2
0.0000 1.2306 1.6248 0.1783 3
0.0000 0.7730 1.0203 -0.2027 5
0.0000 1.2327 1.6263 0.2506 3
0.0000 0.7640 1.0076 -0.1553 46
0.0000 1.2353 1.6292 0.3238 3
0.0000 0.7670 1.0112 -0.1110 46
0.0000 1.2449 1.6406 0.4003 3
0.0000 2.3535 3.1006 -0.2040 3
0.0000 1.2374 1.6296 0.4724 3
0.0000 2.2928 3.0196 -0.0662 10
0.0000 1.1977 1.5768 0.5306 2
0.0000 2.2830 2.9969 0.0658 11
0.0000 0.5221 0.6851 -0.1989 5
0.0000 2.2982 3.0147 0.1987 7
0.0000 0.6667 0.8742 -0.2137 2
0.0000 1.2375 1.6221 0.1785 3
0.0000 0.7668 1.0051 -0.2002 2
0.0000 1.2380 1.6222 0.2506 3
0.0000 0.7709 1.0098 -0.1560 49
0.0000 1.2445 1.6296 0.3248 3
0.0000 0.7729 1.0117 -0.1114 49
0.0000 1.2431 1.6271 0.3980 3
0.0000 1.2475 1.6317 0.4742 3
0.0000 2.3009 3.0084 -0.0661 11
0.0000 1.2103 1.5818 0.5337 2
0.0000 2.3020 3.0000 0.0660 11
0.0000 0.5268 0.6863 -0.1998 5
0.0000 2.2941 2.9876 0.1974 6
0.0000 0.6696 0.8720 -0.2137 2
0.0000 1.2441 1.6195 0.1787 3
0.0000 0.7679 0.9993 -0.1996 2
0.0000 1.2389 1.6116 0.2496 3
0.0000 0.7720 1.0040 -0.1555 49
0.0000 1.2442 1.6174 0.3232 3
0.0000 0.7787 1.0123 -0.1117 46
0.0000 1.2512 1.6259 0.3988 3
0.0000 1.8360 2.3850 -0.1577 1
0.0000 1.2306 1.5980 0.4656 3
0.0000 2.3029 2.9892 -0.0659 8
0.0000 1.2087 1.5684 0.5306 3
0.0000 2.3002 2.9761 0.0657 11
0.0000 0.5340 0.6907 -0.2016 5
0.0000 2.2997 2.9733 0.1970 7
0.0000 0.6774 0.8759 -0.2152 2
0.0000 1.2448 1.6089 0.1780 3
0.0000 0.7787 1.0060 -0.2015 2
0.0000 1.2420 1.6041 0.2491 3
0.0000 0.7816 1.0091 -0.1567 49
0.0000 1.2389 1.5990 0.3204 3
0.0000 0.7810 1.0080 -0.1116 35
0.0000 1.2545 1.6184 0.3980 3
0.0000 1.8346 2.3660 -0.1569 2
0.0000 1.2386 1.5968 0.4665 3
0.0000 1.2189 1.5703 0.5326 2
0.0000 2.3044 2.9602 0.0655 5
0.0000 0.5244 0.6734 -0.1971 5
0.0000 2.3137 2.9700 0.1973 7
0.0000 0.6684 0.8580 -0.2114 2
0.0000 1.2443 1.5967 0.1771 3
0.0000 0.7834 1.0048 -0.2018 2
0.0000 1.2440 1.5951 0.2484 3
0.0000 0.7949 1.0189 -0.1587 45
0.0000 1.2469 1.5977 0.3210 3
0.0000 0.7907 1.0131 -0.1124 11
0.0000 1.2577 1.6109 0.3973 3
0.0000 1.2538 1.6047 0.4701 4
0.0000 1.9050 2.4374 -0.0540 1
0.0000 1.2244 1.5660 0.5326 2
0.0000 0.5364 0.6839 -0.2007 5
0.0000 2.3179 2.9540 0.1968 5
0.0000 0.6738 0.8588 -0.2122 2
0.0000 1.2450 1.5860 0.1764 3
0.0000 0.7783 0.9912 -0.1996 2
0.0000 1.2495 1.5907 0.2484 3
0.0000 0.8058 1.0255 -0.1601 49
0.0000 1.2452 1.5841 0.3191 3
0.0000 1.2536 1.5942 0.3942 3
0.0000 2.4413 3.1034 -0.2069 13
0.0000 1.2581 1.5988 0.4697 3
0.0000 1.8591 2.3616 -0.0525 1
0.0000 1.2203 1.5496 0.5285 2
0.0000 0.5279 0.6687 -0.2283 5
0.0000 1.9086 2.4167 0.0538 1
0.0000 0.5050 0.6392 -0.1881 6
0.0000 0.6671 0.8441 -0.2091 2
0.0000 1.2517 1.5833 0.1766 2
0.0000 0.7744 0.9792 -0.1977 2
0.0000 1.2452 1.5739 0.2464 3
0.0000 0.8217 1.0382 -0.1626 35
0.0000 1.2507 1.5797 0.3191 3
0.0000 1.4841 1.8745 -0.2092 3
0.0000 1.2470 1.5744 0.3904 3
0.0000 2.4583 3.1027 -0.2075 16
0.0000 1.2577 1.5868 0.4674 3
0.0000 2.3108 2.9145 -0.0649 11
0.0000 1.2329 1.5544 0.5316 2
0.0000 2.2880 2.8764 0.0642 2
0.0000 0.5193 0.6527 -0.1926 6
0.0000 0.6749 0.8479 -0.2107 2
0.0000 1.2523 1.5726 0.1759 2
0.0000 0.7779 0.9765 -0.1977 2
0.0000 1.2507 1.5695 0.2464 3
0.0000 0.8575 1.0757 -0.1689 8
0.0000 1.2538 1.5722 0.3185 3
0.0000 1.4944 1.8740 -0.2097 3
0.0000 1.2500 1.5670 0.3896 3
0.0000 2.4841 3.1129 -0.2087 20
0.0000 1.2474 1.5626 0.4616 3
0.0000 2.3160 2.9002 -0.0648 11
0.0000 1.2383 1.5501 0.5316 2
0.0000 2.3068 2.8794 0.0644 10
0.0000 0.5240 0.6539 -0.1935 5
0.0000 1.9110 2.3845 0.1601 1
0.0000 0.6779 0.8455 -0.2107 2
0.0000 1.2503 1.5589 0.1748 2
0.0000 0.7887 0.9830 -0.1996 2
0.0000 1.2537 1.5621 0.2459 4
0.0000 1.0551 1.3142 -0.2069 2
0.0000 1.2466 1.5527 0.3154 3
0.0000 1.4984 1.8656 -0.2093 3
0.0000 1.2555 1.5626 0.3896 3
0.0000 2.5049 3.1166 -0.2096 21
0.0000 1.2467 1.5506 0.4594 3
0.0000 2.3181 2.8831 -0.0646 11
0.0000 1.2362 1.5370 0.5285 2
0.0000 2.3138 2.8686 0.0643 10
0.0000 0.5360 0.6643 -0.1971 5
0.0000 2.3120 2.8643 0.1929 4
0.0000 0.6636 0.8218 -0.2053 2
0.0000 1.2482 1.5453 0.1738 2
0.0000 0.7845 0.9712 -0.1977 2
0.0000 1.2526 1.5502 0.2447 4
0.0000 1.0582 1.3091 -0.2067 3
0.0000 1.2495 1.5452 0.3147 3
0.0000 1.5062 1.8619 -0.2095 3
0.0000 1.2631 1.5615 0.3904 3
0.0000 2.5228 3.1176 -0.2102 21
0.0000 1.2543 1.5495 0.4602 4
0.0000 2.3155 2.8595 -0.0642 11
0.0000 1.2343 1.5236 0.5254 3
0.0000 2.3125 2.8465 0.0640 11
0.0000 0.5383 0.6624 -0.1971 5
0.0000 2.3190 2.8535 0.1927 4
0.0000 0.6911 0.8500 -0.2129 2
0.0000 1.2407 1.5257 0.1720 2
0.0000 0.7829 0.9623 -0.1965 2
0.0000 1.2593 1.5473 0.2450 4
0.0000 1.0628 1.3054 -0.2067 3
0.0000 1.2559 1.5426 0.3151 3
0.0000 1.5048 1.8477 -0.2085 3
0.0000 1.2512 1.5358 0.3851 3
0.0000 2.5463 3.1243 -0.2112 21
0.0000 1.2474 1.5300 0.4558 3
0.0000 2.3238 2.8502 -0.0642 12
0.0000 1.2356 1.5150 0.5238 3
0.0000 2.3143 2.8295 0.0638 12
0.0000 0.5282 0.6455 -0.1926 6
0.0000 2.3213 2.8361 0.1921 5
0.0000 0.6841 0.8355 -0.2099 2
0.0000 1.2511 1.5275 0.1727 2
0.0000 0.7798 0.9521 -0.1949 2
0.0000 1.2518 1.5278 0.2425 4
0.0000 1.0671 1.3019 -0.2067 3
0.0000 1.2575 1.5336 0.3141 3
0.0000 1.5137 1.8455 -0.2088 3
0.0000 1.2638 1.5407 0.3873 3
0.0000 2.5554 3.1143 -0.2111 20
0.0000 1.2500 1.5229 0.4549 4
0.0000 2.3248 2.8313 -0.0639 11
0.0000 1.2421 1.5122 0.5244 3
0.0000 2.3216 2.8184 0.0637 12
0.0000 0.5329 0.6467 -0.1935 5
0.0000 2.3210 2.8157 0.1912 4
0.0000 0.6893 0.8362 -0.2107 2
0.0000 1.2676 1.5372 0.1743 2
0.0000 0.8020 0.9722 -0.1996 2
0.0000 1.2445 1.5081 0.2401 4
0.0000 1.0641 1.2890 -0.2052 3
0.0000 1.2641 1.5308 0.3144 3
0.0000 1.5224 1.8435 -0.2092 3
0.0000 1.2616 1.5272 0.3851 3
0.0000 2.5789 3.1207 -0.2122 20
0.0000 1.2466 1.5080 0.4517 4
0.0000 2.3347 2.8231 -0.0639 11
0.0000 1.2425 1.5019 0.5223 3
0.0000 2.3276 2.8056 0.0636 13
0.0000 0.5202 0.6268 -0.1881 6
0.0000 2.3181 2.7922 0.1902 5
0.0000 0.6922 0.8338 -0.2107 2
0.0000 1.2589 1.5159 0.1724 1
0.0000 0.8054 0.9694 -0.1996 2
0.0000 1.2625 1.5190 0.2425 4
0.0000 1.0673 1.2837 -0.2050 3
0.0000 1.2568 1.5112 0.3113 3
0.0000 1.5288 1.8382 -0.2092 3
0.0000 1.2594 1.5137 0.3828 3
0.0000 2.5988 3.1225 -0.2129 18
0.0000 1.2544 1.5066 0.4526 4
0.0000 2.3266 2.7935 -0.0635 12
0.0000 1.2502 1.5005 0.5233 3
0.0000 0.5461 0.6539 -0.2283 5
0.0000 2.3310 2.7898 0.0635 13
0.0000 0.5599 0.6699 -0.2016 5
0.0000 2.3189 2.7733 0.1895 7
0.0000 0.6901 0.8254 -0.2091 2
0.0000 1.2438 1.4870 0.1696 1
0.0000 0.8062 0.9635 -0.1990 2
0.0000 1.2652 1.5116 0.2420 4
0.0000 1.0845 1.2952 -0.2074 3
0.0000 1.2595 1.5037 0.3107 3
0.0000 1.5394 1.8372 -0.2097 3
0.0000 1.2735 1.5199 0.3854 4
0.0000 2.6199 3.1256 -0.2137 18
0.0000 1.2634 1.5067 0.4540 4
0.0000 2.3286 2.7761 -0.0632 12
0.0000 1.2455 1.4843 0.5192 3
0.0000 2.3214 2.7587 0.0629 13
0.0000 0.5246 0.6232 -0.1881 6
0.0000 2.3234 2.7591 0.1890 8
0.0000 0.6906 0.8198 -0.2084 2
0.0000 1.2582 1.4931 0.1708 1
0.0000 0.8034 0.9530 -0.1974 2
0.0000 1.2590 1.4935 0.2398 4
0.0000 1.0826 1.2838 -0.2062 3
0.0000 1.2648 1.4993 0.3107 3
0.0000 1.5406 1.8257 -0.2090 2
0.0000 1.2626 1.4957 0.3805 3
0.0000 2.6404 3.1267 -0.2145 17
0.0000 1.2576 1.4887 0.4499 3
0.0000 2.3357 2.7649 -0.0632 11
0.0000 1.2557 1.4859 0.5213 3
0.0000 2.3263 2.7441 0.0628 12
0.0000 0.5420 0.6391 -0.1935 5
0.0000 2.3253 2.7418 0.1884 6
0.0000 0.7011 0.8264 -0.2107 2
0.0000 1.2531 1.4765 0.1694 1
0.0000 0.8054 0.9487 -0.1971 2
0.0000 1.2554 1.4783 0.2381 4
0.0000 1.0963 1.2905 -0.2079 3
0.0000 1.2649 1.4889 0.3094 3
0.0000 1.5083 1.7748 -0.2038 2
0.0000 1.2691 1.4928 0.3809 4
0.0000 1.2615 1.4828 0.4495 3
0.0000 2.3324 2.7415 -0.0628 6
0.0000 1.2608 1.4815 0.5213 3
0.0000 0.5416 0.6343 -0.1926 6
0.0000 2.3400 2.7398 0.1888 1
0.0000 0.6963 0.8150 -0.2084 2
0.0000 1.2815 1.4994 0.1726 1
0.0000 0.8047 0.9415 -0.1962 2
0.0000 1.2565 1.4696 0.2374 4
0.0000 1.0993 1.2853 -0.2077 3
0.0000 1.2688 1.4830 0.3091 3
0.0000 1.2878 1.5046 -0.1733 1
0.0000 1.2677 1.4811 0.3789 3
0.0000 1.2525 1.4623 0.4445 3
0.0000 1.2710 1.4829 0.5233 3
0.0000 0.5565 0.6472 -0.1971 5
0.0000 0.6862 0.7978 -0.2045 2
0.0000 1.2605 1.4650 0.1691 1
0.0000 0.8144 0.9462 -0.1977 2
0.0000 1.2564 1.4592 0.2364 3
0.0000 1.0934 1.2694 -0.2057 3
0.0000 1.2557 1.4578 0.3047 3
0.0000 1.2030 1.3962 -0.1612 1
0.0000 1.2574 1.4588 0.3744 3
0.0000 1.2499 1.4491 0.4418 2
0.0000 1.2482 1.4465 0.5119 1
0.0000 1.2575 1.4532 0.0335 1
0.0000 0.5420 0.6262 -0.1912 6
0.0000 1.2237 1.4132 0.0980 1
0.0000 0.7173 0.8280 -0.2129 2
0.0000 1.2108 1.3973 0.1618 1
0.0000 0.8176 0.9435 -0.1977 2
0.0000 1.2248 1.4130 0.2296 2
0.0000 1.1106 1.2808 -0.2082 3
0.0000 1.2232 1.4101 0.2957 1
0.0000 1.1909 1.3724 -0.1590 2
0.0000 1.2430 1.4324 0.3686 2
0.0000 1.2137 1.3982 -0.0970 1
0.0000 1.2215 1.4067 0.4301 1
0.0000 1.2130 1.3964 -0.0323 1
0.0000 1.2177 1.4013 0.4975 2
0.0000 1.2165 1.3960 0.0323 1
0.0000 0.5340 0.6126 -0.1876 6
0.0000 1.2077 1.3849 0.0963 1
0.0000 0.7202 0.8255 -0.2129 2
0.0000 1.2128 1.3903 0.1614 1
0.0000 0.8183 0.9377 -0.1971 2
0.0000 1.2206 1.3982 0.2279 2
0.0000 1.1151 1.2769 -0.2082 3
0.0000 1.2255 1.4029 0.2950 2
0.0000 1.1983 1.3712 -0.1593 2
0.0000 1.2198 1.3953 0.3602 2
0.0000 1.2175 1.3922 -0.0969 1
0.0000 1.2238 1.3995 0.4292 2
0.0000 1.2047 1.3771 -0.0319 1
0.0000 1.1946 1.3651 0.4861 1
0.0000 1.2111 1.3795 0.0320 2
0.0000 0.5491 0.6252 -0.1921 6
0.0000 1.1956 1.3609 0.0949 2
0.0000 0.7180 0.8170 -0.2114 2
0.0000 1.2179 1.3858 0.1614 2
0.0000 0.8165 0.9287 -0.1959 2
0.0000 1.2048 1.3699 0.2240 2
0.0000 1.1014 1.2519 -0.2047 3
0.0000 1.2228 1.3895 0.2932 2
0.0000 1.1967 1.3593 -0.1584 1
0.0000 1.2353 1.4026 0.3633 2
0.0000 1.2160 1.3802 -0.0964 2
0.0000 1.2083 1.3716 0.4220 2
0.0000 1.2349 1.4012 -0.0326 1
0.0000 1.2175 1.3810 0.4933 1
0.0000 1.2122 1.3706 0.0319 2
0.0000 0.5436 0.6145 -0.1894 6
0.0000 1.2017 1.3582 0.0950 2
0.0000 0.7182 0.8115 -0.2107 2
0.0000 1.2203 1.3784 0.1611 2
0.0000 0.8225 0.9287 -0.1965 3
0.0000 1.2229 1.3803 0.2264 2
0.0000 1.1058 1.2481 -0.2047 3
0.0000 1.2251 1.3822 0.2925 2
0.0000 1.2054 1.3596 -0.1590 2
0.0000 1.2323 1.3895 0.3610 2
0.0000 1.2234 1.3790 -0.0966 2
0.0000 1.2196 1.3746 0.4243 2
0.0000 1.2292 1.3849 -0.0323 2
0.0000 1.2121 1.3652 0.4892 2
0.0000 1.2393 1.3920 0.0325 3
0.0000 0.5508 0.6185 -0.1912 6
0.0000 1.2022 1.3498 0.0947 2
0.0000 0.7288 0.8179 -0.2129 2
0.0000 1.2262 1.3758 0.1612 2
0.0000 0.8413 0.9436 -0.2002 2
0.0000 1.2169 1.3644 0.2245 2
0.0000 1.1126 1.2474 -0.2052 3
0.0000 1.2309 1.3796 0.2928 2
0.0000 1.2259 1.3735 -0.1611 4
0.0000 1.2330 1.3810 0.3599 2
0.0000 1.2333 1.3809 -0.0970 4
0.0000 1.2125 1.3575 0.4202 2
0.0000 1.2377 1.3853 -0.0324 6
0.0000 1.2166 1.3612 0.4892 2
0.0000 1.2186 1.3595 0.0319 13
0.0000 0.5477 0.6108 -0.1894 6
0.0000 1.2082 1.3471 0.0948 4
0.0000 0.7262 0.8097 -0.2114 2
0.0000 1.2175 1.3569 0.1595 3
0.0000 0.8365 0.9320 -0.1984 3
0.0000 1.2307 1.3707 0.2262 2
0.0000 1.1249 1.2524 -0.2067 3
0.0000 1.2225 1.3606 0.2897 2
0.0000 1.2211 1.3590 -0.1598 4
0.0000 1.2337 1.3725 0.3587 2
0.0000 1.2366 1.3753 -0.0969 4
0.0000 1.2302 1.3677 0.4247 2
0.0000 1.2386 1.3765 -0.0323 21
0.0000 1.2278 1.3641 0.4918 1
0.0000 1.2287 1.3612 0.0320 2
0.0000 0.5577 0.6176 -0.1921 6
0.0000 1.2290 1.3606 0.0961 2
0.0000 0.7185 0.7955 -0.2084 2
0.0000 1.2342 1.3660 0.1611 2
0.0000 0.8385 0.9276 -0.1980 2
0.0000 1.2475 1.3797 0.2284 2
0.0000 1.1279 1.2469 -0.2064 3
0.0000 1.2498 1.3813 0.2950 2
0.0000 1.2338 1.3636 -0.1609 2
0.0000 1.2516 1.3828 0.3625 2
0.0000 1.2481 1.3784 -0.0974 2
0.0000 1.2494 1.3793 0.4297 1
0.0000 1.2325 1.3598 0.4918 1
0.0000 1.2428 1.3673 0.0323 2
0.0000 0.5572 0.6128 -0.1912 6
0.0000 1.2364 1.3593 0.0963 1
0.0000 0.7292 0.8017 -0.2107 2
0.0000 1.2484 1.3720 0.1623 2
0.0000 0.8364 0.9189 -0.1968 2
0.0000 1.2443 1.3665 0.2269 2
0.0000 1.1282 1.2386 -0.2057 2
0.0000 1.2533 1.3754 0.2947 1
0.0000 1.2346 1.3549 -0.1604 2
0.0000 1.2617 1.3842 0.3641 2
0.0000 1.2569 1.3784 -0.0978 2
0.0000 1.2608 1.3822 0.4319 2
0.0000 1.2562 1.3767 -0.0325 2
0.0000 1.2555 1.3754 0.4990 1
0.0000 1.2516 1.3674 0.0324 2
0.0000 0.5620 0.6137 -0.1921 6
0.0000 1.2452 1.3594 0.0966 2
0.0000 0.7400 0.8078 -0.2129 2
0.0000 1.2505 1.3646 0.1619 1
0.0000 0.8449 0.9218 -0.1980 2
0.0000 1.2517 1.3651 0.2274 2
0.0000 1.1191 1.2200 -0.2033 3
0.0000 1.2674 1.3812 0.2969 2
0.0000 1.2406 1.3520 -0.1605 2
0.0000 1.2692 1.3827 0.3648 2
0.0000 1.2482 1.3593 -0.0967 2
0.0000 1.2577 1.3691 0.4292 2
0.0000 1.2637 1.3753 -0.0326 2
0.0000 1.2577 1.3682 0.4980 1
0.0000 1.2632 1.3703 0.0325 2
0.0000 0.5562 0.6031 -0.1894 6
0.0000 1.2594 1.3653 0.0973 2
0.0000 0.7268 0.7879 -0.2084 2
0.0000 1.2660 1.3720 0.1633 2
0.0000 0.8548 0.9261 -0.1996 2
0.0000 1.2619 1.3665 0.2284 2
0.0000 1.1342 1.2278 -0.2052 3
0.0000 1.2696 1.3739 0.2963 2
0.0000 1.2562 1.3594 -0.1619 1
0.0000 1.2900 1.3955 0.3694 2
0.0000 1.2624 1.3652 -0.0974 2
0.0000 1.2598 1.3619 0.4283 2
0.0000 1.2712 1.3738 -0.0327 2
0.0000 1.2730 1.3752 0.5021 1
0.0000 1.2748 1.3732 0.0327 2
0.0000 0.5662 0.6098 -0.1921 6
0.0000 1.2696 1.3667 0.0978 2
0.0000 0.7456 0.8026 -0.2129 2
0.0000 1.2749 1.3719 0.1639 2
0.0000 0.8702 0.9361 -0.2024 2
0.0000 1.2720 1.3679 0.2294 2
0.0000 1.1452 1.2311 -0.2064 3
0.0000 1.2744 1.3695 0.2963 2
0.0000 1.2596 1.3535 -0.1618 3
0.0000 1.2842 1.3795 0.3664 2
0.0000 1.2713 1.3652 -0.0978 3
0.0000 1.2778 1.3717 0.4328 2
0.0000 1.2747 1.3679 -0.0326 5
0.0000 1.2409 1.3311 0.4876 1
0.0000 1.2811 1.3700 0.0327 3
0.0000 0.5498 0.5878 -0.1858 6
0.0000 1.2566 1.3433 0.0964 2
0.0000 0.7405 0.7913 -0.2107 2
0.0000 1.2854 1.3731 0.1646 2
0.0000 0.8466 0.9041 -0.1962 2
0.0000 1.2865 1.3734 0.2311 2
0.0000 1.1511 1.2283 -0.2067 3
0.0000 1.2926 1.3794 0.2994 2
0.0000 1.2645 1.3489 -0.1618 3
0.0000 1.2919 1.3777 0.3671 2
0.0000 1.2913 1.3765 -0.0989 2
0.0000 1.2988 1.3841 0.4382 2
0.0000 1.2863 1.3707 -0.0328 3
0.0000 1.2257 1.3057 0.4799 1
0.0000 1.2966 1.3774 0.0330 1
0.0000 0.5705 0.6058 -0.1921 6
0.0000 1.2928 1.3724 0.0988 1
0.0000 0.7352 0.7801 -0.2084 2
0.0000 1.2847 1.3628 0.1639 2
0.0000 0.8455 0.8969 -0.1952 2
0.0000 1.2965 1.3749 0.2320 2
0.0000 1.1565 1.2259 -0.2069 2
0.0000 1.2975 1.3749 0.2994 2
0.0000 1.2884 1.3648 -0.1642 3
0.0000 1.3019 1.3791 0.3686 2
0.0000 1.2863 1.3621 -0.0982 1
0.0000 1.2700 1.3444 0.4270 1
0.0000 1.2938 1.3691 -0.0329 1
0.0000 1.2249 1.2958 0.4778 1
0.0000 1.3221 1.3946 0.0335 1
0.0000 0.5860 0.6179 -0.1966 5
0.0000 1.2919 1.3623 0.0984 1
0.0000 0.7594 0.8005 -0.2145 2
0.0000 1.3070 1.3773 0.1661 2
0.0000 0.8609 0.9069 -0.1980 2
0.0000 1.2959 1.3646 0.2311 2
0.0000 1.1608 1.2219 -0.2069 2
0.0000 1.3156 1.3849 0.3025 2
0.0000 1.3080 1.3764 -0.1661 1
0.0000 1.3202 1.3888 0.3725 2
0.0000 1.2924 1.3590 -0.0983 1
0.0000 1.2532 1.3173 0.4198 1
0.0000 1.3080 1.3750 -0.0331 1
0.0000 1.2252 1.2875 0.4762 1
0.0000 1.3170 1.3801 0.0333 2
0.0000 0.5557 0.5822 -0.1858 6
0.0000 1.2966 1.3578 0.0984 1
0.0000 0.7432 0.7779 -0.2091 2
0.0000 1.3063 1.3670 0.1654 2
0.0000 0.8625 0.9026 -0.1977 2
0.0000 1.3114 1.3718 0.2330 2
0.0000 1.1483 1.2008 -0.2040 2
0.0000 1.3068 1.3660 0.2994 2
0.0000 1.3128 1.3718 -0.1661 1
0.0000 1.3289 1.3886 0.3736 1
0.0000 1.3300 1.3894 -0.1008 1
0.0000 1.2656 1.3216 0.4225 1
0.0000 1.3059 1.3632 -0.0330 1
0.0000 1.2350 1.2888 0.4783 1
0.0000 1.3329 1.3871 0.0336 1
0.0000 0.5902 0.6139 -0.1966 5
0.0000 1.3096 1.3619 0.0990 1
0.0000 0.7348 0.7642 -0.2061 2
0.0000 1.3177 1.3698 0.1663 2
0.0000 0.8657 0.8996 -0.1977 2
0.0000 1.3272 1.3786 0.2350 2
0.0000 1.1663 1.2111 -0.2064 2
0.0000 1.3143 1.3643 0.3000 2
0.0000 1.2841 1.3330 -0.1619 1
0.0000 1.2819 1.3303 0.3591 1
0.0000 1.2621 1.3088 0.4198 1
0.0000 1.3092 1.3572 -0.0329 1
0.0000 1.2436 1.2886 0.4799 1
0.0000 1.3336 1.3781 0.0335 1
0.0000 0.6167 0.6371 -0.2047 4
0.0000 1.3144 1.3573 0.0990 1
0.0000 0.7484 0.7729 -0.2091 2
0.0000 1.3308 1.3738 0.1673 2
0.0000 0.8661 0.8937 -0.1971 2
0.0000 1.3278 1.3697 0.2342 2
0.0000 1.1705 1.2070 -0.2064 2
0.0000 1.3328 1.3739 0.3032 2
0.0000 1.2846 1.3242 -0.1614 3
0.0000 1.3002 1.3399 0.3629 1
0.0000 1.3731 1.4144 -0.1033 1
0.0000 1.2667 1.3044 0.4198 1
0.0000 1.2211 1.2566 0.4695 3
0.0000 1.3663 1.4021 0.0342 1
0.0000 0.5781 0.5931 -0.1912 6
0.0000 1.3300 1.3644 0.0999 1
0.0000 0.7429 0.7618 -0.2068 2
0.0000 1.3440 1.3777 0.1684 1
0.0000 0.8774 0.8992 -0.1990 2
0.0000 1.3409 1.3736 0.2357 2
0.0000 1.1747 1.2029 -0.2064 3
0.0000 1.3553 1.3878 0.3072 1
0.0000 1.3352 1.3668 -0.1672 2
0.0000 1.2857 1.3157 0.3576 1
0.0000 1.3026 1.3325 -0.0977 3
0.0000 1.2549 1.2832 0.4144 1
0.0000 1.3240 1.3539 -0.0331 1
0.0000 1.2401 1.2677 0.4752 1
0.0000 0.5801 0.5911 -0.1912 6
0.0000 1.3376 1.3626 0.1001 1
0.0000 0.7593 0.7732 -0.2107 2
0.0000 1.3446 1.3687 0.1679 1
0.0000 0.8804 0.8962 -0.1990 2
0.0000 1.3413 1.3649 0.2350 2
0.0000 1.1829 1.2033 -0.2072 3
0.0000 1.3670 1.3901 0.3088 1
0.0000 1.3525 1.3749 -0.1687 3
0.0000 1.3038 1.3254 0.3614 1
0.0000 1.3350 1.3567 -0.0998 1
0.0000 1.2263 1.2457 0.4036 2
0.0000 1.3231 1.3436 -0.0329 1
0.0000 1.2405 1.2593 0.4736 2
0.0000 0.5822 0.5891 -0.1912 6
0.0000 1.4097 1.4261 0.1051 1
0.0000 0.7315 0.7400 -0.2023 2
0.0000 1.3645 1.3798 0.1698 1
0.0000 0.8863 0.8960 -0.1996 2
0.0000 1.3586 1.3729 0.2372 2
0.0000 1.1843 1.1963 -0.2067 3
0.0000 1.3725 1.3860 -0.1707 2
0.0000 1.2822 1.2943 0.3541 2
0.0000 1.3693 1.3818 -0.1020 1
0.0000 1.2567 1.2677 0.4121 1
0.0000 1.3334 1.3447 -0.0331 1
0.0000 1.2871 1.2974 0.4897 1
0.0000 1.3426 1.3496 0.0332 1
0.0000 0.5677 0.5705 -0.1858 6
0.0000 0.7479 0.7513 -0.2061 2
0.0000 0.8867 0.8901 -0.1990 2
0.0000 1.3746 1.3794 0.2391 1
0.0000 1.1828 1.1866 -0.2057 3
0.0000 1.3181 1.3218 0.2957 1
0.0000 1.3590 1.3628 -0.1684 2
0.0000 1.2867 1.2899 0.3541 2
0.0000 1.3783 1.3812 -0.1023 1
0.0000 1.2625 1.2647 0.4126 1
0.0000 1.3551 1.3570 -0.0335 1
0.0000 1.2670 1.2683 0.4804 1
0.0000 1.4053 1.4029 0.0347 1
0.0000 0.5697 0.5685 -0.1858 6
0.0000 1.3490 1.3457 0.0999 1
0.0000 0.7533 0.7515 -0.2068 2
0.0000 0.8842 0.8814 -0.1977 2
0.0000 1.3977 1.3928 0.2423 1
0.0000 1.1912 1.1866 -0.2064 3
0.0000 1.3059 1.3005 0.2919 3
0.0000 1.3765 1.3707 -0.1700 2
0.0000 1.3371 1.3311 0.3667 2
0.0000 1.3789 1.3722 -0.1020 1
0.0000 1.2890 1.2823 0.4198 1
0.0000 1.3867 1.3790 -0.0341 1
0.0000 1.2714 1.2639 0.4804 1
0.0000 1.3960 1.3839 0.0343 1
0.0000 0.5717 0.5665 -0.1858 6
0.0000 1.4246 1.4112 0.1051 1
0.0000 0.7783 0.7710 -0.2129 2
0.0000 1.3676 1.3543 0.1684 1
0.0000 0.8929 0.8839 -0.1990 2
0.0000 1.1996 1.1866 -0.2072 3
0.0000 1.3344 1.3195 0.2972 1
0.0000 1.3898 1.3743 -0.1710 1
0.0000 1.3250 1.3098 0.3622 1
0.0000 1.3951 1.3786 -0.1028 1
0.0000 1.3323 1.3161 0.4324 1
0.0000 1.3930 1.3756 -0.0342 1
0.0000 1.2758 1.2595 0.4804 1
0.0000 1.4179 1.3958 0.0347 1
0.0000 0.6070 0.5973 -0.1966 5
0.0000 1.3811 1.3586 0.1015 1
0.0000 0.7838 0.7710 -0.2137 2
0.0000 1.3723 1.3495 0.1684 1
0.0000 0.8959 0.8807 -0.1990 2
0.0000 1.1994 1.1783 -0.2064 3
0.0000 1.4108 1.3855 0.3132 1
0.0000 1.4019 1.3762 -0.1719 1
0.0000 1.3296 1.3052 0.3622 1
0.0000 1.4113 1.3849 -0.1036 1
0.0000 1.2979 1.2732 0.4198 1
0.0000 1.4106 1.3833 -0.0345 1
0.0000 1.2802 1.2550 0.4804 1
0.0000 1.4171 1.3853 0.0346 1
0.0000 0.5673 0.5543 -0.1831 7
0.0000 1.4001 1.3678 0.1026 1
0.0000 0.7613 0.7434 -0.2068 2
0.0000 1.4186 1.3848 0.1734 1
0.0000 0.8992 0.8774 -0.1990 2
0.0000 1.2021 1.1727 -0.2062 3
0.0000 1.4298 1.3943 0.3163 1
0.0000 1.3967 1.3616 -0.1707 1
0.0000 1.3343 1.3003 0.3622 1
0.0000 1.4249 1.3881 -0.1043 1
0.0000 1.3026 1.2685 0.4198 1
0.0000 1.4097 1.3728 -0.0343 1
0.0000 1.2154 1.1831 0.4545 1
0.0000 1.4365 1.3940 0.0349 1
0.0000 0.5917 0.5740 -0.1903 6
0.0000 1.4221 1.3795 0.1038 1
0.0000 0.7864 0.7626 -0.2129 2
0.0000 1.4263 1.3826 0.1738 1
0.0000 0.9050 0.8771 -0.1996 2
0.0000 1.4172 1.3729 0.2423 1
0.0000 1.2178 1.1793 -0.2082 3
0.0000 1.4290 1.3838 0.3151 1
0.0000 1.4172 1.3719 -0.1726 1
0.0000 1.3106 1.2683 0.3545 1
0.0000 1.4355 1.3887 -0.1047 1
0.0000 1.3070 1.2639 0.4198 1
0.0000 1.4131 1.3665 -0.0343 1
0.0000 1.2889 1.2460 0.4804 1
0.0000 1.4325 1.3809 0.0347 1
0.0000 0.5936 0.5720 -0.1903 6
0.0000 1.4326 1.3801 0.1043 1
0.0000 0.7806 0.7517 -0.2107 2
0.0000 1.4497 1.3956 0.1761 1
0.0000 0.8994 0.8658 -0.1977 2
0.0000 1.4218 1.3682 0.2423 1
0.0000 1.2103 1.1643 -0.2062 3
0.0000 1.4196 1.3651 0.3119 1
0.0000 1.4292 1.3739 -0.1734 1
0.0000 1.3148 1.2640 0.3545 1
0.0000 1.4430 1.3867 -0.1049 1
0.0000 1.2578 1.2083 0.4027 1
0.0000 1.4322 1.3754 -0.0347 1
0.0000 1.2682 1.2174 0.4711 1
0.0000 0.5815 0.5564 -0.1858 6
0.0000 2.8730 2.7493 0.2084 20
0.0000 0.7661 0.7328 -0.2061 2
0.0000 2.0131 1.9251 0.2437 1
0.0000 0.9081 0.8681 -0.1990 2
0.0000 1.3634 1.3029 0.2316 1
0.0000 1.2228 1.1685 -0.2077 3
0.0000 1.4294 1.3650 -0.1729 1
0.0000 1.3193 1.2594 0.3545 1
0.0000 1.9521 1.8628 -0.1414 2
0.0000 1.2956 1.2364 0.4135 1
0.0000 1.9490 1.8593 -0.0470 1
0.0000 1.2862 1.2266 0.4762 1
0.0000 0.5974 0.5679 -0.1903 6
0.0000 0.7713 0.7330 -0.2068 2
0.0000 2.0136 1.9129 0.2430 1
0.0000 0.8996 0.8542 -0.1965 1
0.0000 1.3648 1.2956 0.2311 1
0.0000 1.2281 1.1658 -0.2079 3
0.0000 1.4426 1.3685 -0.1740 1
0.0000 1.3234 1.2550 0.3545 1
0.0000 1.2912 1.2240 0.4108 1
0.0000 1.9972 1.8927 -0.0480 2
0.0000 1.2314 1.1665 0.4545 1
0.0000 2.0773 1.9623 0.0499 1
0.0000 0.5993 0.5660 -0.1903 6
0.0000 0.7538 0.7116 -0.2015 2
0.0000 2.0258 1.9117 0.2437 1
0.0000 0.8938 0.8431 -0.1946 1
0.0000 1.3735 1.2952 0.2318 1
0.0000 1.2249 1.1547 -0.2067 3
0.0000 1.4471 1.3637 -0.1740 1
0.0000 1.3276 1.2506 0.3545 1
0.0000 2.8586 2.6919 -0.2058 45
0.0000 1.2529 1.1795 0.3973 1
0.0000 2.8762 2.7066 -0.0689 36
0.0000 1.2945 1.2178 0.4762 1
0.0000 2.0841 1.9550 0.0499 1
0.0000 0.5928 0.5559 -0.1876 6
0.0000 2.0458 1.9178 0.1470 1
0.0000 0.7849 0.7358 -0.2091 2
0.0000 0.9025 0.8454 -0.1959 1
0.0000 1.3794 1.2917 0.2320 1
0.0000 1.2304 1.1518 -0.2069 3
0.0000 1.3717 1.2836 0.2975 1
0.0000 1.4679 1.3736 -0.1759 1
0.0000 1.2775 1.1950 0.3400 1
0.0000 2.8680 2.6820 -0.2058 47
0.0000 1.2428 1.1618 0.3928 1
0.0000 2.8827 2.6938 -0.0689 48
0.0000 1.2536 1.1711 0.4597 1
0.0000 2.8474 2.6524 0.0679 22
0.0000 0.6004 0.5591 -0.1894 6
0.0000 0.7760 0.7223 -0.2061 2
0.0000 0.9228 0.8584 -0.1996 2
0.0000 1.3810 1.2842 0.2316 1
0.0000 1.2402 1.1529 -0.2079 3
0.0000 1.3269 1.2331 0.2869 1
0.0000 1.4653 1.3617 -0.1750 1
0.0000 1.2816 1.1905 0.3400 1
0.0000 2.8642 2.6597 -0.2048 49
0.0000 1.2697 1.1786 0.4000 1
0.0000 2.8847 2.6769 -0.0687 53
0.0000 1.2322 1.1430 0.4503 1
0.0000 2.8669 2.6520 0.0682 43
0.0000 0.6252 0.5782 -0.1966 5
0.0000 0.7785 0.7196 -0.2061 2
0.0000 0.9171 0.8471 -0.1977 2
0.0000 1.3592 1.2551 0.2272 1
0.0000 1.2311 1.1364 -0.2057 3
0.0000 1.3225 1.2204 0.2850 1
0.0000 1.4877 1.3728 -0.1771 1
0.0000 1.2684 1.1701 0.3354 1
0.0000 2.8558 2.6334 -0.2036 49
0.0000 1.2537 1.1557 0.3937 2
0.0000 2.8926 2.6655 -0.0687 45
0.0000 1.2319 1.1348 0.4488 1
0.0000 2.8702 2.6366 0.0680 36
0.0000 0.6072 0.5575 -0.1903 6
0.0000 2.8868 2.6499 0.2054 51
0.0000 0.7810 0.7169 -0.2061 2
0.0000 2.0934 1.9209 0.2486 1
0.0000 0.9200 0.8439 -0.1977 2
0.0000 1.3578 1.2450 0.2262 1
0.0000 1.2350 1.1321 -0.2057 3
0.0000 1.3384 1.2264 0.2875 1
0.0000 1.5101 1.3837 -0.1792 1
0.0000 1.2725 1.1656 0.3354 1
0.0000 2.8562 2.6154 -0.2030 46
0.0000 1.2578 1.1513 0.3937 1
0.0000 2.8930 2.6472 -0.0684 52
0.0000 1.2102 1.1070 0.4395 2
0.0000 2.8735 2.6211 0.0679 39
0.0000 0.6120 0.5580 -0.1912 6
0.0000 2.8665 2.6129 0.2033 42
0.0000 0.7922 0.7221 -0.2084 2
0.0000 2.1295 1.9404 0.2521 1
0.0000 0.9288 0.8460 -0.1990 2
0.0000 1.3768 1.2536 0.2286 1
0.0000 1.2390 1.1278 -0.2057 3
0.0000 1.3047 1.1872 0.2794 1
0.0000 1.5282 1.3905 -0.1808 1
0.0000 1.2780 1.1625 0.3358 2
0.0000 2.8653 2.6054 -0.2030 48
0.0000 1.2474 1.1338 0.3892 1
0.0000 2.8786 2.6156 -0.0679 50
0.0000 1.2312 1.1184 0.4457 1
0.0000 2.8871 2.6151 0.0680 43
0.0000 0.6457 0.5847 -0.2011 5
0.0000 2.8712 2.5989 0.2030 38
0.0000 0.7947 0.7193 -0.2084 2
0.0000 2.1570 1.9517 0.2545 1
0.0000 0.9317 0.8428 -0.1990 2
0.0000 1.3694 1.2382 0.2267 1
0.0000 1.2488 1.1288 -0.2067 3
0.0000 1.2883 1.1641 0.2750 2
0.0000 1.5463 1.3972 -0.1823 1
0.0000 1.3069 1.1804 0.3423 1
0.0000 2.8684 2.5900 -0.2025 49
0.0000 1.2484 1.1268 0.3883 1
0.0000 2.8936 2.6109 -0.0680 52
0.0000 1.2366 1.1154 0.4462 1
0.0000 2.8754 2.5863 0.0675 45
0.0000 0.5985 0.5381 -0.1858 6
0.0000 2.8773 2.5861 0.2027 36
0.0000 0.7826 0.7034 -0.2045 2
0.0000 2.1771 1.9561 0.2561 2
0.0000 0.9141 0.8210 -0.1946 2
0.0000 1.3707 1.2307 0.2262 1
0.0000 1.2631 1.1337 -0.2084 3
0.0000 1.3277 1.1913 0.2825 1
0.0000 1.5423 1.3838 -0.1813 1
0.0000 1.2847 1.1523 0.3354 1
0.0000 2.8715 2.5746 -0.2021 51
0.0000 1.2552 1.1251 0.3892 1
0.0000 2.8953 2.5941 -0.0679 53
0.0000 1.2260 1.0981 0.4410 1
0.0000 2.8814 2.5736 0.0674 43
0.0000 0.6178 0.5516 -0.1912 6
0.0000 2.8833 2.5734 0.2025 38
0.0000 0.8027 0.7164 -0.2091 2
0.0000 2.2151 1.9764 0.2597 1
0.0000 0.9287 0.8284 -0.1971 2
0.0000 1.3765 1.2273 0.2264 1
0.0000 1.2537 1.1174 -0.2062 3
0.0000 1.3082 1.1656 0.2775 1
0.0000 1.5664 1.3956 -0.1836 1
0.0000 1.2594 1.1216 0.3278 1
0.0000 2.8626 2.5487 -0.2009 48
0.0000 1.2577 1.1194 0.3887 1
0.0000 2.8908 2.5720 -0.0675 52
0.0000 1.2241 1.0887 0.4390 1
0.0000 2.8844 2.5582 0.0673 45
0.0000 0.6197 0.5494 -0.1912 6
0.0000 2.8758 2.5488 0.2014 27
0.0000 0.7963 0.7058 -0.2068 2
0.0000 0.9331 0.8264 -0.1974 2
0.0000 1.3540 1.1988 0.2220 1
0.0000 1.2368 1.0946 -0.2028 3
0.0000 1.2827 1.1348 0.2713 1
0.0000 1.5817 1.3994 -0.1848 1
0.0000 1.2588 1.1133 0.3267 2
0.0000 2.8655 2.5334 -0.2004 48
0.0000 1.2485 1.1034 0.3847 1
0.0000 2.9028 2.5646 -0.0676 52
0.0000 1.2380 1.0934 0.4426 1
0.0000 0.5668 0.4993 -0.2024 7
0.0000 2.8903 2.5455 0.0672 45
0.0000 0.6216 0.5473 -0.1912 6
0.0000 0.7900 0.6952 -0.2045 2
0.0000 0.9568 0.8414 -0.2018 2
0.0000 1.3343 1.1731 0.2181 1
0.0000 1.2525 1.1008 -0.2047 3
0.0000 1.2909 1.1345 0.2722 2
0.0000 1.5986 1.4044 -0.1862 1
0.0000 1.2716 1.1167 0.3290 2
0.0000 2.8698 2.5194 -0.2001 45
0.0000 1.2933 1.1350 0.3973 1
0.0000 2.8933 2.5391 -0.0672 52
0.0000 1.2315 1.0804 0.4390 1
0.0000 0.6528 0.5709 -0.2002 5
0.0000 0.8012 0.7002 -0.2068 2
0.0000 1.6535 1.4445 0.1921 1
0.0000 0.9387 0.8200 -0.1974 2
0.0000 1.3532 1.1817 0.2206 1
0.0000 1.2681 1.1070 -0.2067 3
0.0000 1.2844 1.1209 0.2700 1
0.0000 1.5960 1.3923 -0.1853 1
0.0000 1.2856 1.1215 0.3316 1
0.0000 2.8751 2.5072 -0.1999 45
0.0000 1.2618 1.1000 0.3865 1
0.0000 2.8931 2.5211 -0.0670 52
0.0000 1.2061 1.0507 0.4286 1
0.0000 0.6136 0.5328 -0.1876 6
0.0000 0.7947 0.6898 -0.2045 2
0.0000 1.5876 1.3776 0.1839 2
0.0000 0.9401 0.8155 -0.1971 2
0.0000 1.3603 1.1796 0.2211 1
0.0000 1.2690 1.1000 -0.2062 3
0.0000 1.3092 1.1345 0.2744 1
0.0000 1.6397 1.4209 -0.1898 2
0.0000 1.2510 1.0836 0.3217 1
0.0000 2.8778 2.4920 -0.1995 45
0.0000 1.2612 1.0917 0.3851 2
0.0000 1.1981 1.0364 0.4245 1
0.0000 0.6450 0.5566 -0.2283 5
0.0000 0.6066 0.5230 -0.1849 6
0.0000 1.6702 1.4396 0.1156 1
0.0000 0.8209 0.7076 -0.2107 2
0.0000 2.8919 2.4919 0.3340 3
0.0000 0.9444 0.8135 -0.1974 2
0.0000 1.3463 1.1593 0.2181 1
0.0000 1.2818 1.1033 -0.2077 3
0.0000 1.2952 1.1145 0.2706 1
0.0000 1.6386 1.4100 -0.1891 1
0.0000 1.2726 1.0946 0.3263 2
0.0000 1.2429 1.0683 0.3784 3
0.0000 1.2222 1.0498 0.4317 1
0.0000 0.6469 0.5539 -0.1966 5
0.0000 1.5841 1.3558 0.1093 1
0.0000 0.8233 0.7047 -0.2107 2
0.0000 0.9563 0.8179 -0.1993 2
0.0000 1.3398 1.1455 0.2164 1
0.0000 1.2585 1.0756 -0.2033 2
0.0000 1.2811 1.0945 0.2669 1
0.0000 1.6678 1.4249 -0.1919 2
0.0000 1.2839 1.0965 0.3282 3
0.0000 1.2688 1.0829 0.3851 1
0.0000 1.2347 1.0530 0.4348 1
0.0000 1.6589 1.4108 0.0380 1
0.0000 0.6340 0.5390 -0.1921 6
0.0000 0.8198 0.6967 -0.2091 2
0.0000 2.8865 2.4523 0.3314 40
0.0000 0.9471 0.8043 -0.1968 2
0.0000 1.3438 1.1408 0.2164 1
0.0000 1.2668 1.0751 -0.2040 2
0.0000 1.2834 1.0888 0.2666 2
0.0000 1.6758 1.4217 -0.1923 1
0.0000 1.2922 1.0958 0.3293 2
0.0000 1.2592 1.0671 0.3811 1
0.0000 1.2502 1.0587 0.4390 1
0.0000 2.9288 2.4733 0.0669 3
0.0000 0.6507 0.5493 -0.1966 5
0.0000 2.9063 2.4525 0.1993 44
0.0000 0.7982 0.6736 -0.2030 2
0.0000 2.9011 2.4473 0.3321 52
0.0000 0.9453 0.7972 -0.1959 2
0.0000 1.3614 1.1477 0.2186 1
0.0000 1.2751 1.0745 -0.2047 3
0.0000 1.2902 1.0868 0.2672 2
0.0000 1.6884 1.4222 -0.1931 2
0.0000 1.2975 1.0926 0.3297 2
0.0000 1.2838 1.0803 0.3874 1
0.0000 1.2213 1.0270 0.4276 1
0.0000 0.6676 0.5596 -0.2011 5
0.0000 2.9072 2.4359 0.1988 48
0.0000 0.8036 0.6733 -0.2038 2
0.0000 2.8928 2.4231 0.3301 45
0.0000 0.9542 0.7989 -0.1971 2
0.0000 1.3593 1.1378 0.2177 1
0.0000 1.2880 1.0777 -0.2062 3
0.0000 1.3122 1.0975 0.2709 1
0.0000 1.7621 1.4739 -0.2010 1
0.0000 1.2878 1.0767 0.3263 1
0.0000 1.2816 1.0708 0.3856 1
0.0000 2.9069 2.4279 -0.0661 3
0.0000 1.2279 1.0252 0.4286 1
0.0000 2.9122 2.4246 0.0661 50
0.0000 0.6366 0.5298 -0.1912 6
0.0000 2.9003 2.4130 0.1977 43
0.0000 0.8150 0.6780 -0.2061 2
0.0000 2.9013 2.4130 0.3301 45
0.0000 0.9478 0.7880 -0.1952 2
0.0000 1.3389 1.1127 0.2138 1
0.0000 1.3009 1.0808 -0.2077 3
0.0000 1.3236 1.0993 0.2725 1
0.0000 1.2764 1.0597 0.3225 1
0.0000 2.9002 2.4069 -0.1975 2
0.0000 1.2703 1.0539 0.3811 5
0.0000 1.2299 1.0197 0.4281 1
0.0000 2.9068 2.4030 0.0658 46
0.0000 0.6204 0.5127 -0.1858 6
0.0000 2.8964 2.3927 0.1969 46
0.0000 0.8385 0.6927 -0.2114 2
0.0000 2.9082 2.4016 0.3300 46
0.0000 0.9552 0.7885 -0.1962 2
0.0000 1.3275 1.0954 0.2113 1
0.0000 1.2832 1.0586 -0.2043 3
0.0000 1.2878 1.0620 0.2644 1
0.0000 1.6955 1.3981 -0.1923 1
0.0000 1.2968 1.0690 0.3267 3
0.0000 1.2620 1.0395 0.3775 7
0.0000 2.9361 2.4177 -0.0664 68
0.0000 1.2514 1.0301 0.4343 2
0.0000 0.6047 0.4965 -0.2096 6
0.0000 2.9105 2.3890 0.0657 47
0.0000 0.6583 0.5402 -0.1966 5
0.0000 2.9012 2.3805 0.1967 46
0.0000 0.8318 0.6823 -0.2091 2
0.0000 2.9134 2.3889 0.3296 47
0.0000 0.9717 0.7964 -0.1990 2
0.0000 1.3405 1.0983 0.2128 1
0.0000 1.2838 1.0516 -0.2038 3
0.0000 1.2898 1.0564 0.2641 2
0.0000 1.7004 1.3922 -0.1923 1
0.0000 1.2853 1.0520 0.3228 6
0.0000 2.8937 2.3676 -0.1959 45
0.0000 1.2716 1.0401 0.3793 2
0.0000 2.9193 2.3877 -0.0658 72
0.0000 1.2428 1.0162 0.4302 3
0.0000 2.9060 2.3692 0.0654 47
0.0000 0.6239 0.5085 -0.1858 6
0.0000 2.9110 2.3716 0.1968 48
0.0000 0.8433 0.6868 -0.2114 2
0.0000 2.9094 2.3686 0.3282 51
0.0000 0.9620 0.7832 -0.1965 2
0.0000 1.3534 1.1014 0.2142 1
0.0000 1.2996 1.0573 -0.2057 3
0.0000 1.2889 1.0482 0.2631 3
0.0000 1.7454 1.4190 -0.1968 2
0.0000 1.3070 1.0626 0.3274 2
0.0000 2.9000 2.3568 -0.1958 49
0.0000 1.2660 1.0285 0.3766 3
0.0000 2.9137 2.3662 -0.0655 52
0.0000 1.2524 1.0167 0.4322 2
0.0000 2.9003 2.3478 0.0651 43
0.0000 0.6408 0.5185 -0.1903 6
0.0000 2.9084 2.3527 0.1961 46
0.0000 0.8548 0.6914 -0.2137 2
0.0000 2.9110 2.3540 0.3275 53
0.0000 0.9663 0.7811 -0.1968 2
0.0000 1.3572 1.0967 0.2142 1
0.0000 1.3080 1.0565 -0.2064 3
0.0000 1.3002 1.0499 0.2647 2
0.0000 1.7687 1.4282 -0.1989 2
0.0000 1.2878 1.0395 0.3217 2
0.0000 2.9035 2.3429 -0.1955 59
0.0000 1.2741 1.0277 0.3779 2
0.0000 2.9172 2.3522 -0.0654 53
0.0000 1.2469 1.0050 0.4291 2
0.0000 2.9085 2.3376 0.0651 43
0.0000 0.6335 0.5090 -0.1876 6
0.0000 2.9120 2.3388 0.1957 45
0.0000 0.8296 0.6663 -0.2068 2
0.0000 2.9130 2.3388 0.3268 53
0.0000 0.9706 0.7790 -0.1971 2
0.0000 1.3564 1.0882 0.2135 1
0.0000 1.3116 1.0520 -0.2064 3
0.0000 1.3193 1.0577 0.2678 2
0.0000 1.7908 1.4357 -0.2008 3
0.0000 1.2899 1.0338 0.3213 2
0.0000 2.8868 2.3127 -0.1939 59
0.0000 1.2671 1.0147 0.3748 2
0.0000 2.9254 2.3420 -0.0654 53
0.0000 1.2489 0.9995 0.4286 1
0.0000 2.9103 2.3225 0.0650 43
0.0000 0.6657 0.5311 -0.1966 5
0.0000 2.9060 2.3174 0.1948 46
0.0000 0.8320 0.6634 -0.2068 2
0.0000 2.9165 2.3249 0.3263 56
0.0000 0.9764 0.7780 -0.1977 2
0.0000 1.3493 1.0748 0.2118 1
0.0000 1.2920 1.0288 -0.2028 3
0.0000 1.3029 1.0371 0.2637 2
0.0000 1.8163 1.4453 -0.2031 2
0.0000 1.2997 1.0342 0.3228 2
0.0000 2.8964 2.3039 -0.1940 61
0.0000 1.2752 1.0139 0.3761 1
0.0000 2.9336 2.3318 -0.0654 53
0.0000 1.2433 0.9879 0.4255 1
0.0000 0.5920 0.4691 -0.2024 7
0.0000 2.9153 2.3098 0.0649 45
0.0000 0.6370 0.5045 -0.1876 6
0.0000 2.9016 2.2973 0.1940 46
0.0000 0.8344 0.6604 -0.2068 2
0.0000 2.9234 2.3129 0.3261 53
0.0000 0.9854 0.7793 -0.1990 2
0.0000 1.3406 1.0602 0.2099 1
0.0000 1.3065 1.0329 -0.2045 3
0.0000 1.3049 1.0313 0.2634 3
0.0000 1.8526 1.4636 -0.2066 2
0.0000 1.3189 1.0416 0.3267 2
0.0000 2.9001 2.2895 -0.1936 59
0.0000 1.2789 1.0093 0.3761 2
0.0000 2.9229 2.3067 -0.0650 56
0.0000 1.2604 0.9943 0.4302 2
0.0000 2.9237 2.2991 0.0649 45
0.0000 0.6695 0.5263 -0.1966 5
0.0000 2.9112 2.2884 0.1941 45
0.0000 0.8243 0.6478 -0.2038 2
0.0000 2.9127 2.2880 0.3240 43
0.0000 0.9866 0.7747 -0.1987 2
0.0000 1.3507 1.0602 0.2108 1
0.0000 1.3196 1.0355 -0.2060 3
0.0000 1.3163 1.0328 0.2650 1
0.0000 1.8483 1.4498 -0.2055 2
0.0000 1.3070 1.0248 0.3228 2
0.0000 2.9096 2.2806 -0.1937 61
0.0000 1.2839 1.0060 0.3766 2
0.0000 2.9293 2.2952 -0.0650 57
0.0000 1.2608 0.9875 0.4291 1
0.0000 2.9172 2.2783 0.0646 49
0.0000 0.6528 0.5097 -0.1912 6
0.0000 2.9160 2.2758 0.1939 45
0.0000 0.8390 0.6545 -0.2068 2
0.0000 2.9191 2.2765 0.3239 35
0.0000 0.9658 0.7532 -0.1940 2
0.0000 1.3292 1.0362 0.2069 1
0.0000 1.3152 1.0250 -0.2047 3
0.0000 1.3074 1.0185 0.2625 2
0.0000 1.8753 1.4604 -0.2080 2
0.0000 1.3089 1.0193 0.3225 2
0.0000 2.9109 2.2661 -0.1933 63
0.0000 1.2872 1.0017 0.3766 2
0.0000 2.9342 2.2825 -0.0649 57
0.0000 1.2642 0.9831 0.4291 2
0.0000 2.9156 2.2608 0.0644 49
0.0000 0.6731 0.5217 -0.1966 5
0.0000 2.9156 2.2600 0.1933 43
0.0000 0.8504 0.6590 -0.2091 2
0.0000 2.9203 2.2620 0.3232 22
0.0000 0.9809 0.7595 -0.1965 2
0.0000 1.3328 1.0316 0.2069 1
0.0000 1.3204 1.0216 -0.2050 3
0.0000 1.3217 1.0227 0.2647 2
0.0000 1.8644 1.4420 -0.2062 2
0.0000 1.3031 1.0075 0.3202 3
0.0000 2.9030 2.2437 -0.1923 60
0.0000 1.2861 0.9937 0.3752 2
0.0000 2.9354 2.2679 -0.0647 57
0.0000 1.2583 0.9718 0.4260 2
0.0000 2.9231 2.2511 0.0644 49
0.0000 0.6748 0.5195 -0.1966 5
0.0000 2.9061 2.2364 0.1922 41
0.0000 0.8527 0.6560 -0.2091 2
0.0000 2.9266 2.2506 0.3230 16
0.0000 0.9897 0.7610 -0.1977 2
0.0000 1.3551 1.0417 0.2099 1
0.0000 1.3238 1.0172 -0.2050 3
0.0000 1.3378 1.0277 0.2672 2
0.0000 1.8900 1.4513 -0.2085 2
0.0000 1.3096 1.0056 0.3209 3
0.0000 2.9056 2.2304 -0.1920 52
0.0000 1.2801 0.9823 0.3725 2
0.0000 2.9385 2.2540 -0.0646 56
0.0000 1.2678 0.9721 0.4281 2
0.0000 0.6767 0.5176 -0.2283 5
0.0000 2.9023 2.2190 0.0638 12
0.0000 0.6395 0.4887 -0.1858 6
0.0000 0.8424 0.6436 -0.2061 2
0.0000 0.9923 0.7576 -0.1977 2
0.0000 1.3603 1.0381 0.2101 1
0.0000 1.3257 1.0114 -0.2047 3
0.0000 1.3194 1.0062 0.2628 2
0.0000 1.8932 1.4438 -0.2083 2
0.0000 1.3162 1.0034 0.3217 3
0.0000 1.2866 0.9802 0.3734 2
0.0000 2.5566 1.9469 -0.0561 7
0.0000 1.2681 0.9654 0.4271 2
0.0000 2.5676 1.9489 0.0563 16
0.0000 0.6412 0.4865 -0.1858 6
0.0000 2.5509 1.9348 0.1678 13
0.0000 0.8572 0.6502 -0.2091 2
0.0000 2.5196 1.9104 0.2766 1
0.0000 1.0044 0.7613 -0.1996 2
0.0000 1.3528 1.0250 0.2084 1
0.0000 1.3340 1.0104 -0.2055 3
0.0000 1.3135 0.9945 0.2609 2
0.0000 1.8744 1.4191 -0.2057 2
0.0000 1.3291 1.0059 0.3240 3
0.0000 2.5564 1.9341 -0.1680 14
0.0000 1.2885 0.9745 0.3730 2
0.0000 2.5777 1.9488 -0.0564 16
0.0000 1.2653 0.9563 0.4250 2
0.0000 2.5616 1.9303 0.0560 16
0.0000 0.7362 0.5546 -0.2128 4
0.0000 2.5640 1.9307 0.1682 17
0.0000 0.8594 0.6472 -0.2091 2
0.0000 2.5469 1.9171 0.2789 1
0.0000 0.9771 0.7352 -0.1937 2
0.0000 1.3500 1.0155 0.2074 1
0.0000 1.3375 1.0057 -0.2055 3
0.0000 1.3390 1.0065 0.2653 2
0.0000 1.8889 1.4198 -0.2067 2
0.0000 1.3263 0.9965 0.3225 3
0.0000 2.5727 1.9324 -0.1686 16
0.0000 1.2981 0.9747 0.3748 3
0.0000 2.5765 1.9338 -0.0562 20
0.0000 1.2749 0.9565 0.4271 2
0.0000 2.5619 1.9166 0.0558 16
0.0000 0.6633 0.4960 -0.1912 6
0.0000 2.5563 1.9110 0.1673 15
0.0000 0.8460 0.6324 -0.2053 2
0.0000 0.9954 0.7436 -0.1968 2
0.0000 1.3536 1.0108 0.2074 1
0.0000 1.3394 0.9998 -0.2052 3
0.0000 1.3315 0.9935 0.2631 2
0.0000 1.9018 1.4191 -0.2076 2
0.0000 1.3235 0.9872 0.3209 3
0.0000 2.5634 1.9114 -0.1676 17
0.0000 1.2984 0.9678 0.3739 3
0.0000 2.5769 1.9200 -0.0561 16
0.0000 1.2720 0.9474 0.4250 2
0.0000 0.6839 0.5081 -0.2283 5
0.0000 2.5686 1.9076 0.0558 16
0.0000 0.6650 0.4937 -0.1912 6
0.0000 2.5533 1.8949 0.1666 16
0.0000 0.8545 0.6341 -0.2068 2
0.0000 0.9933 0.7366 -0.1959 2
0.0000 1.3858 1.0273 0.2118 1
0.0000 1.3302 0.9857 -0.2033 3
0.0000 1.3381 0.9912 0.2637 2
0.0000 1.9180 1.4208 -0.2088 2
0.0000 1.3222 0.9791 0.3198 4
0.0000 2.5669 1.9001 -0.1674 17
0.0000 1.2955 0.9586 0.3721 3
0.0000 2.5755 1.9051 -0.0559 16
0.0000 1.2908 0.9545 0.4302 2
0.0000 2.5769 1.8998 0.0559 15
0.0000 0.6855 0.5052 -0.1966 5
0.0000 2.5503 1.8789 0.1660 15
0.0000 0.8725 0.6428 -0.2107 2
0.0000 0.9958 0.7331 -0.1959 2
0.0000 1.3862 1.0201 0.2113 1
0.0000 1.3432 0.9881 -0.2047 3
0.0000 1.3384 0.9842 0.2631 2
0.0000 1.9101 1.4046 -0.2074 2
0.0000 1.3351 0.9814 0.3221 4
0.0000 2.5671 1.8864 -0.1670 16
0.0000 1.2894 0.9472 0.3694 3
0.0000 2.5741 1.8902 -0.0557 15
0.0000 1.2848 0.9431 0.4271 3
0.0000 2.5754 1.8849 0.0557 15
0.0000 0.6653 0.4867 -0.1903 6
0.0000 2.5488 1.8640 0.1655 15
0.0000 0.8399 0.6142 -0.2023 2
0.0000 1.0127 0.7401 -0.1987 2
0.0000 1.4218 1.0387 0.2162 1
0.0000 1.3610 0.9939 -0.2069 3
0.0000 1.3785 1.0063 0.2703 3
0.0000 1.9166 1.3991 -0.2076 2
0.0000 1.3385 0.9768 0.3221 4
0.0000 2.5736 1.8774 -0.1670 15
0.0000 1.3037 0.9507 0.3725 4
0.0000 2.5710 1.8741 -0.0555 15
0.0000 1.2818 0.9340 0.4250 2
0.0000 2.5690 1.8665 0.0554 15
0.0000 0.7111 0.5165 -0.2029 5
0.0000 2.5601 1.8587 0.1658 15
0.0000 0.8706 0.6321 -0.2091 2
0.0000 1.7189 1.2475 0.1858 1
0.0000 0.9977 0.7238 -0.1952 2
0.0000 1.3900 1.0081 0.2108 1
0.0000 1.3549 0.9822 -0.2055 3
0.0000 1.3932 1.0096 0.2725 4
0.0000 1.9118 1.3854 -0.2066 2
0.0000 1.3323 0.9652 0.3198 4
0.0000 2.5834 1.8708 -0.1672 15
0.0000 1.3149 0.9519 0.3748 4
0.0000 2.5856 1.8710 -0.0557 14
0.0000 1.2820 0.9273 0.4239 3
0.0000 2.5739 1.8564 0.0554 15
0.0000 0.6718 0.4844 -0.1912 6
0.0000 2.5679 1.8513 0.1659 16
0.0000 0.8728 0.6290 -0.2091 2
0.0000 1.0195 0.7342 -0.1990 2
0.0000 1.4999 1.0798 0.2269 1
0.0000 1.3583 0.9775 -0.2055 3
0.0000 1.4158 1.0188 0.2763 6
0.0000 1.9311 1.3892 -0.2081 2
0.0000 1.3373 0.9617 0.3202 4
0.0000 2.5769 1.8524 -0.1663 17
0.0000 1.3135 0.9439 0.3734 4
0.0000 2.5772 1.8519 -0.0554 16
0.0000 1.2835 0.9219 0.4234 3
0.0000 2.5752 1.8443 0.0553 15
0.0000 0.6607 0.4730 -0.1876 6
0.0000 2.5629 1.8342 0.1652 16
0.0000 0.8910 0.6374 -0.2129 2
0.0000 1.0219 0.7308 -0.1990 2
0.0000 1.4453 1.0332 0.2181 1
0.0000 1.3551 0.9683 -0.2045 4
0.0000 1.4145 1.0104 0.2753 9
0.0000 1.9263 1.3755 -0.2071 2
0.0000 1.3517 0.9652 0.3228 4
0.0000 2.5749 1.8380 -0.1658 17
0.0000 1.3024 0.9293 0.3694 4
0.0000 2.5901 1.8475 -0.0555 19
0.0000 1.3071 0.9320 0.4302 3
0.0000 2.5816 1.8353 0.0553 16
0.0000 0.6751 0.4798 -0.1912 6
0.0000 2.5593 1.8188 0.1645 15
0.0000 0.8803 0.6253 -0.2099 2
0.0000 1.0067 0.7147 -0.1955 2
0.0000 1.4392 1.0213 0.2167 1
0.0000 1.3568 0.9625 -0.2043 4
0.0000 1.4227 1.0092 0.2763 12
0.0000 1.9341 1.3714 -0.2074 3
0.0000 1.3438 0.9525 0.3202 4
0.0000 2.5846 1.8314 -0.1660 17
0.0000 1.2929 0.9157 0.3658 3
0.0000 2.5815 1.8285 -0.0552 16
0.0000 1.2976 0.9187 0.4260 2
0.0000 2.5811 1.8221 0.0551 16
0.0000 0.6767 0.4775 -0.1912 6
0.0000 2.5705 1.8133 0.1649 17
0.0000 0.8760 0.6177 -0.2084 2
0.0000 1.0204 0.7193 -0.1977 2
0.0000 1.4134 0.9959 0.2123 2
0.0000 1.3616 0.9591 -0.2045 3
0.0000 1.4278 1.0053 0.2766 15
0.0000 1.9323 1.3601 -0.2067 3
0.0000 1.3534 0.9526 0.3217 4
0.0000 2.5825 1.8170 -0.1655 17
0.0000 1.3150 0.9249 0.3712 2
0.0000 2.5814 1.8149 -0.0551 16
0.0000 1.2802 0.8998 0.4193 3
0.0000 2.5711 1.8017 0.0548 16
0.0000 0.6975 0.4886 -0.1966 5
0.0000 2.5768 1.8043 0.1649 17
0.0000 0.8684 0.6081 -0.2061 2
0.0000 0.9986 0.6987 -0.1930 2
0.0000 1.4234 0.9955 0.2133 2
0.0000 1.3633 0.9532 -0.2043 4
0.0000 1.4362 1.0037 0.2775 15
0.0000 1.9371 1.3533 -0.2067 3
0.0000 1.3310 0.9299 0.3156 3
0.0000 2.5937 1.8114 -0.1658 17
0.0000 1.3150 0.9181 0.3703 3
0.0000 2.5844 1.8036 -0.0550 16
0.0000 1.2881 0.8986 0.4208 1
0.0000 2.5774 1.7927 0.0548 16
0.0000 0.6992 0.4861 -0.1966 5
0.0000 2.5732 1.7884 0.1642 17
0.0000 0.8707 0.6049 -0.2061 2
0.0000 1.0109 0.7018 -0.1949 2
0.0000 1.4089 0.9781 0.2106 2
0.0000 1.3715 0.9518 -0.2050 3
0.0000 1.4445 1.0021 0.2785 14
0.0000 1.9418 1.3465 -0.2067 3
0.0000 1.3537 0.9384 0.3202 3
0.0000 2.5839 1.7905 -0.1648 17
0.0000 1.3168 0.9121 0.3698 2
0.0000 2.5907 1.7945 -0.0550 19
0.0000 1.2897 0.8930 0.4203 1
0.0000 0.6216 0.4291 -0.2024 7
0.0000 2.5856 1.7843 0.0548 16
0.0000 0.6689 0.4614 -0.1876 6
0.0000 2.5712 1.7738 0.1637 17
0.0000 0.8760 0.6041 -0.2068 2
0.0000 1.0150 0.6994 -0.1952 2
0.0000 1.4206 0.9786 0.2118 2
0.0000 1.3652 0.9400 -0.2035 3
0.0000 1.4480 0.9971 0.2785 15
0.0000 1.9432 1.3375 -0.2064 3
0.0000 1.3635 0.9381 0.3217 2
0.0000 2.5836 1.7770 -0.1643 18
0.0000 1.3248 0.9108 0.3712 1
0.0000 2.6002 1.7878 -0.0551 18
0.0000 1.2800 0.8797 0.4162 1
0.0000 0.7028 0.4816 -0.2283 5
0.0000 2.5898 1.7746 0.0548 16
0.0000 0.6833 0.4680 -0.1912 6
0.0000 2.5725 1.7614 0.1634 17
0.0000 0.8878 0.6077 -0.2091 2
0.0000 1.0222 0.6994 -0.1962 2
0.0000 1.4140 0.9671 0.2103 2
0.0000 1.3732 0.9389 -0.2043 4
0.0000 1.4368 0.9820 0.2756 16
0.0000 1.9445 1.3285 -0.2060 3
0.0000 1.3649 0.9325 0.3213 2
0.0000 2.5895 1.7684 -0.1643 18
0.0000 1.3278 0.9065 0.3712 1
0.0000 2.5916 1.7685 -0.0548 18
0.0000 1.2831 0.8753 0.4162 1
0.0000 2.5927 1.7633 0.0547 16
0.0000 0.6817 0.4635 -0.1903 6
0.0000 2.5753 1.7502 0.1632 17
0.0000 0.8703 0.5915 -0.2045 2
0.0000 1.0328 0.7014 -0.1977 2
0.0000 1.4190 0.9633 0.2106 2
0.0000 1.3864 0.9408 -0.2057 4
0.0000 1.4370 0.9747 0.2750 15
0.0000 1.9426 1.3172 -0.2053 3
0.0000 1.3406 0.9090 0.3148 1
0.0000 2.5956 1.7594 -0.1643 17
0.0000 1.3277 0.8996 0.3703 1
0.0000 2.5961 1.7583 -0.0547 18
0.0000 1.3021 0.8816 0.4214 1
0.0000 2.5856 1.7453 0.0545 16
0.0000 0.7059 0.4763 -0.1966 5
0.0000 2.5831 1.7423 0.1633 16
0.0000 0.8888 0.5993 -0.2084 2
0.0000 1.0059 0.6777 -0.1921 2
0.0000 1.4372 0.9683 0.2128 3
0.0000 1.3847 0.9326 -0.2050 3
0.0000 1.4453 0.9730 0.2760 14
0.0000 1.9538 1.3149 -0.2060 3
0.0000 1.3439 0.9041 0.3148 1
0.0000 2.6021 1.7498 -0.1643 18
0.0000 1.3246 0.8904 0.3685 1
0.0000 2.5972 1.7459 -0.0546 18
0.0000 1.2764 0.8577 0.4120 1
0.0000 2.5853 1.7314 0.0543 16
0.0000 0.6267 0.4195 -0.1741 7
0.0000 2.5825 1.7288 0.1629 15
0.0000 0.9104 0.6093 -0.2129 2
0.0000 1.0214 0.6830 -0.1946 2
0.0000 1.4243 0.9520 0.2103 3
0.0000 1.3945 0.9322 -0.2060 3
0.0000 1.4536 0.9713 0.2769 12
0.0000 1.9683 1.3147 -0.2071 3
0.0000 1.3405 0.8950 0.3133 1
0.0000 2.5915 1.7296 -0.1633 18
0.0000 1.3405 0.8947 0.3721 1
0.0000 2.6066 1.7391 -0.0547 18
0.0000 1.3002 0.8671 0.4188 2
0.0000 0.7094 0.4718 -0.2283 5
0.0000 2.5977 1.7272 0.0545 16
0.0000 0.7449 0.4951 -0.2065 4
0.0000 2.5782 1.7136 0.1622 15
0.0000 0.9125 0.6062 -0.2129 2
0.0000 2.5991 1.7262 0.2730 1
0.0000 1.0286 0.6829 -0.1955 2
0.0000 1.4241 0.9451 0.2099 3
0.0000 1.3794 0.9155 -0.2033 3
0.0000 1.4617 0.9697 0.2778 4
0.0000 1.9743 1.3092 -0.2073 2
0.0000 1.3500 0.8949 0.3148 1
0.0000 2.5906 1.7166 -0.1629 17
0.0000 1.2979 0.8601 0.3595 3
0.0000 2.6124 1.7304 -0.0547 18
0.0000 1.3063 0.8650 0.4198 2
0.0000 2.5968 1.7142 0.0543 16
0.0000 0.7108 0.4690 -0.1966 5
0.0000 2.5808 1.7024 0.1620 15
0.0000 0.8982 0.5922 -0.2091 2
0.0000 2.5715 1.6956 0.2695 1
0.0000 1.0374 0.6838 -0.1968 2
0.0000 1.4189 0.9349 0.2086 2
0.0000 1.3777 0.9074 -0.2025 3
0.0000 1.4470 0.9526 0.2744 1
0.0000 1.9755 1.3001 -0.2069 2
0.0000 1.3384 0.8805 0.3114 2
0.0000 2.5966 1.7076 -0.1629 17
0.0000 1.2928 0.8502 0.3572 2
0.0000 2.5967 1.7070 -0.0542 16
0.0000 1.3013 0.8551 0.4172 1
0.0000 2.5980 1.7014 0.0542 16
0.0000 0.6929 0.4536 -0.1912 6
0.0000 2.5837 1.6907 0.1618 15
0.0000 0.9003 0.5889 -0.2091 2
0.0000 2.5794 1.6873 0.2697 1
0.0000 1.0350 0.6767 -0.1959 2
0.0000 1.4340 0.9373 0.2103 2
0.0000 1.3959 0.9121 -0.2047 3
0.0000 1.9703 1.2864 -0.2059 3
0.0000 1.3514 0.8820 0.3137 2
0.0000 2.6028 1.6980 -0.1629 17
0.0000 1.3694 0.8934 0.3775 1
0.0000 2.6063 1.6997 -0.0543 19
0.0000 1.3125 0.8556 0.4198 1
0.0000 2.5992 1.6886 0.0541 16
0.0000 0.6946 0.4511 -0.1912 6
0.0000 2.5832 1.6769 0.1614 15
0.0000 0.9025 0.5856 -0.2091 2
0.0000 2.5889 1.6800 0.2700 2
0.0000 1.0176 0.6600 -0.1921 2
0.0000 1.4274 0.9256 0.2089 1
0.0000 1.4026 0.9091 -0.2052 3
0.0000 1.4539 0.9420 0.2744 1
0.0000 1.9683 1.2748 -0.2052 2
0.0000 1.3596 0.8802 0.3148 1
0.0000 2.6073 1.6874 -0.1628 17
0.0000 1.3677 0.8851 0.3761 1
0.0000 2.6125 1.6901 -0.0543 18
0.0000 1.3221 0.8550 0.4219 3
0.0000 2.5986 1.6747 0.0540 16
0.0000 0.7159 0.4612 -0.1966 5
0.0000 2.5910 1.6685 0.1615 16
0.0000 0.9046 0.5823 -0.2091 2
0.0000 2.5984 1.6726 0.2704 3
0.0000 1.0432 0.6713 -0.1965 2
0.0000 1.4108 0.9074 0.2060 1
0.0000 1.3959 0.8975 -0.2038 3
0.0000 1.3643 0.8769 0.2569 1
0.0000 1.9813 1.2730 -0.2060 2
0.0000 1.3628 0.8753 0.3148 1
0.0000 2.6135 1.6778 -0.1628 3
0.0000 1.3644 0.8759 0.3743 4
0.0000 2.6153 1.6784 -0.0542 19
0.0000 1.3317 0.8543 0.4239 2
0.0000 2.6106 1.6708 0.0541 16
0.0000 0.6977 0.4463 -0.1912 6
0.0000 2.5875 1.6554 0.1610 15
0.0000 0.9031 0.5775 -0.2084 2
0.0000 2.5919 1.6569 0.2691 4
0.0000 1.0453 0.6680 -0.1965 2
0.0000 1.3935 0.8902 0.2030 1
0.0000 1.3803 0.8814 -0.2011 2
0.0000 1.5034 0.9600 0.2825 1
0.0000 1.3820 0.8818 0.3187 2
0.0000 1.4739 0.9397 0.4036 10
0.0000 2.6253 1.6738 -0.0543 2
0.0000 2.5871 1.6488 0.8220 4
0.0000 2.6094 1.6579 0.0540 3
0.0000 0.7485 0.4754 -0.2047 4
0.0000 2.5882 1.6432 0.1607 15
0.0000 0.8951 0.5681 -0.2061 2
0.0000 2.6145 1.6586 0.2709 7
0.0000 1.0609 0.6730 -0.1990 2
0.0000 1.4401 0.9132 0.2094 1
0.0000 1.3664 0.8662 -0.1986 1
0.0000 1.5184 0.9621 0.2847 3
0.0000 1.4114 0.8940 0.3248 3
0.0000 2.5846 1.6346 0.8194 5
0.0000 0.7007 0.4416 -0.1912 6
0.0000 0.9169 0.5776 -0.2107 2
0.0000 2.6031 1.6393 0.2691 7
0.0000 1.0465 0.6588 -0.1959 2
0.0000 1.4500 0.9124 0.2103 1
0.0000 1.3527 0.8508 -0.1962 1
0.0000 1.5368 0.9663 0.2875 4
0.0000 1.4777 0.9288 0.3393 7
0.0000 1.5100 0.9483 0.4117 29
0.0000 2.5740 1.6153 0.8142 6
0.0000 0.6725 0.4205 -0.1831 7
0.0000 0.9056 0.5661 -0.2076 2
0.0000 2.6460 1.6534 0.2730 1
0.0000 1.0320 0.6446 -0.1927 2
0.0000 1.4666 0.9157 0.2123 1
0.0000 1.3556 0.8461 -0.1962 2
0.0000 1.5435 0.9630 0.2882 4
0.0000 1.3371 0.8342 -0.1379 1
0.0000 1.4826 0.9246 0.3396 9
0.0000 1.5133 0.9430 0.4117 15
0.0000 2.5796 1.6063 0.8142 5
0.0000 0.7237 0.4494 -0.2283 5
0.0000 0.6839 0.4243 -0.1858 6
0.0000 0.9310 0.5774 -0.2129 2
0.0000 1.0544 0.6535 -0.1965 2
0.0000 1.4259 0.8834 0.2060 1
0.0000 1.3501 0.8361 -0.1950 5
0.0000 1.5702 0.9725 0.2925 8
0.0000 1.3247 0.8201 -0.1363 1
0.0000 1.4875 0.9205 0.3400 4
0.0000 1.3402 0.8290 -0.0826 1
0.0000 1.5182 0.9388 0.4121 8
0.0000 1.4406 0.8908 -0.0296 1
0.0000 2.5750 1.5916 0.8111 5
0.0000 0.7253 0.4469 -0.2283 5
0.0000 0.6853 0.4221 -0.1858 6
0.0000 0.9330 0.5742 -0.2129 2
0.0000 1.0532 0.6480 -0.1959 2
0.0000 1.3698 0.8421 -0.1974 2
0.0000 1.5703 0.9649 0.2919 13
0.0000 1.3497 0.8290 -0.1386 1
0.0000 1.3395 0.8225 -0.0824 1
0.0000 1.5014 0.9215 0.4067 5
0.0000 1.4437 0.8857 -0.0296 1
0.0000 2.5806 1.5826 0.8111 6
0.0000 0.7268 0.4445 -0.2283 5
0.0000 0.6867 0.4197 -0.1858 6
0.0000 0.9248 0.5649 -0.2107 2
0.0000 1.0420 0.6360 -0.1934 2
0.0000 1.4168 0.8641 -0.2038 3
0.0000 1.5652 0.9543 0.2903 4
0.0000 1.9769 1.2048 -0.2025 1
0.0000 2.5985 1.5836 0.5915 19
0.0000 2.6370 1.6065 -0.1618 2
0.0000 1.5030 0.9153 0.4063 2
0.0000 1.3614 0.8287 -0.0278 1
0.0000 2.6009 1.5826 0.8158 6
0.0000 1.4208 0.8618 0.0290 1
0.0000 0.7082 0.4294 -0.1912 6
0.0000 0.8933 0.5412 -0.2030 2
0.0000 1.0545 0.6384 -0.1952 2
0.0000 1.4215 0.8602 -0.2040 3
0.0000 1.5770 0.9539 0.2919 1
0.0000 1.9948 1.2062 -0.2039 3
0.0000 2.6194 1.5832 0.5949 7
0.0000 2.6189 1.5823 -0.1604 14
0.0000 1.6031 0.9682 0.4324 1
0.0000 2.6053 1.5735 -0.0531 2
0.0000 2.5783 1.5566 0.8070 6
0.0000 0.7300 0.4393 -0.2283 5
0.0000 2.6474 1.5926 0.0539 2
0.0000 0.7098 0.4268 -0.1912 6
0.0000 0.9221 0.5543 -0.2091 2
0.0000 1.4107 0.8476 0.1440 1
0.0000 1.0431 0.6265 -0.1927 2
0.0000 1.4298 0.8581 -0.2047 3
0.0000 1.9990 1.1992 -0.2039 3
0.0000 2.6176 1.5691 -0.1599 16
0.0000 2.5994 1.5575 0.6996 14
0.0000 2.6367 1.5793 -0.0536 15
0.0000 2.5923 1.5521 0.8096 7
0.0000 0.7315 0.4367 -0.2283 5
0.0000 2.6117 1.5588 0.0531 11
0.0000 0.7313 0.4363 -0.1966 5
0.0000 2.5937 1.5467 0.1583 3
0.0000 0.9341 0.5571 -0.2114 2
0.0000 2.6150 1.5588 0.2663 1
0.0000 1.0521 0.6269 -0.1940 2
0.0000 1.4344 0.8541 -0.2050 3
0.0000 2.0100 1.1963 -0.2046 3
0.0000 1.5506 0.9225 0.3507 3
0.0000 2.6247 1.5609 -0.1600 7
0.0000 2.5947 1.5425 0.6969 13
0.0000 2.6354 1.5660 -0.0535 10
0.0000 2.5894 1.5381 0.8070 6
0.0000 0.7330 0.4342 -0.2283 5
0.0000 2.6189 1.5507 0.0531 16
0.0000 0.7127 0.4218 -0.1912 6
0.0000 2.6039 1.5412 0.1586 13
0.0000 0.9361 0.5538 -0.2114 2
0.0000 2.6290 1.5548 0.2672 14
0.0000 1.0679 0.6313 -0.1965 2
0.0000 1.4203 0.8390 -0.2025 3
0.0000 2.0090 1.1862 -0.2041 2
0.0000 1.5589 0.9201 0.3519 9
0.0000 2.6147 1.5426 -0.1591 15
0.0000 2.6068 1.5374 0.6987 15
0.0000 2.6388 1.5562 -0.0535 19
0.0000 2.5961 1.5305 0.8075 7
0.0000 0.7345 0.4316 -0.2283 5
0.0000 2.6223 1.5410 0.0531 16
0.0000 0.7141 0.4195 -0.1912 6
0.0000 2.6059 1.5301 0.1584 16
0.0000 0.9211 0.5406 -0.2076 2
0.0000 2.6327 1.5446 0.2670 15
0.0000 1.0563 0.6198 -0.1940 2
0.0000 1.4435 0.8466 0.2055 1
0.0000 1.4231 0.8343 -0.2025 3
0.0000 2.0080 1.1762 -0.2036 3
0.0000 1.5890 0.9308 0.3580 5
0.0000 2.6129 1.5299 -0.1587 13
0.0000 2.6069 1.5258 0.6973 15
0.0000 2.6235 1.5349 -0.0531 16
0.0000 2.5948 1.5175 0.8054 7
0.0000 2.6294 1.5328 0.0531 16
0.0000 0.7156 0.4170 -0.1912 6
0.0000 2.6146 1.5230 0.1586 16
0.0000 0.9195 0.5356 -0.2068 2
0.0000 2.6137 1.5218 0.2646 16
0.0000 1.0619 0.6181 -0.1946 2
0.0000 1.5974 0.9294 0.2269 1
0.0000 1.4380 0.8363 -0.2043 4
0.0000 2.0050 1.1655 -0.2029 3
0.0000 1.6296 0.9469 0.3664 2
0.0000 2.6320 1.5288 -0.1595 14
0.0000 2.6105 1.5157 0.6969 15
0.0000 2.6254 1.5237 -0.0530 4
0.0000 2.5884 1.5016 0.8018 7
0.0000 2.6209 1.5156 0.0528 16
0.0000 0.6968 0.4028 -0.1858 6
0.0000 2.6165 1.5118 0.1584 17
0.0000 0.9009 0.5206 -0.2023 2
0.0000 2.6121 1.5087 0.2639 16
0.0000 1.0572 0.6104 -0.1934 2
0.0000 1.6248 0.9377 0.2303 1
0.0000 1.4426 0.8322 -0.2045 3
0.0000 2.0125 1.1605 -0.2032 3
0.0000 2.5990 1.4981 0.5831 17
0.0000 2.6339 1.5176 -0.1593 15
0.0000 2.6175 1.5075 0.6973 15
0.0000 2.6446 1.5225 -0.0533 16
0.0000 2.5919 1.4916 0.8013 6
0.0000 2.6209 1.5035 0.0527 15
0.0000 0.7151 0.4100 -0.1903 6
0.0000 2.6197 1.5022 0.1583 15
0.0000 0.9096 0.5213 -0.2038 2
0.0000 2.6277 1.5055 0.2650 16
0.0000 1.0765 0.6165 -0.1965 2
0.0000 1.6280 0.9320 0.2303 1
0.0000 1.4421 0.8252 -0.2040 3
0.0000 2.0165 1.1535 -0.2032 3
0.0000 2.6008 1.4871 0.5823 13
0.0000 2.6218 1.4985 -0.1583 15
0.0000 2.6210 1.4974 0.6969 14
0.0000 2.6479 1.5128 -0.0532 19
0.0000 2.5985 1.4840 0.8018 5
0.0000 2.6294 1.4967 0.0528 15
0.0000 0.6995 0.3980 -0.1858 6
0.0000 2.6111 1.4851 0.1574 15
0.0000 0.9216 0.5240 -0.2061 2
0.0000 2.6295 1.4944 0.2646 16
0.0000 1.0699 0.6081 -0.1949 2
0.0000 1.6397 0.9315 0.2316 1
0.0000 1.4224 0.8077 -0.2008 3
0.0000 2.0292 1.1513 -0.2041 3
0.0000 2.6177 1.4852 0.5850 16
0.0000 2.6216 1.4868 -0.1579 15
0.0000 2.6124 1.4810 0.6933 14
0.0000 2.6444 1.4986 -0.0531 16
0.0000 2.5936 1.4692 0.7987 4
0.0000 2.6276 1.4836 0.0527 15
0.0000 0.7416 0.4186 -0.1966 5
0.0000 2.6128 1.4740 0.1572 15
0.0000 0.9302 0.5248 -0.2076 2
0.0000 2.6379 1.4876 0.2650 16
0.0000 1.0772 0.6072 -0.1959 2
0.0000 1.6118 0.9082 0.2272 1
0.0000 1.4217 0.8008 -0.2004 3
0.0000 2.0243 1.1397 -0.2032 3
0.0000 2.6228 1.4761 0.5850 16
0.0000 2.6285 1.4787 -0.1581 15
0.0000 2.6108 1.4681 0.6915 15
0.0000 2.6305 1.4786 -0.0527 15
0.0000 2.6038 1.4630 0.8003 4
0.0000 0.7227 0.4046 -0.1912 6
0.0000 2.6179 1.4649 0.1572 16
0.0000 0.9252 0.5177 -0.2061 2
0.0000 2.6205 1.4657 0.2627 16
0.0000 1.0759 0.6015 -0.1952 2
0.0000 1.6756 0.9365 0.2357 1
0.0000 1.4419 0.8055 -0.2028 3
0.0000 2.0074 1.1210 -0.2012 3
0.0000 2.6263 1.4660 0.5846 17
0.0000 2.6284 1.4666 -0.1577 16
0.0000 2.6176 1.4599 0.6919 15
0.0000 2.6356 1.4694 -0.0527 15
0.0000 2.5937 1.4454 0.7956 3
0.0000 2.4631 1.3681 0.0492 1
0.0000 0.7241 0.4020 -0.1912 6
0.0000 2.6247 1.4567 0.1573 16
0.0000 0.9270 0.5145 -0.2061 2
0.0000 2.6482 1.4691 0.2650 4
0.0000 1.0849 0.6016 -0.1965 2
0.0000 1.7258 0.9566 0.2423 1
0.0000 1.4377 0.7966 -0.2018 3
0.0000 2.6214 1.4519 0.4746 1
0.0000 2.0305 1.1246 -0.2031 2
0.0000 2.6228 1.4520 0.5827 17
0.0000 2.6370 1.4593 -0.1579 16
0.0000 2.6226 1.4508 0.6919 15
0.0000 2.6425 1.4611 -0.0527 16
0.0000 2.5920 1.4326 0.7935 4
0.0000 0.7461 0.4112 -0.2283 5
0.0000 2.5029 1.3788 0.0499 1
0.0000 0.7221 0.3976 -0.1903 6
0.0000 2.6263 1.4456 0.1571 10
0.0000 0.9460 0.5207 -0.2099 2
0.0000 1.0766 0.5921 -0.1946 2
0.0000 1.6352 0.8989 0.2291 1
0.0000 1.4492 0.7964 -0.2030 3
0.0000 2.6248 1.4418 0.4743 4
0.0000 2.0257 1.1127 -0.2022 3
0.0000 2.6244 1.4410 0.5820 17
0.0000 2.6351 1.4463 -0.1575 16
0.0000 2.6294 1.4425 0.6924 14
0.0000 2.6476 1.4519 -0.0527 14
0.0000 2.6105 1.4310 0.7977 6
0.0000 0.7269 0.3970 -0.1912 6
0.0000 0.9547 0.5211 -0.2114 2
0.0000 1.0752 0.5865 -0.1940 2
0.0000 1.6453 0.8970 0.2301 1
0.0000 1.4396 0.7849 -0.2013 3
0.0000 2.6347 1.4359 0.4752 13
0.0000 2.0261 1.1037 -0.2019 3
0.0000 2.6294 1.4318 0.5820 17
0.0000 2.6366 1.4351 -0.1573 15
0.0000 2.6205 1.4264 0.6888 14
0.0000 2.6169 1.4232 0.7982 7
0.0000 0.7282 0.3946 -0.1912 6
0.0000 0.9460 0.5124 -0.2091 2
0.0000 1.6925 0.9163 0.1684 1
0.0000 1.0910 0.5904 -0.1965 2
0.0000 1.6482 0.8916 0.2301 1
0.0000 1.4544 0.7867 -0.2030 3
0.0000 2.6134 1.4131 0.4706 15
0.0000 2.0437 1.1046 -0.2032 2
0.0000 2.6341 1.4231 0.5820 18
0.0000 2.6200 1.4149 0.6875 15
0.0000 2.4266 1.3099 -0.0481 1
0.0000 2.6131 1.4100 0.7956 9
0.0000 0.7089 0.3811 -0.1858 6
0.0000 0.9477 0.5092 -0.2091 2
0.0000 1.6745 0.8994 0.1663 1
0.0000 1.1104 0.5961 -0.1996 2
0.0000 1.6319 0.8758 0.2274 2
0.0000 1.4605 0.7838 -0.2035 3
0.0000 2.6129 1.4016 0.4696 15
0.0000 2.0386 1.0931 -0.2024 2
0.0000 2.6406 1.4153 0.5823 16
0.0000 2.6213 1.4043 0.6866 15
0.0000 2.5991 1.3913 0.7899 11
0.0000 0.7102 0.3787 -0.1858 6
0.0000 1.7694 0.9436 0.1051 1
0.0000 0.9702 0.5172 -0.2137 2
0.0000 1.6529 0.8807 0.1639 1
0.0000 1.0879 0.5794 -0.1952 2
0.0000 2.6284 1.3993 0.3656 7
0.0000 1.4579 0.7761 -0.2028 3
0.0000 2.6175 1.3929 0.4696 15
0.0000 2.0317 1.0807 -0.2013 2
0.0000 2.6210 1.3936 0.5770 17
0.0000 2.6294 1.3975 0.6875 15
0.0000 2.6071 1.3845 0.7910 11
0.0000 0.7288 0.3852 -0.1903 6
0.0000 1.6776 0.8864 0.0994 1
0.0000 0.9617 0.5081 -0.2114 2
0.0000 2.6391 1.3938 0.2611 6
0.0000 1.0971 0.5791 -0.1965 2
0.0000 2.6107 1.3776 0.3624 13
0.0000 1.4626 0.7715 -0.2030 3
0.0000 2.6385 1.3911 0.4724 16
0.0000 2.0391 1.0751 -0.2017 1
0.0000 2.6209 1.3812 0.5759 17
0.0000 2.6347 1.3874 0.6875 15
0.0000 2.6124 1.3744 0.7910 12
0.0000 1.7338 0.9091 0.0342 1
0.0000 0.7543 0.3953 -0.1966 5
0.0000 2.6272 1.3764 0.1554 3
0.0000 0.9634 0.5047 -0.2114 2
0.0000 2.6334 1.3791 0.2601 15
0.0000 1.0991 0.5753 -0.1965 2
0.0000 2.6225 1.3722 0.3634 15
0.0000 1.4512 0.7590 -0.2011 3
0.0000 2.6381 1.3792 0.4715 17
0.0000 2.6344 1.3766 0.5778 18
0.0000 2.6205 1.3682 0.6825 17
0.0000 2.6189 1.3662 0.7915 16
0.0000 0.7558 0.3931 -0.2283 5
0.0000 2.3899 1.2425 0.0470 2
0.0000 0.7799 0.4053 -0.2029 5
0.0000 2.6264 1.3649 0.1551 16
0.0000 0.9373 0.4869 -0.2053 2
0.0000 2.6435 1.3726 0.2606 14
0.0000 1.1081 0.5751 -0.1977 2
0.0000 2.6290 1.3639 0.3637 18
0.0000 1.4627 0.7585 -0.2023 3
0.0000 2.6357 1.3668 0.4702 18
0.0000 2.6357 1.3656 0.5770 18
0.0000 2.6218 1.3573 0.6816 16
0.0000 1.7314 0.8963 -0.0340 1
0.0000 2.6234 1.3575 0.7915 16
0.0000 0.7572 0.3905 -0.2283 5
0.0000 2.3709 1.2227 0.0466 20
0.0000 0.7362 0.3795 -0.1912 6
0.0000 2.6401 1.3603 0.1556 18
0.0000 0.9425 0.4854 -0.2061 2
0.0000 2.6323 1.3552 0.2590 16
0.0000 1.1065 0.5696 -0.1971 2
0.0000 2.6300 1.3534 0.3632 17
0.0000 1.4722 0.7573 -0.2033 3
0.0000 2.6281 1.3513 0.4681 17
0.0000 2.6384 1.3560 0.5766 17
0.0000 2.6281 1.3495 0.6821 15
0.0000 2.4124 1.2382 -0.0473 1
0.0000 2.6126 1.3404 0.7868 16
0.0000 2.3680 1.2107 0.0464 16
0.0000 0.7167 0.3663 -0.1858 6
0.0000 2.6377 1.3475 0.1552 17
0.0000 0.9582 0.4893 -0.2091 2
0.0000 2.6368 1.3464 0.2590 16
0.0000 1.0944 0.5586 -0.1946 1
0.0000 2.6400 1.3469 0.3639 17
0.0000 1.4749 0.7521 -0.2033 3
0.0000 2.6381 1.3448 0.4690 17
0.0000 2.6294 1.3392 0.5736 17
0.0000 2.4687 1.2568 -0.1452 1
0.0000 2.6345 1.3412 0.6825 16
0.0000 2.4220 1.2325 -0.0474 8
0.0000 2.6139 1.3295 0.7858 16
0.0000 2.3903 1.2111 0.0468 3
0.0000 0.7389 0.3742 -0.1912 6
0.0000 2.6426 1.3378 0.1552 17
0.0000 0.9495 0.4804 -0.2068 2
0.0000 2.6453 1.3386 0.2594 16
0.0000 1.1035 0.5581 -0.1959 1
0.0000 2.6254 1.3274 0.3612 17
0.0000 1.4741 0.7449 -0.2028 3
0.0000 2.6501 1.3387 0.4702 17
0.0000 2.0613 1.0408 -0.2020 1
0.0000 2.6308 1.3277 0.5728 17
0.0000 2.4376 1.2297 -0.1431 1
0.0000 2.6324 1.3280 0.6807 16
0.0000 2.4212 1.2209 -0.0473 11
0.0000 2.6153 1.3182 0.7847 16
0.0000 2.4108 1.2104 0.0471 3
0.0000 0.7193 0.3610 -0.1858 6
0.0000 2.6312 1.3205 0.1543 16
0.0000 0.9617 0.4824 -0.2091 2
0.0000 2.6662 1.3369 0.2609 16
0.0000 1.1020 0.5523 -0.1952 1
0.0000 2.6267 1.3159 0.3607 17
0.0000 1.4661 0.7342 -0.2013 3
0.0000 2.6494 1.3267 0.4693 17
0.0000 2.0792 1.0407 -0.2034 2
0.0000 2.6354 1.3186 0.5728 17
0.0000 2.3901 1.1953 -0.1401 1
0.0000 2.6303 1.3149 0.6789 16
0.0000 2.4344 1.2169 -0.0475 5
0.0000 2.6216 1.3099 0.7853 16
0.0000 2.4058 1.1979 0.0469 4
0.0000 0.7624 0.3795 -0.1966 5
0.0000 2.6304 1.3086 0.1540 17
0.0000 0.9458 0.4703 -0.2053 2
0.0000 2.6637 1.3240 0.2602 17
0.0000 1.1109 0.5522 -0.1965 2
0.0000 2.6364 1.3099 0.3615 18
0.0000 1.4650 0.7276 -0.2008 3
0.0000 2.6452 1.3131 0.4677 17
0.0000 2.0989 1.0414 -0.2050 2
0.0000 2.6468 1.3133 0.5743 17
0.0000 2.4102 1.1954 -0.1410 2
0.0000 2.6242 1.3009 0.6762 17
0.0000 2.4278 1.2031 -0.0473 2
0.0000 2.6331 1.3042 0.7873 15
0.0000 2.3885 1.1789 0.0465 14
0.0000 0.6763 0.3337 -0.1741 7
0.0000 2.6368 1.3003 0.1541 16
0.0000 0.9297 0.4585 -0.2015 2
0.0000 2.6484 1.3055 0.2583 17
0.0000 1.1022 0.5430 -0.1946 1
0.0000 2.6410 1.3007 0.3615 17
0.0000 1.4853 0.7312 -0.2033 3
0.0000 2.6391 1.2986 0.4659 17
0.0000 2.3025 1.1330 -0.2245 7
0.0000 2.6408 1.2989 0.5720 18
0.0000 2.4197 1.1896 -0.1413 6
0.0000 2.6322 1.2935 0.6771 16
0.0000 2.4446 1.2008 -0.0475 3
0.0000 2.6185 1.2856 0.7816 16
0.0000 2.3926 1.1706 0.0465 16
0.0000 0.7650 0.3741 -0.1966 5
0.0000 2.6413 1.2911 0.1541 16
0.0000 0.9666 0.4725 -0.2091 2
0.0000 2.6512 1.2954 0.2582 16
0.0000 1.1005 0.5375 -0.1940 2
0.0000 2.6437 1.2906 0.3612 17
0.0000 1.4772 0.7208 -0.2018 3
0.0000 2.6437 1.2894 0.4659 17
0.0000 2.1382 1.0428 -0.2081 3
0.0000 2.6382 1.2862 0.5705 17
0.0000 2.4184 1.1785 -0.1410 2
0.0000 2.6385 1.2852 0.6776 16
0.0000 2.4470 1.1914 -0.0475 5
0.0000 2.6195 1.2748 0.7806 16
0.0000 2.3859 1.1570 0.0463 10
0.0000 0.7418 0.3595 -0.1903 6
0.0000 2.6528 1.2858 0.1545 17
0.0000 0.9929 0.4811 -0.2145 2
0.0000 2.6593 1.2878 0.2585 16
0.0000 1.0953 0.5302 -0.1927 2
0.0000 2.6375 1.2761 0.3598 17
0.0000 1.4851 0.7182 -0.2025 3
0.0000 2.6479 1.2806 0.4659 17
0.0000 2.0969 1.0137 -0.2038 2
0.0000 2.6409 1.2761 0.5701 17
0.0000 2.4189 1.1683 -0.1408 1
0.0000 2.6412 1.2751 0.6771 16
0.0000 2.4455 1.1806 -0.0474 3
0.0000 2.6289 1.2686 0.7822 16
0.0000 2.4077 1.1577 0.0466 4
0.0000 0.7254 0.3486 -0.1858 6
0.0000 2.6356 1.2662 0.1532 16
0.0000 0.9451 0.4538 -0.2038 2
0.0000 2.6638 1.2785 0.2585 16
0.0000 1.1006 0.5283 -0.1934 2
0.0000 2.6399 1.2665 0.3595 16
0.0000 1.4713 0.7056 -0.2004 3
0.0000 2.6631 1.2765 0.4677 17
0.0000 2.0789 0.9960 -0.2017 2
0.0000 2.6434 1.2665 0.5698 17
0.0000 2.4336 1.1655 -0.1414 1
0.0000 2.6366 1.2621 0.6749 15
0.0000 2.4604 1.1773 -0.0476 2
0.0000 2.6316 1.2586 0.7816 16
0.0000 0.7690 0.3666 -0.2283 5
0.0000 2.4135 1.1502 0.0467 2
0.0000 0.7477 0.3562 -0.1912 6
0.0000 2.6362 1.2557 0.1530 16
0.0000 0.9714 0.4625 -0.2091 2
0.0000 2.6680 1.2697 0.2585 17
0.0000 1.1024 0.5244 -0.1934 2
0.0000 2.6425 1.2565 0.3593 16
0.0000 1.4809 0.7038 -0.2013 3
0.0000 2.6423 1.2558 0.4634 17
0.0000 2.0786 0.9874 -0.2013 2
0.0000 2.6496 1.2581 0.5701 17
0.0000 2.4810 1.1775 -0.1439 1
0.0000 2.6304 1.2479 0.6722 15
0.0000 2.4806 1.1768 -0.0479 2
0.0000 2.6358 1.2499 0.7816 16
0.0000 2.4282 1.1473 0.0469 2
0.0000 0.7454 0.3520 -0.1903 6
0.0000 2.6442 1.2482 0.1532 16
0.0000 1.0014 0.4725 -0.2152 2
0.0000 2.6544 1.2519 0.2568 16
0.0000 1.1363 0.5359 -0.1990 2
0.0000 2.6431 1.2460 0.3588 16
0.0000 1.4940 0.7040 -0.2028 3
0.0000 2.6485 1.2474 0.4637 16
0.0000 2.0802 0.9793 -0.2012 2
0.0000 2.6484 1.2468 0.5690 17
0.0000 2.4849 1.1693 -0.1439 1
0.0000 2.6451 1.2441 0.6749 15
0.0000 2.4648 1.1588 -0.0475 4
0.0000 2.6314 1.2365 0.7790 16
0.0000 2.4394 1.1422 0.0470 1
0.0000 0.6831 0.3197 -0.1741 7
0.0000 2.6503 1.2398 0.1533 17
0.0000 0.9567 0.4476 -0.2053 2
0.0000 2.6531 1.2405 0.2562 17
0.0000 1.1060 0.5169 -0.1934 2
0.0000 2.6510 1.2384 0.3593 17
0.0000 1.4695 0.6862 -0.1991 3
0.0000 2.6438 1.2340 0.4621 15
0.0000 2.0692 0.9653 -0.1998 2
0.0000 2.6438 1.2334 0.5671 17
0.0000 2.5107 1.1707 -0.1452 1
0.0000 2.6459 1.2333 0.6740 15
0.0000 2.4887 1.1595 -0.0479 2
0.0000 2.6269 1.2233 0.7765 16
0.0000 2.4434 1.1337 0.0470 1
0.0000 0.7973 0.3698 -0.2029 5
0.0000 2.6565 1.2314 0.1534 15
0.0000 0.9904 0.4589 -0.2122 2
0.0000 2.6739 1.2384 0.2578 17
0.0000 1.1186 0.5178 -0.1952 2
0.0000 2.6409 1.2225 0.3573 17
0.0000 1.4863 0.6877 -0.2011 2
0.0000 2.6553 1.2280 0.4634 17
0.0000 2.0689 0.9564 -0.1994 2
0.0000 2.6483 1.2237 0.5671 16
0.0000 2.6487 1.2227 0.6735 14
0.0000 2.4928 1.1508 -0.0479 1
0.0000 2.6347 1.2157 0.7775 16
0.0000 2.4675 1.1339 0.0474 1
0.0000 0.7739 0.3555 -0.1966 5
0.0000 2.6462 1.2154 0.1526 16
0.0000 1.0099 0.4636 -0.2160 2
0.0000 2.6692 1.2249 0.2569 17
0.0000 1.1204 0.5139 -0.1952 2
0.0000 2.6436 1.2120 0.3571 18
0.0000 1.4762 0.6765 -0.1994 2
0.0000 2.6524 1.2155 0.4621 17
0.0000 2.0976 0.9608 -0.2019 1
0.0000 2.6508 1.2136 0.5667 18
0.0000 2.5190 1.1527 -0.1452 1
0.0000 2.6476 1.2110 0.6722 15
0.0000 2.4859 1.1371 -0.0477 1
0.0000 2.6407 1.2073 0.7780 16
0.0000 2.5095 1.1431 0.0481 1
0.0000 0.7325 0.3335 -0.1858 6
0.0000 2.6450 1.2037 0.1523 17
0.0000 0.9793 0.4455 -0.2091 2
0.0000 2.6698 1.2139 0.2566 17
0.0000 1.1041 0.5020 -0.1921 2
0.0000 2.6476 1.2032 0.3571 16
0.0000 1.4766 0.6708 -0.1991 2
0.0000 2.6494 1.2029 0.4609 17
0.0000 2.1028 0.9543 -0.2020 1
0.0000 2.6548 1.2048 0.5667 17
0.0000 2.6392 1.1966 0.6690 14
0.0000 2.5117 1.1383 -0.0481 1
0.0000 2.6449 1.1981 0.7780 18
0.0000 2.5353 1.1442 0.0486 1
0.0000 0.7763 0.3502 -0.1966 5
0.0000 2.6583 1.1986 0.1528 17
0.0000 0.9951 0.4487 -0.2122 2
0.0000 2.6629 1.2001 0.2555 17
0.0000 1.1131 0.5014 -0.1934 2
0.0000 2.6499 1.1932 0.3568 17
0.0000 1.4808 0.6664 -0.1994 2
0.0000 2.6500 1.1921 0.4602 17
0.0000 2.0788 0.9347 -0.1994 1
0.0000 2.6608 1.1964 0.5671 18
0.0000 2.6522 1.1914 0.6713 16
0.0000 2.6385 1.1841 0.7749 15
0.0000 2.5539 1.1419 0.0488 1
0.0000 0.6885 0.3077 -0.1741 7
0.0000 2.6460 1.1820 0.1519 16
0.0000 0.9609 0.4290 -0.2045 2
0.0000 2.6691 1.1912 0.2557 18
0.0000 1.1185 0.4989 -0.1940 2
0.0000 2.6523 1.1831 0.3566 16
0.0000 1.5066 0.6717 -0.2025 2
0.0000 2.6541 1.1828 0.4602 17
0.0000 2.0875 0.9299 -0.1999 1
0.0000 2.6562 1.1826 0.5652 17
0.0000 2.6586 1.1831 -0.1525 4
0.0000 2.6477 1.1777 0.6690 14
0.0000 2.5378 1.1289 -0.0485 1
0.0000 2.6426 1.1749 0.7749 14
0.0000 2.5581 1.1325 0.0488 1
0.0000 2.6648 1.1792 0.1527 17
0.0000 1.0162 0.4495 -0.2160 2
0.0000 2.6714 1.1810 0.2555 17
0.0000 1.1202 0.4950 -0.1940 2
0.0000 2.6512 1.1710 0.3559 16
0.0000 1.5091 0.6662 -0.2025 2
0.0000 2.6619 1.1751 0.4609 15
0.0000 2.1017 0.9274 -0.2010 2
0.0000 2.6495 1.1686 0.5629 11
0.0000 2.6646 1.1747 -0.1526 16
0.0000 2.6678 1.1755 0.6731 3
0.0000 2.6406 1.1635 -0.0504 4
0.0000 2.6643 1.1734 0.7801 4
0.0000 2.5948 1.1385 0.0495 1
0.0000 0.7549 0.3311 -0.1903 6
0.0000 2.6542 1.1635 0.1519 14
0.0000 0.9998 0.4381 -0.2122 2
0.0000 2.6701 1.1693 0.2550 10
0.0000 1.1146 0.4881 -0.1927 2
0.0000 2.6550 1.1622 0.3559 4
0.0000 1.4840 0.6493 -0.1989 2
0.0000 2.6895 1.1761 0.4649 5
0.0000 2.1068 0.9209 -0.2012 1
0.0000 2.6876 1.1747 0.5701 4
0.0000 2.6648 1.1642 -0.1524 14
0.0000 2.6788 1.1698 0.6749 4
0.0000 2.6776 1.1687 -0.0510 13
0.0000 2.7003 1.1780 0.7894 3
0.0000 2.6574 1.1549 0.0506 1
0.0000 0.6917 0.3005 -0.1741 7
0.0000 2.6800 1.1642 0.1531 4
0.0000 1.0013 0.4347 -0.2122 2
0.0000 2.7324 1.1858 0.2606 3
0.0000 1.1163 0.4842 -0.1927 2
0.0000 2.7101 1.1750 0.3627 4
0.0000 1.4954 0.6480 -0.2001 3
0.0000 2.7151 1.1766 0.4687 4
0.0000 2.0970 0.9083 -0.1999 1
0.0000 2.7313 1.1825 0.5785 4
0.0000 2.6945 1.1660 -0.1539 4
0.0000 2.7312 1.1813 0.6870 4
0.0000 2.7163 1.1749 -0.0517 4
0.0000 2.7467 1.1875 0.8018 3
0.0000 2.6613 1.1461 0.0506 1
0.0000 0.7571 0.3259 -0.1903 6
0.0000 2.7373 1.1777 0.1562 4
0.0000 0.9992 0.4297 -0.2114 2
0.0000 2.7603 1.1865 0.2629 4
0.0000 1.1252 0.4837 -0.1940 2
0.0000 2.7632 1.1872 0.3693 4
0.0000 1.4902 0.6399 -0.1991 2
0.0000 2.7628 1.1858 0.4762 4
0.0000 2.1203 0.9096 -0.2019 1
0.0000 2.7857 1.1951 0.5892 4
0.0000 2.7497 1.1791 -0.1568 3
0.0000 2.7852 1.1938 0.6996 4
0.0000 2.7498 1.1780 -0.0522 4
0.0000 2.7899 1.1946 0.8132 2
0.0000 2.6765 1.1411 0.0508 1
0.0000 2.7839 1.1857 0.1586 4
0.0000 1.0007 0.4262 -0.2114 2
0.0000 2.7974 1.1909 0.2660 4
0.0000 1.1197 0.4764 -0.1927 2
0.0000 2.8022 1.1918 0.3739 4
0.0000 1.5181 0.6453 -0.2025 2
0.0000 2.8126 1.1950 0.4840 4
0.0000 2.1051 0.8944 -0.2001 1
0.0000 2.8190 1.1972 0.5953 4
0.0000 2.7927 1.1854 -0.1590 3
0.0000 2.8255 1.1988 0.7086 4
0.0000 2.8112 1.1921 -0.0533 3
0.0000 2.8441 1.2055 0.8277 2
0.0000 2.8186 1.1900 0.0534 4
0.0000 0.7595 0.3205 -0.1903 6
0.0000 2.8229 1.1907 0.1606 3
0.0000 1.0166 0.4288 -0.2145 2
0.0000 2.8530 1.2028 0.2709 4
0.0000 1.1250 0.4741 -0.1934 2
0.0000 2.8411 1.1966 0.3785 4
0.0000 1.5277 0.6431 -0.2035 2
0.0000 2.8641 1.2051 0.4921 5
0.0000 2.1119 0.8886 -0.2005 1
0.0000 2.8684 1.2064 0.6049 5
0.0000 2.8465 1.1966 -0.1618 3
0.0000 2.8835 1.2115 0.7221 4
0.0000 2.8504 1.1970 -0.0540 4
0.0000 2.9017 1.2180 0.8432 2
0.0000 2.8799 1.2041 0.0545 4
0.0000 0.7857 0.3284 -0.1966 5
0.0000 2.8656 1.1975 0.1628 4
0.0000 1.0036 0.4192 -0.2114 2
0.0000 2.9013 1.2113 0.2751 4
0.0000 1.1266 0.4701 -0.1934 2
0.0000 2.8746 1.1989 0.3824 4
0.0000 1.5189 0.6332 -0.2021 2
0.0000 2.8972 1.2078 0.4971 5
0.0000 2.1132 0.8805 -0.2003 1
0.0000 2.9161 1.2145 0.6140 6
0.0000 2.8986 1.2066 -0.1645 4
0.0000 2.9094 1.2104 0.7275 4
0.0000 2.9005 1.2068 -0.0548 4
0.0000 2.9236 1.2158 0.8484 2
0.0000 2.9190 1.2091 0.0551 4
0.0000 0.7868 0.3258 -0.1966 5
0.0000 2.8993 1.1997 0.1644 4
0.0000 0.9833 0.4067 -0.2068 2
0.0000 2.9386 1.2148 0.2782 4
0.0000 1.1391 0.4709 -0.1952 2
0.0000 2.9244 1.2083 0.3885 4
0.0000 1.5210 0.6282 -0.2021 2
0.0000 2.9215 1.2059 0.5006 4
0.0000 2.1328 0.8799 -0.2019 1
0.0000 2.9600 1.2212 0.6224 5
0.0000 2.9321 1.2091 -0.1662 4
0.0000 2.9710 1.2246 0.7419 7
0.0000 2.9287 1.2065 -0.0553 4
0.0000 2.9850 1.2291 0.8650 5
0.0000 2.9787 1.2217 0.0562 6
0.0000 0.7627 0.3127 -0.1903 6
0.0000 2.9848 1.2229 0.1690 10
0.0000 0.9955 0.4079 -0.2091 2
0.0000 3.0054 1.2307 0.2841 11
0.0000 1.1188 0.4580 -0.1915 2
0.0000 2.9746 1.2169 0.3946 8
0.0000 1.5159 0.6198 -0.2011 2
0.0000 2.9952 1.2241 0.5125 10
0.0000 2.1174 0.8650 -0.2001 1
0.0000 3.0024 1.2265 0.6304 21
0.0000 3.0084 1.2283 -0.1703 19
0.0000 3.0125 1.2288 -0.0568 16
0.0000 2.9982 1.2223 0.8676 10
0.0000 3.0108 1.2225 0.0567 25
0.0000 0.6988 0.2836 -0.1741 7
0.0000 3.0260 1.2275 0.1711 34
0.0000 0.9970 0.4042 -0.2091 2
0.0000 3.0265 1.2265 0.2857 25
0.0000 1.1132 0.4509 -0.1902 2
0.0000 2.9843 1.2088 0.3953 15
0.0000 1.5327 0.6205 -0.2030 2
0.0000 2.1296 0.8613 -0.2010 1
0.0000 3.0124 1.2177 0.6316 22
0.0000 3.0074 1.2151 -0.1700 28
0.0000 2.9923 1.2084 0.7450 46
0.0000 3.0446 1.2295 -0.0573 24
0.0000 3.0226 1.2145 0.0569 39
0.0000 0.6998 0.2810 -0.1741 7
0.0000 3.0470 1.2236 0.1721 51
0.0000 1.0094 0.4051 -0.2114 2
0.0000 1.1257 0.4514 -0.1921 2
0.0000 1.5092 0.6046 -0.1996 2
0.0000 3.0458 1.2201 0.5197 56
0.0000 2.1160 0.8472 -0.1994 1
0.0000 3.0020 1.2013 0.6285 46
0.0000 2.9968 1.1986 -0.1691 46
0.0000 3.0345 1.2131 0.7545 65
0.0000 3.0526 1.2203 -0.0574 55
0.0000 3.0434 1.2111 0.0572 54
0.0000 0.7913 0.3147 -0.1966 5
0.0000 3.0252 1.2027 0.1706 63
0.0000 1.0108 0.4016 -0.2114 2
0.0000 3.0424 1.2082 0.2864 64
0.0000 1.1346 0.4506 -0.1934 2
0.0000 3.0148 1.1967 0.3983 69
0.0000 1.5001 0.5952 -0.1982 2
0.0000 3.0372 1.2044 0.5175 58
0.0000 2.1263 0.8427 -0.2001 2
0.0000 3.0261 1.1993 0.6327 68
0.0000 3.0193 1.1960 -0.1702 81
0.0000 3.0041 1.1894 0.7459 59
0.0000 3.0531 1.2082 -0.0573 68
0.0000 3.0160 1.1880 0.0566 43
0.0000 0.7670 0.3020 -0.1903 6
0.0000 3.0127 1.1855 0.1697 60
0.0000 1.0121 0.3983 -0.2114 2
0.0000 3.0371 1.1945 0.2855 72
0.0000 1.1325 0.4452 -0.1927 2
0.0000 3.0171 1.1854 0.3980 55
0.0000 1.5244 0.5986 -0.2011 2
0.0000 3.0248 1.1872 0.5147 62
0.0000 2.1328 0.8371 -0.2005 2
0.0000 3.0229 1.1859 0.6312 63
0.0000 3.0272 1.1869 -0.1704 70
0.0000 3.0264 1.1860 0.7504 60
0.0000 3.0480 1.1939 -0.0571 84
0.0000 3.0132 1.1796 0.8670 54
0.0000 3.0331 1.1826 0.0568 60
0.0000 0.7027 0.2738 -0.1741 7
0.0000 3.0168 1.1750 0.1697 62
0.0000 1.0025 0.3905 -0.2091 2
0.0000 3.0227 1.1767 0.2838 64
0.0000 1.1451 0.4455 -0.1946 2
0.0000 3.0379 1.1814 0.4002 54
0.0000 1.5283 0.5940 -0.2013 2
0.0000 3.0198 1.1731 0.5131 57
0.0000 2.1209 0.8239 -0.1991 2
0.0000 3.0380 1.1796 0.6335 63
0.0000 3.0331 1.1771 -0.1705 61
0.0000 3.0269 1.1741 0.7495 60
0.0000 3.0242 1.1724 -0.0566 73
0.0000 3.0083 1.1656 0.8645 63
0.0000 3.0223 1.1662 0.0565 66
0.0000 0.8200 0.3163 -0.2029 5
0.0000 3.0265 1.1666 0.1700 65
0.0000 0.9892 0.3813 -0.2061 2
0.0000 3.0230 1.1647 0.2834 63
0.0000 1.1171 0.4302 -0.1896 2
0.0000 3.0346 1.1679 0.3992 55
0.0000 1.5359 0.5908 -0.2021 2
0.0000 3.0275 1.1640 0.5137 57
0.0000 2.1182 0.8144 -0.1985 2
0.0000 3.0238 1.1619 0.6297 63
0.0000 3.0335 1.1651 -0.1703 58
0.0000 3.0146 1.1572 0.7455 59
0.0000 3.0339 1.1640 -0.0567 75
0.0000 2.9780 1.1420 0.8546 59
0.0000 3.0152 1.1514 0.0563 63
0.0000 0.7701 0.2939 -0.1903 6
0.0000 3.0100 1.1482 0.1688 55
0.0000 1.0052 0.3835 -0.2091 2
0.0000 3.0085 1.1470 0.2817 60
0.0000 1.1371 0.4333 -0.1927 2
0.0000 2.9923 1.1396 0.3932 59
0.0000 1.5194 0.5784 -0.1996 2
0.0000 3.0057 1.1436 0.5094 57
0.0000 2.1210 0.8070 -0.1985 1
0.0000 2.9911 1.1374 0.6220 70
0.0000 3.0039 1.1417 -0.1684 58
0.0000 3.0059 1.1418 0.7423 64
0.0000 3.0099 1.1427 -0.0562 60
0.0000 2.9820 1.1316 0.8546 61
0.0000 3.0004 1.1338 0.0560 61
0.0000 0.7967 0.3009 -0.1966 5
0.0000 2.9839 1.1269 0.1672 62
0.0000 1.0359 0.3910 -0.2152 2
0.0000 3.0087 1.1351 0.2813 66
0.0000 1.1460 0.4321 -0.1940 2
0.0000 2.9907 1.1271 0.3924 57
0.0000 1.5065 0.5677 -0.1977 2
0.0000 3.0095 1.1336 0.5094 58
0.0000 2.1369 0.8045 -0.1998 2
0.0000 3.0024 1.1297 0.6236 70
0.0000 2.9930 1.1256 -0.1676 61
0.0000 2.9950 1.1264 0.7387 68
0.0000 3.0043 1.1292 -0.0560 66
0.0000 2.9857 1.1217 0.8546 61
0.0000 3.0042 1.1238 0.0560 61
0.0000 0.7977 0.2982 -0.1966 5
0.0000 2.9914 1.1184 0.1674 62
0.0000 1.0078 0.3766 -0.2091 2
0.0000 3.0162 1.1265 0.2817 61
0.0000 1.1363 0.4242 -0.1921 2
0.0000 3.0093 1.1227 0.3944 55
0.0000 1.5195 0.5669 -0.1991 2
0.0000 3.0095 1.1222 0.5087 57
0.0000 2.1283 0.7932 -0.1987 2
0.0000 3.0356 1.1307 0.6297 65
0.0000 3.0004 1.1170 -0.1678 61
0.0000 3.0280 1.1273 0.7459 64
0.0000 2.9968 1.1151 -0.0558 66
0.0000 3.0239 1.1246 0.8645 76
0.0000 3.0304 1.1222 0.0564 63
0.0000 0.7767 0.2875 -0.1912 6
0.0000 3.0252 1.1191 0.1690 62
0.0000 0.9943 0.3678 -0.2061 2
0.0000 3.0311 1.1206 0.2827 66
0.0000 1.1414 0.4218 -0.1927 2
0.0000 3.0316 1.1196 0.3968 70
0.0000 1.5252 0.5630 -0.1996 2
0.0000 3.0301 1.1179 0.5115 81
0.0000 2.1161 0.7803 -0.1973 2
0.0000 3.0357 1.1193 0.6289 74
0.0000 3.0360 1.1188 -0.1696 64
0.0000 3.0355 1.1181 0.7468 68
0.0000 3.0419 1.1198 -0.0566 95
0.0000 3.0169 1.1100 0.8613 67
0.0000 3.0305 1.1102 0.0563 83
0.0000 0.7997 0.2928 -0.1966 5
0.0000 3.0385 1.1119 0.1696 77
0.0000 1.0104 0.3696 -0.2091 2
0.0000 3.0333 1.1088 0.2826 72
0.0000 1.1392 0.4162 -0.1921 1
0.0000 3.0485 1.1138 0.3985 59
0.0000 1.5234 0.5563 -0.1991 2
0.0000 3.0340 1.1073 0.5115 66
0.0000 2.1207 0.7735 -0.1975 1
0.0000 3.0434 1.1095 0.6297 77
0.0000 3.0438 1.1091 -0.1698 70
0.0000 3.0396 1.1069 0.7468 64
0.0000 3.0458 1.1092 -0.0566 87
0.0000 3.0207 1.0995 0.8613 63
0.0000 0.8010 0.2903 -0.2283 5
0.0000 3.0346 1.0991 0.0563 69
0.0000 0.8007 0.2899 -0.1966 5
0.0000 3.0238 1.0940 0.1685 68
0.0000 0.9969 0.3607 -0.2061 2
0.0000 3.0428 1.1003 0.2831 63
0.0000 1.1407 0.4122 -0.1921 2
0.0000 3.0339 1.0959 0.3961 59
0.0000 1.5385 0.5554 -0.2008 2
0.0000 3.0455 1.0988 0.5128 60
0.0000 2.1421 0.7729 -0.1992 1
0.0000 3.0473 1.0989 0.6297 75
0.0000 3.0383 1.0950 -0.1693 61
0.0000 3.0435 1.0963 0.7468 63
0.0000 3.0461 1.0967 -0.0565 77
0.0000 3.0247 1.0884 0.8613 64
0.0000 3.0441 1.0905 0.0564 70
0.0000 0.7797 0.2792 -0.1912 6
0.0000 3.0219 1.0814 0.1682 61
0.0000 0.9982 0.3572 -0.2061 2
0.0000 3.0466 1.0897 0.2831 63
0.0000 1.1421 0.4083 -0.1921 2
0.0000 3.0377 1.0853 0.3961 59
0.0000 1.5087 0.5387 -0.1967 2
0.0000 3.0474 1.0875 0.5125 58
0.0000 2.1336 0.7614 -0.1982 1
0.0000 3.0548 1.0896 0.6304 75
0.0000 3.0345 1.0817 -0.1688 61
0.0000 3.0326 1.0805 0.7432 64
0.0000 3.0480 1.0854 -0.0565 70
0.0000 3.0285 1.0778 0.8613 64
0.0000 3.0422 1.0779 0.0563 66
0.0000 0.7807 0.2765 -0.1912 6
0.0000 3.0351 1.0742 0.1687 65
0.0000 1.0253 0.3629 -0.2114 2
0.0000 3.0467 1.0777 0.2827 60
0.0000 1.1472 0.4056 -0.1927 2
0.0000 3.0434 1.0753 0.3963 57
0.0000 1.5218 0.5374 -0.1982 2
0.0000 3.0438 1.0743 0.5112 58
0.0000 2.1418 0.7559 -0.1987 1
0.0000 3.0567 1.0782 0.6301 70
0.0000 3.0458 1.0738 -0.1693 60
0.0000 3.0400 1.0712 0.7441 60
0.0000 3.0329 1.0681 -0.0561 70
0.0000 3.0396 1.0698 0.8634 63
0.0000 3.0516 1.0693 0.0564 68
0.0000 0.7817 0.2737 -0.1912 6
0.0000 3.0351 1.0623 0.1685 65
0.0000 1.0266 0.3593 -0.2114 2
0.0000 3.0429 1.0644 0.2820 65
0.0000 1.1524 0.4029 -0.1934 2
0.0000 3.0584 1.0686 0.3978 54
0.0000 1.5349 0.5360 -0.1996 2
0.0000 3.0531 1.0656 0.5122 54
0.0000 2.1313 0.7439 -0.1975 1
0.0000 3.0679 1.0702 0.6316 61
0.0000 3.0496 1.0632 -0.1693 59
0.0000 3.0621 1.0670 0.7486 60
0.0000 3.0404 1.0588 -0.0562 68
0.0000 3.0469 1.0605 0.8645 64
0.0000 3.0534 1.0579 0.0564 57
0.0000 0.8047 0.2787 -0.1966 5
0.0000 3.0595 1.0589 0.1697 57
0.0000 1.0056 0.3480 -0.2068 2
0.0000 3.0541 1.0564 0.2827 65
0.0000 1.1538 0.3989 -0.1934 2
0.0000 3.0677 1.0599 0.3985 59
0.0000 1.5405 0.5319 -0.2001 2
0.0000 3.0605 1.0562 0.5128 66
0.0000 2.1339 0.7364 -0.1975 1
0.0000 3.0586 1.0550 0.6289 70
0.0000 3.0702 1.0584 -0.1702 53
0.0000 3.0732 1.0588 0.7504 60
0.0000 3.0611 1.0540 -0.0565 66
0.0000 3.0433 1.0473 0.8624 66
0.0000 3.0590 1.0479 0.0564 74
0.0000 0.7836 0.2683 -0.1912 6
0.0000 3.0594 1.0469 0.1695 68
0.0000 1.0402 0.3559 -0.2137 2
0.0000 3.0653 1.0483 0.2834 66
0.0000 1.1477 0.3923 -0.1921 2
0.0000 3.0620 1.0460 0.3973 57
0.0000 1.5499 0.5291 -0.2011 2
0.0000 3.0623 1.0449 0.5125 59
0.0000 2.1402 0.7303 -0.1978 1
0.0000 3.0623 1.0443 0.6289 68
0.0000 3.0569 1.0418 -0.1693 63
0.0000 3.0732 1.0468 0.7495 60
0.0000 3.0724 1.0459 -0.0567 79
0.0000 3.0561 1.0398 0.8650 61
0.0000 3.0664 1.0385 0.0565 68
0.0000 0.8066 0.2730 -0.1966 5
0.0000 3.0555 1.0336 0.1690 68
0.0000 1.0303 0.3485 -0.2114 2
0.0000 3.0727 1.0389 0.2838 63
0.0000 1.1603 0.3921 -0.1940 2
0.0000 3.0656 1.0353 0.3973 57
0.0000 1.5291 0.5161 -0.1982 2
0.0000 3.0659 1.0342 0.5125 58
0.0000 2.1635 0.7298 -0.1998 1
0.0000 3.0659 1.0336 0.6289 66
0.0000 3.0605 1.0312 -0.1693 61
0.0000 3.0621 1.0311 0.7459 60
0.0000 3.0722 1.0339 -0.0566 75
0.0000 3.0597 1.0291 0.8650 60
0.0000 3.0681 1.0272 0.0565 66
0.0000 0.7706 0.2578 -0.1876 6
0.0000 3.0553 1.0217 0.1688 62
0.0000 1.0315 0.3449 -0.2114 2
0.0000 3.0669 1.0250 0.2829 28
0.0000 1.1654 0.3893 -0.1946 2
0.0000 3.0767 1.0271 0.3983 54
0.0000 1.5159 0.5057 -0.1962 1
0.0000 3.0658 1.0222 0.5119 57
0.0000 2.1509 0.7172 -0.1984 1
0.0000 3.0769 1.0254 0.6304 65
0.0000 3.0679 1.0217 -0.1695 59
0.0000 3.0675 1.0210 0.7464 59
0.0000 3.0606 1.0181 -0.0563 75
0.0000 3.0541 1.0154 0.8624 57
0.0000 3.0770 1.0194 0.0566 70
0.0000 0.7640 0.2530 -0.1858 6
0.0000 3.0471 1.0083 0.1682 24
0.0000 0.9729 0.3220 -0.1992 2
0.0000 1.1516 0.3806 -0.1921 2
0.0000 3.0724 1.0149 0.3973 18
0.0000 1.5476 0.5109 -0.2001 2
0.0000 3.0634 1.0107 0.5109 55
0.0000 2.1324 0.7036 -0.1964 1
0.0000 3.0913 1.0194 0.6327 56
0.0000 3.0711 1.0121 -0.1695 61
0.0000 3.0725 1.0120 0.7468 18
0.0000 3.0657 1.0091 -0.0563 73
0.0000 3.0536 1.0046 0.8613 11
0.0000 3.0711 1.0056 0.0564 57
0.0000 0.7871 0.2576 -0.1912 6
0.0000 1.0076 0.3295 -0.2061 2
0.0000 1.1567 0.3778 -0.1927 2
0.0000 1.5381 0.5018 -0.1986 2
0.0000 3.0875 1.0068 0.5144 17
0.0000 2.1215 0.6918 -0.1952 1
0.0000 3.0893 1.0068 0.6316 16
0.0000 3.0708 1.0001 -0.1693 61
0.0000 3.0844 1.0034 -0.0566 51
0.0000 5.5502 1.8044 1.5638 5
0.0000 3.0803 0.9967 0.0565 26
0.0000 0.7621 0.2464 -0.1849 6
0.0000 1.0499 0.3393 -0.2145 2
0.0000 1.4049 0.4538 0.1292 1
0.0000 1.1354 0.3665 -0.1890 2
0.0000 1.4528 0.4687 0.1874 1
0.0000 1.5587 0.5025 -0.2011 2
0.0000 3.0985 0.9984 0.5156 58
0.0000 2.1505 0.6929 -0.1977 1
0.0000 3.0797 0.9917 0.6289 19
0.0000 3.0667 0.9870 -0.1688 61
0.0000 5.5617 1.7889 1.3488 12
0.0000 3.1184 1.0024 -0.0572 90
0.0000 5.5564 1.7850 1.5638 6
0.0000 0.8112 0.2592 -0.1966 5
0.0000 1.3737 0.4387 0.0756 1
0.0000 1.0249 0.3273 -0.2091 2
0.0000 1.3856 0.4422 0.1272 4
0.0000 1.1555 0.3686 -0.1921 2
0.0000 1.3788 0.4395 0.1777 2
0.0000 1.5453 0.4923 -0.1991 2
0.0000 3.0982 0.9864 0.5150 6
0.0000 2.1643 0.6890 -0.1987 1
0.0000 3.1056 0.9881 0.6335 20
0.0000 3.0644 0.9744 -0.1685 64
0.0000 5.5531 1.7647 1.3452 12
0.0000 3.0990 0.9842 -0.0568 83
0.0000 5.5626 1.7656 1.5638 6
0.0000 3.1062 0.9812 0.0569 1
0.0000 0.7935 0.2505 -0.1921 6
0.0000 1.3504 0.4261 0.0742 3
0.0000 1.0260 0.3237 -0.2091 2
0.0000 1.3586 0.4284 0.1246 4
0.0000 1.1417 0.3598 -0.1896 2
0.0000 1.3595 0.4281 0.1750 5
0.0000 1.5508 0.4881 -0.1996 2
0.0000 3.1601 0.9939 0.5247 1
0.0000 2.1611 0.6793 -0.1982 1
0.0000 3.1090 0.9773 0.6335 20
0.0000 3.0697 0.9643 -0.1686 63
0.0000 5.5573 1.7448 1.3448 12
0.0000 3.0890 0.9692 -0.0565 75
0.0000 5.5577 1.7427 1.5607 8
0.0000 1.5863 0.4950 0.0290 1
0.0000 0.7944 0.2477 -0.1921 6
0.0000 1.3557 0.4225 0.0744 6
0.0000 1.0122 0.3153 -0.2061 2
0.0000 1.3431 0.4181 0.1231 6
0.0000 1.1695 0.3638 -0.1940 2
0.0000 1.3458 0.4187 0.1731 6
0.0000 1.5639 0.4862 -0.2011 2
0.0000 1.4129 0.4390 0.2343 1
0.0000 2.1444 0.6659 -0.1964 1
0.0000 3.1182 0.9676 0.6346 21
0.0000 3.0732 0.9531 -0.1686 63
0.0000 5.5637 1.7244 1.3448 12
0.0000 3.0905 0.9578 -0.0565 73
0.0000 5.5527 1.7199 1.5576 6
0.0000 0.8142 0.2509 -0.2283 5
0.0000 1.3989 0.4309 0.0256 3
0.0000 0.7916 0.2437 -0.1912 6
0.0000 1.3457 0.4143 0.0738 10
0.0000 1.0133 0.3117 -0.2061 2
0.0000 1.3160 0.4046 0.1204 7
0.0000 1.1556 0.3551 -0.1915 2
0.0000 1.3340 0.4096 0.1713 8
0.0000 1.5428 0.4737 -0.1982 2
0.0000 1.3748 0.4219 0.2278 2
0.0000 2.1601 0.6625 -0.1977 1
0.0000 3.1028 0.9510 0.6308 21
0.0000 3.0841 0.9447 -0.1690 63
0.0000 5.5619 1.7036 1.3430 12
0.0000 3.0995 0.9488 -0.0566 64
0.0000 5.5586 1.7005 1.5576 6
0.0000 1.3793 0.4199 0.0252 4
0.0000 0.7774 0.2365 -0.1876 6
0.0000 1.3414 0.4081 0.0735 11
0.0000 1.0556 0.3209 -0.2145 2
0.0000 1.3192 0.4008 0.1206 9
0.0000 1.1606 0.3524 -0.1921 1
0.0000 1.3221 0.4012 0.1696 12
0.0000 1.5557 0.4721 -0.1996 2
0.0000 1.3573 0.4116 0.2246 5
0.0000 2.1565 0.6536 -0.1971 1
0.0000 3.0853 0.9344 0.6266 4
0.0000 3.0777 0.9316 -0.1685 64
0.0000 5.5675 1.6852 1.3430 12
0.0000 5.5661 1.6826 1.5581 5
0.0000 1.3654 0.4107 0.0249 5
0.0000 0.7782 0.2339 -0.1876 6
0.0000 1.3198 0.3965 0.0722 12
0.0000 1.0304 0.3095 -0.2091 2
0.0000 1.3243 0.3976 0.1210 10
0.0000 1.1655 0.3497 -0.1927 2
0.0000 1.3082 0.3922 0.1677 12
0.0000 1.5498 0.4644 -0.1986 2
0.0000 1.3474 0.4035 0.2228 6
0.0000 2.1549 0.6453 -0.1968 1
0.0000 3.1391 0.9394 0.6369 1
0.0000 3.0731 0.9191 -0.1681 64
0.0000 5.5622 1.6624 1.3403 12
0.0000 5.5756 1.6643 1.5591 5
0.0000 1.3630 0.4048 0.0248 7
0.0000 0.8164 0.2423 -0.1966 5
0.0000 1.3040 0.3868 0.0713 13
0.0000 1.0126 0.3003 -0.2053 2
0.0000 1.3181 0.3907 0.1203 11
0.0000 1.1478 0.3400 -0.1896 2
0.0000 1.3115 0.3882 0.1679 13
0.0000 1.5590 0.4612 -0.1996 2
0.0000 1.3241 0.3915 0.2187 8
0.0000 2.1571 0.6377 -0.1968 1
0.0000 3.0840 0.9106 -0.1685 64
0.0000 5.5698 1.6435 1.3407 12
0.0000 5.5777 1.6437 1.5581 5
0.0000 1.3509 0.3961 0.0246 9
0.0000 0.7724 0.2263 -0.1858 6
0.0000 1.3034 0.3816 0.0712 16
0.0000 1.0174 0.2979 -0.2061 2
0.0000 1.3022 0.3810 0.1187 15
0.0000 1.1641 0.3404 -0.1921 2
0.0000 1.3090 0.3825 0.1674 17
0.0000 1.5492 0.4524 -0.1982 2
0.0000 1.3103 0.3824 0.2162 11
0.0000 2.1746 0.6347 -0.1982 1
0.0000 1.3909 0.4057 0.2816 2
0.0000 3.0852 0.8993 -0.1684 63
0.0000 5.5774 1.6246 1.3412 12
0.0000 1.3939 0.4058 -0.0253 2
0.0000 5.5741 1.6215 1.5555 5
0.0000 1.3331 0.3858 0.0242 10
0.0000 0.8443 0.2442 -0.2029 5
0.0000 1.3086 0.3782 0.0714 17
0.0000 0.9996 0.2889 -0.2023 2
0.0000 1.2940 0.3737 0.1178 16
0.0000 1.1729 0.3385 -0.1934 2
0.0000 1.2989 0.3747 0.1660 19
0.0000 1.5584 0.4492 -0.1991 2
0.0000 1.3154 0.3789 0.2168 12
0.0000 2.1653 0.6238 -0.1971 1
0.0000 1.3565 0.3905 0.2744 3
0.0000 3.0902 0.8890 -0.1685 64
0.0000 5.5812 1.6046 1.3407 9
0.0000 1.3953 0.4009 -0.0253 6
0.0000 5.5612 1.5968 1.5503 6
0.0000 1.3229 0.3778 0.0240 11
0.0000 0.7927 0.2262 -0.1903 6
0.0000 1.2964 0.3698 0.0707 17
0.0000 1.0648 0.3037 -0.2152 2
0.0000 1.2933 0.3687 0.1177 18
0.0000 1.1589 0.3301 -0.1909 2
0.0000 1.2849 0.3658 0.1640 19
0.0000 1.5676 0.4459 -0.2001 2
0.0000 1.3168 0.3743 0.2168 12
0.0000 2.1598 0.6140 -0.1964 1
0.0000 1.3427 0.3815 0.2713 4
0.0000 3.0818 0.8750 -0.1679 64
0.0000 5.5849 1.5846 1.3403 6
0.0000 1.3929 0.3949 -0.0253 8
0.0000 5.5909 1.5842 1.5571 5
0.0000 1.3165 0.3710 0.0239 13
0.0000 0.7972 0.2245 -0.1912 6
0.0000 1.2766 0.3593 0.0695 18
0.0000 1.0659 0.3000 -0.2152 2
0.0000 1.2927 0.3636 0.1175 18
0.0000 1.1638 0.3271 -0.1915 2
0.0000 1.2747 0.3581 0.1626 20
0.0000 1.5576 0.4372 -0.1986 2
0.0000 1.3104 0.3676 0.2156 16
0.0000 2.1696 0.6086 -0.1971 1
0.0000 1.3422 0.3763 0.2709 6
0.0000 3.0925 0.8664 -0.1683 45
0.0000 5.6110 1.5708 1.3452 3
0.0000 1.3731 0.3841 -0.0249 10
0.0000 5.5815 1.5605 1.5529 7
0.0000 1.3082 0.3638 0.0237 14
0.0000 0.8205 0.2280 -0.1966 5
0.0000 1.2701 0.3527 0.0691 18
0.0000 1.0669 0.2963 -0.2152 2
0.0000 1.2920 0.3586 0.1173 18
0.0000 1.1802 0.3273 -0.1940 2
0.0000 1.2760 0.3536 0.1626 19
0.0000 1.5592 0.4318 -0.1986 2
0.0000 1.2927 0.3578 0.2124 16
0.0000 2.1986 0.6085 -0.1996 1
0.0000 1.3378 0.3700 0.2698 7
0.0000 5.6935 1.5725 1.3637 3
0.0000 1.3474 0.3719 -0.0244 14
0.0000 5.5888 1.5415 1.5534 6
0.0000 0.7284 0.2000 -0.2024 7
0.0000 1.3133 0.3603 0.0238 14
0.0000 0.7762 0.2128 -0.1858 6
0.0000 1.2675 0.3472 0.0689 18
0.0000 1.0187 0.2791 -0.2053 2
0.0000 1.2702 0.3477 0.1152 21
0.0000 1.1851 0.3242 -0.1946 2
0.0000 1.2734 0.3481 0.1621 20
0.0000 1.5607 0.4264 -0.1986 2
0.0000 1.2844 0.3506 0.2109 17
0.0000 2.1854 0.5966 -0.1982 1
0.0000 1.3334 0.3638 0.2687 9
0.0000 3.0927 0.8432 -0.1680 1
0.0000 1.3506 0.3677 -0.0244 17
0.0000 5.5830 1.5189 1.5503 6
0.0000 1.2933 0.3499 0.0234 16
0.0000 0.8409 0.2274 -0.2011 5
0.0000 1.2745 0.3444 0.0692 20
0.0000 1.0500 0.2837 -0.2114 2
0.0000 1.2695 0.3428 0.1150 21
0.0000 1.1786 0.3180 -0.1934 2
0.0000 1.2707 0.3426 0.1616 22
0.0000 1.5698 0.4230 -0.1996 2
0.0000 1.2856 0.3462 0.2109 17
0.0000 2.1874 0.5890 -0.1982 1
0.0000 1.3100 0.3525 0.2637 9
0.0000 3.1226 0.8396 -0.1695 1
0.0000 1.4585 0.3919 0.3487 1
0.0000 1.3442 0.3609 -0.0243 17
0.0000 5.5845 1.4985 1.5493 6
0.0000 1.2964 0.3459 0.0234 16
0.0000 0.7852 0.2094 -0.1876 6
0.0000 1.2622 0.3363 0.0685 20
0.0000 1.0206 0.2719 -0.2053 2
0.0000 1.2707 0.3383 0.1150 21
0.0000 1.2065 0.3210 -0.1977 1
0.0000 1.2566 0.3341 0.1596 20
0.0000 1.5674 0.4165 -0.1991 2
0.0000 1.2887 0.3422 0.2112 19
0.0000 2.1895 0.5813 -0.1982 1
0.0000 1.3074 0.3469 0.2629 9
0.0000 1.4132 0.3747 -0.0766 1
0.0000 1.3657 0.3619 0.3262 2
0.0000 1.3493 0.3573 -0.0244 19
0.0000 5.5897 1.4789 1.5493 6
0.0000 1.2938 0.3404 0.0234 16
0.0000 0.7784 0.2046 -0.1858 6
0.0000 1.2498 0.3286 0.0677 20
0.0000 1.0557 0.2774 -0.2122 2
0.0000 1.2680 0.3329 0.1147 22
0.0000 1.1846 0.3108 -0.1940 2
0.0000 1.2481 0.3272 0.1584 22
0.0000 1.5574 0.4080 -0.1977 2
0.0000 1.2784 0.3349 0.2093 22
0.0000 2.2069 0.5777 -0.1996 1
0.0000 1.2953 0.3389 0.2603 11
0.0000 1.4067 0.3677 -0.0762 4
0.0000 1.3443 0.3512 0.3208 4
0.0000 1.3408 0.3503 -0.0242 21
0.0000 5.5946 1.4604 1.5493 5
0.0000 1.2910 0.3351 0.0233 16
0.0000 0.8243 0.2138 -0.1966 5
0.0000 1.2490 0.3237 0.0676 20
0.0000 1.0225 0.2648 -0.2053 2
0.0000 1.2653 0.3275 0.1143 22
0.0000 1.1818 0.3059 -0.1934 1
0.0000 1.2531 0.3241 0.1589 22
0.0000 1.5491 0.4003 -0.1965 2
0.0000 1.2642 0.3265 0.2068 22
0.0000 2.1973 0.5670 -0.1985 1
0.0000 1.2927 0.3336 0.2595 13
0.0000 1.3925 0.3591 -0.0754 4
0.0000 1.3342 0.3438 0.3181 5
0.0000 1.3285 0.3421 -0.0239 21
0.0000 5.5510 1.4283 1.5358 4
0.0000 0.8253 0.2113 -0.2283 5
0.0000 1.2922 0.3306 0.0233 18
0.0000 0.8024 0.2051 -0.1912 6
0.0000 1.2501 0.3193 0.0676 21
0.0000 1.0538 0.2692 -0.2114 2
0.0000 1.2567 0.3208 0.1135 22
0.0000 1.1638 0.2969 -0.1902 1
0.0000 1.2580 0.3207 0.1594 22
0.0000 1.5620 0.3979 -0.1979 2
0.0000 1.2616 0.3211 0.2062 22
0.0000 2.2011 0.5602 -0.1987 1
0.0000 1.3071 0.3325 0.2622 14
0.0000 1.3763 0.3498 -0.0744 6
0.0000 1.3373 0.3396 0.3185 7
0.0000 1.3083 0.3320 -0.0236 23
0.0000 5.5410 1.4052 1.5317 15
0.0000 1.2798 0.3226 0.0230 20
0.0000 0.7804 0.1966 -0.1858 6
0.0000 1.2493 0.3145 0.0675 21
0.0000 1.0433 0.2626 -0.2091 2
0.0000 1.2540 0.3154 0.1131 22
0.0000 1.1916 0.2995 -0.1946 1
0.0000 1.2534 0.3148 0.1587 23
0.0000 1.5807 0.3968 -0.2001 2
0.0000 1.2627 0.3167 0.2062 22
0.0000 2.1838 0.5477 -0.1970 1
0.0000 1.2816 0.3212 0.2568 14
0.0000 1.3756 0.3445 -0.0743 6
0.0000 1.3365 0.3345 0.3181 7
0.0000 1.3172 0.3294 -0.0237 23
0.0000 5.5533 1.3877 1.5338 19
0.0000 1.2770 0.3172 0.0230 20
0.0000 0.7811 0.1939 -0.1858 6
0.0000 1.2503 0.3101 0.0675 21
0.0000 1.0557 0.2618 -0.2114 2
0.0000 1.2590 0.3120 0.1135 22
0.0000 1.1735 0.2906 -0.1915 1
0.0000 1.2352 0.3057 0.1562 22
0.0000 1.5590 0.3855 -0.1972 2
0.0000 1.2580 0.3109 0.2052 24
0.0000 2.2050 0.5449 -0.1987 1
0.0000 1.2751 0.3149 0.2553 15
0.0000 1.3574 0.3349 -0.0733 7
0.0000 1.3226 0.3261 0.3145 9
0.0000 1.3106 0.3229 -0.0236 23
0.0000 5.5544 1.3674 1.5327 19
0.0000 1.2781 0.3127 0.0230 21
0.0000 0.8007 0.1958 -0.1903 6
0.0000 1.2340 0.3015 0.0666 21
0.0000 1.0566 0.2581 -0.2114 2
0.0000 1.2562 0.3067 0.1131 23
0.0000 1.1975 0.2921 -0.1952 2
0.0000 1.2343 0.3009 0.1560 23
0.0000 1.5642 0.3810 -0.1977 2
0.0000 1.2552 0.3055 0.2046 25
0.0000 2.1779 0.5301 -0.1961 1
0.0000 1.2686 0.3085 0.2538 16
0.0000 1.3527 0.3288 -0.0730 10
0.0000 1.3067 0.3173 0.3104 10
0.0000 1.3098 0.3178 -0.0235 25
0.0000 5.5648 1.3493 1.5343 16
0.0000 1.2693 0.3064 0.0228 21
0.0000 0.8051 0.1942 -0.1912 6
0.0000 1.2330 0.2971 0.0665 21
0.0000 1.0574 0.2548 -0.2114 2
0.0000 1.2513 0.3013 0.1126 26
0.0000 1.1677 0.2810 -0.1902 2
0.0000 1.2410 0.2984 0.1567 23
0.0000 1.5615 0.3752 -0.1972 2
0.0000 1.2408 0.2979 0.2021 24
0.0000 2.1911 0.5260 -0.1971 1
0.0000 1.2753 0.3059 0.2549 16
0.0000 1.3460 0.3226 -0.0725 12
0.0000 1.2963 0.3105 0.3077 9
0.0000 1.3011 0.3114 -0.0234 27
0.0000 5.5652 1.3310 1.5332 11
0.0000 1.2743 0.3029 0.0229 21
0.0000 0.8058 0.1914 -0.1912 6
0.0000 1.2379 0.2938 0.0667 21
0.0000 1.0812 0.2566 -0.2160 2
0.0000 1.2388 0.2937 0.1114 22
0.0000 1.1917 0.2824 -0.1940 1
0.0000 1.2421 0.2941 0.1567 22
0.0000 1.5705 0.3715 -0.1982 2
0.0000 1.2380 0.2927 0.2015 25
0.0000 2.1852 0.5166 -0.1964 1
0.0000 1.2706 0.3001 0.2538 16
0.0000 1.3471 0.3179 -0.0725 12
0.0000 1.3011 0.3069 0.3086 10
0.0000 1.2963 0.3055 -0.0232 31
0.0000 5.5623 1.3097 1.5312 5
0.0000 1.2637 0.2957 0.0227 21
0.0000 0.8292 0.1939 -0.1966 5
0.0000 1.2350 0.2885 0.0665 22
0.0000 1.0668 0.2492 -0.2129 2
0.0000 1.2398 0.2894 0.1114 25
0.0000 1.1735 0.2737 -0.1909 1
0.0000 1.2354 0.2879 0.1557 23
0.0000 1.5641 0.3643 -0.1972 2
0.0000 1.2487 0.2906 0.2031 25
0.0000 2.1676 0.5044 -0.1947 1
0.0000 1.2621 0.2935 0.2519 16
0.0000 1.3443 0.3123 -0.0723 12
0.0000 1.2965 0.3010 0.3073 11
0.0000 1.3012 0.3019 -0.0233 29
0.0000 1.2608 0.2904 0.0226 21
0.0000 0.8033 0.1849 -0.1903 6
0.0000 1.2496 0.2874 0.0672 25
0.0000 1.0179 0.2341 -0.2030 2
0.0000 1.2369 0.2842 0.1110 25
0.0000 1.1975 0.2749 -0.1946 2
0.0000 1.2267 0.2814 0.1545 23
0.0000 1.5576 0.3570 -0.1962 2
0.0000 1.2439 0.2849 0.2021 25
0.0000 2.1888 0.5013 -0.1964 1
0.0000 1.2535 0.2869 0.2500 18
0.0000 1.3318 0.3045 -0.0716 15
0.0000 1.2938 0.2956 0.3064 11
0.0000 1.2945 0.2955 -0.0232 31
0.0000 1.2618 0.2860 0.0226 21
0.0000 0.7850 0.1778 -0.1858 6
0.0000 1.2292 0.2781 0.0660 23
0.0000 1.0761 0.2435 -0.2145 2
0.0000 1.2398 0.2803 0.1112 27
0.0000 1.2100 0.2734 -0.1965 1
0.0000 1.2180 0.2749 0.1533 23
0.0000 1.5666 0.3533 -0.1972 2
0.0000 1.2507 0.2818 0.2031 25
0.0000 1.2545 0.2825 0.2500 18
0.0000 1.3328 0.2999 -0.0716 15
0.0000 1.2834 0.2885 0.3037 12
0.0000 1.2994 0.2919 -0.0232 31
0.0000 1.3836 0.3105 0.3799 1
0.0000 1.2628 0.2816 0.0226 21
0.0000 0.7856 0.1750 -0.1858 6
0.0000 1.2224 0.2721 0.0656 26
0.0000 1.0808 0.2406 -0.2152 2
0.0000 1.2467 0.2773 0.1117 27
0.0000 1.2071 0.2683 -0.1959 1
0.0000 1.2306 0.2733 0.1548 23
0.0000 1.5756 0.3496 -0.1982 2
0.0000 1.2362 0.2741 0.2005 25
0.0000 1.4102 0.3126 -0.1264 1
0.0000 1.2574 0.2785 0.2503 19
0.0000 1.3299 0.2944 -0.0714 16
0.0000 1.2882 0.2849 0.3046 13
0.0000 1.2887 0.2848 -0.0230 33
0.0000 1.3677 0.3020 0.3753 2
0.0000 1.2540 0.2750 0.0224 22
0.0000 0.7862 0.1723 -0.1858 6
0.0000 1.2311 0.2698 0.0660 26
0.0000 1.0625 0.2326 -0.2114 2
0.0000 1.2340 0.2700 0.1105 28
0.0000 1.2081 0.2641 -0.1959 1
0.0000 1.2218 0.2668 0.1536 23
0.0000 1.5574 0.3398 -0.1957 2
0.0000 1.2255 0.2674 0.1987 25
0.0000 1.4113 0.3077 -0.1264 2
0.0000 1.2661 0.2758 0.2519 20
0.0000 1.3232 0.2880 -0.0710 15
0.0000 1.2796 0.2783 0.3023 13
0.0000 1.2857 0.2796 -0.0230 33
0.0000 1.3422 0.2917 0.3680 3
0.0000 1.2451 0.2688 0.0222 23
0.0000 0.7372 0.1590 -0.1741 7
0.0000 1.2300 0.2650 0.0659 27
0.0000 1.0633 0.2289 -0.2114 2
0.0000 1.2291 0.2644 0.1100 27
0.0000 1.1973 0.2576 -0.1940 1
0.0000 1.2285 0.2640 0.1543 23
0.0000 1.5896 0.3414 -0.1996 2
0.0000 1.2380 0.2656 0.2005 25
0.0000 1.4046 0.3011 -0.1257 2
0.0000 1.2516 0.2683 0.2488 20
0.0000 1.3300 0.2849 -0.0713 16
0.0000 1.2882 0.2757 0.3041 14
0.0000 1.2867 0.2751 -0.0230 33
0.0000 1.3319 0.2846 0.3649 3
0.0000 1.2480 0.2648 0.0223 26
0.0000 0.8598 0.1823 -0.2029 5
0.0000 1.2349 0.2616 0.0662 27
0.0000 1.0640 0.2254 -0.2114 2
0.0000 1.2358 0.2616 0.1105 28
0.0000 1.2021 0.2542 -0.1946 1
0.0000 1.2178 0.2573 0.1528 27
0.0000 1.5713 0.3317 -0.1972 2
0.0000 1.2390 0.2613 0.2005 25
0.0000 1.4036 0.2960 -0.1255 3
0.0000 1.2564 0.2648 0.2496 20
0.0000 1.3075 0.2753 -0.0700 18
0.0000 1.2910 0.2716 0.3046 14
0.0000 1.2916 0.2715 -0.0230 33
0.0000 1.3423 0.2819 0.3675 4
0.0000 0.8340 0.1741 -0.2283 5
0.0000 1.2529 0.2613 0.0223 26
0.0000 0.8604 0.1793 -0.2029 5
0.0000 1.2221 0.2544 0.0654 34
0.0000 1.0840 0.2257 -0.2152 2
0.0000 1.2367 0.2572 0.1105 28
0.0000 1.1914 0.2476 -0.1927 1
0.0000 1.2187 0.2530 0.1528 27
0.0000 1.5491 0.3214 -0.1943 2
0.0000 1.2379 0.2566 0.2002 27
0.0000 1.3930 0.2887 -0.1245 3
0.0000 1.2573 0.2604 0.2496 20
0.0000 1.3104 0.2711 -0.0701 19
0.0000 1.2672 0.2620 0.2987 15
0.0000 1.2886 0.2662 -0.0230 33
0.0000 1.3263 0.2737 0.3629 5
0.0000 1.2557 0.2573 0.0224 28
0.0000 0.8076 0.1653 -0.1903 6
0.0000 1.2230 0.2501 0.0654 33
0.0000 1.0656 0.2180 -0.2114 2
0.0000 1.2298 0.2513 0.1098 32
0.0000 1.2193 0.2490 -0.1971 1
0.0000 1.2273 0.2504 0.1538 30
0.0000 1.5658 0.3191 -0.1962 2
0.0000 1.2195 0.2483 0.1971 27
0.0000 1.3959 0.2843 -0.1246 5
0.0000 1.2659 0.2575 0.2511 21
0.0000 1.3094 0.2662 -0.0700 21
0.0000 1.2662 0.2571 0.2983 15
0.0000 1.2817 0.2601 -0.0228 33
0.0000 1.3234 0.2683 0.3618 6
0.0000 1.2546 0.2525 0.0223 27
0.0000 0.7890 0.1587 -0.1858 6
0.0000 1.2277 0.2467 0.0656 30
0.0000 1.0663 0.2142 -0.2114 2
0.0000 1.2189 0.2447 0.1088 32
0.0000 1.2202 0.2447 -0.1971 1
0.0000 1.2360 0.2476 0.1548 26
0.0000 1.5786 0.3160 -0.1977 2
0.0000 1.2203 0.2441 0.1971 27
0.0000 1.3813 0.2763 -0.1232 5
0.0000 1.2591 0.2516 0.2496 21
0.0000 1.3103 0.2616 -0.0700 19
0.0000 1.2632 0.2520 0.2974 15
0.0000 1.2767 0.2544 -0.0227 36
0.0000 1.3111 0.2610 0.3582 6
0.0000 1.2437 0.2458 0.0221 33
0.0000 0.8966 0.1771 -0.2110 4
0.0000 1.2227 0.2412 0.0653 35
0.0000 1.0555 0.2082 -0.2091 2
0.0000 1.2178 0.2400 0.1086 35
0.0000 1.2017 0.2366 -0.1940 2
0.0000 1.2251 0.2410 0.1533 28
0.0000 1.5758 0.3097 -0.1972 2
0.0000 1.2212 0.2398 0.1971 28
0.0000 1.3783 0.2707 -0.1229 6
0.0000 1.2503 0.2453 0.2477 21
0.0000 1.3171 0.2582 -0.0703 21
0.0000 1.2718 0.2490 0.2992 15
0.0000 1.2776 0.2500 -0.0227 36
0.0000 1.3025 0.2546 0.3556 8
0.0000 1.2407 0.2407 0.0221 33
0.0000 0.7901 0.1532 -0.1858 6
0.0000 1.2334 0.2388 0.0658 30
0.0000 1.0717 0.2075 -0.2122 2
0.0000 1.2206 0.2362 0.1088 33
0.0000 1.2141 0.2347 -0.1959 1
0.0000 1.2162 0.2349 0.1521 33
0.0000 1.5808 0.3050 -0.1977 2
0.0000 1.2239 0.2359 0.1974 28
0.0000 1.3734 0.2647 -0.1224 6
0.0000 1.2454 0.2398 0.2465 21
0.0000 1.3023 0.2505 -0.0695 21
0.0000 1.2688 0.2439 0.2983 15
0.0000 1.2804 0.2459 -0.0228 33
0.0000 1.3034 0.2501 0.3556 8
0.0000 1.2435 0.2368 0.0221 31
0.0000 0.8098 0.1540 -0.1903 6
0.0000 1.2204 0.2321 0.0651 35
0.0000 1.0724 0.2038 -0.2122 2
0.0000 1.2253 0.2326 0.1091 32
0.0000 1.2072 0.2290 -0.1946 2
0.0000 1.2092 0.2291 0.1511 33
0.0000 1.5584 0.2950 -0.1947 2
0.0000 1.2267 0.2322 0.1977 28
0.0000 1.3763 0.2603 -0.1225 8
0.0000 1.2424 0.2347 0.2458 20
0.0000 1.2953 0.2445 -0.0691 22
0.0000 1.2543 0.2366 0.2947 16
0.0000 1.2871 0.2427 -0.0229 36
0.0000 1.3023 0.2454 0.3551 8
0.0000 1.2521 0.2341 0.0222 31
0.0000 0.7413 0.1385 -0.1741 7
0.0000 1.2075 0.2253 0.0644 41
0.0000 1.1271 0.2101 -0.2229 2
0.0000 1.2222 0.2276 0.1088 31
0.0000 1.2351 0.2300 -0.1990 2
0.0000 1.2217 0.2273 0.1526 34
0.0000 1.5711 0.2920 -0.1962 2
0.0000 1.2255 0.2276 0.1974 28
0.0000 1.3791 0.2559 -0.1227 8
0.0000 1.2566 0.2331 0.2484 21
0.0000 1.3040 0.2417 -0.0695 21
0.0000 1.2628 0.2338 0.2965 15
0.0000 1.2624 0.2335 -0.0224 33
0.0000 1.3032 0.2408 0.3551 8
0.0000 1.2490 0.2290 0.0222 31
0.0000 1.2181 0.2229 0.0649 38
0.0000 1.0737 0.1965 -0.2122 2
0.0000 1.2112 0.2214 0.1077 35
0.0000 1.2087 0.2207 -0.1946 2
0.0000 1.2205 0.2227 0.1523 35
0.0000 1.5877 0.2894 -0.1982 2
0.0000 1.2166 0.2215 0.1959 28
0.0000 1.3565 0.2468 -0.1206 9
0.0000 1.2536 0.2280 0.2477 21
0.0000 1.2969 0.2357 -0.0691 21
0.0000 1.2578 0.2284 0.2951 16
0.0000 1.2612 0.2287 -0.0224 36
0.0000 1.2964 0.2349 0.3530 10
0.0000 1.2380 0.2225 0.0220 35
0.0000 0.7423 0.1333 -0.1741 7
0.0000 1.2188 0.2186 0.0649 39
0.0000 1.1286 0.2022 -0.2229 2
0.0000 1.2140 0.2173 0.1079 35
0.0000 1.2017 0.2149 -0.1934 2
0.0000 1.2213 0.2184 0.1523 37
0.0000 1.5965 0.2852 -0.1991 2
0.0000 1.2154 0.2169 0.1955 31
0.0000 1.3730 0.2448 -0.1220 9
0.0000 1.2428 0.2214 0.2454 22
0.0000 1.3017 0.2316 -0.0693 22
0.0000 1.2548 0.2231 0.2942 16
0.0000 1.2679 0.2254 -0.0225 36
0.0000 1.2877 0.2287 0.3504 10
0.0000 1.2368 0.2176 0.0219 35
0.0000 0.9347 0.1643 -0.2191 3
0.0000 1.2176 0.2140 0.0648 41
0.0000 1.1099 0.1949 -0.2190 2
0.0000 1.2147 0.2131 0.1079 38
0.0000 1.2102 0.2121 -0.1946 2
0.0000 1.2065 0.2112 0.1504 38
0.0000 1.5976 0.2794 -0.1991 2
0.0000 1.2200 0.2134 0.1962 30
0.0000 1.3719 0.2397 -0.1218 9
0.0000 1.2358 0.2157 0.2439 21
0.0000 1.2927 0.2254 -0.0688 24
0.0000 1.2556 0.2187 0.2942 16
0.0000 1.2687 0.2210 -0.0225 38
0.0000 1.2904 0.2245 0.3510 10
0.0000 1.2434 0.2146 0.0220 36
0.0000 0.8392 0.1447 -0.1966 5
0.0000 1.2007 0.2067 0.0638 42
0.0000 1.0603 0.1824 -0.2091 2
0.0000 1.2233 0.2102 0.1086 40
0.0000 1.2031 0.2067 -0.1934 2
0.0000 1.2032 0.2065 0.1499 37
0.0000 1.5750 0.2701 -0.1962 2
0.0000 1.2247 0.2098 0.1968 31
0.0000 1.3708 0.2346 -0.1217 11
0.0000 1.2346 0.2113 0.2435 22
0.0000 1.2875 0.2201 -0.0685 22
0.0000 1.2486 0.2132 0.2924 16
0.0000 1.2675 0.2162 -0.0224 40
0.0000 1.2931 0.2203 0.3515 10
0.0000 1.2442 0.2102 0.0220 37
0.0000 0.8935 0.1508 -0.2092 4
0.0000 1.2014 0.2026 0.0638 42
0.0000 1.0957 0.1847 -0.2160 2
0.0000 1.2201 0.2055 0.1082 40
0.0000 1.2233 0.2058 -0.1965 2
0.0000 1.2118 0.2037 0.1509 38
0.0000 1.5799 0.2652 -0.1967 2
0.0000 1.2137 0.2035 0.1949 31
0.0000 1.3696 0.2297 -0.1215 12
0.0000 1.2392 0.2076 0.2442 23
0.0000 1.2942 0.2166 -0.0688 22
0.0000 1.2551 0.2098 0.2938 19
0.0000 1.2584 0.2101 -0.0223 36
0.0000 1.2939 0.2158 0.3515 11
0.0000 1.2449 0.2059 0.0220 35
0.0000 0.7441 0.1229 -0.1741 7
0.0000 1.2060 0.1990 0.0641 44
0.0000 1.0886 0.1796 -0.2145 2
0.0000 1.2129 0.1999 0.1076 38
0.0000 1.2319 0.2028 -0.1977 2
0.0000 1.2086 0.1988 0.1504 38
0.0000 1.5788 0.2594 -0.1965 2
0.0000 1.2105 0.1987 0.1943 28
0.0000 1.3546 0.2223 -0.1201 11
0.0000 1.2477 0.2045 0.2458 23
0.0000 1.2950 0.2121 -0.0688 22
0.0000 1.2578 0.2057 0.2942 19
0.0000 1.2631 0.2064 -0.0223 38
0.0000 1.2812 0.2091 0.3479 11
0.0000 1.2338 0.1996 0.0218 37
0.0000 0.8753 0.1415 -0.2047 4
0.0000 1.2185 0.1967 0.0647 48
0.0000 1.0931 0.1765 -0.2152 2
0.0000 1.2058 0.1944 0.1069 42
0.0000 1.2091 0.1948 -0.1940 2
0.0000 1.2112 0.1949 0.1506 41
0.0000 1.5876 0.2551 -0.1974 2
0.0000 1.2171 0.1954 0.1952 34
0.0000 1.3554 0.2176 -0.1201 11
0.0000 1.2290 0.1971 0.2419 24
0.0000 1.2957 0.2075 -0.0688 24
0.0000 1.2623 0.2020 0.2951 19
0.0000 1.2657 0.2023 -0.0224 40
0.0000 1.2820 0.2047 0.3479 11
0.0000 1.2345 0.1953 0.0218 38
0.0000 0.8951 0.1414 -0.2092 4
0.0000 1.2212 0.1928 0.0648 49
0.0000 1.1092 0.1751 -0.2183 2
0.0000 1.2123 0.1911 0.1074 42
0.0000 1.2098 0.1905 -0.1940 2
0.0000 1.2040 0.1894 0.1497 41
0.0000 1.5963 0.2508 -0.1984 2
0.0000 1.2255 0.1924 0.1965 34
0.0000 1.3601 0.2135 -0.1204 12
0.0000 1.2336 0.1934 0.2427 24
0.0000 1.2865 0.2015 -0.0682 22
0.0000 1.2553 0.1964 0.2933 19
0.0000 1.2704 0.1985 -0.0224 38
0.0000 1.2827 0.2002 0.3479 11
0.0000 0.8419 0.1303 -0.2283 5
0.0000 1.2391 0.1916 0.0219 37
0.0000 0.8416 0.1300 -0.1966 5
0.0000 1.2100 0.1867 0.0642 49
0.0000 1.1215 0.1730 -0.2206 2
0.0000 1.2130 0.1869 0.1074 46
0.0000 1.2612 0.1941 -0.2021 2
0.0000 1.2047 0.1852 0.1497 44
0.0000 1.5618 0.2398 -0.1940 2
0.0000 1.2223 0.1875 0.1959 37
0.0000 1.3628 0.2090 -0.1206 11
0.0000 1.2323 0.1888 0.2423 27
0.0000 1.2774 0.1955 -0.0677 22
0.0000 1.2560 0.1920 0.2933 19
0.0000 1.2671 0.1934 -0.0224 40
0.0000 1.2872 0.1963 0.3489 12
0.0000 1.2358 0.1867 0.0218 38
0.0000 0.8151 0.1230 -0.1903 6
0.0000 1.1988 0.1807 0.0635 49
0.0000 1.1066 0.1668 -0.2175 2
0.0000 1.2274 0.1848 0.1086 48
0.0000 1.2502 0.1880 -0.2002 2
0.0000 1.2191 0.1831 0.1514 44
0.0000 1.5705 0.2356 -0.1950 2
0.0000 1.2132 0.1817 0.1943 42
0.0000 1.3655 0.2046 -0.1208 12
0.0000 1.2388 0.1854 0.2435 25
0.0000 1.2899 0.1928 -0.0684 25
0.0000 1.2451 0.1859 0.2906 20
0.0000 1.2599 0.1878 -0.0222 42
0.0000 1.2821 0.1909 0.3473 13
0.0000 1.2404 0.1829 0.0219 41
0.0000 0.8695 0.1281 -0.2029 5
0.0000 1.2113 0.1782 0.0642 53
0.0000 1.0761 0.1583 -0.2114 2
0.0000 1.2123 0.1782 0.1072 53
0.0000 1.2430 0.1824 -0.1990 2
0.0000 1.2197 0.1788 0.1514 46
0.0000 1.5399 0.2255 -0.1911 2
0.0000 1.2138 0.1775 0.1943 42
0.0000 1.3544 0.1981 -0.1198 11
0.0000 1.2375 0.1807 0.2431 27
0.0000 1.2866 0.1877 -0.0681 22
0.0000 1.2515 0.1824 0.2920 20
0.0000 1.2744 0.1855 -0.0225 45
0.0000 1.2751 0.1853 0.3453 13
0.0000 1.2252 0.1763 0.0216 42
0.0000 0.7966 0.1145 -0.1858 6
0.0000 1.2158 0.1746 0.0644 53
0.0000 1.1077 0.1590 -0.2175 2
0.0000 1.2070 0.1731 0.1067 55
0.0000 1.2241 0.1753 -0.1959 2
0.0000 1.2164 0.1740 0.1509 48
0.0000 1.5407 0.2201 -0.1911 3
0.0000 1.2203 0.1741 0.1952 40
0.0000 1.3550 0.1933 -0.1198 12
0.0000 1.2303 0.1753 0.2416 27
0.0000 1.2991 0.1849 -0.0688 24
0.0000 1.2444 0.1769 0.2902 20
0.0000 1.2651 0.1796 -0.0223 40
0.0000 1.2758 0.1809 0.3453 13
0.0000 1.2278 0.1723 0.0216 40
0.0000 0.8704 0.1220 -0.2029 5
0.0000 1.2224 0.1711 0.0647 56
0.0000 1.1160 0.1563 -0.2190 2
0.0000 1.2155 0.1700 0.1074 55
0.0000 1.2247 0.1710 -0.1959 2
0.0000 1.2091 0.1686 0.1499 48
0.0000 1.5218 0.2120 -0.1887 3
0.0000 1.2228 0.1701 0.1955 42
0.0000 1.3518 0.1881 -0.1194 12
0.0000 1.2192 0.1694 0.2393 28
0.0000 1.2839 0.1782 -0.0679 24
0.0000 1.2566 0.1741 0.2929 20
0.0000 1.2638 0.1749 -0.0223 40
0.0000 1.2764 0.1764 0.3453 13
0.0000 1.2363 0.1691 0.0218 41
0.0000 0.8785 0.1200 -0.2047 4
0.0000 1.2111 0.1653 0.0641 56
0.0000 1.0777 0.1470 -0.2114 2
0.0000 1.2161 0.1657 0.1074 56
0.0000 1.2135 0.1652 -0.1940 2
0.0000 1.2058 0.1639 0.1494 53
0.0000 1.5343 0.2083 -0.1901 3
0.0000 1.2273 0.1664 0.1962 43
0.0000 1.3564 0.1839 -0.1198 12
0.0000 1.2393 0.1678 0.2431 27
0.0000 1.2845 0.1737 -0.0679 24
0.0000 1.2456 0.1682 0.2902 20
0.0000 1.2683 0.1710 -0.0223 40
0.0000 1.2808 0.1725 0.3463 14
0.0000 1.2329 0.1643 0.0217 41
0.0000 0.8635 0.1149 -0.2011 5
0.0000 1.2097 0.1610 0.0640 59
0.0000 1.0937 0.1454 -0.2145 2
0.0000 1.2147 0.1612 0.1072 71
0.0000 1.2376 0.1640 -0.1977 2
0.0000 1.2103 0.1602 0.1499 55
0.0000 1.5232 0.2013 -0.1887 3
0.0000 1.2161 0.1608 0.1943 43
0.0000 1.3629 0.1799 -0.1203 11
0.0000 1.2321 0.1624 0.2416 28
0.0000 1.2851 0.1692 -0.0679 24
0.0000 1.2462 0.1638 0.2902 21
0.0000 1.2669 0.1666 -0.0223 42
0.0000 1.2776 0.1677 0.3453 14
0.0000 1.2335 0.1602 0.0217 41
0.0000 0.8445 0.1095 -0.1966 5
0.0000 1.2142 0.1573 0.0642 63
0.0000 1.1020 0.1425 -0.2160 2
0.0000 1.2113 0.1565 0.1069 82
0.0000 1.2577 0.1625 -0.2009 2
0.0000 1.2147 0.1567 0.1504 55
0.0000 1.5298 0.1971 -0.1894 3
0.0000 1.2167 0.1565 0.1943 43
0.0000 1.3497 0.1734 -0.1191 12
0.0000 1.2385 0.1591 0.2427 32
0.0000 1.3015 0.1670 -0.0688 25
0.0000 1.2467 0.1597 0.2902 21
0.0000 1.2615 0.1614 -0.0222 40
0.0000 1.2743 0.1628 0.3442 14
0.0000 1.2300 0.1554 0.0216 42
0.0000 0.7985 0.1007 -0.1858 6
0.0000 1.2167 0.1533 0.0643 66
0.0000 1.0713 0.1350 -0.2099 2
0.0000 1.2019 0.1512 0.1060 92
0.0000 1.2544 0.1576 -0.2002 2
0.0000 1.2192 0.1529 0.1509 59
0.0000 1.5344 0.1922 -0.1899 3
0.0000 1.2192 0.1525 0.1946 46
0.0000 1.3463 0.1684 -0.1187 12
0.0000 1.2273 0.1533 0.2404 32
0.0000 1.2942 0.1614 -0.0684 24
0.0000 1.2473 0.1554 0.2902 21
0.0000 1.2561 0.1562 -0.0221 45
0.0000 1.2672 0.1574 0.3422 14
0.0000 0.7497 0.0922 -0.2024 7
0.0000 1.2266 0.1506 0.0216 43
0.0000 0.8221 0.1008 -0.1912 6
0.0000 1.2212 0.1495 0.0645 66
0.0000 1.0328 0.1264 -0.2023 2
0.0000 1.2103 0.1480 0.1067 85
0.0000 1.2471 0.1522 -0.1990 2
0.0000 1.2079 0.1472 0.1494 60
0.0000 1.5489 0.1885 -0.1916 6
0.0000 1.2158 0.1478 0.1940 46
0.0000 1.3607 0.1654 -0.1199 13
0.0000 1.2220 0.1483 0.2393 30
0.0000 1.2809 0.1552 -0.0676 25
0.0000 1.2556 0.1519 0.2920 21
0.0000 1.2686 0.1533 -0.0223 42
0.0000 1.2716 0.1534 0.3432 14
0.0000 1.2311 0.1468 0.0216 42
0.0000 0.8224 0.0979 -0.1912 6
0.0000 1.1999 0.1427 0.0633 70
0.0000 1.0566 0.1256 -0.2068 2
0.0000 1.2168 0.1444 0.1072 100
0.0000 1.2476 0.1479 -0.1990 2
0.0000 1.2045 0.1426 0.1489 60
0.0000 1.5495 0.1831 -0.1916 11
0.0000 1.2261 0.1447 0.1955 43
0.0000 1.3494 0.1592 -0.1189 12
0.0000 1.2420 0.1463 0.2431 29
0.0000 1.2834 0.1510 -0.0677 24
0.0000 1.2503 0.1469 0.2906 21
0.0000 1.2790 0.1500 -0.0225 45
0.0000 1.2798 0.1499 0.3453 14
0.0000 1.2276 0.1420 0.0216 45
0.0000 0.8808 0.1018 -0.2047 4
0.0000 1.2083 0.1394 0.0637 75
0.0000 1.0298 0.1188 -0.2015 2
0.0000 1.2133 0.1397 0.1069 100
0.0000 1.2599 0.1449 -0.2009 2
0.0000 1.2109 0.1390 0.1497 61
0.0000 1.5501 0.1777 -0.1916 16
0.0000 1.2188 0.1395 0.1943 45
0.0000 1.3579 0.1554 -0.1196 13
0.0000 1.2308 0.1407 0.2408 31
0.0000 1.2879 0.1470 -0.0679 24
0.0000 1.2450 0.1418 0.2893 21
0.0000 1.2617 0.1435 -0.0222 42
0.0000 1.2803 0.1454 0.3453 15
0.0000 1.2361 0.1386 0.0217 43
0.0000 0.9005 0.1009 -0.2092 4
0.0000 1.2048 0.1347 0.0635 71
0.0000 1.0653 0.1191 -0.2084 2
0.0000 1.2059 0.1346 0.1062 100
0.0000 1.2859 0.1433 -0.2049 2
0.0000 1.2193 0.1357 0.1506 70
0.0000 1.5507 0.1723 -0.1916 37
0.0000 1.2133 0.1346 0.1934 46
0.0000 1.3545 0.1503 -0.1192 12
0.0000 1.2430 0.1377 0.2431 30
0.0000 1.2963 0.1433 -0.0684 24
0.0000 1.2571 0.1388 0.2920 20
0.0000 1.2582 0.1387 -0.0221 42
0.0000 1.2693 0.1397 0.3422 14
0.0000 1.2246 0.1330 0.0215 43
0.0000 0.8699 0.0943 -0.2020 5
0.0000 1.2132 0.1314 0.0640 70
0.0000 1.0540 0.1141 -0.2061 2
0.0000 1.2063 0.1304 0.1062 100
0.0000 1.2903 0.1393 -0.2056 2
0.0000 1.2158 0.1310 0.1501 68
0.0000 1.5434 0.1660 -0.1906 33
0.0000 1.2236 0.1314 0.1949 45
0.0000 1.3392 0.1438 -0.1178 13
0.0000 1.2318 0.1321 0.2408 30
0.0000 1.2948 0.1386 -0.0682 25
0.0000 1.2576 0.1344 0.2920 20
0.0000 1.2607 0.1345 -0.0221 40
0.0000 1.2698 0.1353 0.3422 14
0.0000 1.2290 0.1292 0.0216 42
0.0000 0.8896 0.0933 -0.2065 4
0.0000 1.2177 0.1276 0.0642 78
0.0000 1.0778 0.1129 -0.2107 2
0.0000 1.2048 0.1260 0.1060 100
0.0000 1.2495 0.1305 -0.1990 2
0.0000 1.2044 0.1255 0.1487 72
0.0000 1.5262 0.1588 -0.1884 7
0.0000 1.2201 0.1267 0.1943 45
0.0000 1.3515 0.1404 -0.1189 13
0.0000 1.2322 0.1278 0.2408 30
0.0000 1.2794 0.1324 -0.0674 25
0.0000 1.2561 0.1298 0.2915 22
0.0000 1.2671 0.1307 -0.0222 42
0.0000 1.2741 0.1312 0.3432 14
0.0000 0.8476 0.0862 -0.2283 5
0.0000 1.2335 0.1253 0.0216 42
0.0000 0.7891 0.0800 -0.1831 7
0.0000 1.2002 0.1215 0.0632 74
0.0000 1.0235 0.1036 -0.2000 2
0.0000 1.2191 0.1232 0.1072 100
0.0000 1.2421 0.1253 -0.1977 2
0.0000 1.2068 0.1215 0.1489 66
0.0000 1.5110 0.1519 -0.1865 3
0.0000 1.2284 0.1233 0.1955 43
0.0000 1.3599 0.1365 -0.1196 13
0.0000 1.2366 0.1239 0.2416 31
0.0000 1.2858 0.1286 -0.0677 25
0.0000 1.2488 0.1246 0.2897 21
0.0000 1.2755 0.1271 -0.0224 42
0.0000 1.2745 0.1268 0.3432 15
0.0000 1.2458 0.1222 0.0219 42
0.0000 0.7894 0.0773 -0.1831 7
0.0000 1.2046 0.1177 0.0634 74
0.0000 1.0434 0.1019 -0.2038 2
0.0000 1.2215 0.1191 0.1074 100
0.0000 1.2347 0.1202 -0.1965 2
0.0000 1.2151 0.1181 0.1499 67
0.0000 1.5214 0.1476 -0.1877 3
0.0000 1.2210 0.1182 0.1943 45
0.0000 1.3604 0.1317 -0.1196 12
0.0000 1.2331 0.1192 0.2408 31
0.0000 1.2942 0.1248 -0.0681 24
0.0000 1.2550 0.1208 0.2911 21
0.0000 1.2640 0.1215 -0.0222 42
0.0000 1.2846 0.1232 0.3458 15
0.0000 1.2423 0.1174 0.0218 43
0.0000 0.8478 0.0800 -0.1966 5
0.0000 1.2149 0.1144 0.0640 78
0.0000 1.0438 0.0983 -0.2038 2
0.0000 1.2120 0.1139 0.1065 100
0.0000 1.2548 0.1177 -0.1996 2
0.0000 1.2116 0.1135 0.1494 64
0.0000 1.5298 0.1430 -0.1887 3
0.0000 1.2175 0.1136 0.1937 43
0.0000 1.3549 0.1264 -0.1191 12
0.0000 1.2452 0.1160 0.2431 30
0.0000 1.2986 0.1207 -0.0684 24
0.0000 1.2554 0.1165 0.2911 20
0.0000 1.2644 0.1171 -0.0222 42
0.0000 1.2754 0.1179 0.3432 14
0.0000 1.2267 0.1116 0.0215 41
0.0000 0.8015 0.0728 -0.1858 6
0.0000 1.2134 0.1100 0.0638 68
0.0000 1.0402 0.0943 -0.2030 2
0.0000 1.2124 0.1097 0.1065 93
0.0000 1.2355 0.1116 -0.1965 2
0.0000 1.2179 0.1098 0.1501 61
0.0000 1.5342 0.1380 -0.1891 3
0.0000 1.2257 0.1100 0.1949 42
0.0000 1.3514 0.1213 -0.1187 13
0.0000 1.2358 0.1107 0.2412 27
0.0000 1.2990 0.1162 -0.0684 24
0.0000 1.2597 0.1124 0.2920 20
0.0000 1.2628 0.1125 -0.0221 40
0.0000 1.2700 0.1129 0.3416 15
0.0000 1.2271 0.1074 0.0215 42
0.0000 0.8251 0.0720 -0.1912 6
0.0000 1.2197 0.1063 0.0642 71
0.0000 1.0562 0.0920 -0.2061 2
0.0000 1.2227 0.1063 0.1074 80
0.0000 1.2162 0.1055 -0.1934 2
0.0000 1.2024 0.1041 0.1482 59
0.0000 1.5505 0.1340 -0.1911 2
0.0000 1.2340 0.1064 0.1962 43
0.0000 1.3637 0.1176 -0.1198 12
0.0000 1.2342 0.1062 0.2408 27
0.0000 1.2954 0.1113 -0.0681 24
0.0000 1.2601 0.1080 0.2920 21
0.0000 1.2811 0.1096 -0.0224 40
0.0000 1.2800 0.1093 0.3442 15
0.0000 1.2434 0.1044 0.0218 42
0.0000 0.8836 0.0740 -0.2047 4
0.0000 1.2081 0.1012 0.0635 70
0.0000 1.0604 0.0887 -0.2068 2
0.0000 1.2250 0.1022 0.1076 73
0.0000 1.2559 0.1046 -0.1996 2
0.0000 1.2166 0.1011 0.1499 55
0.0000 1.5411 0.1278 -0.1899 2
0.0000 1.2343 0.1023 0.1962 43
0.0000 1.3601 0.1125 -0.1194 12
0.0000 1.2464 0.1029 0.2431 27
0.0000 1.2938 0.1066 -0.0680 22
0.0000 1.2527 0.1030 0.2902 20
0.0000 1.2675 0.1042 -0.0222 38
0.0000 1.2842 0.1054 0.3453 15
0.0000 1.2438 0.1003 0.0218 43
0.0000 0.8217 0.0661 -0.1903 6
0.0000 1.2065 0.0969 0.0634 68
0.0000 1.0607 0.0850 -0.2068 2
0.0000 1.2254 0.0979 0.1076 72
0.0000 1.2445 0.0995 -0.1977 2
0.0000 1.2189 0.0972 0.1501 52
0.0000 1.5257 0.1214 -0.1879 2
0.0000 1.2189 0.0968 0.1937 43
0.0000 1.3705 0.1086 -0.1203 12
0.0000 1.2467 0.0988 0.2431 27
0.0000 1.2962 0.1025 -0.0681 22
0.0000 1.2550 0.0990 0.2906 21
0.0000 1.2699 0.0999 -0.0222 38
0.0000 1.2923 0.1015 0.3473 14
0.0000 0.8494 0.0657 -0.2283 5
0.0000 1.2481 0.0963 0.0219 41
0.0000 0.8258 0.0635 -0.1912 6
0.0000 1.2207 0.0939 0.0642 60
0.0000 1.0649 0.0818 -0.2076 2
0.0000 1.2178 0.0933 0.1069 66
0.0000 1.2684 0.0969 -0.2015 2
0.0000 1.2252 0.0934 0.1509 49
0.0000 1.5459 0.1176 -0.1904 2
0.0000 1.2311 0.0936 0.1955 42
0.0000 1.3569 0.1030 -0.1191 12
0.0000 1.2549 0.0950 0.2446 27
0.0000 1.3005 0.0982 -0.0684 22
0.0000 1.2670 0.0955 0.2933 20
0.0000 1.2682 0.0956 -0.0222 38
0.0000 1.2811 0.0963 0.3442 13
0.0000 1.2364 0.0912 0.0216 40
0.0000 0.8299 0.0611 -0.1921 6
0.0000 1.2151 0.0892 0.0638 56
0.0000 1.0847 0.0795 -0.2114 2
0.0000 1.2181 0.0890 0.1069 56
0.0000 1.2294 0.0898 -0.1952 2
0.0000 1.2295 0.0896 0.1514 48
0.0000 1.5502 0.1128 -0.1908 2
0.0000 1.2314 0.0893 0.1955 42
0.0000 1.3672 0.0990 -0.1199 12
0.0000 1.2434 0.0900 0.2423 27
0.0000 1.3028 0.0941 -0.0685 22
0.0000 1.2692 0.0914 0.2938 20
0.0000 1.2825 0.0922 -0.0224 42
0.0000 1.2852 0.0921 0.3453 13
0.0000 1.2368 0.0867 0.0216 42
0.0000 0.8690 0.0608 -0.2011 5
0.0000 1.2273 0.0858 0.0645 55
0.0000 1.0615 0.0740 -0.2068 2
0.0000 1.2204 0.0849 0.1070 51
0.0000 1.2376 0.0859 -0.1965 2
0.0000 1.2219 0.0846 0.1504 48
0.0000 1.5823 0.1093 -0.1947 2
0.0000 1.2376 0.0855 0.1965 40
0.0000 1.3596 0.0936 -0.1192 12
0.0000 1.2457 0.0856 0.2427 25
0.0000 1.2972 0.0889 -0.0681 22
0.0000 1.2735 0.0870 0.2947 20
0.0000 1.2768 0.0873 -0.0223 38
0.0000 1.2933 0.0882 0.3473 14
0.0000 1.2450 0.0831 0.0218 40
0.0000 0.7914 0.0527 -0.1831 7
0.0000 1.2236 0.0813 0.0643 56
0.0000 1.0735 0.0711 -0.2091 2
0.0000 1.2326 0.0814 0.1081 53
0.0000 1.2300 0.0813 -0.1952 2
0.0000 1.2142 0.0800 0.1494 46
0.0000 1.5708 0.1032 -0.1933 2
0.0000 1.2320 0.0807 0.1955 42
0.0000 1.3698 0.0895 -0.1201 11
0.0000 1.2479 0.0816 0.2431 27
0.0000 1.2915 0.0842 -0.0678 21
0.0000 1.2640 0.0822 0.2924 20
0.0000 1.2791 0.0829 -0.0224 38
0.0000 1.3051 0.0844 0.3504 13
0.0000 0.8502 0.0539 -0.2283 5
0.0000 1.2533 0.0793 0.0219 41
0.0000 0.8266 0.0521 -0.1912 6
0.0000 1.2179 0.0766 0.0640 50
0.0000 1.0737 0.0676 -0.2091 2
0.0000 1.2269 0.0770 0.1076 46
0.0000 1.2302 0.0770 -0.1952 2
0.0000 1.2343 0.0770 0.1518 44
0.0000 1.6028 0.0997 -0.1972 2
0.0000 1.2303 0.0763 0.1952 39
0.0000 1.3701 0.0848 -0.1201 11
0.0000 1.2502 0.0773 0.2435 25
0.0000 1.3037 0.0804 -0.0685 22
0.0000 1.2565 0.0773 0.2906 19
0.0000 1.2694 0.0779 -0.0222 38
0.0000 1.3093 0.0801 0.3515 14
0.0000 1.2556 0.0750 0.0220 37
0.0000 0.8501 0.0507 -0.1966 5
0.0000 1.2182 0.0724 0.0640 50
0.0000 1.0544 0.0625 -0.2053 2
0.0000 1.2292 0.0726 0.1077 43
0.0000 1.2305 0.0725 -0.1952 2
0.0000 1.2405 0.0730 0.1526 44
0.0000 1.5913 0.0934 -0.1957 2
0.0000 1.2266 0.0718 0.1946 40
0.0000 1.3704 0.0800 -0.1201 11
0.0000 1.2583 0.0732 0.2450 23
0.0000 1.3140 0.0762 -0.0690 22
0.0000 1.2723 0.0736 0.2942 19
0.0000 1.2717 0.0735 -0.0222 40
0.0000 1.2845 0.0741 0.3447 13
0.0000 1.2478 0.0700 0.0218 37
0.0000 0.8114 0.0454 -0.1876 6
0.0000 1.2284 0.0687 0.0645 48
0.0000 1.0742 0.0599 -0.2091 2
0.0000 1.2254 0.0681 0.1074 43
0.0000 1.2150 0.0673 -0.1927 2
0.0000 1.2329 0.0681 0.1516 41
0.0000 1.5956 0.0881 -0.1962 2
0.0000 1.2347 0.0680 0.1959 40
0.0000 1.3787 0.0756 -0.1208 9
0.0000 1.2507 0.0684 0.2435 25
0.0000 1.3162 0.0717 -0.0691 22
0.0000 1.2804 0.0698 0.2960 19
0.0000 1.2799 0.0695 -0.0224 38
0.0000 1.3002 0.0704 0.3489 13
0.0000 1.2441 0.0656 0.0217 37
0.0000 0.7998 0.0421 -0.1849 6
0.0000 1.2306 0.0647 0.0646 49
0.0000 1.0862 0.0569 -0.2114 2
0.0000 1.2296 0.0642 0.1077 43
0.0000 1.2270 0.0639 -0.1946 2
0.0000 1.2251 0.0636 0.1506 44
0.0000 1.5840 0.0822 -0.1947 2
0.0000 1.2389 0.0641 0.1965 37
0.0000 1.3829 0.0713 -0.1211 9
0.0000 1.2431 0.0638 0.2419 23
0.0000 1.3045 0.0668 -0.0685 22
0.0000 1.2806 0.0655 0.2960 19
0.0000 1.2901 0.0658 -0.0225 38
0.0000 1.2965 0.0659 0.3479 13
0.0000 1.2523 0.0619 0.0219 37
0.0000 0.8272 0.0407 -0.1912 6
0.0000 1.2268 0.0602 0.0644 49
0.0000 1.0942 0.0537 -0.2129 2
0.0000 1.2298 0.0601 0.1077 43
0.0000 1.2272 0.0598 -0.1946 2
0.0000 1.2214 0.0593 0.1501 42
0.0000 1.6041 0.0776 -0.1972 1
0.0000 1.2470 0.0601 0.1977 36
0.0000 1.4030 0.0676 -0.1229 10
0.0000 1.2511 0.0601 0.2435 23
0.0000 1.3067 0.0625 -0.0686 22
0.0000 1.2769 0.0609 0.2951 19
0.0000 1.2943 0.0615 -0.0226 38
0.0000 1.3083 0.0619 0.3510 12
0.0000 0.8510 0.0392 -0.2283 5
0.0000 1.2645 0.0581 0.0221 37
0.0000 0.8273 0.0379 -0.1912 6
0.0000 1.2230 0.0558 0.0642 45
0.0000 1.0669 0.0486 -0.2076 2
0.0000 1.2340 0.0560 0.1081 42
0.0000 1.2116 0.0548 -0.1921 2
0.0000 1.2414 0.0559 0.1526 39
0.0000 1.6004 0.0718 -0.1967 2
0.0000 1.2393 0.0554 0.1965 34
0.0000 1.3873 0.0620 -0.1215 9
0.0000 1.2592 0.0561 0.2450 24
0.0000 1.3149 0.0583 -0.0690 24
0.0000 1.2810 0.0566 0.2960 19
0.0000 1.2786 0.0563 -0.0223 38
0.0000 1.3259 0.0581 0.3556 12
0.0000 1.2627 0.0536 0.0221 35
0.0000 0.8314 0.0351 -0.1921 6
0.0000 1.2332 0.0519 0.0647 44
0.0000 1.0514 0.0442 -0.2045 2
0.0000 1.2342 0.0517 0.1081 38
0.0000 1.2276 0.0512 -0.1946 2
0.0000 1.2396 0.0515 0.1523 38
0.0000 1.5927 0.0659 -0.1957 2
0.0000 1.2395 0.0511 0.1965 34
0.0000 1.3915 0.0573 -0.1218 9
0.0000 1.2672 0.0520 0.2465 22
0.0000 1.3211 0.0540 -0.0693 21
0.0000 1.2909 0.0525 0.2983 19
0.0000 1.2848 0.0521 -0.0224 36
0.0000 1.3126 0.0529 0.3520 10
0.0000 1.2648 0.0493 0.0221 35
0.0000 0.8665 0.0336 -0.2002 5
0.0000 1.2334 0.0476 0.0647 44
0.0000 1.0751 0.0415 -0.2091 2
0.0000 1.2224 0.0470 0.1070 38
0.0000 1.2120 0.0463 -0.1921 2
0.0000 1.2438 0.0473 0.1528 35
0.0000 1.5850 0.0601 -0.1947 2
0.0000 1.2495 0.0471 0.1980 31
0.0000 1.3917 0.0525 -0.1218 9
0.0000 1.2595 0.0473 0.2450 23
0.0000 1.3292 0.0497 -0.0697 21
0.0000 1.2872 0.0479 0.2974 18
0.0000 1.2929 0.0479 -0.0226 36
0.0000 1.3128 0.0484 0.3520 10
0.0000 1.2610 0.0447 0.0220 35
0.0000 0.8277 0.0292 -0.1912 6
0.0000 1.2415 0.0436 0.0651 42
0.0000 1.0870 0.0381 -0.2114 2
0.0000 1.2385 0.0432 0.1084 35
0.0000 1.2200 0.0424 -0.1934 2
0.0000 1.2320 0.0426 0.1514 37
0.0000 1.5812 0.0544 -0.1943 2
0.0000 1.2457 0.0426 0.1974 28
0.0000 1.4098 0.0480 -0.1234 7
0.0000 1.2675 0.0432 0.2465 22
0.0000 1.3154 0.0446 -0.0690 21
0.0000 1.2991 0.0438 0.3001 18
0.0000 1.3031 0.0437 -0.0228 36
0.0000 1.3264 0.0442 0.3556 9
0.0000 1.2672 0.0405 0.0221 35
0.0000 0.8122 0.0258 -0.1876 6
0.0000 1.2297 0.0389 0.0645 44
0.0000 1.0871 0.0342 -0.2114 2
0.0000 1.2446 0.0389 0.1089 35
0.0000 1.2123 0.0377 -0.1921 2
0.0000 1.2401 0.0385 0.1523 37
0.0000 1.5972 0.0494 -0.1962 1
0.0000 1.2577 0.0386 0.1993 28
0.0000 1.4100 0.0431 -0.1234 7
0.0000 1.2696 0.0386 0.2469 22
0.0000 1.3236 0.0400 -0.0694 19
0.0000 1.2914 0.0388 0.2983 18
0.0000 1.2932 0.0388 -0.0226 36
0.0000 1.3401 0.0400 0.3592 9
0.0000 0.8516 0.0242 -0.2283 5
0.0000 1.2753 0.0361 0.0223 33
0.0000 0.8318 0.0234 -0.1921 6
0.0000 1.2298 0.0346 0.0645 41
0.0000 1.0872 0.0304 -0.2114 2
0.0000 1.2428 0.0345 0.1088 36
0.0000 1.2164 0.0336 -0.1927 2
0.0000 1.2402 0.0340 0.1523 35
0.0000 1.5657 0.0426 -0.1923 1
0.0000 1.2421 0.0338 0.1968 31
0.0000 1.4220 0.0385 -0.1245 6
0.0000 1.2855 0.0346 0.2500 21
0.0000 1.3277 0.0355 -0.0696 19
0.0000 1.2935 0.0343 0.2987 16
0.0000 1.3013 0.0345 -0.0227 36
0.0000 1.3480 0.0355 0.3613 9
0.0000 1.2754 0.0318 0.0223 32
0.0000 0.8280 0.0205 -0.1912 6
0.0000 1.2419 0.0306 0.0651 38
0.0000 1.0402 0.0254 -0.2023 2
0.0000 1.2409 0.0301 0.1086 32
0.0000 1.2165 0.0295 -0.1927 2
0.0000 1.2483 0.0301 0.1533 35
0.0000 1.5936 0.0381 -0.1957 1
0.0000 1.2402 0.0294 0.1965 27
0.0000 1.3983 0.0330 -0.1224 5
0.0000 1.2856 0.0303 0.2500 21
0.0000 1.3358 0.0312 -0.0700 19
0.0000 1.2917 0.0300 0.2983 15
0.0000 1.2955 0.0299 -0.0226 33
0.0000 1.3423 0.0307 0.3598 9
0.0000 1.2715 0.0273 0.0222 32
0.0000 0.8280 0.0176 -0.1912 6
0.0000 1.2500 0.0264 0.0655 35
0.0000 1.0874 0.0230 -0.2114 2
0.0000 1.2370 0.0259 0.1082 33
0.0000 1.1968 0.0249 -0.1896 2
0.0000 1.2503 0.0258 0.1536 31
0.0000 1.6056 0.0328 -0.1972 2
0.0000 1.2521 0.0254 0.1984 27
0.0000 1.4083 0.0283 -0.1232 3
0.0000 1.2739 0.0256 0.2477 21
0.0000 1.3479 0.0268 -0.0707 21
0.0000 1.2957 0.0256 0.2992 15
0.0000 1.3056 0.0255 -0.0228 36
0.0000 1.3424 0.0260 0.3598 8
0.0000 1.2736 0.0229 0.0222 31
0.0000 0.8125 0.0145 -0.1876 6
0.0000 1.2541 0.0221 0.0657 35
0.0000 1.1032 0.0193 -0.2145 2
0.0000 1.2530 0.0217 0.1096 33
0.0000 1.1969 0.0205 -0.1896 2
0.0000 1.2504 0.0214 0.1536 31
0.0000 1.5978 0.0271 -0.1962 2
0.0000 1.2581 0.0211 0.1993 28
0.0000 1.4084 0.0234 -0.1232 3
0.0000 1.2759 0.0209 0.2481 21
0.0000 1.3320 0.0216 -0.0698 18
0.0000 1.3094 0.0210 0.3023 15
0.0000 1.3096 0.0210 -0.0229 36
0.0000 1.3541 0.0215 0.3629 8
0.0000 0.7823 0.0113 -0.2096 6
0.0000 1.2817 0.0183 0.0224 30
0.0000 0.8281 0.0117 -0.1912 6
0.0000 1.2522 0.0177 0.0656 30
0.0000 1.1032 0.0154 -0.2145 2
0.0000 1.2591 0.0174 0.1102 32
0.0000 1.2167 0.0166 -0.1927 2
0.0000 1.2485 0.0168 0.1533 27
0.0000 1.5701 0.0211 -0.1928 2
0.0000 1.2602 0.0167 0.1996 28
0.0000 1.4324 0.0188 -0.1253 3
0.0000 1.2819 0.0166 0.2492 21
0.0000 1.3440 0.0171 -0.0704 18
0.0000 1.3017 0.0166 0.3005 15
0.0000 1.3037 0.0164 -0.0228 33
0.0000 1.3696 0.0170 0.3670 6
0.0000 1.2897 0.0142 0.0225 30
0.0000 0.7931 0.0086 -0.1831 7
0.0000 1.2502 0.0135 0.0655 32
0.0000 1.0758 0.0115 -0.2091 2
0.0000 1.2591 0.0132 0.1102 31
0.0000 1.2010 0.0124 -0.1902 2
0.0000 1.2565 0.0127 0.1543 27
0.0000 1.5741 0.0159 -0.1933 1
0.0000 1.2602 0.0125 0.1996 27
0.0000 1.4404 0.0141 -0.1260 1
0.0000 1.2918 0.0124 0.2511 20
0.0000 1.3521 0.0127 -0.0709 18
0.0000 1.3075 0.0123 0.3019 15
0.0000 1.3037 0.0121 -0.0228 33
0.0000 1.3696 0.0124 0.3670 4
0.0000 1.2898 0.0099 0.0225 28
0.0000 0.8243 0.0062 -0.1903 6
0.0000 1.2622 0.0093 0.0662 28
0.0000 1.0758 0.0079 -0.2091 2
0.0000 1.2552 0.0090 0.1098 30
0.0000 1.1931 0.0083 -0.1890 2
0.0000 1.2605 0.0086 0.1548 26
0.0000 1.5980 0.0106 -0.1962 1
0.0000 1.2563 0.0081 0.1990 28
0.0000 1.4464 0.0093 -0.1266 1
0.0000 1.3036 0.0082 0.2534 20
0.0000 1.3541 0.0083 -0.0710 16
0.0000 1.3154 0.0078 0.3037 14
0.0000 1.3098 0.0075 -0.0229 33
0.0000 1.3697 0.0076 0.3670 3
0.0000 1.2778 0.0054 0.0223 28
0.0000 0.8282 0.0033 -0.1912 6
0.0000 1.2603 0.0048 0.0660 26
0.0000 1.0876 0.0042 -0.2114 2
0.0000 1.2512 0.0046 0.1095 28
0.0000 1.1655 0.0041 -0.1846 1
0.0000 1.2645 0.0042 0.1553 28
0.0000 1.5742 0.0049 -0.1933 2
0.0000 1.2642 0.0038 0.2002 27
0.0000 2.1797 0.0065 -0.1907 2
0.0000 1.2918 0.0036 0.2511 20
0.0000 1.3581 0.0036 -0.0712 15
0.0000 1.3212 0.0032 0.3050 13
0.0000 1.3138 0.0030 -0.0229 31
0.0000 5.7125 0.0120 1.5307 4
0.0000 0.8519 0.0007 -0.2283 5
0.0000 1.2838 0.0009 0.0224 27
0.0000 0.8516 0.0004 -0.1966 5
0.0000 1.2623 0.0004 0.0662 27
0.0000 1.0759 0.0004 -0.2091 2
0.0000 1.2692 0.0002 0.1110 27
0.0000 1.1892 -0.0000 -0.1883 1
0.0000 1.2645 -0.0002 0.1553 27
0.0000 1.5980 -0.0006 -0.1962 2
0.0000 1.2682 -0.0007 0.2009 27
0.0000 2.2056 -0.0012 -0.1930 2
0.0000 1.2977 -0.0009 0.2522 20
0.0000 1.3621 -0.0012 -0.0714 15
0.0000 1.3349 -0.0014 0.3082 13
0.0000 1.3238 -0.0016 -0.0231 31
0.0000 5.7125 -0.0080 1.5307 5
0.0000 1.2958 -0.0036 0.0226 26
0.0000 0.8243 -0.0024 -0.1903 6
0.0000 1.2643 -0.0040 0.0663 26
0.0000 1.0484 -0.0033 -0.2038 2
0.0000 1.2731 -0.0042 0.1114 27
0.0000 1.1971 -0.0042 -0.1896 1
0.0000 1.2665 -0.0046 0.1555 26
0.0000 1.5920 -0.0061 -0.1955 2
0.0000 1.2741 -0.0051 0.2018 25
0.0000 2.2016 -0.0088 -0.1926 2
0.0000 1.3016 -0.0055 0.2530 19
0.0000 1.3661 -0.0060 -0.0716 13
0.0000 1.3193 -0.0060 0.3046 12
0.0000 1.3358 -0.0063 -0.0233 27
0.0000 10.6386 -0.0520 2.8506 2
0.0000 1.3018 -0.0082 0.0227 23
0.0000 0.8282 -0.0053 -0.1912 6
0.0000 1.2662 -0.0084 0.0664 25
0.0000 1.0758 -0.0071 -0.2091 2
0.0000 1.2751 -0.0087 0.1116 27
0.0000 1.2168 -0.0085 -0.1927 1
0.0000 1.2744 -0.0091 0.1565 23
0.0000 1.5860 -0.0116 -0.1947 2
0.0000 1.2780 -0.0096 0.2024 25
0.0000 2.2115 -0.0166 -0.1935 2
0.0000 1.3134 -0.0101 0.2553 19
0.0000 1.3841 -0.0109 -0.0725 12
0.0000 1.3348 -0.0107 0.3082 12
0.0000 1.3318 -0.0109 -0.0232 29
0.0000 10.6267 -0.0890 2.8475 2
0.0000 1.3017 -0.0127 0.0227 23
0.0000 0.7814 -0.0078 -0.1804 7
0.0000 1.2702 -0.0129 0.0666 25
0.0000 1.0405 -0.0105 -0.2023 2
0.0000 1.2671 -0.0130 0.1109 26
0.0000 1.2010 -0.0126 -0.1902 1
0.0000 1.2823 -0.0137 0.1575 24
0.0000 1.5900 -0.0172 -0.1952 2
0.0000 1.2760 -0.0140 0.2021 25
0.0000 2.1995 -0.0242 -0.1924 2
0.0000 1.3153 -0.0147 0.2557 19
0.0000 1.3980 -0.0159 -0.0733 12
0.0000 1.3406 -0.0154 0.3095 9
0.0000 1.3277 -0.0155 -0.0232 29
0.0000 10.6418 -0.1263 2.8517 2
0.0000 1.3017 -0.0173 0.0227 23
0.0000 0.8515 -0.0114 -0.1966 5
0.0000 1.2801 -0.0174 0.0671 23
0.0000 1.0915 -0.0149 -0.2122 2
0.0000 1.2790 -0.0176 0.1119 28
0.0000 1.2009 -0.0168 -0.1902 1
0.0000 1.2783 -0.0181 0.1570 24
0.0000 1.5859 -0.0227 -0.1947 2
0.0000 1.2858 -0.0186 0.2037 25
0.0000 2.2093 -0.0324 -0.1933 2
0.0000 1.3152 -0.0193 0.2557 18
0.0000 1.3939 -0.0207 -0.0731 10
0.0000 1.3464 -0.0202 0.3109 10
0.0000 1.3356 -0.0203 -0.0233 27
0.0000 10.6297 -0.1633 2.8486 2
0.0000 1.3096 -0.0219 0.0229 22
0.0000 0.8515 -0.0144 -0.1966 5
0.0000 1.2801 -0.0219 0.0671 22
0.0000 1.1110 -0.0192 -0.2160 2
0.0000 1.2829 -0.0224 0.1123 26
0.0000 1.2166 -0.0214 -0.1927 1
0.0000 1.2782 -0.0225 0.1570 24
0.0000 1.5819 -0.0282 -0.1943 2
0.0000 1.2956 -0.0233 0.2052 25
0.0000 2.2012 -0.0400 -0.1926 2
0.0000 1.3132 -0.0241 0.2553 15
0.0000 1.3839 -0.0256 -0.0725 9
0.0000 1.3483 -0.0252 0.3113 9
0.0000 1.3456 -0.0251 -0.0235 23
0.0000 10.6484 -0.2007 2.8537 2
0.0000 1.3115 -0.0268 0.0229 21
0.0000 0.8514 -0.0175 -0.1966 5
0.0000 1.2720 -0.0262 0.0667 22
0.0000 1.0756 -0.0223 -0.2091 2
0.0000 1.2888 -0.0270 0.1128 23
0.0000 1.2087 -0.0255 -0.1915 1
0.0000 1.2860 -0.0274 0.1579 23
0.0000 1.5877 -0.0341 -0.1950 2
0.0000 1.3054 -0.0280 0.2068 25
0.0000 2.2090 -0.0478 -0.1933 2
0.0000 1.3210 -0.0288 0.2568 15
0.0000 1.3957 -0.0307 -0.0732 7
0.0000 1.3618 -0.0302 0.3145 9
0.0000 1.3535 -0.0300 -0.0236 23
0.0000 10.6554 -0.2381 2.8558 2
0.0000 1.3154 -0.0312 0.0230 20
0.0000 0.8280 -0.0198 -0.1912 6
0.0000 1.2819 -0.0309 0.0672 22
0.0000 1.0755 -0.0261 -0.2091 2
0.0000 1.2967 -0.0317 0.1135 22
0.0000 1.1849 -0.0290 -0.1877 1
0.0000 1.2919 -0.0318 0.1587 22
0.0000 1.5677 -0.0389 -0.1926 2
0.0000 1.2915 -0.0322 0.2046 25
0.0000 2.2069 -0.0555 -0.1931 2
0.0000 1.3248 -0.0333 0.2576 15
0.0000 1.4176 -0.0359 -0.0743 6
0.0000 1.3539 -0.0345 0.3127 7
0.0000 1.3533 -0.0347 -0.0236 19
0.0000 10.6796 -0.2759 2.8625 1
0.0000 1.3233 -0.0360 0.0231 20
0.0000 0.8513 -0.0233 -0.1966 5
0.0000 1.2877 -0.0355 0.0675 21
0.0000 1.0598 -0.0292 -0.2061 2
0.0000 1.2886 -0.0358 0.1128 22
0.0000 1.2006 -0.0335 -0.1902 1
0.0000 1.2938 -0.0364 0.1589 23
0.0000 1.5954 -0.0451 -0.1960 2
0.0000 1.3072 -0.0372 0.2071 24
0.0000 2.1808 -0.0621 -0.1909 2
0.0000 1.3325 -0.0382 0.2591 14
0.0000 1.4294 -0.0412 -0.0749 5
0.0000 1.3713 -0.0397 0.3167 6
0.0000 1.3572 -0.0396 -0.0237 19
0.0000 10.6708 -0.3130 2.8605 1
0.0000 0.8515 -0.0260 -0.2283 5
0.0000 1.3192 -0.0405 0.0230 20
0.0000 0.8512 -0.0263 -0.1966 5
0.0000 1.2996 -0.0404 0.0681 20
0.0000 1.0753 -0.0334 -0.2091 2
0.0000 1.2924 -0.0404 0.1131 22
0.0000 1.2004 -0.0377 -0.1902 1
0.0000 1.2956 -0.0409 0.1592 23
0.0000 1.5992 -0.0508 -0.1965 2
0.0000 1.3051 -0.0417 0.2068 22
0.0000 2.1965 -0.0702 -0.1923 2
0.0000 1.3324 -0.0428 0.2591 14
0.0000 3.2658 -0.1055 -0.1712 4
0.0000 1.3887 -0.0451 0.3208 4
0.0000 1.3711 -0.0448 -0.0239 19
0.0000 10.6523 -0.3497 2.8558 1
0.0000 1.3250 -0.0453 0.0231 18
0.0000 0.8238 -0.0283 -0.1903 6
0.0000 1.3074 -0.0452 0.0686 20
0.0000 1.0752 -0.0372 -0.2091 2
0.0000 1.3082 -0.0455 0.1145 22
0.0000 1.1845 -0.0414 -0.1877 2
0.0000 1.2875 -0.0452 0.1582 22
0.0000 1.5930 -0.0562 -0.1957 2
0.0000 1.3128 -0.0465 0.2081 22
0.0000 2.1863 -0.0775 -0.1914 2
0.0000 1.3381 -0.0477 0.2603 13
0.0000 1.4411 -0.0516 -0.0756 2
0.0000 1.3983 -0.0503 0.3230 4
0.0000 1.3709 -0.0495 -0.0239 19
0.0000 10.6549 -0.3870 2.8568 3
0.0000 1.3368 -0.0504 0.0234 16
0.0000 0.8276 -0.0314 -0.1912 6
0.0000 1.2933 -0.0492 0.0678 20
0.0000 1.1026 -0.0420 -0.2145 2
0.0000 1.3200 -0.0505 0.1156 22
0.0000 1.2238 -0.0470 -0.1940 1
0.0000 1.2933 -0.0499 0.1589 22
0.0000 1.5710 -0.0609 -0.1930 2
0.0000 1.3166 -0.0513 0.2087 19
0.0000 2.2019 -0.0857 -0.1928 2
0.0000 1.3497 -0.0528 0.2626 12
0.0000 1.3942 -0.0550 0.3221 2
0.0000 1.3927 -0.0552 -0.0243 14
0.0000 10.6554 -0.4242 2.8574 1
0.0000 0.8512 -0.0349 -0.2283 5
0.0000 1.3327 -0.0549 0.0233 15
0.0000 0.8275 -0.0342 -0.1912 6
0.0000 1.2971 -0.0537 0.0680 18
0.0000 1.0475 -0.0435 -0.2038 2
0.0000 1.3178 -0.0550 0.1154 21
0.0000 1.2000 -0.0503 -0.1902 1
0.0000 1.3070 -0.0550 0.1606 22
0.0000 1.5728 -0.0665 -0.1933 2
0.0000 1.3203 -0.0558 0.2093 20
0.0000 2.2056 -0.0936 -0.1931 2
0.0000 1.3554 -0.0578 0.2637 10
0.0000 3.2166 -0.1376 -0.1687 46
0.0000 12.0613 -0.5182 2.7871 4
0.0000 1.3745 -0.0591 -0.0240 14
0.0000 10.6578 -0.4597 2.8584 4
0.0000 1.3564 -0.0604 0.0237 14
0.0000 0.8274 -0.0370 -0.1912 6
0.0000 1.3129 -0.0589 0.0689 18
0.0000 1.0748 -0.0484 -0.2091 2
0.0000 1.3116 -0.0593 0.1149 21
0.0000 1.1801 -0.0534 -0.1871 1
0.0000 1.3167 -0.0598 0.1618 22
0.0000 1.5785 -0.0720 -0.1940 2
0.0000 1.3182 -0.0603 0.2090 17
0.0000 2.1873 -0.1005 -0.1916 2
0.0000 1.3650 -0.0627 0.2656 9
0.0000 3.2361 -0.1492 -0.1698 81
0.0000 12.0673 -0.5585 2.7889 4
0.0000 1.3903 -0.0646 -0.0243 17
0.0000 10.6561 -0.4969 2.8584 1
0.0000 0.8510 -0.0407 -0.2283 5
0.0000 1.3522 -0.0650 0.0236 14
0.0000 0.8506 -0.0410 -0.1966 5
0.0000 1.3167 -0.0637 0.0691 18
0.0000 1.0550 -0.0510 -0.2053 2
0.0000 1.3234 -0.0643 0.1159 20
0.0000 1.2036 -0.0587 -0.1909 1
0.0000 1.3264 -0.0649 0.1631 20
0.0000 1.5842 -0.0778 -0.1947 2
0.0000 1.3377 -0.0659 0.2121 17
0.0000 2.1949 -0.1081 -0.1923 2
0.0000 1.3726 -0.0679 0.2671 9
0.0000 3.2575 -0.1616 -0.1709 82
0.0000 12.0770 -0.6012 2.7916 3
0.0000 1.3980 -0.0698 -0.0244 12
0.0000 10.6640 -0.5346 2.8610 3
0.0000 1.3480 -0.0695 0.0236 13
0.0000 0.8193 -0.0424 -0.1894 6
0.0000 1.3204 -0.0685 0.0693 20
0.0000 1.0862 -0.0564 -0.2114 2
0.0000 1.3212 -0.0688 0.1157 18
0.0000 1.1876 -0.0620 -0.1883 1
0.0000 1.3222 -0.0693 0.1626 19
0.0000 1.5938 -0.0838 -0.1960 2
0.0000 1.3552 -0.0715 0.2149 16
0.0000 2.1926 -0.1157 -0.1921 2
0.0000 1.3782 -0.0730 0.2683 7
0.0000 3.2450 -0.1723 -0.1703 74
0.0000 1.4317 -0.0765 -0.0250 10
0.0000 0.8507 -0.0467 -0.2283 5
0.0000 1.3657 -0.0752 0.0239 12
0.0000 0.8270 -0.0457 -0.1912 6
0.0000 1.3261 -0.0734 0.0696 17
0.0000 1.1056 -0.0612 -0.2152 2
0.0000 1.3428 -0.0746 0.1177 18
0.0000 1.2071 -0.0673 -0.1915 1
0.0000 1.3299 -0.0744 0.1635 19
0.0000 1.5816 -0.0887 -0.1945 2
0.0000 1.3628 -0.0767 0.2162 15
0.0000 2.2041 -0.1240 -0.1931 2
0.0000 1.4015 -0.0791 0.2729 7
0.0000 3.2443 -0.1837 -0.1703 72
0.0000 3.1772 -0.1804 0.7347 1
0.0000 1.4375 -0.0819 -0.0251 8
0.0000 3.2364 -0.1849 0.8686 1
0.0000 1.3854 -0.0811 0.0242 11
0.0000 0.8268 -0.0485 -0.1912 6
0.0000 1.3299 -0.0783 0.0698 17
0.0000 1.0740 -0.0632 -0.2091 2
0.0000 1.3485 -0.0796 0.1182 16
0.0000 1.2029 -0.0713 -0.1909 1
0.0000 1.3396 -0.0796 0.1648 17
0.0000 1.5595 -0.0929 -0.1918 2
0.0000 1.3626 -0.0814 0.2162 12
0.0000 2.1778 -0.1301 -0.1909 2
0.0000 1.4130 -0.0847 0.2751 5
0.0000 3.2477 -0.1952 -0.1705 72
0.0000 3.2018 -0.1930 0.7405 10
0.0000 1.4332 -0.0867 -0.0251 4
0.0000 1.3911 -0.0863 0.0243 10
0.0000 0.8500 -0.0529 -0.1966 5
0.0000 1.3376 -0.0832 0.0702 16
0.0000 1.0581 -0.0660 -0.2061 2
0.0000 1.3462 -0.0842 0.1180 14
0.0000 1.1829 -0.0742 -0.1877 2
0.0000 1.3512 -0.0850 0.1662 17
0.0000 1.5592 -0.0984 -0.1918 2
0.0000 1.3623 -0.0859 0.2162 12
0.0000 2.1892 -0.1385 -0.1919 2
0.0000 1.4146 -0.0897 0.2755 3
0.0000 3.2589 -0.2073 -0.1711 72
0.0000 3.1856 -0.2032 0.7369 33
0.0000 3.2369 -0.2065 -0.0566 13
0.0000 1.3868 -0.0907 0.0243 7
0.0000 0.8498 -0.0557 -0.1966 5
0.0000 1.3492 -0.0887 0.0709 15
0.0000 1.0853 -0.0715 -0.2114 2
0.0000 1.3499 -0.0892 0.1184 15
0.0000 1.1866 -0.0784 -0.1883 1
0.0000 1.3667 -0.0905 0.1682 16
0.0000 1.5826 -0.1051 -0.1947 2
0.0000 1.3935 -0.0928 0.2212 12
0.0000 2.1828 -0.1457 -0.1914 2
0.0000 3.1656 -0.2114 0.6167 24
0.0000 3.2602 -0.2183 -0.1712 66
0.0000 3.1810 -0.2135 0.7360 46
0.0000 3.1842 -0.2148 0.8551 57
0.0000 1.3985 -0.0963 0.0245 6
0.0000 0.8496 -0.0587 -0.1966 5
0.0000 1.3649 -0.0945 0.0717 13
0.0000 1.0380 -0.0719 -0.2023 2
0.0000 1.3754 -0.0955 0.1206 13
0.0000 1.1745 -0.0817 -0.1865 2
0.0000 1.3565 -0.0946 0.1670 12
0.0000 1.5743 -0.1101 -0.1938 2
0.0000 1.3971 -0.0979 0.2218 9
0.0000 2.1962 -0.1540 -0.1926 2
0.0000 3.1766 -0.2232 0.6190 36
0.0000 3.2455 -0.2287 -0.1705 63
0.0000 3.1977 -0.2258 0.7401 65
0.0000 3.2434 -0.2296 -0.0568 100
0.0000 3.1873 -0.2262 0.8562 88
0.0000 1.4261 -0.1032 0.0250 4
0.0000 0.8494 -0.0616 -0.1966 5
0.0000 1.3685 -0.0995 0.0719 12
0.0000 1.0887 -0.0792 -0.2122 2
0.0000 1.3890 -0.1013 0.1218 12
0.0000 1.1860 -0.0867 -0.1883 1
0.0000 1.3700 -0.1004 0.1687 13
0.0000 1.5601 -0.1146 -0.1921 3
0.0000 1.4243 -0.1048 0.2262 6
0.0000 2.1877 -0.1610 -0.1919 2
0.0000 3.1875 -0.2352 0.6213 65
0.0000 3.2467 -0.2401 -0.1706 53
0.0000 3.1814 -0.2359 0.7365 65
0.0000 3.2446 -0.2411 -0.0568 105
0.0000 3.2019 -0.2385 0.8603 77
0.0000 1.4297 -0.1085 0.0250 3
0.0000 0.8491 -0.0646 -0.1966 5
0.0000 1.3761 -0.1049 0.0723 8
0.0000 1.0884 -0.0830 -0.2122 2
0.0000 1.3906 -0.1063 0.1220 10
0.0000 1.2015 -0.0920 -0.1909 1
0.0000 1.4013 -0.1076 0.1726 11
0.0000 1.5517 -0.1194 -0.1911 3
0.0000 1.4141 -0.1091 0.2246 5
0.0000 2.1871 -0.1687 -0.1919 2
0.0000 3.2082 -0.2480 0.6255 56
0.0000 3.2617 -0.2527 -0.1715 44
0.0000 3.1980 -0.2483 0.7405 40
0.0000 3.2038 -0.2493 -0.0561 79
0.0000 3.1933 -0.2491 0.8582 32
0.0000 3.2034 -0.2544 0.0561 17
0.0000 0.8256 -0.0657 -0.1912 6
0.0000 1.3897 -0.1108 0.0731 7
0.0000 1.0725 -0.0855 -0.2091 2
0.0000 1.4022 -0.1121 0.1231 9
0.0000 1.2248 -0.0981 -0.1946 1
0.0000 1.4089 -0.1131 0.1735 7
0.0000 1.5830 -0.1274 -0.1950 3
0.0000 1.4374 -0.1159 0.2284 2
0.0000 2.1845 -0.1761 -0.1917 2
0.0000 3.2093 -0.2593 0.6259 9
0.0000 3.2310 -0.2617 -0.1699 31
0.0000 3.2009 -0.2604 -0.0561 28
0.0000 3.1686 -0.2627 0.0555 5
0.0000 0.7982 -0.0663 -0.1849 6
0.0000 1.4072 -0.1172 0.0740 5
0.0000 1.0722 -0.0893 -0.2091 2
0.0000 1.4057 -0.1173 0.1234 7
0.0000 1.1969 -0.1001 -0.1902 2
0.0000 1.4282 -0.1197 0.1760 6
0.0000 1.5785 -0.1326 -0.1945 3
0.0000 3.1259 -0.2630 0.4968 3
0.0000 2.1680 -0.1824 -0.1903 2
0.0000 3.1321 -0.2641 0.6110 4
0.0000 3.1922 -0.2697 -0.1679 61
0.0000 3.0933 -0.2619 0.7167 3
0.0000 3.0856 -0.2624 0.8298 3
0.0000 3.0940 -0.2674 0.0542 3
0.0000 0.8251 -0.0715 -0.1912 6
0.0000 1.4247 -0.1236 0.0749 3
0.0000 1.0523 -0.0913 -0.2053 2
0.0000 1.4311 -0.1245 0.1257 4
0.0000 1.1808 -0.1029 -0.1877 2
0.0000 1.4397 -0.1257 0.1774 3
0.0000 1.5801 -0.1382 -0.1947 3
0.0000 3.0738 -0.2695 0.4887 3
0.0000 2.1753 -0.1907 -0.1910 2
0.0000 3.0783 -0.2704 0.6007 3
0.0000 3.1952 -0.2812 -0.1681 64
0.0000 3.0380 -0.2679 0.7041 2
0.0000 3.0875 -0.2728 -0.0541 2
0.0000 3.0462 -0.2697 0.8194 3
0.0000 0.8485 -0.0762 -0.2283 5
0.0000 3.0612 -0.2754 0.0536 4
0.0000 0.8482 -0.0764 -0.1966 5
0.0000 3.0176 -0.2725 0.1588 3
0.0000 1.0559 -0.0953 -0.2061 2
0.0000 1.4346 -0.1298 0.1260 2
0.0000 1.1883 -0.1077 -0.1890 2
0.0000 3.0168 -0.2740 0.3719 2
0.0000 1.5598 -0.1420 -0.1923 2
0.0000 3.0452 -0.2777 0.4843 3
0.0000 2.1925 -0.1999 -0.1926 2
0.0000 3.0382 -0.2776 0.5930 3
0.0000 3.1982 -0.2927 -0.1683 64
0.0000 2.9905 -0.2743 0.6933 3
0.0000 3.0447 -0.2798 -0.0534 2
0.0000 2.9837 -0.2747 0.8029 2
0.0000 3.0204 -0.2823 0.0530 3
0.0000 0.8207 -0.0769 -0.1903 6
0.0000 2.9808 -0.2797 0.1569 3
0.0000 1.0047 -0.0943 -0.1962 2
0.0000 2.9973 -0.2817 0.2634 2
0.0000 1.1997 -0.1130 -0.1909 1
0.0000 2.9783 -0.2810 0.3673 3
0.0000 1.5455 -0.1461 -0.1906 2
0.0000 2.9853 -0.2827 0.4749 3
0.0000 2.1977 -0.2081 -0.1931 2
0.0000 2.9903 -0.2837 0.5839 3
0.0000 2.9293 -0.2790 0.6794 2
0.0000 2.9979 -0.2860 -0.0526 2
0.0000 2.9481 -0.2818 0.7935 2
0.0000 2.9797 -0.2880 0.0523 3
0.0000 0.8088 -0.0783 -0.1876 6
0.0000 2.9302 -0.2842 0.1543 3
0.0000 1.0552 -0.1023 -0.2061 2
0.0000 2.9528 -0.2869 0.2595 3
0.0000 1.2072 -0.1175 -0.1921 1
0.0000 2.9418 -0.2869 0.3629 3
0.0000 1.5865 -0.1550 -0.1957 3
0.0000 2.9411 -0.2879 0.4681 3
0.0000 2.1673 -0.2121 -0.1905 2
0.0000 2.9347 -0.2878 0.5732 3
0.0000 2.8897 -0.2844 0.6704 2
0.0000 2.9632 -0.2921 -0.0520 2
0.0000 2.9087 -0.2873 0.7832 2
0.0000 2.9130 -0.2918 0.0511 3
0.0000 0.8202 -0.0823 -0.1903 6
0.0000 2.9014 -0.2916 0.1528 3
0.0000 1.0431 -0.1049 -0.2038 2
0.0000 2.8982 -0.2918 0.2548 3
0.0000 1.1930 -0.1203 -0.1899 1
0.0000 2.8934 -0.2924 0.3571 3
0.0000 1.5840 -0.1603 -0.1955 3
0.0000 2.9047 -0.2945 0.4624 3
0.0000 2.1804 -0.2211 -0.1917 2
0.0000 2.8927 -0.2938 0.5652 3
0.0000 3.0938 -0.3148 -0.1630 24
0.0000 2.8499 -0.2905 0.6614 2
0.0000 2.9383 -0.3000 -0.0516 2
0.0000 2.8731 -0.2939 0.7739 3
0.0000 2.8761 -0.2982 0.0505 3
0.0000 0.8199 -0.0852 -0.1903 6
0.0000 2.8626 -0.2978 0.1508 3
0.0000 1.0701 -0.1113 -0.2091 2
0.0000 2.8615 -0.2982 0.2517 3
0.0000 1.1651 -0.1216 -0.1855 1
0.0000 2.8450 -0.2975 0.3512 3
0.0000 1.5696 -0.1644 -0.1938 3
0.0000 2.8487 -0.2989 0.4537 3
0.0000 2.1757 -0.2287 -0.1914 2
0.0000 2.8526 -0.2998 0.5575 3
0.0000 3.0052 -0.3164 -0.1584 9
0.0000 2.8372 -0.2992 0.6587 2
0.0000 2.8616 -0.3023 -0.0502 2
0.0000 2.8260 -0.2990 0.7614 3
0.0000 2.8353 -0.3040 0.0498 3
0.0000 0.8196 -0.0880 -0.1903 6
0.0000 2.8179 -0.3031 0.1485 3
0.0000 1.0814 -0.1165 -0.2114 2
0.0000 2.8346 -0.3059 0.2494 3
0.0000 1.1921 -0.1289 -0.1899 1
0.0000 2.8045 -0.3032 0.3464 3
0.0000 1.5532 -0.1682 -0.1918 2
0.0000 2.8201 -0.3059 0.4493 3
0.0000 2.1729 -0.2360 -0.1912 2
0.0000 2.8066 -0.3054 0.5488 3
0.0000 2.9703 -0.3237 -0.1566 8
0.0000 2.7993 -0.3056 0.6501 3
0.0000 2.8268 -0.3086 -0.0496 2
0.0000 2.7865 -0.3047 0.7511 3
0.0000 2.8024 -0.3109 0.0492 3
0.0000 0.7496 -0.0833 -0.1741 7
0.0000 2.7711 -0.3084 0.1461 3
0.0000 1.0537 -0.1173 -0.2061 2
0.0000 2.7959 -0.3116 0.2461 3
0.0000 1.1759 -0.1313 -0.1874 1
0.0000 2.7836 -0.3112 0.3439 3
0.0000 1.5565 -0.1743 -0.1923 2
0.0000 2.7758 -0.3114 0.4424 3
0.0000 2.1621 -0.2425 -0.1903 2
0.0000 2.7840 -0.3128 0.5446 3
0.0000 2.9612 -0.3332 -0.1562 10
0.0000 2.7459 -0.3095 0.6380 3
0.0000 2.7779 -0.3136 -0.0488 2
0.0000 2.7393 -0.3097 0.7387 3
0.0000 2.7635 -0.3163 0.0486 4
0.0000 0.8190 -0.0939 -0.1903 6
0.0000 2.7481 -0.3155 0.1450 4
0.0000 1.0415 -0.1196 -0.2038 2
0.0000 2.7592 -0.3173 0.2430 4
0.0000 1.1951 -0.1376 -0.1905 1
0.0000 2.7589 -0.3182 0.3410 4
0.0000 1.5638 -0.1807 -0.1933 2
0.0000 2.7433 -0.3174 0.4374 4
0.0000 2.1731 -0.2514 -0.1914 2
0.0000 2.7595 -0.3198 0.5400 5
0.0000 2.9561 -0.3431 -0.1560 10
0.0000 2.7293 -0.3172 0.6344 9
0.0000 2.7589 -0.3212 -0.0485 5
0.0000 2.7465 -0.3241 0.0483 7
0.0000 0.8728 -0.1031 -0.2029 5
0.0000 2.7411 -0.3239 0.1447 13
0.0000 1.0684 -0.1265 -0.2091 2
0.0000 2.7264 -0.3232 0.2402 15
0.0000 1.1632 -0.1381 -0.1855 1
0.0000 1.5691 -0.1865 -0.1940 2
0.0000 2.7108 -0.3228 0.4324 14
0.0000 2.1683 -0.2586 -0.1910 2
0.0000 2.9350 -0.3510 -0.1549 9
0.0000 2.7438 -0.3281 0.6380 17
0.0000 2.7519 -0.3296 -0.0484 15
0.0000 2.7103 -0.3251 0.7314 35
0.0000 2.7236 -0.3306 0.0479 20
0.0000 0.7487 -0.0910 -0.1741 7
0.0000 2.7420 -0.3333 0.1448 26
0.0000 1.0485 -0.1276 -0.2053 2
0.0000 2.7431 -0.3344 0.2418 23
0.0000 1.1706 -0.1429 -0.1868 2
0.0000 2.7310 -0.3339 0.3378 18
0.0000 1.5862 -0.1939 -0.1962 2
0.0000 2.7254 -0.3337 0.4349 21
0.0000 2.1674 -0.2657 -0.1910 2
0.0000 2.7339 -0.3357 0.5354 22
0.0000 2.8070 -0.3452 -0.1482 3
0.0000 2.7369 -0.3365 0.6366 21
0.0000 2.7627 -0.3402 -0.0486 23
0.0000 2.7264 -0.3362 0.7361 20
0.0000 2.7423 -0.3421 0.0482 33
0.0000 0.8180 -0.1022 -0.1903 6
0.0000 2.7369 -0.3424 0.1446 24
0.0000 1.0519 -0.1318 -0.2061 2
0.0000 2.7440 -0.3437 0.2419 20
0.0000 1.1584 -0.1453 -0.1849 2
0.0000 2.7417 -0.3444 0.3393 21
0.0000 1.5638 -0.1967 -0.1935 3
0.0000 2.7360 -0.3447 0.4368 22
0.0000 2.1724 -0.2741 -0.1916 2
0.0000 2.7444 -0.3467 0.5377 25
0.0000 2.7376 -0.3463 0.6371 23
0.0000 2.7595 -0.3496 -0.0486 24
0.0000 2.7367 -0.3472 0.7392 20
0.0000 2.7470 -0.3529 0.0483 23
0.0000 0.8176 -0.1052 -0.1903 6
0.0000 2.7297 -0.3516 0.1442 22
0.0000 1.0514 -0.1356 -0.2061 2
0.0000 2.7546 -0.3553 0.2430 22
0.0000 1.1813 -0.1526 -0.1887 2
0.0000 2.7404 -0.3545 0.3393 24
0.0000 1.5474 -0.2004 -0.1916 3
0.0000 2.7386 -0.3552 0.4374 21
0.0000 2.1872 -0.2841 -0.1930 2
0.0000 2.7490 -0.3575 0.5388 25
0.0000 2.7846 -0.3626 -0.1472 46
0.0000 2.7286 -0.3553 0.6353 16
0.0000 2.7463 -0.3581 -0.0483 23
0.0000 2.7335 -0.3570 0.7387 19
0.0000 2.7536 -0.3640 0.0485 23
0.0000 0.7476 -0.0990 -0.1741 7
0.0000 2.7344 -0.3619 0.1446 21
0.0000 1.0237 -0.1357 -0.2007 2
0.0000 2.7434 -0.3641 0.2421 20
0.0000 1.1769 -0.1564 -0.1880 2
0.0000 2.7470 -0.3655 0.3403 24
0.0000 1.5545 -0.2071 -0.1926 3
0.0000 2.7374 -0.3648 0.4374 22
0.0000 2.1625 -0.2885 -0.1909 2
0.0000 2.7535 -0.3679 0.5400 14
0.0000 2.8289 -0.3785 -0.1496 6
0.0000 2.7215 -0.3646 0.6339 10
0.0000 2.7470 -0.3680 -0.0484 22
0.0000 2.7285 -0.3660 0.7376 19
0.0000 2.7425 -0.3718 0.0483 21
0.0000 0.8439 -0.1145 -0.1966 5
0.0000 2.7370 -0.3720 0.1448 17
0.0000 1.0388 -0.1414 -0.2038 2
0.0000 2.7520 -0.3750 0.2430 19
0.0000 1.1646 -0.1587 -0.1862 2
0.0000 2.7457 -0.3747 0.3403 26
0.0000 1.5577 -0.2128 -0.1930 3
0.0000 2.7537 -0.3767 0.4402 16
0.0000 2.1615 -0.2961 -0.1909 2
0.0000 2.7465 -0.3762 0.5388 17
0.0000 2.8454 -0.3903 -0.1505 9
0.0000 2.7202 -0.3736 0.6339 7
0.0000 2.7537 -0.3787 -0.0485 25
0.0000 2.7272 -0.3755 0.7376 19
0.0000 2.7471 -0.3822 0.0484 24
0.0000 0.8435 -0.1175 -0.1966 5
0.0000 2.7436 -0.3827 0.1452 25
0.0000 1.0772 -0.1502 -0.2114 2
0.0000 2.7507 -0.3841 0.2430 21
0.0000 1.1836 -0.1655 -0.1893 2
0.0000 2.7346 -0.3829 0.3390 21
0.0000 1.5471 -0.2169 -0.1918 2
0.0000 2.7387 -0.3844 0.4380 18
0.0000 2.1625 -0.3035 -0.1910 2
0.0000 2.7490 -0.3864 0.5396 21
0.0000 2.7827 -0.3916 -0.1473 8
0.0000 2.7421 -0.3863 0.6393 13
0.0000 2.7563 -0.3888 -0.0486 21
0.0000 2.7354 -0.3864 0.7402 18
0.0000 2.7497 -0.3923 0.0485 24
0.0000 0.8160 -0.1166 -0.1903 6
0.0000 2.7383 -0.3917 0.1450 25
0.0000 1.0495 -0.1501 -0.2061 2
0.0000 2.7592 -0.3951 0.2439 20
0.0000 1.1752 -0.1685 -0.1880 1
0.0000 2.7352 -0.3927 0.3393 24
0.0000 1.5483 -0.2226 -0.1921 3
0.0000 2.7530 -0.3962 0.4405 19
0.0000 2.1712 -0.3125 -0.1919 2
0.0000 2.7496 -0.3962 0.5400 19
0.0000 2.7873 -0.4021 -0.1476 8
0.0000 2.7426 -0.3962 0.6398 18
0.0000 2.7608 -0.3993 -0.0487 24
0.0000 2.7379 -0.3965 0.7413 16
0.0000 2.7563 -0.4031 0.0486 25
0.0000 0.8426 -0.1234 -0.1966 5
0.0000 2.7311 -0.3999 0.1447 23
0.0000 1.0995 -0.1612 -0.2160 2
0.0000 2.7539 -0.4042 0.2435 20
0.0000 1.1590 -0.1703 -0.1855 1
0.0000 2.7515 -0.4048 0.3415 22
0.0000 1.5534 -0.2288 -0.1928 3
0.0000 2.7458 -0.4045 0.4396 18
0.0000 2.1544 -0.3177 -0.1905 2
0.0000 2.7676 -0.4087 0.5438 19
0.0000 2.7878 -0.4122 -0.1477 8
0.0000 2.7432 -0.4061 0.6402 19
0.0000 2.7536 -0.4076 -0.0486 20
0.0000 2.7461 -0.4070 0.7438 16
0.0000 2.7589 -0.4128 0.0487 20
0.0000 0.7458 -0.1117 -0.1741 7
0.0000 2.7514 -0.4127 0.1458 24
0.0000 1.0639 -0.1598 -0.2091 2
0.0000 2.7485 -0.4132 0.2432 19
0.0000 1.1662 -0.1753 -0.1868 1
0.0000 2.7619 -0.4157 0.3429 19
0.0000 1.5546 -0.2343 -0.1930 3
0.0000 2.7483 -0.4147 0.4402 18
0.0000 2.1611 -0.3265 -0.1912 2
0.0000 2.7604 -0.4170 0.5427 20
0.0000 2.7924 -0.4223 -0.1480 8
0.0000 2.7553 -0.4172 0.6434 18
0.0000 2.7600 -0.4184 -0.0487 19
0.0000 2.7370 -0.4154 0.7418 14
0.0000 2.7515 -0.4215 0.0486 17
0.0000 0.8148 -0.1250 -0.1903 6
0.0000 2.7461 -0.4212 0.1456 17
0.0000 1.0440 -0.1603 -0.2053 2
0.0000 2.7550 -0.4235 0.2439 19
0.0000 1.1461 -0.1764 -0.1837 2
0.0000 2.7663 -0.4263 0.3437 19
0.0000 1.5656 -0.2415 -0.1945 3
0.0000 2.7488 -0.4241 0.4405 19
0.0000 2.1482 -0.3318 -0.1902 2
0.0000 2.7570 -0.4263 0.5423 19
0.0000 2.7830 -0.4308 -0.1476 8
0.0000 2.7596 -0.4277 0.6447 18
0.0000 2.7626 -0.4282 -0.0488 15
0.0000 2.7356 -0.4245 0.7418 14
0.0000 2.7540 -0.4313 0.0487 18
0.0000 0.8144 -0.1277 -0.1903 6
0.0000 2.7505 -0.4317 0.1459 20
0.0000 1.0628 -0.1670 -0.2091 2
0.0000 2.7633 -0.4347 0.2447 17
0.0000 1.1747 -0.1848 -0.1883 2
0.0000 2.7453 -0.4324 0.3412 18
0.0000 1.5452 -0.2436 -0.1921 3
0.0000 2.7610 -0.4358 0.4427 18
0.0000 2.1608 -0.3415 -0.1914 2
0.0000 2.7537 -0.4352 0.5419 22
0.0000 2.7618 -0.4369 -0.1465 8
0.0000 2.7639 -0.4378 0.6461 17
0.0000 2.7710 -0.4394 -0.0490 16
0.0000 2.7417 -0.4352 0.7438 13
0.0000 2.7683 -0.4434 0.0489 18
0.0000 0.8024 -0.1287 -0.1876 6
0.0000 2.7391 -0.4397 0.1454 19
0.0000 1.0351 -0.1662 -0.2038 2
0.0000 2.7658 -0.4445 0.2451 17
0.0000 1.1585 -0.1864 -0.1858 2
0.0000 2.7516 -0.4432 0.3422 18
0.0000 1.5423 -0.2487 -0.1918 3
0.0000 2.7731 -0.4477 0.4449 16
0.0000 2.1832 -0.3528 -0.1935 2
0.0000 2.7754 -0.4485 0.5465 21
0.0000 2.7701 -0.4482 -0.1471 9
0.0000 2.7547 -0.4462 0.6443 17
0.0000 2.7734 -0.4497 -0.0490 16
0.0000 2.7555 -0.4473 0.7480 11
0.0000 2.7726 -0.4540 0.0490 19
0.0000 0.8019 -0.1315 -0.1876 6
0.0000 2.7415 -0.4499 0.1456 17
0.0000 1.0461 -0.1719 -0.2061 2
0.0000 2.7681 -0.4553 0.2454 17
0.0000 1.1656 -0.1919 -0.1871 2
0.0000 2.7618 -0.4547 0.3437 17
0.0000 1.5532 -0.2560 -0.1933 3
0.0000 2.7657 -0.4564 0.4440 17
0.0000 2.1682 -0.3582 -0.1923 2
0.0000 2.7737 -0.4587 0.5465 21
0.0000 2.8414 -0.4704 -0.1509 9
0.0000 2.7550 -0.4566 0.6447 16
0.0000 2.7639 -0.4581 -0.0489 18
0.0000 2.7539 -0.4569 0.7480 9
0.0000 2.7729 -0.4645 0.0491 18
0.0000 0.8014 -0.1344 -0.1876 6
0.0000 2.7458 -0.4610 0.1459 18
0.0000 1.0184 -0.1710 -0.2007 2
0.0000 2.7665 -0.4649 0.2454 17
0.0000 1.1688 -0.1966 -0.1877 2
0.0000 2.7640 -0.4655 0.3442 17
0.0000 1.5562 -0.2624 -0.1938 2
0.0000 2.7620 -0.4662 0.4436 17
0.0000 2.1493 -0.3628 -0.1907 2
0.0000 2.7740 -0.4687 0.5469 19
0.0000 2.8870 -0.4883 -0.1534 10
0.0000 2.7687 -0.4688 0.6483 18
0.0000 2.7681 -0.4692 -0.0490 21
0.0000 2.7389 -0.4647 0.7444 5
0.0000 2.7575 -0.4718 0.0488 19
0.0000 0.8394 -0.1438 -0.1966 5
0.0000 2.7579 -0.4729 0.1466 19
0.0000 1.0720 -0.1838 -0.2114 2
0.0000 2.7688 -0.4753 0.2458 17
0.0000 1.1837 -0.2034 -0.1902 1
0.0000 2.7683 -0.4762 0.3449 18
0.0000 1.5494 -0.2668 -0.1930 2
0.0000 2.7662 -0.4768 0.4446 17
0.0000 2.1401 -0.3689 -0.1900 2
0.0000 2.7627 -0.4767 0.5450 23
0.0000 2.9010 -0.5011 -0.1543 10
0.0000 2.7767 -0.4801 0.6506 19
0.0000 2.7802 -0.4812 -0.0493 21
0.0000 2.7429 -0.4753 0.7459 5
0.0000 2.7598 -0.4822 0.0489 18
0.0000 0.8158 -0.1427 -0.1912 6
0.0000 2.7641 -0.4839 0.1471 19
0.0000 1.0597 -0.1855 -0.2091 2
0.0000 2.7710 -0.4856 0.2461 17
0.0000 1.1674 -0.2048 -0.1877 2
0.0000 2.7588 -0.4845 0.3439 21
0.0000 1.5328 -0.2694 -0.1911 2
0.0000 2.7684 -0.4872 0.4452 17
0.0000 2.1388 -0.3764 -0.1900 2
0.0000 2.7649 -0.4870 0.5457 22
0.0000 2.8815 -0.5081 -0.1533 12
0.0000 2.7827 -0.4912 0.6524 19
0.0000 2.7825 -0.4916 -0.0493 19
0.0000 2.7470 -0.4858 0.7475 4
0.0000 2.7699 -0.4939 0.0491 19
0.0000 0.8153 -0.1455 -0.1912 6
0.0000 2.7506 -0.4914 0.1464 18
0.0000 1.0591 -0.1892 -0.2091 2
0.0000 2.7752 -0.4963 0.2467 16
0.0000 1.1511 -0.2061 -0.1852 2
0.0000 2.7570 -0.4941 0.3439 20
0.0000 1.5534 -0.2787 -0.1938 2
0.0000 2.7745 -0.4982 0.4465 17
0.0000 2.1493 -0.3859 -0.1910 2
0.0000 2.7748 -0.4988 0.5480 21
0.0000 2.8837 -0.5189 -0.1536 11
0.0000 2.7656 -0.4981 0.6488 20
0.0000 2.7925 -0.5035 -0.0495 22
0.0000 2.7624 -0.4985 0.7521 3
0.0000 2.7741 -0.5041 0.0492 18
0.0000 0.8148 -0.1482 -0.1912 6
0.0000 2.7568 -0.5020 0.1469 19
0.0000 0.9967 -0.1815 -0.1969 2
0.0000 2.7775 -0.5063 0.2470 16
0.0000 1.1660 -0.2127 -0.1877 2
0.0000 2.7808 -0.5079 0.3471 18
0.0000 1.5368 -0.2809 -0.1918 2
0.0000 2.7612 -0.5053 0.4446 17
0.0000 2.1323 -0.3902 -0.1897 2
0.0000 2.7789 -0.5090 0.5491 20
0.0000 2.8819 -0.5284 -0.1536 12
0.0000 2.7658 -0.5076 0.6492 19
0.0000 2.7653 -0.5080 -0.0491 18
0.0000 2.7949 -0.5140 0.7614 2
0.0000 2.7842 -0.5160 0.0494 18
0.0000 0.7798 -0.1447 -0.1831 7
0.0000 2.7590 -0.5123 0.1471 19
0.0000 1.0578 -0.1964 -0.2091 2
0.0000 2.7620 -0.5134 0.2458 17
0.0000 1.1730 -0.2182 -0.1890 2
0.0000 2.7770 -0.5172 0.3468 21
0.0000 1.5280 -0.2849 -0.1908 2
0.0000 2.7671 -0.5164 0.4458 17
0.0000 2.1446 -0.4002 -0.1909 2
0.0000 2.7790 -0.5191 0.5495 22
0.0000 2.8860 -0.5396 -0.1539 13
0.0000 2.7794 -0.5201 0.6528 21
0.0000 2.7851 -0.5217 -0.0495 19
0.0000 2.7760 -0.5205 0.7568 1
0.0000 2.7745 -0.5242 0.0493 18
0.0000 0.7908 -0.1496 -0.1858 6
0.0000 2.7670 -0.5238 0.1476 20
0.0000 1.0301 -0.1950 -0.2038 2
0.0000 2.7660 -0.5241 0.2463 18
0.0000 1.1528 -0.2187 -0.1858 2
0.0000 2.7752 -0.5269 0.3468 22
0.0000 1.5407 -0.2928 -0.1926 2
0.0000 2.7673 -0.5264 0.4462 18
0.0000 2.1432 -0.4077 -0.1909 2
0.0000 2.7733 -0.5280 0.5488 22
0.0000 2.8841 -0.5496 -0.1539 14
0.0000 2.7737 -0.5291 0.6519 21
0.0000 2.7833 -0.5314 -0.0495 21
0.0000 2.8994 -0.5541 0.7910 1
0.0000 2.7746 -0.5343 0.0493 19
0.0000 0.8132 -0.1568 -0.1912 6
0.0000 2.7730 -0.5350 0.1480 18
0.0000 1.0564 -0.2038 -0.2091 2
0.0000 2.7759 -0.5361 0.2473 18
0.0000 1.1520 -0.2227 -0.1858 2
0.0000 2.7695 -0.5358 0.3464 21
0.0000 1.5240 -0.2951 -0.1906 2
0.0000 2.7732 -0.5375 0.4474 19
0.0000 2.1555 -0.4178 -0.1921 2
0.0000 2.7773 -0.5388 0.5499 24
0.0000 2.8723 -0.5578 -0.1533 17
0.0000 2.7757 -0.5395 0.6528 20
0.0000 2.8030 -0.5454 -0.0498 26
0.0000 2.8519 -0.5554 0.7785 1
0.0000 2.7806 -0.5455 0.0495 25
0.0000 0.7783 -0.1528 -0.1831 7
0.0000 2.7594 -0.5419 0.1474 20
0.0000 1.0557 -0.2075 -0.2091 2
0.0000 2.7818 -0.5473 0.2480 20
0.0000 1.1590 -0.2282 -0.1871 2
0.0000 2.7715 -0.5463 0.3468 22
0.0000 1.5269 -0.3010 -0.1911 2
0.0000 2.7811 -0.5486 0.4490 21
0.0000 2.1227 -0.4192 -0.1893 2
0.0000 2.7792 -0.5493 0.5507 24
0.0000 2.9056 -0.5748 -0.1552 13
0.0000 2.7700 -0.5480 0.6519 22
0.0000 2.7776 -0.5500 -0.0494 22
0.0000 0.8355 -0.1666 -0.2283 5
0.0000 2.7827 -0.5555 0.0495 25
0.0000 0.7892 -0.1577 -0.1858 6
0.0000 2.7615 -0.5518 0.1476 23
0.0000 1.0242 -0.2048 -0.2030 2
0.0000 2.7820 -0.5569 0.2482 19
0.0000 1.1660 -0.2336 -0.1883 2
0.0000 2.7813 -0.5578 0.3483 21
0.0000 1.5259 -0.3060 -0.1911 2
0.0000 2.7754 -0.5571 0.4483 19
0.0000 2.1467 -0.4313 -0.1916 2
0.0000 2.7832 -0.5597 0.5518 23
0.0000 3.0055 -0.6049 -0.1607 7
0.0000 2.7682 -0.5572 0.6519 21
0.0000 2.7719 -0.5584 -0.0494 21
0.0000 2.7886 -0.5663 0.0497 25
0.0000 0.8154 -0.1658 -0.1921 6
0.0000 2.7713 -0.5638 0.1482 22
0.0000 1.0697 -0.2176 -0.2122 2
0.0000 2.7703 -0.5641 0.2473 20
0.0000 1.1536 -0.2351 -0.1865 2
0.0000 2.7833 -0.5678 0.3488 19
0.0000 1.5287 -0.3121 -0.1916 2
0.0000 2.7715 -0.5664 0.4480 18
0.0000 2.1296 -0.4356 -0.1902 2
0.0000 2.7928 -0.5713 0.5541 21
0.0000 2.9350 -0.6009 -0.1570 8
0.0000 2.7853 -0.5707 0.6564 20
0.0000 2.7778 -0.5697 -0.0495 20
0.0000 2.7788 -0.5745 0.0495 24
0.0000 0.7843 -0.1623 -0.1849 6
0.0000 2.7791 -0.5755 0.1487 21
0.0000 1.0535 -0.2184 -0.2091 2
0.0000 2.7722 -0.5751 0.2477 18
0.0000 1.1411 -0.2369 -0.1846 2
0.0000 2.7911 -0.5795 0.3500 18
0.0000 1.5354 -0.3191 -0.1926 2
0.0000 2.7791 -0.5781 0.4496 19
0.0000 2.1222 -0.4418 -0.1897 2
0.0000 2.7734 -0.5779 0.5507 25
0.0000 2.8878 -0.6022 -0.1546 9
0.0000 2.7794 -0.5801 0.6555 22
0.0000 2.7797 -0.5802 -0.0496 20
0.0000 2.9046 -0.6068 0.7951 1
0.0000 2.7806 -0.5855 0.0496 21
0.0000 0.8142 -0.1716 -0.1921 6
0.0000 2.7829 -0.5870 0.1491 22
0.0000 1.0527 -0.2220 -0.2091 2
0.0000 2.7818 -0.5872 0.2487 19
0.0000 1.1519 -0.2434 -0.1865 2
0.0000 2.7773 -0.5873 0.3485 18
0.0000 1.5381 -0.3255 -0.1930 2
0.0000 2.7867 -0.5903 0.4512 19
0.0000 2.1343 -0.4521 -0.1909 2
0.0000 2.7906 -0.5916 0.5545 19
0.0000 2.8505 -0.6049 -0.1527 11
0.0000 2.7907 -0.5927 0.6587 18
0.0000 2.7814 -0.5912 -0.0496 19
0.0000 2.9080 -0.6187 0.7966 1
0.0000 2.7864 -0.5968 0.0497 19
0.0000 0.7946 -0.1703 -0.1876 6
0.0000 2.7749 -0.5954 0.1487 17
0.0000 1.0673 -0.2290 -0.2122 2
0.0000 2.7915 -0.5995 0.2498 18
0.0000 1.1356 -0.2441 -0.1840 2
0.0000 2.7791 -0.5978 0.3490 18
0.0000 1.5098 -0.3251 -0.1896 2
0.0000 2.7884 -0.6008 0.4518 16
0.0000 2.1269 -0.4583 -0.1903 3
0.0000 2.7981 -0.6034 0.5564 18
0.0000 2.8465 -0.6144 -0.1526 13
0.0000 2.7905 -0.6028 0.6591 16
0.0000 2.8028 -0.6060 -0.0501 20
0.0000 2.9550 -0.6394 0.8101 2
0.0000 2.7921 -0.6083 0.0499 19
0.0000 0.7940 -0.1731 -0.1876 6
0.0000 2.7691 -0.6038 0.1485 17
0.0000 1.0319 -0.2252 -0.2053 2
0.0000 2.7971 -0.6109 0.2505 18
0.0000 1.1502 -0.2514 -0.1865 2
0.0000 2.7925 -0.6109 0.3510 17
0.0000 1.5087 -0.3303 -0.1896 2
0.0000 2.7768 -0.6080 0.4502 17
0.0000 2.1330 -0.4674 -0.1910 3
0.0000 2.8075 -0.6157 0.5587 16
0.0000 2.8462 -0.6247 -0.1527 13
0.0000 2.7808 -0.6109 0.6573 18
0.0000 2.7891 -0.6127 -0.0498 18
0.0000 3.1340 -0.6890 0.8598 1
0.0000 2.7959 -0.6188 0.0500 17
0.0000 0.8314 -0.1842 -0.1966 5
0.0000 2.7747 -0.6151 0.1489 18
0.0000 1.0350 -0.2296 -0.2061 2
0.0000 2.7833 -0.6181 0.2494 18
0.0000 1.1416 -0.2535 -0.1852 2
0.0000 2.7943 -0.6210 0.3515 18
0.0000 1.5328 -0.3409 -0.1928 2
0.0000 2.7785 -0.6185 0.4508 17
0.0000 2.1178 -0.4718 -0.1898 2
0.0000 2.8035 -0.6246 0.5583 19
0.0000 2.8481 -0.6350 -0.1529 13
0.0000 2.7883 -0.6222 0.6596 19
0.0000 2.7947 -0.6242 -0.0500 20
0.0000 3.0693 -0.6861 0.8427 1
0.0000 2.7898 -0.6277 0.0499 16
0.0000 0.8080 -0.1819 -0.1912 6
0.0000 2.7766 -0.6252 0.1492 17
0.0000 1.0342 -0.2331 -0.2061 2
0.0000 2.7812 -0.6273 0.2494 18
0.0000 1.1292 -0.2549 -0.1833 2
0.0000 2.7999 -0.6325 0.3524 18
0.0000 1.5219 -0.3441 -0.1916 2
0.0000 2.7841 -0.6295 0.4521 18
0.0000 2.1007 -0.4753 -0.1884 2
0.0000 2.7917 -0.6322 0.5564 20
0.0000 2.8517 -0.6463 -0.1532 10
0.0000 2.7861 -0.6320 0.6596 20
0.0000 2.8063 -0.6365 -0.0502 22
0.0000 3.0256 -0.6868 0.8313 1
0.0000 2.7877 -0.6369 0.0499 18
0.0000 0.7732 -0.1768 -0.1831 7
0.0000 2.7861 -0.6376 0.1498 18
0.0000 1.0334 -0.2367 -0.2061 2
0.0000 2.7926 -0.6401 0.2507 19
0.0000 1.1553 -0.2648 -0.1877 2
0.0000 2.7920 -0.6405 0.3517 16
0.0000 1.5169 -0.3482 -0.1911 2
0.0000 2.7896 -0.6410 0.4533 20
0.0000 2.1204 -0.4876 -0.1903 3
0.0000 2.7915 -0.6419 0.5568 20
0.0000 2.8339 -0.6522 -0.1524 8
0.0000 2.7897 -0.6425 0.6609 19
0.0000 2.7982 -0.6450 -0.0501 20
0.0000 3.0495 -0.7035 0.8386 1
0.0000 0.8299 -0.1925 -0.2283 5
0.0000 2.8011 -0.6503 0.0502 18
0.0000 0.8067 -0.1874 -0.1912 6
0.0000 2.7799 -0.6464 0.1496 16
0.0000 1.0211 -0.2376 -0.2038 2
0.0000 2.8060 -0.6530 0.2521 22
0.0000 1.1582 -0.2697 -0.1883 2
0.0000 2.7800 -0.6480 0.3505 17
0.0000 1.5040 -0.3508 -0.1896 2
0.0000 2.7989 -0.6534 0.4552 20
0.0000 2.1128 -0.4936 -0.1898 2
0.0000 2.8006 -0.6548 0.5591 20
0.0000 2.8101 -0.6576 -0.1513 6
0.0000 2.7779 -0.6500 0.6587 20
0.0000 2.7959 -0.6547 -0.0501 22
0.0000 2.9906 -0.7009 0.8230 1
0.0000 0.7352 -0.1734 -0.2024 7
0.0000 2.8006 -0.6610 0.0502 17
0.0000 0.8060 -0.1904 -0.1912 6
0.0000 2.7756 -0.6561 0.1495 16
0.0000 0.9973 -0.2359 -0.1992 2
0.0000 2.7978 -0.6619 0.2515 18
0.0000 1.1457 -0.2712 -0.1865 2
0.0000 2.7931 -0.6618 0.3524 17
0.0000 1.5182 -0.3600 -0.1916 3
0.0000 2.7850 -0.6609 0.4533 18
0.0000 2.1091 -0.5009 -0.1897 2
0.0000 2.8039 -0.6664 0.5602 19
0.0000 2.8038 -0.6669 -0.1510 8
0.0000 2.7888 -0.6634 0.6618 16
0.0000 2.7935 -0.6650 -0.0501 20
0.0000 2.9993 -0.7145 0.8262 1
0.0000 0.7345 -0.1761 -0.2024 7
0.0000 2.8040 -0.6727 0.0503 18
0.0000 0.7333 -0.1761 -0.1741 7
0.0000 2.7811 -0.6677 0.1499 18
0.0000 1.0194 -0.2449 -0.2038 2
0.0000 2.7876 -0.6703 0.2508 18
0.0000 1.1485 -0.2764 -0.1871 2
0.0000 2.7984 -0.6739 0.3534 18
0.0000 1.5073 -0.3630 -0.1904 2
0.0000 2.7865 -0.6715 0.4540 19
0.0000 2.1112 -0.5092 -0.1900 2
0.0000 2.8054 -0.6771 0.5610 19
0.0000 2.7646 -0.6678 -0.1491 5
0.0000 2.8016 -0.6767 0.6654 16
0.0000 2.7931 -0.6752 -0.0502 17
0.0000 2.9555 -0.7150 0.8148 1
0.0000 2.7979 -0.6810 0.0503 18
0.0000 0.7820 -0.1905 -0.1858 6
0.0000 2.7866 -0.6788 0.1503 20
0.0000 1.0033 -0.2446 -0.2007 2
0.0000 2.7989 -0.6828 0.2521 21
0.0000 1.1284 -0.2755 -0.1840 2
0.0000 2.8000 -0.6841 0.3539 18
0.0000 1.5099 -0.3689 -0.1908 2
0.0000 2.7996 -0.6845 0.4565 19
0.0000 2.0921 -0.5119 -0.1884 2
0.0000 2.7993 -0.6855 0.5602 18
0.0000 2.8012 -0.6865 0.6659 16
0.0000 2.8083 -0.6888 -0.0505 18
0.0000 2.8968 -0.7110 0.7992 1
0.0000 2.7917 -0.6893 0.0502 18
0.0000 0.7813 -0.1931 -0.1858 6
0.0000 2.7939 -0.6909 0.1508 19
0.0000 1.0101 -0.2498 -0.2023 2
0.0000 2.7908 -0.6907 0.2515 12
0.0000 1.1275 -0.2792 -0.1840 2
0.0000 2.7939 -0.6924 0.3534 18
0.0000 1.5163 -0.3761 -0.1918 3
0.0000 2.8029 -0.6957 0.4574 19
0.0000 2.1135 -0.5250 -0.1905 2
0.0000 2.7990 -0.6953 0.5606 19
0.0000 2.8045 -0.6977 0.6672 14
0.0000 2.8176 -0.7015 -0.0507 18
0.0000 2.8718 -0.7155 0.7930 1
0.0000 0.8264 -0.2071 -0.2283 5
0.0000 2.8068 -0.7034 0.0505 17
0.0000 0.8033 -0.2015 -0.1912 6
0.0000 2.7876 -0.6997 0.1506 19
0.0000 1.0168 -0.2554 -0.2038 2
0.0000 2.2550 -0.5668 0.2034 11
0.0000 1.1532 -0.2901 -0.1883 2
0.0000 1.4900 -0.3751 -0.1887 2
0.0000 2.8024 -0.7060 0.4577 17
0.0000 2.1155 -0.5333 -0.1909 2
0.0000 2.8021 -0.7070 0.5617 19
0.0000 2.7981 -0.7070 0.6663 14
0.0000 2.8112 -0.7103 -0.0506 20
0.0000 2.8730 -0.7265 0.7941 1
0.0000 2.8138 -0.7162 0.0507 18
0.0000 0.8026 -0.2044 -0.1912 6
0.0000 2.7851 -0.7094 0.1506 18
0.0000 1.0083 -0.2570 -0.2023 2
0.0000 2.2607 -0.5767 0.2041 14
0.0000 1.1484 -0.2932 -0.1877 2
0.0000 1.4905 -0.3810 -0.1889 2
0.0000 2.2507 -0.5754 0.3679 4
0.0000 2.1252 -0.5437 -0.1919 2
0.0000 2.8015 -0.7172 0.5621 7
0.0000 2.9041 -0.7440 -0.1571 12
0.0000 2.7881 -0.7148 0.6645 16
0.0000 2.8126 -0.7211 -0.0507 21
0.0000 2.8518 -0.7317 0.7889 1
0.0000 2.8153 -0.7265 0.0508 18
0.0000 0.7981 -0.2061 -0.1903 6
0.0000 2.7942 -0.7221 0.1513 17
0.0000 1.0150 -0.2625 -0.2038 2
0.0000 2.2760 -0.5890 0.2057 13
0.0000 1.1359 -0.2940 -0.1858 2
0.0000 2.2484 -0.5823 0.2852 16
0.0000 1.4931 -0.3870 -0.1894 2
0.0000 2.2314 -0.5788 0.3651 16
0.0000 2.1078 -0.5471 -0.1905 2
0.0000 2.2651 -0.5879 0.4549 14
0.0000 2.9113 -0.7562 -0.1576 10
0.0000 2.7669 -0.7192 0.6600 5
0.0000 2.8120 -0.7314 -0.0507 19
0.0000 2.7632 -0.7192 0.7651 1
0.0000 0.8242 -0.2156 -0.2283 5
0.0000 2.8031 -0.7338 0.0506 17
0.0000 0.8012 -0.2099 -0.1912 6
0.0000 2.7996 -0.7334 0.1517 17
0.0000 1.0217 -0.2678 -0.2053 2
0.0000 2.2895 -0.6006 0.2071 13
0.0000 1.1426 -0.3000 -0.1871 2
0.0000 2.2598 -0.5937 0.2869 16
0.0000 1.5052 -0.3957 -0.1911 2
0.0000 2.2429 -0.5897 0.3673 25
0.0000 2.0887 -0.5495 -0.1890 2
0.0000 2.2479 -0.5918 0.4518 21
0.0000 2.8912 -0.7617 -0.1567 8
0.0000 2.8192 -0.7433 -0.0509 18
0.0000 2.4040 -0.6343 0.6662 3
0.0000 2.8007 -0.7431 0.0506 19
0.0000 0.8005 -0.2125 -0.1912 6
0.0000 2.8008 -0.7442 0.1519 16
0.0000 1.0132 -0.2694 -0.2038 2
0.0000 2.3413 -0.6230 0.2120 8
0.0000 1.1339 -0.3017 -0.1858 2
0.0000 2.2463 -0.5981 0.2854 17
0.0000 1.5019 -0.4002 -0.1908 2
0.0000 2.2465 -0.5990 0.3682 18
0.0000 2.0925 -0.5583 -0.1895 2
0.0000 2.2554 -0.6018 0.4537 20
0.0000 2.8578 -0.7631 -0.1550 9
0.0000 2.2875 -0.6112 0.5466 20
0.0000 2.8147 -0.7526 -0.0509 17
0.0000 2.2898 -0.6127 0.6351 12
0.0000 0.8227 -0.2214 -0.2283 5
0.0000 2.8056 -0.7554 0.0507 17
0.0000 0.7997 -0.2155 -0.1912 6
0.0000 2.7944 -0.7529 0.1517 17
0.0000 1.0122 -0.2729 -0.2038 2
0.0000 2.4507 -0.6612 0.2221 20
0.0000 1.1290 -0.3048 -0.1852 2
0.0000 2.2594 -0.6105 0.2874 9
0.0000 1.5062 -0.4072 -0.1916 2
0.0000 2.2521 -0.6089 0.3695 24
0.0000 2.0925 -0.5662 -0.1897 2
0.0000 2.2627 -0.6126 0.4557 23
0.0000 2.8280 -0.7662 -0.1536 14
0.0000 2.2777 -0.6176 0.5448 18
0.0000 2.8294 -0.7671 -0.0512 18
0.0000 2.3045 -0.6252 0.6398 18
0.0000 2.8166 -0.7684 0.0510 18
0.0000 0.7764 -0.2120 -0.1858 6
0.0000 2.8071 -0.7669 0.1525 21
0.0000 0.9999 -0.2734 -0.2015 2
0.0000 2.4560 -0.6719 0.2228 18
0.0000 1.1204 -0.3065 -0.1840 2
0.0000 2.2593 -0.6185 0.2876 11
0.0000 1.4895 -0.4080 -0.1896 2
0.0000 2.2347 -0.6126 0.3670 19
0.0000 2.1039 -0.5772 -0.1909 2
0.0000 2.2606 -0.6201 0.4557 22
0.0000 2.8178 -0.7735 -0.1531 12
0.0000 2.2681 -0.6230 0.5430 19
0.0000 2.8228 -0.7760 -0.0511 20
0.0000 2.2892 -0.6297 0.6362 15
0.0000 2.8255 -0.7815 0.0512 20
0.0000 0.7945 -0.2199 -0.1903 6
0.0000 2.8121 -0.7788 0.1529 21
0.0000 1.0179 -0.2819 -0.2053 2
0.0000 2.4576 -0.6811 0.2231 27
0.0000 1.1307 -0.3136 -0.1858 2
0.0000 2.2074 -0.6126 0.2813 6
0.0000 1.4919 -0.4143 -0.1901 2
0.0000 2.1983 -0.6109 0.3614 11
0.0000 2.0750 -0.5770 -0.1884 2
0.0000 2.2622 -0.6291 0.4564 20
0.0000 2.2640 -0.6304 0.5426 17
0.0000 2.8336 -0.7896 -0.0513 19
0.0000 2.2684 -0.6325 0.6310 15
0.0000 2.8227 -0.7913 0.0512 21
0.0000 0.7261 -0.2037 -0.1741 7
0.0000 2.8152 -0.7902 0.1532 20
0.0000 0.9942 -0.2793 -0.2007 2
0.0000 2.4551 -0.6901 0.2231 34
0.0000 1.1295 -0.3177 -0.1858 2
0.0000 2.1574 -0.6068 0.2752 9
0.0000 1.4905 -0.4195 -0.1901 2
0.0000 2.1163 -0.5960 0.3482 17
0.0000 2.0711 -0.5837 -0.1883 2
0.0000 2.1749 -0.6134 0.4392 9
0.0000 2.6853 -0.7578 -0.1462 4
0.0000 2.2505 -0.6355 0.5399 16
0.0000 2.8289 -0.7989 -0.0513 20
0.0000 2.2587 -0.6383 0.6289 16
0.0000 2.8314 -0.8049 0.0514 21
0.0000 0.7254 -0.2064 -0.1741 7
0.0000 2.8278 -0.8044 0.1541 23
0.0000 0.9970 -0.2838 -0.2015 2
0.0000 2.4623 -0.7014 0.2240 22
0.0000 1.1246 -0.3206 -0.1852 2
0.0000 2.1266 -0.6066 0.2715 9
0.0000 1.5004 -0.4282 -0.1916 2
0.0000 2.1180 -0.6045 0.3488 21
0.0000 2.0710 -0.5915 -0.1884 2
0.0000 2.1180 -0.6053 0.4282 13
0.0000 2.8209 -0.8067 -0.1538 12
0.0000 2.1714 -0.6214 0.5214 13
0.0000 2.8376 -0.8121 -0.0515 20
0.0000 2.2491 -0.6441 0.6269 14
0.0000 2.8364 -0.8165 0.0515 21
0.0000 0.7921 -0.2282 -0.1903 6
0.0000 2.8115 -0.8104 0.1533 21
0.0000 1.0186 -0.2938 -0.2061 2
0.0000 2.4407 -0.7045 0.2222 14
0.0000 1.1311 -0.3265 -0.1865 2
0.0000 2.0864 -0.6026 0.2667 14
0.0000 1.4856 -0.4294 -0.1899 2
0.0000 2.1158 -0.6119 0.3488 23
0.0000 2.0899 -0.6048 -0.1903 2
0.0000 2.1197 -0.6134 0.4289 20
0.0000 2.8259 -0.8183 -0.1542 17
0.0000 2.1413 -0.6205 0.5147 16
0.0000 2.8348 -0.8220 -0.0515 20
0.0000 2.1763 -0.6315 0.6072 14
0.0000 2.8316 -0.8259 0.0515 21
0.0000 0.7726 -0.2255 -0.1858 6
0.0000 2.8163 -0.8225 0.1538 21
0.0000 0.9837 -0.2873 -0.1992 2
0.0000 2.4402 -0.7131 0.2224 17
0.0000 1.1338 -0.3315 -0.1871 1
0.0000 2.0938 -0.6127 0.2679 19
0.0000 1.4765 -0.4323 -0.1889 2
0.0000 2.1099 -0.6182 0.3482 29
0.0000 2.0803 -0.6095 -0.1897 2
0.0000 2.1345 -0.6258 0.4324 25
0.0000 2.8345 -0.8315 -0.1548 20
0.0000 2.1297 -0.6252 0.5124 24
0.0000 2.8338 -0.8324 -0.0516 21
0.0000 2.1648 -0.6363 0.6046 16
0.0000 2.8363 -0.8380 0.0516 23
0.0000 0.7942 -0.2348 -0.1912 6
0.0000 2.8211 -0.8346 0.1542 21
0.0000 0.9639 -0.2852 -0.1954 2
0.0000 2.4243 -0.7177 0.2212 12
0.0000 1.1364 -0.3366 -0.1877 2
0.0000 2.0936 -0.6205 0.2681 26
0.0000 1.4749 -0.4375 -0.1889 2
0.0000 2.1077 -0.6255 0.3482 29
0.0000 2.0648 -0.6128 -0.1884 2
0.0000 2.1248 -0.6310 0.4308 27
0.0000 2.8335 -0.8420 -0.1549 22
0.0000 2.1444 -0.6376 0.5165 26
0.0000 2.8290 -0.8417 -0.0515 20
0.0000 2.1404 -0.6373 0.5984 19
0.0000 2.8257 -0.8456 0.0515 25
0.0000 0.8158 -0.2443 -0.1966 5
0.0000 2.8297 -0.8479 0.1548 21
0.0000 1.0306 -0.3088 -0.2091 2
0.0000 2.8207 -0.8457 0.2576 18
0.0000 1.1352 -0.3406 -0.1877 2
0.0000 2.1047 -0.6318 0.2698 20
0.0000 1.4734 -0.4426 -0.1889 2
0.0000 2.1244 -0.6386 0.3514 18
0.0000 2.0720 -0.6232 -0.1893 3
0.0000 2.1207 -0.6379 0.4305 26
0.0000 2.8363 -0.8536 -0.1552 23
0.0000 2.1459 -0.6462 0.5174 32
0.0000 2.8433 -0.8568 -0.0518 21
0.0000 2.1344 -0.6436 0.5974 19
0.0000 2.8189 -0.8543 0.0514 20
0.0000 0.7217 -0.2189 -0.1741 7
0.0000 2.8248 -0.8572 0.1547 22
0.0000 1.0295 -0.3126 -0.2091 2
0.0000 2.8405 -0.8630 0.2597 21
0.0000 1.1075 -0.3367 -0.1833 2
0.0000 2.0930 -0.6363 0.2686 18
0.0000 1.4794 -0.4501 -0.1899 2
0.0000 2.1146 -0.6437 0.3501 17
0.0000 2.0737 -0.6316 -0.1897 3
0.0000 2.1240 -0.6473 0.4316 24
0.0000 2.8274 -0.8623 -0.1549 22
0.0000 2.1547 -0.6575 0.5201 21
0.0000 2.8422 -0.8673 -0.0519 21
0.0000 2.1433 -0.6544 0.6005 23
0.0000 0.7693 -0.2364 -0.1858 6
0.0000 2.8218 -0.8670 0.1547 22
0.0000 1.0284 -0.3162 -0.2091 2
0.0000 2.8412 -0.8741 0.2601 21
0.0000 1.1101 -0.3417 -0.1840 2
0.0000 2.0906 -0.6440 0.2686 24
0.0000 1.4740 -0.4543 -0.1894 2
0.0000 2.1162 -0.6522 0.3507 17
0.0000 2.0753 -0.6400 -0.1900 3
0.0000 2.1367 -0.6594 0.4347 19
0.0000 2.8377 -0.8762 -0.1556 22
0.0000 2.1393 -0.6610 0.5169 22
0.0000 2.8544 -0.8819 -0.0521 21
0.0000 2.1483 -0.6642 0.6025 20
0.0000 2.6334 -0.8182 0.0481 1
0.0000 0.7685 -0.2389 -0.1858 6
0.0000 2.8244 -0.8786 0.1550 21
0.0000 1.0272 -0.3198 -0.2091 2
0.0000 2.8439 -0.8858 0.2606 20
0.0000 1.1354 -0.3536 -0.1883 2
0.0000 2.0999 -0.6544 0.2701 25
0.0000 1.4763 -0.4604 -0.1899 2
0.0000 2.1101 -0.6584 0.3501 19
0.0000 2.0825 -0.6502 -0.1909 5
0.0000 2.1495 -0.6711 0.4377 19
0.0000 2.8405 -0.8874 -0.1560 20
0.0000 2.1371 -0.6681 0.5169 21
0.0000 2.8437 -0.8895 -0.0520 9
0.0000 2.1497 -0.6729 0.6036 24
0.0000 2.5809 -0.8118 0.0472 1
0.0000 0.7863 -0.2475 -0.1903 6
0.0000 2.8348 -0.8922 0.1558 23
0.0000 1.0262 -0.3232 -0.2091 2
0.0000 2.8390 -0.8946 0.2604 9
0.0000 1.1492 -0.3623 -0.1909 2
0.0000 2.0995 -0.6624 0.2703 21
0.0000 1.4936 -0.4715 -0.1923 2
0.0000 2.1173 -0.6684 0.3517 17
0.0000 2.0651 -0.6523 -0.1895 3
0.0000 2.1546 -0.6810 0.4392 19
0.0000 2.8355 -0.8967 -0.1559 6
0.0000 2.1478 -0.6797 0.5201 22
0.0000 2.3374 -0.7397 -0.0428 2
0.0000 2.1364 -0.6765 0.6005 18
0.0000 2.5668 -0.8167 0.0470 1
0.0000 0.7669 -0.2442 -0.1858 6
0.0000 2.8412 -0.9051 0.1563 24
0.0000 1.0101 -0.3220 -0.2061 2
0.0000 2.3272 -0.7422 0.2137 3
0.0000 1.1217 -0.3577 -0.1865 2
0.0000 2.1199 -0.6766 0.2732 16
0.0000 1.4769 -0.4716 -0.1904 2
0.0000 2.1244 -0.6788 0.3532 17
0.0000 2.0420 -0.6529 -0.1876 3
0.0000 2.1337 -0.6822 0.4354 26
0.0000 2.6385 -0.8441 -0.1452 1
0.0000 2.1622 -0.6921 0.5241 18
0.0000 2.5081 -0.8033 -0.0460 1
0.0000 2.1451 -0.6875 0.6036 20
0.0000 2.5373 -0.8171 0.0465 2
0.0000 0.8106 -0.2612 -0.1966 5
0.0000 2.8380 -0.9150 0.1563 21
0.0000 0.9829 -0.3169 -0.2007 2
0.0000 2.7949 -0.9017 0.2569 9
0.0000 1.1054 -0.3568 -0.1840 2
0.0000 2.1157 -0.6833 0.2730 16
0.0000 1.4866 -0.4804 -0.1918 2
0.0000 2.1333 -0.6899 0.3551 20
0.0000 2.0626 -0.6670 -0.1897 3
0.0000 2.1556 -0.6975 0.4404 20
0.0000 2.1709 -0.7033 0.5268 18
0.0000 2.5795 -0.8361 -0.0473 3
0.0000 2.1574 -0.6997 0.6077 20
0.0000 2.5420 -0.8284 0.0467 3
0.0000 0.7837 -0.2555 -0.1903 6
0.0000 2.8234 -0.9212 0.1556 21
0.0000 1.0079 -0.3288 -0.2061 2
0.0000 2.8524 -0.9312 0.2625 22
0.0000 1.1266 -0.3680 -0.1877 2
0.0000 2.1057 -0.6883 0.2720 18
0.0000 1.4547 -0.4757 -0.1879 2
0.0000 2.1421 -0.7010 0.3570 23
0.0000 2.0678 -0.6767 -0.1903 3
0.0000 2.1568 -0.7062 0.4412 21
0.0000 2.2150 -0.7257 -0.1222 1
0.0000 2.1629 -0.7090 0.5255 19
0.0000 2.5613 -0.8401 -0.0471 4
0.0000 2.1696 -0.7121 0.6118 12
0.0000 0.8091 -0.2667 -0.2283 5
0.0000 2.4935 -0.8222 0.0458 1
0.0000 2.8259 -0.9329 0.1560 12
0.0000 0.9955 -0.3287 -0.2038 2
0.0000 1.1253 -0.3720 -0.1877 2
0.0000 2.1354 -0.7062 0.2762 16
0.0000 1.4681 -0.4858 -0.1899 2
0.0000 2.1359 -0.7072 0.3564 21
0.0000 2.0541 -0.6801 -0.1893 3
0.0000 2.1693 -0.7187 0.4442 18
0.0000 2.2503 -0.7460 -0.1242 1
0.0000 2.1752 -0.7215 0.5291 15
0.0000 2.5565 -0.8484 -0.0470 7
0.0000 2.1469 -0.7129 0.6062 13
0.0000 2.3484 -0.7835 0.0432 4
0.0000 0.7819 -0.2610 -0.1903 6
0.0000 2.2960 -0.7669 0.1269 2
0.0000 0.9869 -0.3296 -0.2023 2
0.0000 2.3923 -0.7995 0.2207 1
0.0000 1.1297 -0.3778 -0.1887 2
0.0000 2.1404 -0.7162 0.2771 14
0.0000 1.4570 -0.4878 -0.1887 2
0.0000 2.1503 -0.7203 0.3592 13
0.0000 2.0403 -0.6835 -0.1883 3
0.0000 2.1798 -0.7306 0.4469 18
0.0000 2.5772 -0.8643 -0.1425 1
0.0000 2.2022 -0.7390 0.5363 6
0.0000 2.5042 -0.8408 -0.0461 1
0.0000 2.1169 -0.7112 0.5984 19
0.0000 2.4858 -0.8390 0.0458 9
0.0000 0.7145 -0.2413 -0.1741 7
0.0000 2.3084 -0.7800 0.1277 1
0.0000 1.0044 -0.3394 -0.2061 2
0.0000 2.1536 -0.7281 0.1989 2
0.0000 1.1190 -0.3785 -0.1871 2
0.0000 2.1811 -0.7383 0.2827 12
0.0000 1.4609 -0.4948 -0.1894 2
0.0000 2.2357 -0.7576 0.3739 16
0.0000 2.0304 -0.6880 -0.1876 3
0.0000 2.2720 -0.7704 0.4663 21
0.0000 2.5666 -0.8707 -0.1420 1
0.0000 2.1480 -0.7291 0.5237 9
0.0000 2.3611 -0.8020 -0.0435 1
0.0000 2.1163 -0.7192 0.5989 20
0.0000 2.3902 -0.8160 0.0441 1
0.0000 0.7837 -0.2677 -0.1912 6
0.0000 2.3133 -0.7907 0.1281 1
0.0000 0.9772 -0.3340 -0.2007 2
0.0000 2.1793 -0.7453 0.2015 9
0.0000 1.1251 -0.3850 -0.1883 2
0.0000 2.2086 -0.7562 0.2866 19
0.0000 1.4592 -0.4999 -0.1894 2
0.0000 2.2573 -0.7737 0.3779 16
0.0000 2.0449 -0.7009 -0.1891 3
0.0000 2.2842 -0.7834 0.4694 22
0.0000 2.5258 -0.8667 -0.1399 1
0.0000 2.1177 -0.7271 0.5169 13
0.0000 2.5550 -0.8778 -0.0472 1
0.0000 2.1211 -0.7291 0.6010 17
0.0000 2.4024 -0.8296 0.0444 1
0.0000 0.7828 -0.2705 -0.1912 6
0.0000 2.2653 -0.7827 0.1256 2
0.0000 1.0168 -0.3515 -0.2091 2
0.0000 2.1880 -0.7568 0.2025 13
0.0000 1.1163 -0.3863 -0.1871 2
0.0000 2.2078 -0.7645 0.2869 22
0.0000 1.4519 -0.5028 -0.1887 2
0.0000 2.2566 -0.7819 0.3783 18
0.0000 2.0368 -0.7061 -0.1886 3
0.0000 2.2777 -0.7901 0.4686 29
0.0000 2.5227 -0.8755 -0.1399 1
0.0000 2.1006 -0.7290 0.5133 17
0.0000 2.5521 -0.8862 -0.0472 1
0.0000 2.1132 -0.7342 0.5994 19
0.0000 2.4714 -0.8626 0.0457 1
0.0000 0.7120 -0.2486 -0.1741 7
0.0000 2.2778 -0.7954 0.1264 1
0.0000 0.9823 -0.3432 -0.2023 2
0.0000 2.2024 -0.7700 0.2041 19
0.0000 1.1001 -0.3848 -0.1846 2
0.0000 2.2072 -0.7725 0.2871 23
0.0000 1.4465 -0.5063 -0.1882 2
0.0000 2.2466 -0.7867 0.3770 17
0.0000 2.0477 -0.7175 -0.1898 3
0.0000 2.2881 -0.8022 0.4713 32
0.0000 2.5198 -0.8839 -0.1399 1
0.0000 2.1110 -0.7405 0.5165 11
0.0000 2.5133 -0.8821 -0.0465 2
0.0000 2.1071 -0.7400 0.5984 16
0.0000 2.4685 -0.8708 0.0457 1
0.0000 0.7112 -0.2510 -0.1741 7
0.0000 2.3203 -0.8189 0.1290 1
0.0000 0.9589 -0.3386 -0.1977 2
0.0000 2.1848 -0.7720 0.2027 18
0.0000 1.1137 -0.3937 -0.1871 2
0.0000 2.2065 -0.7805 0.2874 20
0.0000 1.4541 -0.5144 -0.1894 2
0.0000 2.2477 -0.7955 0.3776 19
0.0000 2.0284 -0.7183 -0.1883 3
0.0000 2.2965 -0.8137 0.4736 34
0.0000 2.5018 -0.8869 -0.1391 1
0.0000 2.0884 -0.7404 0.5115 13
0.0000 2.5330 -0.8985 -0.0469 2
0.0000 2.0919 -0.7424 0.5948 19
0.0000 2.3262 -0.8293 0.0431 1
0.0000 0.7581 -0.2704 -0.1858 6
0.0000 2.3120 -0.8246 0.1286 3
0.0000 0.9652 -0.3445 -0.1992 2
0.0000 2.1991 -0.7852 0.2043 17
0.0000 1.1087 -0.3961 -0.1865 2
0.0000 2.2039 -0.7878 0.2874 22
0.0000 1.4543 -0.5198 -0.1896 2
0.0000 2.2487 -0.8043 0.3783 19
0.0000 2.0147 -0.7210 -0.1872 3
0.0000 2.2790 -0.8160 0.4705 34
0.0000 2.5026 -0.8966 -0.1393 2
0.0000 2.0987 -0.7519 0.5147 41
0.0000 2.4980 -0.8954 -0.0463 1
0.0000 2.0821 -0.7467 0.5927 17
0.0000 2.4226 -0.8746 0.0450 9
0.0000 0.7753 -0.2800 -0.1903 6
0.0000 2.8609 -1.0334 0.1594 20
0.0000 1.0007 -0.3617 -0.2068 2
0.0000 2.2128 -0.8001 0.2059 20
0.0000 1.0997 -0.3979 -0.1852 2
0.0000 2.2063 -0.7987 0.2881 18
0.0000 1.4428 -0.5223 -0.1884 2
0.0000 2.2436 -0.8126 0.3779 19
0.0000 2.0343 -0.7372 -0.1893 3
0.0000 2.2720 -0.8238 0.4698 32
0.0000 2.4915 -0.9039 -0.1389 1
0.0000 2.0994 -0.7616 0.5156 24
0.0000 2.4981 -0.9068 -0.0464 3
0.0000 2.0864 -0.7577 0.5948 21
0.0000 0.8004 -0.2918 -0.2283 5
0.0000 2.4422 -0.8908 0.0454 8
0.0000 0.7085 -0.2586 -0.1741 7
0.0000 2.8387 -1.0360 0.1584 19
0.0000 0.9922 -0.3623 -0.2053 2
0.0000 2.2251 -0.8129 0.2073 19
0.0000 1.1206 -0.4096 -0.1890 2
0.0000 2.1999 -0.8046 0.2876 26
0.0000 1.4560 -0.5325 -0.1904 2
0.0000 2.2446 -0.8214 0.3786 25
0.0000 2.0318 -0.7439 -0.1893 3
0.0000 2.2693 -0.8313 0.4698 27
0.0000 2.4847 -0.9108 -0.1387 1
0.0000 2.1042 -0.7713 0.5174 30
0.0000 2.4988 -0.9164 -0.0465 1
0.0000 2.0875 -0.7660 0.5958 18
0.0000 2.4486 -0.9024 0.0456 2
0.0000 0.7551 -0.2784 -0.1858 6
0.0000 2.8444 -1.0494 0.1589 20
0.0000 0.9688 -0.3574 -0.2007 2
0.0000 2.2168 -0.8183 0.2067 19
0.0000 1.0859 -0.4010 -0.1833 2
0.0000 2.2065 -0.8153 0.2888 22
0.0000 1.4542 -0.5376 -0.1904 2
0.0000 2.2380 -0.8279 0.3779 22
0.0000 2.0293 -0.7507 -0.1893 3
0.0000 2.2518 -0.8334 0.4667 12
0.0000 2.4967 -0.9245 -0.1395 1
0.0000 2.0978 -0.7772 0.5165 22
0.0000 2.4319 -0.9015 -0.0453 1
0.0000 2.0975 -0.7780 0.5994 19
0.0000 2.4623 -0.9172 0.0459 1
0.0000 0.7980 -0.2974 -0.1966 5
0.0000 2.8539 -1.0642 0.1596 21
0.0000 0.9749 -0.3635 -0.2023 2
0.0000 2.2176 -0.8274 0.2071 22
0.0000 1.1141 -0.4159 -0.1883 2
0.0000 2.2148 -0.8272 0.2903 28
0.0000 1.4486 -0.5413 -0.1899 2
0.0000 2.2259 -0.8322 0.3764 19
0.0000 2.0136 -0.7529 -0.1881 2
0.0000 2.1808 -0.8158 0.4526 12
0.0000 2.4859 -0.9304 -0.1391 1
0.0000 2.1279 -0.7969 0.5246 18
0.0000 2.4063 -0.9016 -0.0449 1
0.0000 2.1400 -0.8022 0.6124 17
0.0000 2.4703 -0.9300 0.0461 2
0.0000 0.7714 -0.2906 -0.1903 6
0.0000 2.8613 -1.0784 0.1603 21
0.0000 0.9737 -0.3669 -0.2023 2
0.0000 2.1998 -0.8295 0.2057 15
0.0000 1.1015 -0.4156 -0.1865 2
0.0000 2.1933 -0.8279 0.2879 14
0.0000 1.4615 -0.5520 -0.1918 2
0.0000 2.1731 -0.8211 0.3679 13
0.0000 2.0091 -0.7592 -0.1879 2
0.0000 2.1467 -0.8116 0.4461 19
0.0000 2.5387 -0.9603 -0.1422 1
0.0000 2.1379 -0.8091 0.5277 18
0.0000 2.4910 -0.9433 -0.0465 4
0.0000 2.1462 -0.8131 0.6150 19
0.0000 2.4465 -0.9308 0.0457 2
0.0000 0.7704 -0.2933 -0.1903 6
0.0000 2.8650 -1.0912 0.1607 21
0.0000 0.9650 -0.3676 -0.2007 2
0.0000 2.1653 -0.8251 0.2027 14
0.0000 1.0964 -0.4180 -0.1858 2
0.0000 2.1515 -0.8207 0.2827 16
0.0000 1.4577 -0.5564 -0.1916 2
0.0000 2.1554 -0.8231 0.3654 19
0.0000 2.0344 -0.7769 -0.1905 2
0.0000 2.1567 -0.8240 0.4488 17
0.0000 2.5167 -0.9620 -0.1412 1
0.0000 2.1350 -0.8166 0.5277 20
0.0000 2.4951 -0.9548 -0.0466 4
0.0000 2.1578 -0.8261 0.6191 23
0.0000 2.4153 -0.9286 0.0452 9
0.0000 0.7694 -0.2959 -0.1903 6
0.0000 2.8575 -1.0997 0.1605 21
0.0000 1.0004 -0.3850 -0.2084 2
0.0000 2.1549 -0.8298 0.2020 19
0.0000 1.0949 -0.4218 -0.1858 2
0.0000 2.1375 -0.8239 0.2813 16
0.0000 1.4410 -0.5557 -0.1896 2
0.0000 2.1452 -0.8278 0.3642 23
0.0000 1.9999 -0.7721 -0.1876 3
0.0000 2.1502 -0.8301 0.4480 22
0.0000 2.5841 -0.9982 -0.1452 1
0.0000 2.1213 -0.8198 0.5250 19
0.0000 2.5049 -0.9686 -0.0469 3
0.0000 2.1675 -0.8385 0.6227 23
0.0000 2.4344 -0.9457 0.0456 3
0.0000 0.7683 -0.2986 -0.1903 6
0.0000 2.8573 -1.1112 0.1607 19
0.0000 0.9697 -0.3773 -0.2023 2
0.0000 2.1537 -0.8384 0.2022 21
0.0000 1.1026 -0.4294 -0.1874 2
0.0000 2.1420 -0.8343 0.2822 21
0.0000 1.4372 -0.5600 -0.1894 2
0.0000 2.1331 -0.8316 0.3626 30
0.0000 2.0047 -0.7820 -0.1883 3
0.0000 2.1599 -0.8430 0.4507 17
0.0000 2.1164 -0.8269 0.5246 20
0.0000 2.5070 -0.9795 -0.0470 5
0.0000 2.1789 -0.8517 0.6269 20
0.0000 2.4551 -0.9641 0.0460 2
0.0000 0.7491 -0.2943 -0.1858 6
0.0000 2.8646 -1.1255 0.1613 19
0.0000 0.9501 -0.3735 -0.1984 2
0.0000 2.1397 -0.8415 0.2012 22
0.0000 1.0974 -0.4318 -0.1868 2
0.0000 2.1371 -0.8414 0.2820 16
0.0000 1.4278 -0.5621 -0.1884 2
0.0000 2.1283 -0.8384 0.3623 28
0.0000 1.9908 -0.7846 -0.1872 3
0.0000 2.1606 -0.8520 0.4515 20
0.0000 2.1282 -0.8396 0.5282 17
0.0000 2.5036 -0.9882 -0.0470 3
0.0000 2.1652 -0.8551 0.6238 19
0.0000 2.4482 -0.9708 0.0460 1
0.0000 0.7481 -0.2968 -0.1858 6
0.0000 2.8683 -1.1379 0.1617 19
0.0000 0.9781 -0.3882 -0.2045 2
0.0000 2.1406 -0.8501 0.2015 26
0.0000 1.0886 -0.4326 -0.1855 2
0.0000 2.1380 -0.8499 0.2825 20
0.0000 1.4315 -0.5691 -0.1891 2
0.0000 2.1402 -0.8513 0.3648 32
0.0000 1.9882 -0.7912 -0.1872 3
0.0000 2.1505 -0.8562 0.4499 16
0.0000 2.1344 -0.8503 0.5304 16
0.0000 2.5003 -0.9965 -0.0470 1
0.0000 2.1533 -0.8587 0.6212 12
0.0000 0.7910 -0.3165 -0.2283 5
0.0000 2.4783 -0.9923 0.0466 1
0.0000 0.7688 -0.3080 -0.1912 6
0.0000 2.8699 -1.1502 0.1620 18
0.0000 0.9549 -0.3827 -0.2000 2
0.0000 2.1303 -0.8542 0.2008 24
0.0000 1.0743 -0.4310 -0.1833 2
0.0000 2.1370 -0.8578 0.2827 17
0.0000 1.4276 -0.5733 -0.1889 2
0.0000 2.1372 -0.8587 0.3648 28
0.0000 1.9929 -0.8008 -0.1879 3
0.0000 2.1549 -0.8663 0.4515 16
0.0000 2.2366 -0.8995 -0.1263 1
0.0000 2.1749 -0.8752 0.5412 13
0.0000 2.8085 -1.1307 -0.0528 2
0.0000 2.1593 -0.8698 0.6238 14
0.0000 2.5379 -1.0264 0.0478 1
0.0000 0.7461 -0.3019 -0.1858 6
0.0000 2.8658 -1.1602 0.1620 20
0.0000 0.9608 -0.3890 -0.2015 2
0.0000 2.1329 -0.8639 0.2013 29
0.0000 1.0911 -0.4422 -0.1865 2
0.0000 2.1193 -0.8593 0.2808 23
0.0000 1.4183 -0.5753 -0.1879 2
0.0000 2.1452 -0.8706 0.3667 25
0.0000 2.0012 -0.8122 -0.1890 3
0.0000 2.1610 -0.8775 0.4534 15
0.0000 2.2205 -0.9021 -0.1256 4
0.0000 2.2512 -0.9150 0.5610 14
0.0000 2.8897 -1.1752 -0.0545 23
0.0000 2.3083 -0.9392 0.6678 12
0.0000 2.6898 -1.0988 0.0507 1
0.0000 0.7414 -0.3030 -0.1849 6
0.0000 2.8636 -1.1709 0.1621 19
0.0000 0.9486 -0.3879 -0.1992 2
0.0000 2.1170 -0.8661 0.2001 26
0.0000 1.0969 -0.4490 -0.1877 2
0.0000 2.1236 -0.8697 0.2818 18
0.0000 1.4199 -0.5818 -0.1884 2
0.0000 2.1312 -0.8736 0.3648 25
0.0000 1.9984 -0.8192 -0.1890 3
0.0000 2.1815 -0.8947 0.4583 15
0.0000 2.8825 -1.1828 -0.1633 14
0.0000 2.3994 -0.9851 0.5988 16
0.0000 2.8763 -1.1814 -0.0543 21
0.0000 2.3747 -0.9759 0.6879 31
0.0000 2.8468 -1.1745 0.0538 3
0.0000 0.7331 -0.3026 -0.1831 7
0.0000 2.8650 -1.1832 0.1625 18
0.0000 0.9327 -0.3852 -0.1962 2
0.0000 2.1158 -0.8742 0.2003 31
0.0000 1.0807 -0.4468 -0.1852 2
0.0000 2.1187 -0.8763 0.2815 21
0.0000 1.4215 -0.5882 -0.1889 2
0.0000 2.1372 -0.8848 0.3664 18
0.0000 1.9679 -0.8147 -0.1863 3
0.0000 2.1893 -0.9068 0.4606 7
0.0000 2.8857 -1.1959 -0.1637 18
0.0000 2.4050 -0.9972 0.6011 24
0.0000 2.8814 -1.1953 -0.0545 22
0.0000 2.3338 -0.9686 0.6771 21
0.0000 2.8648 -1.1937 0.0542 4
0.0000 0.7644 -0.3187 -0.1912 6
0.0000 2.8701 -1.1971 0.1630 18
0.0000 0.9531 -0.3975 -0.2007 2
0.0000 2.1201 -0.8847 0.2010 28
0.0000 1.0682 -0.4460 -0.1833 2
0.0000 2.1248 -0.8875 0.2827 18
0.0000 1.4305 -0.5978 -0.1904 2
0.0000 2.1433 -0.8961 0.3679 19
0.0000 1.9705 -0.8239 -0.1869 3
0.0000 2.8944 -1.2114 -0.1644 20
0.0000 2.4231 -1.0146 0.6065 39
0.0000 2.8938 -1.2123 -0.0548 21
0.0000 2.3037 -0.9656 0.6693 27
0.0000 2.8754 -1.2099 0.0545 19
0.0000 0.7382 -0.3108 -0.1849 6
0.0000 2.8659 -1.2071 0.1630 18
0.0000 0.9336 -0.3932 -0.1969 2
0.0000 2.1169 -0.8921 0.2010 29
0.0000 1.0776 -0.4543 -0.1852 2
0.0000 2.1180 -0.8934 0.2822 18
0.0000 1.4430 -0.6090 -0.1923 2
0.0000 2.1529 -0.9090 0.3701 15
0.0000 1.9713 -0.8323 -0.1872 3
0.0000 2.9244 -1.2353 0.6171 15
0.0000 2.8755 -1.2152 -0.1636 18
0.0000 2.4321 -1.0283 0.6096 48
0.0000 2.8896 -1.2224 -0.0548 21
0.0000 2.2790 -0.9646 0.6631 29
0.0000 2.8674 -1.2183 0.0544 19
0.0000 0.7479 -0.3179 -0.1876 6
0.0000 2.8672 -1.2194 0.1633 18
0.0000 0.9648 -0.4103 -0.2038 2
0.0000 2.1230 -0.9033 0.2019 24
0.0000 1.0760 -0.4581 -0.1852 2
0.0000 2.1112 -0.8992 0.2818 18
0.0000 1.4263 -0.6078 -0.1904 2
0.0000 1.9684 -0.8392 -0.1872 3
0.0000 2.9273 -1.2486 0.6186 9
0.0000 2.8712 -1.2253 -0.1636 18
0.0000 2.4410 -1.0422 0.6128 57
0.0000 2.8872 -1.2333 -0.0548 20
0.0000 2.1815 -0.9323 0.6357 18
0.0000 2.8834 -1.2370 0.0548 19
0.0000 0.7396 -0.3174 -0.1858 6
0.0000 2.8647 -1.2302 0.1634 19
0.0000 0.9561 -0.4106 -0.2023 2
0.0000 2.1198 -0.9107 0.2019 26
0.0000 1.0853 -0.4665 -0.1871 2
0.0000 2.1245 -0.9136 0.2840 12
0.0000 1.4314 -0.6159 -0.1913 2
0.0000 2.9248 -1.2590 0.5043 1
0.0000 1.9801 -0.8524 -0.1886 3
0.0000 2.8889 -1.2448 -0.1649 19
0.0000 2.4409 -1.0522 0.6137 57
0.0000 2.8865 -1.2449 -0.0549 22
0.0000 2.1835 -0.9422 0.6372 22
0.0000 0.7818 -0.3385 -0.2283 5
0.0000 2.8937 -1.2534 0.0550 20
0.0000 0.7456 -0.3231 -0.1876 6
0.0000 2.8751 -1.2465 0.1642 19
0.0000 0.9366 -0.4061 -0.1984 2
0.0000 2.1002 -0.9110 0.2003 16
0.0000 1.0728 -0.4656 -0.1852 2
0.0000 2.1941 -0.9527 0.2937 15
0.0000 1.4183 -0.6161 -0.1899 2
0.0000 2.9150 -1.2669 0.5034 1
0.0000 1.9607 -0.8521 -0.1870 3
0.0000 2.8969 -1.2596 0.6140 27
0.0000 2.8937 -1.2588 -0.1654 20
0.0000 2.4408 -1.0623 0.6146 57
0.0000 2.8858 -1.2566 -0.0549 20
0.0000 2.1802 -0.9498 0.6372 17
0.0000 2.8857 -1.2619 0.0550 19
0.0000 0.7373 -0.3226 -0.1858 6
0.0000 2.8817 -1.2614 0.1649 19
0.0000 0.9532 -0.4172 -0.2023 2
0.0000 2.0933 -0.9167 0.1999 5
0.0000 1.0711 -0.4693 -0.1852 2
0.0000 2.8926 -1.2680 0.3878 20
0.0000 1.4198 -0.6227 -0.1904 2
0.0000 2.9160 -1.2794 0.5043 1
0.0000 1.9613 -0.8606 -0.1874 2
0.0000 2.9086 -1.2768 0.6175 33
0.0000 2.8985 -1.2729 -0.1659 19
0.0000 2.4371 -1.0708 0.6146 46
0.0000 2.8887 -1.2699 -0.0551 20
0.0000 2.1433 -0.9426 0.6274 18
0.0000 2.8849 -1.2736 0.0550 19
0.0000 0.7540 -0.3330 -0.1903 6
0.0000 2.8812 -1.2725 0.1651 19
0.0000 0.9841 -0.4348 -0.2091 2
0.0000 1.0623 -0.4698 -0.1840 2
0.0000 2.8772 -1.2732 0.3863 20
0.0000 1.4140 -0.6260 -0.1899 2
0.0000 2.9207 -1.2931 0.5059 1
0.0000 1.9620 -0.8690 -0.1877 2
0.0000 2.9149 -1.2917 0.6197 27
0.0000 2.8867 -1.2798 -0.1655 18
0.0000 2.4262 -1.0762 0.6128 42
0.0000 2.8936 -1.2835 -0.0553 21
0.0000 2.1331 -0.9466 0.6253 21
0.0000 2.8916 -1.2880 0.0553 19
0.0000 0.7423 -0.3308 -0.1876 6
0.0000 2.8694 -1.2793 0.1646 19
0.0000 0.9682 -0.4319 -0.2061 2
0.0000 2.8856 -1.2878 0.2765 16
0.0000 1.0679 -0.4766 -0.1852 2
0.0000 2.8784 -1.2852 0.3871 18
0.0000 1.4047 -0.6275 -0.1889 2
0.0000 2.9523 -1.3194 0.5122 1
0.0000 1.9644 -0.8783 -0.1883 3
0.0000 2.9339 -1.3118 0.6247 18
0.0000 2.8934 -1.2943 -0.1661 18
0.0000 2.3622 -1.0571 0.5975 26
0.0000 2.9019 -1.2993 -0.0555 22
0.0000 2.1351 -0.9564 0.6269 23
0.0000 0.7771 -0.3492 -0.2283 5
0.0000 2.8944 -1.3014 0.0554 20
0.0000 0.7411 -0.3334 -0.1876 6
0.0000 2.8724 -1.2921 0.1651 19
0.0000 0.9345 -0.4206 -0.1992 2
0.0000 2.8995 -1.3055 0.2782 22
0.0000 1.0842 -0.4884 -0.1883 2
0.0000 2.8975 -1.3058 0.3902 19
0.0000 1.4061 -0.6340 -0.1894 2
0.0000 3.0073 -1.3560 0.5225 3
0.0000 1.9524 -0.8807 -0.1874 2
0.0000 2.9365 -1.3253 0.6262 20
0.0000 2.9016 -1.3101 -0.1668 16
0.0000 2.3656 -1.0686 0.5993 13
0.0000 2.8830 -1.3023 -0.0552 22
0.0000 2.1460 -0.9698 0.6310 19
0.0000 2.8992 -1.3151 0.0556 18
0.0000 0.7400 -0.3358 -0.1876 6
0.0000 2.8843 -1.3096 0.1660 18
0.0000 0.9331 -0.4238 -0.1992 2
0.0000 2.8859 -1.3115 0.2773 18
0.0000 1.0646 -0.4838 -0.1852 2
0.0000 2.8967 -1.3171 0.3907 15
0.0000 1.3968 -0.6354 -0.1884 2
0.0000 3.0080 -1.3689 0.5234 2
0.0000 1.9348 -0.8809 -0.1860 2
0.0000 2.9374 -1.3374 0.6274 14
0.0000 2.9081 -1.3247 -0.1675 15
0.0000 2.1226 -0.9673 0.5385 4
0.0000 2.8875 -1.3165 -0.0554 20
0.0000 2.1074 -0.9613 0.6206 20
0.0000 2.9014 -1.3296 0.0557 3
0.0000 0.7387 -0.3387 -0.1876 6
0.0000 0.9315 -0.4273 -0.1992 2
0.0000 1.0592 -0.4863 -0.1846 2
0.0000 1.4033 -0.6449 -0.1896 2
0.0000 1.9424 -0.8930 -0.1870 2
0.0000 2.9234 -1.3446 0.6255 6
0.0000 2.0658 -0.9510 0.5250 19
0.0000 2.0617 -0.9496 0.6082 31
0.0000 0.7199 -0.3329 -0.1831 7
0.0000 1.8199 -0.8421 0.1051 1
0.0000 0.9158 -0.4239 -0.1962 2
0.0000 1.7862 -0.8272 0.1722 1
0.0000 1.0755 -0.4981 -0.1877 2
0.0000 1.7525 -0.8120 0.2372 2
0.0000 1.4120 -0.6545 -0.1911 2
0.0000 1.7741 -0.8228 0.3097 2
0.0000 1.8977 -0.8805 -0.1830 2
0.0000 2.9599 -1.3733 0.6342 2
0.0000 1.7881 -0.8300 -0.1033 1
0.0000 2.0661 -0.9595 0.5259 20
0.0000 1.8298 -0.8502 -0.0352 1
0.0000 2.0602 -0.9576 0.6087 51
0.0000 1.7778 -0.8294 0.0342 2
0.0000 0.7505 -0.3503 -0.1912 6
0.0000 1.7355 -0.8104 0.1004 3
0.0000 0.9392 -0.4386 -0.2015 2
0.0000 1.7672 -0.8256 0.1707 3
0.0000 1.0594 -0.4951 -0.1852 2
0.0000 1.7533 -0.8198 0.2376 4
0.0000 1.4061 -0.6578 -0.1906 2
0.0000 1.7605 -0.8239 0.3079 4
0.0000 1.7648 -0.8260 -0.1705 3
0.0000 2.9657 -1.3886 0.6365 2
0.0000 1.7634 -0.8261 -0.1021 3
0.0000 2.0787 -0.9742 0.5300 13
0.0000 1.7780 -0.8336 -0.0343 2
0.0000 2.0603 -0.9664 0.6098 68
0.0000 1.7676 -0.8322 0.0341 5
0.0000 0.7070 -0.3330 -0.1804 7
0.0000 1.7471 -0.8232 0.1012 4
0.0000 0.9200 -0.4335 -0.1977 2
0.0000 1.7589 -0.8292 0.1701 4
0.0000 1.0648 -0.5022 -0.1865 2
0.0000 1.7486 -0.8251 0.2374 5
0.0000 1.3876 -0.6550 -0.1884 2
0.0000 1.7469 -0.8250 0.3060 4
0.0000 1.7619 -0.8321 -0.1705 5
0.0000 2.9555 -1.3964 0.6354 1
0.0000 1.7551 -0.8296 -0.1017 4
0.0000 2.0717 -0.9797 0.5291 41
0.0000 1.7552 -0.8304 -0.0339 5
0.0000 2.0569 -0.9736 0.6098 76
0.0000 1.7575 -0.8349 0.0340 4
0.0000 0.7340 -0.3488 -0.1876 6
0.0000 1.7298 -0.8225 0.1004 4
0.0000 0.9326 -0.4434 -0.2007 2
0.0000 1.7398 -0.8276 0.1686 4
0.0000 1.0666 -0.5076 -0.1871 2
0.0000 1.7403 -0.8286 0.2367 5
0.0000 1.3997 -0.6667 -0.1904 2
0.0000 1.7369 -0.8277 0.3047 5
0.0000 1.7500 -0.8340 -0.1696 5
0.0000 1.7987 -0.8576 0.3873 1
0.0000 1.7450 -0.8323 -0.1013 4
0.0000 2.0771 -0.9912 0.5313 58
0.0000 1.7468 -0.8340 -0.0338 4
0.0000 2.0465 -0.9775 0.6077 68
0.0000 1.7329 -0.8306 0.0335 4
0.0000 0.7538 -0.3615 -0.1930 6
0.0000 1.7197 -0.8251 0.1000 4
0.0000 0.9452 -0.4535 -0.2038 2
0.0000 1.7351 -0.8328 0.1684 5
0.0000 1.0542 -0.5062 -0.1852 2
0.0000 1.7392 -0.8355 0.2369 6
0.0000 1.4027 -0.6742 -0.1911 2
0.0000 1.7286 -0.8312 0.3038 5
0.0000 1.7292 -0.8314 -0.1679 13
0.0000 1.7214 -0.8281 0.3713 2
0.0000 1.7331 -0.8341 -0.1008 4
0.0000 2.0719 -0.9976 0.5309 55
0.0000 1.7439 -0.8400 -0.0338 4
0.0000 2.0431 -0.9846 0.6077 62
0.0000 1.7228 -0.8332 0.0334 4
0.0000 0.7315 -0.3539 -0.1876 6
0.0000 1.7204 -0.8328 0.1002 4
0.0000 0.9330 -0.4516 -0.2015 2
0.0000 1.7250 -0.8354 0.1677 5
0.0000 1.0595 -0.5133 -0.1865 2
0.0000 1.7131 -0.8303 0.2337 6
0.0000 1.3932 -0.6756 -0.1901 2
0.0000 1.7275 -0.8381 0.3041 5
0.0000 1.7297 -0.8395 -0.1682 20
0.0000 1.7168 -0.8332 0.3709 2
0.0000 1.7140 -0.8323 -0.0999 5
0.0000 2.0789 -1.0099 0.5336 54
0.0000 1.7284 -0.8400 -0.0335 5
0.0000 2.0466 -0.9951 0.6098 62
0.0000 1.7127 -0.8357 0.0333 5
0.0000 0.7268 -0.3548 -0.1867 6
0.0000 1.6942 -0.8274 0.0988 5
0.0000 0.9561 -0.4671 -0.2068 2
0.0000 1.7202 -0.8408 0.1675 5
0.0000 1.0576 -0.5172 -0.1865 2
0.0000 1.6959 -0.8293 0.2318 6
0.0000 1.3819 -0.6761 -0.1889 2
0.0000 1.7121 -0.8380 0.3019 6
0.0000 1.7196 -0.8420 -0.1675 11
0.0000 1.6978 -0.8318 0.3675 3
0.0000 1.7038 -0.8350 -0.0994 5
0.0000 2.0682 -1.0141 0.5318 42
0.0000 1.7183 -0.8425 -0.0334 5
0.0000 2.0605 -1.0108 0.6150 57
0.0000 1.7060 -0.8402 0.0332 5
0.0000 0.7255 -0.3574 -0.1867 6
0.0000 1.6787 -0.8271 0.0981 5
0.0000 0.9263 -0.4566 -0.2007 2
0.0000 1.6994 -0.8380 0.1658 5
0.0000 1.0558 -0.5209 -0.1865 2
0.0000 1.6964 -0.8373 0.2323 6
0.0000 1.3830 -0.6829 -0.1894 2
0.0000 1.6809 -0.8300 0.2969 6
0.0000 1.7041 -0.8419 -0.1663 5
0.0000 1.6949 -0.8377 0.3675 3
0.0000 1.6955 -0.8383 -0.0991 5
0.0000 2.0751 -1.0265 0.5345 37
0.0000 1.7010 -0.8414 -0.0331 6
0.0000 2.0656 -1.0222 0.6175 55
0.0000 1.6961 -0.8423 0.0331 4
0.0000 0.7452 -0.3702 -0.1921 6
0.0000 1.6705 -0.8303 0.0978 5
0.0000 0.9176 -0.4563 -0.1992 2
0.0000 1.6750 -0.8333 0.1637 6
0.0000 1.0647 -0.5297 -0.1883 2
0.0000 1.6901 -0.8412 0.2318 6
0.0000 1.3718 -0.6831 -0.1882 2
0.0000 1.6797 -0.8368 0.2972 6
0.0000 1.6851 -0.8398 -0.1647 5
0.0000 1.6833 -0.8389 0.3656 4
0.0000 1.6820 -0.8386 -0.0985 5
0.0000 2.0787 -1.0368 0.5363 31
0.0000 1.6909 -0.8438 -0.0330 5
0.0000 2.0499 -1.0234 0.6139 46
0.0000 1.6860 -0.8446 0.0329 5
0.0000 0.7335 -0.3676 -0.1894 6
0.0000 1.6640 -0.8344 0.0976 5
0.0000 0.9231 -0.4629 -0.2007 2
0.0000 1.6758 -0.8406 0.1640 5
0.0000 1.0346 -0.5192 -0.1833 2
0.0000 1.6729 -0.8399 0.2298 6
0.0000 1.3748 -0.6905 -0.1889 2
0.0000 1.6680 -0.8382 0.2957 5
0.0000 1.6699 -0.8391 -0.1635 5
0.0000 1.6699 -0.8395 0.3633 4
0.0000 1.6790 -0.8445 -0.0985 5
0.0000 1.6772 -0.8443 -0.0328 5
0.0000 2.0498 -1.0323 0.6150 36
0.0000 1.6580 -0.8379 0.0324 6
0.0000 0.7426 -0.3754 -0.1921 6
0.0000 1.6593 -0.8393 0.0974 5
0.0000 0.9355 -0.4732 -0.2038 2
0.0000 1.6604 -0.8402 0.1628 4
0.0000 1.0610 -0.5371 -0.1883 2
0.0000 1.6487 -0.8350 0.2269 6
0.0000 1.3723 -0.6953 -0.1889 2
0.0000 1.6650 -0.8440 0.2957 6
0.0000 1.6634 -0.8432 -0.1632 4
0.0000 1.6529 -0.8382 0.3602 4
0.0000 1.6565 -0.8404 -0.0973 5
0.0000 2.9055 -1.4747 0.7522 5
0.0000 1.6760 -0.8510 -0.0328 6
0.0000 2.0668 -1.0499 0.6212 35
0.0000 1.6497 -0.8410 0.0323 6
0.0000 0.7239 -0.3692 -0.1876 6
0.0000 1.6458 -0.8393 0.0968 5
0.0000 0.9269 -0.4729 -0.2023 2
0.0000 1.6504 -0.8424 0.1621 4
0.0000 1.0538 -0.5381 -0.1874 2
0.0000 1.6440 -0.8399 0.2267 5
0.0000 1.3558 -0.6929 -0.1869 2
0.0000 1.6464 -0.8414 0.2928 6
0.0000 1.6498 -0.8435 -0.1621 4
0.0000 1.6535 -0.8458 0.3610 4
0.0000 1.6464 -0.8425 -0.0969 4
0.0000 2.8951 -1.4821 0.7509 20
0.0000 1.6643 -0.8520 -0.0326 5
0.0000 2.0891 -1.0700 0.6289 31
0.0000 1.6416 -0.8437 0.0322 5
0.0000 0.7054 -0.3627 -0.1831 7
0.0000 1.6287 -0.8377 0.0960 5
0.0000 0.9322 -0.4797 -0.2038 2
0.0000 1.6368 -0.8426 0.1611 5
0.0000 1.0397 -0.5353 -0.1852 2
0.0000 1.6360 -0.8426 0.2259 6
0.0000 1.3711 -0.7065 -0.1894 2
0.0000 1.6329 -0.8417 0.2910 5
0.0000 1.6486 -0.8502 -0.1623 5
0.0000 1.6332 -0.8422 0.3572 4
0.0000 1.6436 -0.8480 -0.0969 5
0.0000 2.9404 -1.5177 0.7639 2
0.0000 1.6435 -0.8487 -0.0323 6
0.0000 2.1712 -1.1216 0.6548 45
0.0000 1.6298 -0.8448 0.0320 6
0.0000 0.7214 -0.3741 -0.1876 6
0.0000 1.6222 -0.8416 0.0958 6
0.0000 0.9376 -0.4864 -0.2053 2
0.0000 1.6252 -0.8435 0.1602 6
0.0000 1.0273 -0.5334 -0.1833 2
0.0000 1.6277 -0.8455 0.2252 6
0.0000 1.3757 -0.7149 -0.1904 2
0.0000 1.6142 -0.8392 0.2882 5
0.0000 1.6263 -0.8455 -0.1604 4
0.0000 1.6250 -0.8452 0.3560 4
0.0000 1.6300 -0.8482 -0.0963 4
0.0000 3.3413 -1.7394 0.8697 1
0.0000 1.6264 -0.8470 -0.0320 6
0.0000 2.1673 -1.1292 0.6548 53
0.0000 1.6197 -0.8468 0.0319 7
0.0000 0.7201 -0.3766 -0.1876 6
0.0000 1.6157 -0.8454 0.0956 7
0.0000 0.9219 -0.4824 -0.2023 2
0.0000 1.6116 -0.8436 0.1591 6
0.0000 1.0325 -0.5407 -0.1846 2
0.0000 1.6212 -0.8494 0.2247 6
0.0000 1.3521 -0.7087 -0.1874 2
0.0000 1.6078 -0.8430 0.2875 5
0.0000 1.6093 -0.8438 -0.1590 4
0.0000 1.6047 -0.8418 0.3522 4
0.0000 1.6235 -0.8520 -0.0961 5
0.0000 3.3766 -1.7728 0.8805 1
0.0000 1.6234 -0.8527 -0.0320 7
0.0000 2.1685 -1.1394 0.6564 50
0.0000 1.6062 -0.8468 0.0317 7
0.0000 0.7188 -0.3791 -0.1876 6
0.0000 1.6110 -0.8501 0.0955 7
0.0000 0.9203 -0.4856 -0.2023 2
0.0000 1.6122 -0.8511 0.1595 7
0.0000 1.0411 -0.5498 -0.1865 2
0.0000 1.5972 -0.8439 0.2218 6
0.0000 1.3707 -0.7245 -0.1904 2
0.0000 1.6013 -0.8468 0.2869 6
0.0000 1.6133 -0.8531 -0.1597 5
0.0000 1.5931 -0.8428 0.3503 4
0.0000 1.5993 -0.8464 -0.0948 6
0.0000 1.6134 -0.8546 -0.0319 8
0.0000 2.1696 -1.1497 0.6579 49
0.0000 1.5961 -0.8487 0.0316 7
0.0000 0.7071 -0.3761 -0.1849 6
0.0000 1.5868 -0.8444 0.0942 6
0.0000 0.9324 -0.4962 -0.2053 2
0.0000 1.6039 -0.8539 0.1590 6
0.0000 1.0356 -0.5516 -0.1858 2
0.0000 1.5820 -0.8429 0.2201 7
0.0000 1.3786 -0.7349 -0.1918 2
0.0000 1.5983 -0.8524 0.2869 6
0.0000 1.6033 -0.8550 -0.1590 5
0.0000 1.5884 -0.8474 0.3499 5
0.0000 1.5893 -0.8483 -0.0944 5
0.0000 1.6068 -0.8583 -0.0318 8
0.0000 2.1758 -1.1627 0.6610 34
0.0000 1.5896 -0.8524 0.0315 6
0.0000 0.7298 -0.3915 -0.1912 6
0.0000 1.5698 -0.8424 0.0934 6
0.0000 0.8857 -0.4753 -0.1954 2
0.0000 1.5904 -0.8538 0.1579 5
0.0000 1.0302 -0.5533 -0.1852 2
0.0000 1.5808 -0.8494 0.2203 7
0.0000 1.3551 -0.7284 -0.1889 2
0.0000 1.5675 -0.8430 0.2819 6
0.0000 1.5916 -0.8559 -0.1581 5
0.0000 1.5820 -0.8511 0.3492 6
0.0000 1.5793 -0.8500 -0.0940 6
0.0000 1.5898 -0.8564 -0.0315 6
0.0000 2.1853 -1.1777 0.6652 27
0.0000 1.5866 -0.8579 0.0315 6
0.0000 0.7148 -0.3866 -0.1876 6
0.0000 1.5563 -0.8422 0.0927 6
0.0000 0.9151 -0.4952 -0.2023 2
0.0000 1.5699 -0.8499 0.1562 6
0.0000 1.0318 -0.5588 -0.1858 2
0.0000 1.5778 -0.8549 0.2203 7
0.0000 1.3665 -0.7407 -0.1908 2
0.0000 1.5628 -0.8475 0.2816 6
0.0000 1.5763 -0.8548 -0.1569 5
0.0000 1.5755 -0.8547 0.3484 6
0.0000 1.5763 -0.8555 -0.0940 6
0.0000 1.5692 -0.8523 -0.0312 6
0.0000 2.1863 -1.1880 0.6667 20
0.0000 1.5520 -0.8462 0.0309 6
0.0000 0.6963 -0.3798 -0.1831 7
0.0000 1.5604 -0.8514 0.0932 5
0.0000 0.9134 -0.4984 -0.2023 2
0.0000 1.5564 -0.8496 0.1551 7
0.0000 1.0263 -0.5605 -0.1852 2
0.0000 1.5644 -0.8547 0.2189 7
0.0000 1.3604 -0.7436 -0.1904 2
0.0000 1.5581 -0.8520 0.2813 6
0.0000 1.5593 -0.8526 -0.1555 6
0.0000 1.5467 -0.8461 0.3427 6
0.0000 1.5663 -0.8572 -0.0936 7
0.0000 1.5697 -0.8597 -0.0312 6
0.0000 2.1974 -1.2040 0.6714 21
0.0000 1.5473 -0.8506 0.0308 5
0.0000 0.7052 -0.3879 -0.1858 6
0.0000 1.5556 -0.8559 0.0931 5
0.0000 0.9288 -0.5111 -0.2061 2
0.0000 1.5482 -0.8522 0.1546 5
0.0000 1.0226 -0.5631 -0.1849 2
0.0000 1.5353 -0.8458 0.2152 6
0.0000 1.3648 -0.7521 -0.1913 2
0.0000 1.5500 -0.8546 0.2803 5
0.0000 1.5511 -0.8552 -0.1550 5
0.0000 1.5437 -0.8515 0.3427 6
0.0000 1.5458 -0.8530 -0.0925 5
0.0000 1.6634 -0.9182 0.4387 1
0.0000 1.5702 -0.8672 -0.0313 6
0.0000 2.2067 -1.2192 0.6755 20
0.0000 1.5408 -0.8541 0.0308 4
0.0000 0.7243 -0.4017 -0.1912 6
0.0000 1.5334 -0.8507 0.0919 5
0.0000 0.9271 -0.5143 -0.2061 2
0.0000 1.5470 -0.8586 0.1548 6
0.0000 1.0190 -0.5657 -0.1846 2
0.0000 1.5341 -0.8521 0.2155 6
0.0000 1.3517 -0.7511 -0.1899 2
0.0000 1.5452 -0.8590 0.2800 5
0.0000 1.5446 -0.8587 -0.1546 5
0.0000 1.5373 -0.8550 0.3419 7
0.0000 1.5341 -0.8535 -0.0920 5
0.0000 1.5584 -0.8678 -0.0311 5
0.0000 2.2159 -1.2344 0.6797 19
0.0000 1.5379 -0.8595 0.0308 4
0.0000 0.7025 -0.3928 -0.1858 6
0.0000 1.5130 -0.8463 0.0909 5
0.0000 0.8533 -0.4773 -0.1900 2
0.0000 1.5457 -0.8649 0.1550 5
0.0000 1.0308 -0.5770 -0.1871 2
0.0000 1.5293 -0.8565 0.2152 6
0.0000 1.3456 -0.7539 -0.1894 2
0.0000 1.5250 -0.8547 0.2769 5
0.0000 1.5399 -0.8631 -0.1544 4
0.0000 1.5309 -0.8584 0.3412 6
0.0000 1.5329 -0.8599 -0.0921 4
0.0000 1.5379 -0.8634 -0.0308 5
0.0000 2.2284 -1.2516 0.6848 17
0.0000 1.5314 -0.8629 0.0307 6
0.0000 0.7011 -0.3952 -0.1858 6
0.0000 1.5153 -0.8545 0.0912 5
0.0000 0.9063 -0.5111 -0.2023 2
0.0000 1.5184 -0.8566 0.1525 5
0.0000 1.0115 -0.5709 -0.1840 2
0.0000 1.5194 -0.8579 0.2142 6
0.0000 1.3378 -0.7557 -0.1887 2
0.0000 1.5134 -0.8552 0.2753 6
0.0000 1.5056 -0.8508 -0.1513 5
0.0000 1.5262 -0.8628 0.3408 7
0.0000 1.5160 -0.8573 -0.0913 6
0.0000 1.5262 -0.8638 -0.0306 6
0.0000 2.2341 -1.2650 0.6879 8
0.0000 1.5110 -0.8583 0.0303 6
0.0000 0.7201 -0.4092 -0.1912 6
0.0000 1.5036 -0.8549 0.0906 6
0.0000 0.9080 -0.5162 -0.2030 2
0.0000 1.5119 -0.8599 0.1522 6
0.0000 1.0198 -0.5803 -0.1858 2
0.0000 1.5061 -0.8573 0.2128 7
0.0000 1.3610 -0.7751 -0.1923 2
0.0000 1.5121 -0.8615 0.2756 7
0.0000 1.5113 -0.8610 -0.1522 5
0.0000 1.5044 -0.8574 0.3366 6
0.0000 1.5199 -0.8666 -0.0917 6
0.0000 1.5197 -0.8672 -0.0305 9
0.0000 1.4993 -0.8586 0.0302 6
0.0000 0.6983 -0.4001 -0.1858 6
0.0000 1.4956 -0.8569 0.0903 7
0.0000 0.9164 -0.5252 -0.2053 2
0.0000 1.5072 -0.8642 0.1520 7
0.0000 1.0144 -0.5819 -0.1852 2
0.0000 1.4893 -0.8547 0.2108 9
0.0000 1.3361 -0.7667 -0.1891 3
0.0000 1.4990 -0.8606 0.2738 7
0.0000 1.5048 -0.8643 -0.1518 6
0.0000 1.4912 -0.8568 0.3343 7
0.0000 1.5030 -0.8639 -0.0909 6
0.0000 1.5082 -0.8672 -0.0304 8
0.0000 3.3206 -1.9102 1.0265 1
0.0000 1.4999 -0.8656 0.0302 6
0.0000 0.6869 -0.3966 -0.1831 7
0.0000 1.4841 -0.8568 0.0898 7
0.0000 0.9316 -0.5381 -0.2091 2
0.0000 1.5008 -0.8672 0.1517 7
0.0000 1.0124 -0.5852 -0.1852 2
0.0000 1.4830 -0.8576 0.2103 9
0.0000 1.3232 -0.7652 -0.1877 3
0.0000 1.4961 -0.8655 0.2738 7
0.0000 1.4985 -0.8673 -0.1515 5
0.0000 1.4799 -0.8568 0.3324 8
0.0000 1.4794 -0.8569 -0.0896 6
0.0000 1.5733 -0.9113 0.4198 1
0.0000 1.5070 -0.8732 -0.0304 6
0.0000 3.3310 -1.9309 1.0317 1
0.0000 1.4901 -0.8666 0.0301 6
0.0000 0.7125 -0.4145 -0.1903 6
0.0000 1.4673 -0.8540 0.0890 7
0.0000 0.9095 -0.5293 -0.2045 2
0.0000 1.4842 -0.8642 0.1503 8
0.0000 1.0207 -0.5946 -0.1871 2
0.0000 1.4836 -0.8645 0.2108 9
0.0000 1.3240 -0.7718 -0.1882 3
0.0000 1.4777 -0.8618 0.2709 7
0.0000 1.4903 -0.8695 -0.1510 5
0.0000 1.4736 -0.8597 0.3316 8
0.0000 1.4835 -0.8658 -0.0900 6
0.0000 1.4832 -0.8664 -0.0300 7
0.0000 3.3392 -1.9513 1.0363 1
0.0000 1.4784 -0.8667 0.0299 7
0.0000 0.6842 -0.4012 -0.1831 7
0.0000 1.4625 -0.8581 0.0889 7
0.0000 0.9143 -0.5366 -0.2061 2
0.0000 1.4673 -0.8615 0.1489 7
0.0000 0.9981 -0.5863 -0.1833 2
0.0000 1.4754 -0.8667 0.2101 9
0.0000 1.3281 -0.7804 -0.1891 3
0.0000 1.4696 -0.8639 0.2700 7
0.0000 1.4718 -0.8656 -0.1494 5
0.0000 1.4688 -0.8641 0.3312 9
0.0000 1.4803 -0.8713 -0.0900 5
0.0000 1.5668 -0.9225 0.4198 1
0.0000 1.4768 -0.8695 -0.0299 10
0.0000 3.3307 -1.9620 1.0358 1
0.0000 1.4649 -0.8660 0.0297 6
0.0000 0.6928 -0.4097 -0.1858 6
0.0000 1.4613 -0.8642 0.0890 7
0.0000 0.9023 -0.5338 -0.2038 2
0.0000 1.4540 -0.8606 0.1478 7
0.0000 1.0131 -0.5998 -0.1865 2
0.0000 1.4620 -0.8660 0.2086 6
0.0000 1.3235 -0.7843 -0.1889 3
0.0000 1.4581 -0.8640 0.2684 7
0.0000 1.4688 -0.8707 -0.1494 5
0.0000 1.4640 -0.8683 0.3309 8
0.0000 1.4635 -0.8683 -0.0892 6
0.0000 1.4720 -0.8737 -0.0299 9
0.0000 3.3372 -1.9815 1.0399 1
0.0000 1.4552 -0.8668 0.0296 6
0.0000 0.7081 -0.4220 -0.1903 6
0.0000 1.4531 -0.8662 0.0887 9
0.0000 0.9004 -0.5370 -0.2038 2
0.0000 1.4544 -0.8677 0.1482 8
0.0000 0.9975 -0.5951 -0.1840 2
0.0000 1.4455 -0.8627 0.2067 9
0.0000 1.3175 -0.7866 -0.1884 3
0.0000 1.4483 -0.8651 0.2672 7
0.0000 1.4452 -0.8636 -0.1473 5
0.0000 1.4477 -0.8650 0.3278 7
0.0000 1.4417 -0.8618 -0.0880 6
0.0000 1.4638 -0.8757 -0.0298 7
0.0000 3.3451 -2.0020 1.0446 1
0.0000 1.4521 -0.8718 0.0296 6
0.0000 0.6899 -0.4144 -0.1858 6
0.0000 1.4346 -0.8620 0.0877 7
0.0000 0.9054 -0.5440 -0.2053 2
0.0000 1.4566 -0.8756 0.1487 8
0.0000 1.0005 -0.6016 -0.1849 2
0.0000 1.4357 -0.8637 0.2057 7
0.0000 1.3131 -0.7902 -0.1882 3
0.0000 1.4537 -0.8752 0.2688 7
0.0000 1.4439 -0.8696 -0.1475 5
0.0000 1.4413 -0.8681 0.3270 8
0.0000 1.4387 -0.8669 -0.0880 6
0.0000 1.4522 -0.8757 -0.0296 9
0.0000 3.3381 -2.0137 1.0446 1
0.0000 1.4388 -0.8707 0.0294 6
0.0000 0.6885 -0.4168 -0.1858 6
0.0000 1.4248 -0.8629 0.0873 7
0.0000 0.9336 -0.5656 -0.2122 2
0.0000 1.4432 -0.8747 0.1476 8
0.0000 1.0118 -0.6135 -0.1874 2
0.0000 1.4292 -0.8666 0.2052 7
0.0000 1.3137 -0.7968 -0.1887 3
0.0000 1.4287 -0.8670 0.2647 7
0.0000 1.4374 -0.8726 -0.1471 5
0.0000 1.4364 -0.8723 0.3267 8
0.0000 1.4304 -0.8690 -0.0877 6
0.0000 1.4423 -0.8766 -0.0295 10
0.0000 3.3311 -2.0253 1.0446 1
0.0000 1.4373 -0.8770 0.0294 6
0.0000 0.7069 -0.4315 -0.1912 6
0.0000 1.4167 -0.8647 0.0870 7
0.0000 0.8713 -0.5320 -0.1984 2
0.0000 1.4231 -0.8693 0.1459 8
0.0000 1.0164 -0.6211 -0.1887 2
0.0000 1.4210 -0.8687 0.2045 7
0.0000 1.3040 -0.7975 -0.1877 3
0.0000 1.4156 -0.8658 0.2628 7
0.0000 1.4276 -0.8735 -0.1464 7
0.0000 1.4350 -0.8784 0.3270 7
0.0000 1.4274 -0.8740 -0.0877 6
0.0000 1.4273 -0.8743 -0.0292 10
0.0000 3.3438 -2.0491 1.0508 1
0.0000 1.4293 -0.8786 0.0293 6
0.0000 0.6856 -0.4216 -0.1858 6
0.0000 1.4153 -0.8707 0.0871 6
0.0000 0.8728 -0.5371 -0.1992 2
0.0000 1.4082 -0.8670 0.1447 7
0.0000 1.0059 -0.6193 -0.1871 2
0.0000 1.4063 -0.8661 0.2028 7
0.0000 1.3132 -0.8091 -0.1894 3
0.0000 1.4108 -0.8697 0.2625 6
0.0000 1.4228 -0.8774 -0.1462 7
0.0000 1.4154 -0.8728 0.3232 8
0.0000 1.4177 -0.8745 -0.0873 7
0.0000 1.4208 -0.8772 -0.0291 10
0.0000 3.3300 -2.0567 1.0487 1
0.0000 1.4126 -0.8752 0.0290 6
0.0000 0.6841 -0.4240 -0.1858 6
0.0000 1.4055 -0.8714 0.0867 5
0.0000 0.9144 -0.5669 -0.2091 2
0.0000 1.4087 -0.8738 0.1450 9
0.0000 0.9886 -0.6135 -0.1843 2
0.0000 1.3931 -0.8648 0.2013 7
0.0000 1.3171 -0.8179 -0.1904 3
0.0000 1.4061 -0.8735 0.2622 7
0.0000 1.4148 -0.8790 -0.1457 7
0.0000 1.4057 -0.8736 0.3217 7
0.0000 1.3993 -0.8700 -0.0864 7
0.0000 1.4446 -0.8985 0.3928 1
0.0000 1.4211 -0.8842 -0.0292 7
0.0000 3.3327 -2.0744 1.0518 1
0.0000 1.4028 -0.8759 0.0289 6
0.0000 0.6892 -0.4305 -0.1876 6
0.0000 1.3906 -0.8689 0.0859 6
0.0000 0.9224 -0.5764 -0.2114 2
0.0000 1.4056 -0.8787 0.1450 7
0.0000 0.9965 -0.6232 -0.1862 2
0.0000 1.3901 -0.8696 0.2013 7
0.0000 1.2940 -0.8098 -0.1874 3
0.0000 1.4014 -0.8774 0.2619 6
0.0000 1.4151 -0.8860 -0.1461 7
0.0000 1.4043 -0.8795 0.3221 7
0.0000 1.3878 -0.8696 -0.0858 6
0.0000 1.4151 -0.8870 0.3856 1
0.0000 1.4045 -0.8807 -0.0289 9
0.0000 3.3090 -2.0758 1.0467 1
0.0000 1.3997 -0.8808 0.0289 7
0.0000 0.6382 -0.4018 -0.1741 7
0.0000 1.3808 -0.8695 0.0855 6
0.0000 0.8605 -0.5419 -0.1977 2
0.0000 1.3992 -0.8815 0.1447 9
0.0000 1.0061 -0.6340 -0.1883 2
0.0000 1.3837 -0.8724 0.2008 7
0.0000 1.2996 -0.8197 -0.1887 3
0.0000 1.3816 -0.8717 0.2587 7
0.0000 1.3967 -0.8816 -0.1445 7
0.0000 1.3946 -0.8802 0.3206 7
0.0000 1.3797 -0.8712 -0.0855 6
0.0000 1.3691 -0.8649 0.3739 1
0.0000 1.3896 -0.8781 -0.0287 9
0.0000 3.3246 -2.1017 1.0539 1
0.0000 1.3932 -0.8835 0.0288 6
0.0000 0.7323 -0.4645 -0.2002 5
0.0000 1.3777 -0.8743 0.0855 7
0.0000 0.8784 -0.5577 -0.2023 2
0.0000 1.3791 -0.8759 0.1429 7
0.0000 0.9937 -0.6314 -0.1865 2
0.0000 1.3823 -0.8782 0.2011 7
0.0000 1.2967 -0.8242 -0.1887 3
0.0000 1.3752 -0.8744 0.2581 7
0.0000 1.3802 -0.8779 -0.1431 6
0.0000 1.3847 -0.8811 0.3190 8
0.0000 1.3799 -0.8784 -0.0857 6
0.0000 1.3643 -0.8688 0.3734 2
0.0000 1.3797 -0.8786 -0.0286 9
0.0000 2.8855 -1.8383 0.9167 3
0.0000 1.3698 -0.8757 0.0284 7
0.0000 0.6780 -0.4336 -0.1858 6
0.0000 1.3678 -0.8751 0.0851 9
0.0000 0.8930 -0.5713 -0.2061 2
0.0000 1.3693 -0.8764 0.1422 7
0.0000 0.9782 -0.6263 -0.1840 2
0.0000 1.3724 -0.8790 0.2001 9
0.0000 1.2870 -0.8246 -0.1877 3
0.0000 1.3637 -0.8741 0.2566 8
0.0000 1.3637 -0.8741 -0.1417 5
0.0000 1.3634 -0.8743 0.3148 8
0.0000 1.3718 -0.8800 -0.0854 8
0.0000 1.3563 -0.8704 0.3721 2
0.0000 1.3748 -0.8826 -0.0285 11
0.0000 2.8983 -1.8614 0.9229 2
0.0000 1.3650 -0.8794 0.0283 7
0.0000 0.6765 -0.4360 -0.1858 6
0.0000 1.3664 -0.8809 0.0852 9
0.0000 0.8811 -0.5681 -0.2038 2
0.0000 1.3646 -0.8801 0.1421 9
0.0000 0.9826 -0.6340 -0.1852 2
0.0000 1.3560 -0.8752 0.1982 9
0.0000 1.2941 -0.8356 -0.1891 3
0.0000 1.3606 -0.8789 0.2566 8
0.0000 1.3690 -0.8843 -0.1426 7
0.0000 1.3587 -0.8780 0.3145 9
0.0000 1.3553 -0.8761 -0.0846 8
0.0000 1.3533 -0.8751 0.3721 3
0.0000 1.3684 -0.8852 -0.0284 13
0.0000 2.9193 -1.8893 0.9317 7
0.0000 1.3586 -0.8819 0.0283 7
0.0000 0.6946 -0.4511 -0.1912 6
0.0000 1.3483 -0.8759 0.0843 9
0.0000 0.8561 -0.5562 -0.1984 2
0.0000 1.3599 -0.8838 0.1419 9
0.0000 0.9738 -0.6331 -0.1840 2
0.0000 1.3479 -0.8767 0.1974 7
0.0000 1.2779 -0.8314 -0.1872 3
0.0000 1.3509 -0.8793 0.2553 8
0.0000 1.3526 -0.8804 -0.1412 6
0.0000 1.3540 -0.8817 0.3141 8
0.0000 1.3489 -0.8786 -0.0844 8
0.0000 1.3274 -0.8650 0.3658 4
0.0000 1.3703 -0.8933 -0.0286 13
0.0000 2.9273 -1.9090 0.9364 13
0.0000 1.3505 -0.8834 0.0282 7
0.0000 0.6930 -0.4535 -0.1912 6
0.0000 1.3302 -0.8708 0.0833 7
0.0000 0.8476 -0.5549 -0.1969 2
0.0000 1.3501 -0.8841 0.1412 7
0.0000 0.9815 -0.6430 -0.1858 2
0.0000 1.3465 -0.8825 0.1977 7
0.0000 1.2833 -0.8413 -0.1884 3
0.0000 1.3380 -0.8775 0.2534 8
0.0000 1.3611 -0.8927 -0.1424 7
0.0000 1.3509 -0.8864 0.3141 7
0.0000 1.3441 -0.8822 -0.0843 8
0.0000 1.3243 -0.8696 0.3658 4
0.0000 1.3505 -0.8871 -0.0282 13
0.0000 1.3507 -0.8903 0.0282 7
0.0000 0.7110 -0.4688 -0.1966 5
0.0000 1.3273 -0.8752 0.0833 7
0.0000 0.8358 -0.5513 -0.1946 2
0.0000 1.3370 -0.8823 0.1401 7
0.0000 0.9825 -0.6486 -0.1865 2
0.0000 1.3351 -0.8817 0.1965 7
0.0000 1.2854 -0.8489 -0.1891 3
0.0000 1.3400 -0.8852 0.2544 8
0.0000 1.3381 -0.8843 -0.1403 5
0.0000 1.3380 -0.8846 0.3118 7
0.0000 1.3394 -0.8858 -0.0842 6
0.0000 1.3101 -0.8665 0.3626 4
0.0000 1.3325 -0.8816 -0.0279 10
0.0000 1.6963 -1.1228 0.5451 2
0.0000 1.3245 -0.8793 0.0277 6
0.0000 0.7078 -0.4701 -0.1962 5
0.0000 1.3293 -0.8829 0.0836 7
0.0000 0.8471 -0.5628 -0.1977 2
0.0000 1.3374 -0.8889 0.1405 7
0.0000 0.9903 -0.6584 -0.1883 2
0.0000 1.3289 -0.8839 0.1960 6
0.0000 1.2810 -0.8520 -0.1889 3
0.0000 1.3272 -0.8831 0.2525 7
0.0000 1.3268 -0.8832 -0.1394 6
0.0000 1.3236 -0.8814 0.3091 7
0.0000 1.3314 -0.8869 -0.0838 7
0.0000 1.3185 -0.8784 0.3658 4
0.0000 1.3329 -0.8883 -0.0280 8
0.0000 1.6878 -1.1252 0.5435 4
0.0000 1.3165 -0.8803 0.0276 7
0.0000 0.6868 -0.4594 -0.1908 6
0.0000 1.3247 -0.8862 0.0835 7
0.0000 0.8550 -0.5721 -0.2000 2
0.0000 1.3328 -0.8922 0.1403 6
0.0000 0.9848 -0.6595 -0.1877 2
0.0000 1.3194 -0.8839 0.1950 7
0.0000 1.2765 -0.8552 -0.1887 3
0.0000 1.3275 -0.8897 0.2531 7
0.0000 1.3206 -0.8854 -0.1391 6
0.0000 1.3158 -0.8825 0.3080 7
0.0000 1.3169 -0.8836 -0.0831 6
0.0000 1.3011 -0.8730 0.3617 4
0.0000 1.3266 -0.8904 -0.0279 8
0.0000 1.6872 -1.1329 0.5446 6
0.0000 1.3169 -0.8869 0.0277 6
0.0000 0.6723 -0.4530 -0.1872 6
0.0000 1.2986 -0.8749 0.0821 5
0.0000 0.8596 -0.5794 -0.2015 2
0.0000 1.3216 -0.8911 0.1394 5
0.0000 0.9728 -0.6561 -0.1858 2
0.0000 1.2967 -0.8749 0.1921 8
0.0000 1.2621 -0.8516 -0.1869 3
0.0000 1.3213 -0.8919 0.2525 7
0.0000 1.3242 -0.8942 -0.1398 5
0.0000 1.3161 -0.8891 0.3087 7
0.0000 1.3040 -0.8812 -0.0825 6
0.0000 1.2885 -0.8707 0.3590 4
0.0000 1.3170 -0.8904 -0.0277 8
0.0000 1.6755 -1.1331 0.5420 8
0.0000 1.3071 -0.8873 0.0276 6
0.0000 0.6545 -0.4445 -0.1827 7
0.0000 1.2952 -0.8799 0.0821 6
0.0000 0.8575 -0.5825 -0.2015 2
0.0000 1.3117 -0.8914 0.1388 6
0.0000 0.9638 -0.6553 -0.1846 2
0.0000 1.3033 -0.8864 0.1935 7
0.0000 1.2703 -0.8643 -0.1887 3
0.0000 1.3080 -0.8903 0.2506 7
0.0000 1.3076 -0.8903 -0.1384 6
0.0000 1.2982 -0.8839 0.3053 7
0.0000 1.3057 -0.8894 -0.0828 6
0.0000 1.2851 -0.8757 0.3590 5
0.0000 1.3004 -0.8864 -0.0275 8
0.0000 1.6711 -1.1395 0.5420 8
0.0000 1.3006 -0.8896 0.0275 7
0.0000 0.6626 -0.4534 -0.1854 6
0.0000 1.2889 -0.8822 0.0819 6
0.0000 0.8456 -0.5790 -0.1992 2
0.0000 1.2936 -0.8861 0.1372 6
0.0000 0.9712 -0.6655 -0.1865 2
0.0000 1.3035 -0.8932 0.1940 7
0.0000 1.2624 -0.8653 -0.1879 3
0.0000 1.2935 -0.8870 0.2484 6
0.0000 1.2897 -0.8847 -0.1368 6
0.0000 1.2934 -0.8876 0.3049 5
0.0000 1.3057 -0.8964 -0.0830 6
0.0000 1.2899 -0.8859 0.3613 6
0.0000 1.2940 -0.8887 -0.0274 10
0.0000 1.6512 -1.1344 0.5368 8
0.0000 1.2859 -0.8864 0.0273 4
0.0000 0.6995 -0.4823 -0.1962 5
0.0000 1.2807 -0.8835 0.0815 4
0.0000 0.8597 -0.5931 -0.2030 2
0.0000 1.2856 -0.8872 0.1367 4
0.0000 0.9559 -0.6599 -0.1840 2
0.0000 1.2937 -0.8934 0.1930 5
0.0000 1.2657 -0.8745 -0.1889 3
0.0000 1.2968 -0.8963 0.2497 5
0.0000 1.2883 -0.8904 -0.1370 5
0.0000 1.2903 -0.8921 0.3049 4
0.0000 1.2911 -0.8930 -0.0823 5
0.0000 1.2820 -0.8871 0.3599 5
0.0000 1.3022 -0.9014 -0.0276 8
0.0000 1.6407 -1.1361 0.5347 8
0.0000 1.2811 -0.8897 0.0272 4
0.0000 0.6786 -0.4714 -0.1908 6
0.0000 1.2760 -0.8868 0.0814 4
0.0000 0.8190 -0.5692 -0.1939 2
0.0000 1.2891 -0.8962 0.1374 4
0.0000 0.9536 -0.6632 -0.1840 2
0.0000 1.2856 -0.8945 0.1923 5
0.0000 1.2611 -0.8778 -0.1887 3
0.0000 1.2985 -0.9042 0.2506 5
0.0000 1.2852 -0.8949 -0.1370 3
0.0000 1.2952 -0.9022 0.3068 6
0.0000 1.2995 -0.9055 -0.0830 5
0.0000 1.2917 -0.9004 0.3635 5
0.0000 1.2991 -0.9059 -0.0276 7
0.0000 1.6367 -1.1418 0.5347 8
0.0000 1.2927 -0.9045 0.0275 5
0.0000 0.6769 -0.4738 -0.1908 6
0.0000 1.2845 -0.8991 0.0822 6
0.0000 0.8298 -0.5811 -0.1969 2
0.0000 1.3006 -0.9110 0.1389 7
0.0000 0.9545 -0.6688 -0.1846 2
0.0000 1.2923 -0.9059 0.1938 8
0.0000 1.2484 -0.8751 -0.1872 3
0.0000 1.2906 -0.9051 0.2497 8
0.0000 1.2885 -0.9039 -0.1377 5
0.0000 1.2985 -0.9112 0.3083 9
0.0000 1.2914 -0.9066 -0.0827 7
0.0000 1.2807 -0.8991 0.3613 5
0.0000 1.2977 -0.9114 -0.0277 8
0.0000 1.6282 -1.1439 0.5332 7
0.0000 0.6965 -0.4906 -0.2283 5
0.0000 1.2995 -0.9157 0.0277 10
0.0000 0.6626 -0.4671 -0.1872 6
0.0000 1.2913 -0.9102 0.0828 10
0.0000 0.8215 -0.5793 -0.1954 2
0.0000 1.2976 -0.9153 0.1389 9
0.0000 0.9458 -0.6674 -0.1833 2
0.0000 1.2990 -0.9170 0.1952 10
0.0000 1.2487 -0.8815 -0.1877 3
0.0000 1.2941 -0.9139 0.2509 10
0.0000 1.3116 -0.9266 -0.1405 10
0.0000 1.3067 -0.9235 0.3110 9
0.0000 1.2982 -0.9178 -0.0833 10
0.0000 1.2905 -0.9124 0.3649 5
0.0000 1.2914 -0.9134 -0.0276 14
0.0000 1.6196 -1.1459 0.5316 7
0.0000 1.3079 -0.9281 0.0280 9
0.0000 0.6769 -0.4805 -0.1917 6
0.0000 1.2848 -0.9124 0.0826 9
0.0000 0.8388 -0.5956 -0.2000 2
0.0000 1.2945 -0.9196 0.1389 9
0.0000 0.9758 -0.6934 -0.1896 2
0.0000 1.3170 -0.9363 0.1984 7
0.0000 1.2553 -0.8928 -0.1891 3
0.0000 1.2941 -0.9207 0.2515 8
0.0000 1.3004 -0.9252 -0.1396 10
0.0000 1.3116 -0.9335 0.3129 8
0.0000 1.3032 -0.9279 -0.0838 10
0.0000 1.2936 -0.9214 0.3667 5
0.0000 1.2996 -0.9260 -0.0279 14
0.0000 1.6062 -1.1448 0.5285 5
0.0000 1.2982 -0.9280 0.0279 9
0.0000 0.6911 -0.4942 -0.1962 5
0.0000 1.2946 -0.9262 0.0834 7
0.0000 0.8431 -0.6031 -0.2015 2
0.0000 1.3010 -0.9311 0.1400 9
0.0000 0.9444 -0.6761 -0.1840 2
0.0000 1.3056 -0.9351 0.1972 7
0.0000 1.2490 -0.8948 -0.1887 3
0.0000 1.3021 -0.9333 0.2537 7
0.0000 1.2923 -0.9262 -0.1391 10
0.0000 1.2956 -0.9289 0.3099 8
0.0000 1.3032 -0.9347 -0.0841 8
0.0000 1.2952 -0.9293 0.3680 4
0.0000 1.3077 -0.9387 -0.0281 13
0.0000 1.5959 -1.1459 0.5264 5
0.0000 1.2933 -0.9314 0.0278 9
0.0000 0.6578 -0.4739 -0.1872 6
0.0000 1.2946 -0.9330 0.0836 9
0.0000 0.8250 -0.5946 -0.1977 2
0.0000 1.3059 -0.9415 0.1408 7
0.0000 0.9549 -0.6887 -0.1865 2
0.0000 1.2991 -0.9373 0.1967 7
0.0000 1.2426 -0.8969 -0.1882 3
0.0000 1.3021 -0.9401 0.2544 8
0.0000 1.3050 -0.9426 -0.1408 7
0.0000 1.3050 -0.9426 0.3129 8
0.0000 1.2903 -0.9323 -0.0834 8
0.0000 1.3045 -0.9429 0.3716 4
0.0000 1.2964 -0.9374 -0.0279 12
0.0000 1.5919 -1.1515 0.5264 4
0.0000 1.3030 -0.9453 0.0281 7
0.0000 0.6687 -0.4853 -0.1908 6
0.0000 1.2897 -0.9364 0.0835 6
0.0000 0.8260 -0.5999 -0.1984 2
0.0000 1.3137 -0.9544 0.1421 7
0.0000 0.9396 -0.6829 -0.1840 2
0.0000 1.3007 -0.9453 0.1974 9
0.0000 1.2331 -0.8965 -0.1872 3
0.0000 1.3131 -0.9551 0.2572 8
0.0000 1.3033 -0.9483 -0.1410 7
0.0000 1.3143 -0.9566 0.3160 8
0.0000 1.2949 -0.9429 -0.0839 7
0.0000 1.2885 -0.9385 0.3680 4
0.0000 1.3044 -0.9501 -0.0282 11
0.0000 1.5800 -1.1513 0.5238 4
0.0000 1.3060 -0.9548 0.0282 7
0.0000 0.6669 -0.4878 -0.1908 6
0.0000 1.2961 -0.9479 0.0842 9
0.0000 0.8239 -0.6028 -0.1984 2
0.0000 1.3152 -0.9626 0.1426 7
0.0000 0.9499 -0.6955 -0.1865 2
0.0000 1.3004 -0.9524 0.1979 9
0.0000 1.2330 -0.9034 -0.1877 3
0.0000 1.3018 -0.9539 0.2556 8
0.0000 1.3048 -0.9564 -0.1415 6
0.0000 1.3141 -0.9635 0.3167 8
0.0000 1.3013 -0.9545 -0.0846 7
0.0000 1.2883 -0.9453 0.3689 3
0.0000 1.2978 -0.9523 -0.0281 11
0.0000 1.5900 -1.1671 0.5285 3
0.0000 1.3157 -0.9686 0.0285 10
0.0000 0.6653 -0.4900 -0.1908 6
0.0000 1.3025 -0.9596 0.0848 10
0.0000 0.7997 -0.5894 -0.1931 2
0.0000 1.3038 -0.9612 0.1417 9
0.0000 0.9349 -0.6893 -0.1840 2
0.0000 1.3100 -0.9662 0.1999 7
0.0000 1.2332 -0.9098 -0.1882 3
0.0000 1.2985 -0.9584 0.2556 7
0.0000 1.3079 -0.9657 -0.1422 9
0.0000 1.3109 -0.9679 0.3167 8
0.0000 1.2981 -0.9588 -0.0846 8
0.0000 1.2899 -0.9531 0.3703 3
0.0000 1.3009 -0.9616 -0.0282 13
0.0000 1.5704 -1.1612 0.5233 3
0.0000 1.3091 -0.9708 0.0284 11
0.0000 0.6636 -0.4923 -0.1908 6
0.0000 1.3007 -0.9653 0.0849 11
0.0000 0.8293 -0.6154 -0.2007 2
0.0000 1.2990 -0.9644 0.1415 9
0.0000 0.9293 -0.6902 -0.1833 2
0.0000 1.3050 -0.9696 0.1996 9
0.0000 1.2268 -0.9118 -0.1877 3
0.0000 1.3031 -0.9688 0.2572 8
0.0000 1.3029 -0.9691 -0.1421 7
0.0000 1.3091 -0.9736 0.3171 8
0.0000 1.3043 -0.9705 -0.0852 8
0.0000 1.2991 -0.9669 0.3739 2
0.0000 1.3088 -0.9745 -0.0285 14
0.0000 1.5726 -1.1713 0.5254 2
0.0000 1.3025 -0.9730 0.0284 10
0.0000 0.6353 -0.4748 -0.1831 7
0.0000 1.3069 -0.9770 0.0855 11
0.0000 0.8239 -0.6161 -0.2000 2
0.0000 1.3050 -0.9763 0.1426 9
0.0000 0.9394 -0.7030 -0.1858 2
0.0000 1.3128 -0.9824 0.2013 10
0.0000 1.2236 -0.9160 -0.1877 3
0.0000 1.3044 -0.9769 0.2581 10
0.0000 1.3123 -0.9832 -0.1435 9
0.0000 1.3071 -0.9796 0.3175 9
0.0000 1.2976 -0.9728 -0.0850 10
0.0000 1.3080 -0.9810 0.3775 2
0.0000 1.3198 -0.9899 -0.0288 14
0.0000 1.5777 -1.1837 0.5285 2
0.0000 1.3069 -0.9837 0.0286 11
0.0000 0.6616 -0.4982 -0.1912 6
0.0000 1.2940 -0.9744 0.0849 11
0.0000 0.8374 -0.6308 -0.2038 2
0.0000 1.3032 -0.9820 0.1428 10
0.0000 0.9322 -0.7028 -0.1849 2
0.0000 1.2997 -0.9801 0.1999 11
0.0000 1.2171 -0.9181 -0.1872 3
0.0000 1.3089 -0.9874 0.2597 11
0.0000 1.3168 -0.9937 -0.1443 7
0.0000 1.3099 -0.9889 0.3190 9
0.0000 1.2958 -0.9786 -0.0851 10
0.0000 1.2937 -0.9773 0.3743 2
0.0000 1.3211 -0.9981 -0.0289 14
0.0000 1.5705 -1.1869 0.5275 2
0.0000 1.3164 -0.9977 0.0288 9
0.0000 0.6320 -0.4792 -0.1831 7
0.0000 1.2890 -0.9777 0.0848 10
0.0000 0.7914 -0.6005 -0.1931 2
0.0000 1.3140 -0.9974 0.1443 9
0.0000 0.9346 -0.7094 -0.1858 2
0.0000 1.3185 -1.0012 0.2033 10
0.0000 1.2045 -0.9150 -0.1857 3
0.0000 1.3023 -0.9896 0.2591 12
0.0000 1.3118 -0.9971 -0.1442 7
0.0000 1.3129 -0.9980 0.3206 10
0.0000 1.3005 -0.9889 -0.0856 8
0.0000 1.3354 -1.0158 0.3874 1
0.0000 1.3033 -0.9918 -0.0286 13
0.0000 1.5602 -1.1877 0.5254 3
0.0000 1.3145 -1.0035 0.0289 9
0.0000 0.6396 -0.4885 -0.1858 6
0.0000 1.3014 -0.9943 0.0858 10
0.0000 0.8331 -0.6365 -0.2038 2
0.0000 1.3012 -0.9945 0.1433 9
0.0000 0.9227 -0.7055 -0.1840 2
0.0000 1.3182 -1.0082 0.2038 10
0.0000 1.2171 -0.9312 -0.1882 3
0.0000 1.3035 -0.9977 0.2600 11
0.0000 1.3163 -1.0075 -0.1450 10
0.0000 1.3187 -1.0097 0.3228 10
0.0000 1.2986 -0.9947 -0.0857 8
0.0000 1.3814 -1.0584 0.4018 1
0.0000 1.3014 -0.9975 -0.0286 11
0.0000 1.5591 -1.1955 0.5264 3
0.0000 1.3110 -1.0081 0.0289 10
0.0000 0.6379 -0.4907 -0.1858 6
0.0000 1.3090 -1.0073 0.0866 10
0.0000 0.8308 -0.6394 -0.2038 2
0.0000 1.3009 -1.0015 0.1436 10
0.0000 0.9203 -0.7087 -0.1840 2
0.0000 1.3209 -1.0176 0.2047 10
0.0000 1.2091 -0.9318 -0.1874 3
0.0000 1.3110 -1.0107 0.2622 10
0.0000 1.3112 -1.0109 -0.1449 10
0.0000 1.3168 -1.0155 0.3232 9
0.0000 1.2999 -1.0028 -0.0860 7
0.0000 1.3992 -1.0799 0.4081 1
0.0000 1.3138 -1.0143 -0.0290 11
0.0000 1.5519 -1.1986 0.5254 3
0.0000 1.3122 -1.0164 0.0290 10
0.0000 0.6362 -0.4930 -0.1858 6
0.0000 1.3023 -1.0095 0.0864 9
0.0000 0.8100 -0.6278 -0.1992 2
0.0000 1.3131 -1.0182 0.1454 9
0.0000 0.9147 -0.7095 -0.1833 2
0.0000 1.3111 -1.0174 0.2038 10
0.0000 1.2090 -0.9385 -0.1879 3
0.0000 1.3153 -1.0213 0.2637 9
0.0000 1.3187 -1.0240 -0.1461 9
0.0000 1.3117 -1.0189 0.3228 10
0.0000 1.2964 -1.0074 -0.0860 7
0.0000 1.4355 -1.1159 0.4198 1
0.0000 1.3213 -1.0275 -0.0292 12
0.0000 1.5568 -1.2111 0.5285 3
0.0000 1.3118 -1.0234 0.0290 9
0.0000 0.6253 -0.4880 -0.1831 7
0.0000 1.3051 -1.0189 0.0868 7
0.0000 0.8202 -0.6403 -0.2023 2
0.0000 1.3174 -1.0289 0.1462 9
0.0000 0.9137 -0.7139 -0.1837 2
0.0000 1.3138 -1.0268 0.2047 10
0.0000 1.1963 -0.9354 -0.1865 3
0.0000 1.3210 -1.0332 0.2656 9
0.0000 1.3230 -1.0347 -0.1469 9
0.0000 1.3189 -1.0319 0.3255 8
0.0000 1.3023 -1.0193 -0.0867 8
0.0000 1.4316 -1.1209 0.4198 1
0.0000 1.3255 -1.0382 -0.0294 12
0.0000 1.5556 -1.2189 0.5295 3
0.0000 1.3145 -1.0329 0.0292 7
0.0000 0.6144 -0.4829 -0.1804 7
0.0000 1.2952 -1.0185 0.0864 7
0.0000 0.7994 -0.6286 -0.1977 2
0.0000 1.3185 -1.0372 0.1468 9
0.0000 0.9159 -0.7207 -0.1846 2
0.0000 1.3165 -1.0363 0.2057 10
0.0000 1.1900 -0.9371 -0.1860 3
0.0000 1.3112 -1.0329 0.2644 9
0.0000 1.3256 -1.0443 -0.1476 7
0.0000 1.3184 -1.0390 0.3263 8
0.0000 1.3097 -1.0325 -0.0874 7
0.0000 1.4276 -1.1259 0.4198 1
0.0000 1.3093 -1.0329 -0.0291 10
0.0000 1.5514 -1.2243 0.5295 3
0.0000 1.3140 -1.0400 0.0293 8
0.0000 0.6371 -0.5044 -0.1876 6
0.0000 1.3026 -1.0317 0.0871 9
0.0000 0.8126 -0.6436 -0.2015 2
0.0000 1.3102 -1.0381 0.1462 8
0.0000 0.9211 -0.7301 -0.1862 2
0.0000 1.3128 -1.0409 0.2057 10
0.0000 1.1944 -0.9474 -0.1872 3
0.0000 1.3122 -1.0412 0.2653 10
0.0000 1.3064 -1.0365 -0.1459 6
0.0000 1.3163 -1.0448 0.3267 9
0.0000 1.3139 -1.0432 -0.0879 7
0.0000 1.5000 -1.1914 0.4423 1
0.0000 1.3120 -1.0425 -0.0293 12
0.0000 1.5350 -1.2201 0.5254 3
0.0000 1.3104 -1.0445 0.0293 8
0.0000 0.5896 -0.4702 -0.1741 7
0.0000 1.3053 -1.0412 0.0875 9
0.0000 0.8196 -0.6538 -0.2038 2
0.0000 1.3144 -1.0489 0.1471 8
0.0000 0.9062 -0.7234 -0.1837 2
0.0000 1.3169 -1.0517 0.2069 10
0.0000 1.1818 -0.9441 -0.1857 3
0.0000 1.3194 -1.0544 0.2675 9
0.0000 1.3136 -1.0498 -0.1471 7
0.0000 1.3142 -1.0506 0.3270 9
0.0000 1.3212 -1.0566 -0.0887 8
0.0000 1.3255 -1.0608 -0.0296 12
0.0000 1.5518 -1.2424 0.5326 3
0.0000 1.3083 -1.0504 0.0293 8
0.0000 0.6336 -0.5089 -0.1876 6
0.0000 1.3063 -1.0495 0.0878 7
0.0000 0.7928 -0.6370 -0.1977 2
0.0000 1.3216 -1.0622 0.1483 8
0.0000 0.9068 -0.7291 -0.1843 2
0.0000 1.3148 -1.0575 0.2072 9
0.0000 1.1878 -0.9557 -0.1872 3
0.0000 1.3203 -1.0627 0.2684 9
0.0000 1.3208 -1.0631 -0.1483 7
0.0000 1.3182 -1.0613 0.3290 8
0.0000 1.3112 -1.0562 -0.0882 10
0.0000 1.5281 -1.2312 0.4531 1
0.0000 1.3203 -1.0642 -0.0296 12
0.0000 1.5475 -1.2478 0.5326 3
0.0000 1.3125 -1.0610 0.0295 8
0.0000 0.6167 -0.4987 -0.1831 7
0.0000 1.3059 -1.0564 0.0880 9
0.0000 0.7937 -0.6421 -0.1984 2
0.0000 1.3211 -1.0691 0.1487 8
0.0000 0.9059 -0.7333 -0.1846 2
0.0000 1.3144 -1.0644 0.2077 9
0.0000 1.1738 -0.9509 -0.1855 3
0.0000 1.3199 -1.0696 0.2691 7
0.0000 1.3235 -1.0725 -0.1490 10
0.0000 1.3238 -1.0731 0.3312 8
0.0000 1.3139 -1.0655 -0.0887 10
0.0000 1.6027 -1.3001 0.4764 3
0.0000 1.3229 -1.0736 -0.0297 12
0.0000 1.5403 -1.2505 0.5316 3
0.0000 1.3088 -1.0656 0.0295 8
0.0000 0.6150 -0.5009 -0.1831 7
0.0000 1.3022 -1.0609 0.0880 9
0.0000 0.7884 -0.6423 -0.1977 2
0.0000 1.3236 -1.0787 0.1494 8
0.0000 0.8987 -0.7327 -0.1837 2
0.0000 1.3168 -1.0740 0.2086 9
0.0000 1.1797 -0.9625 -0.1869 3
0.0000 1.3146 -1.0729 0.2688 7
0.0000 1.3321 -1.0872 -0.1504 10
0.0000 1.3215 -1.0790 0.3316 8
0.0000 1.3241 -1.0815 -0.0896 10
0.0000 1.5966 -1.3045 0.4760 7
0.0000 1.3207 -1.0795 -0.0298 13
0.0000 1.5419 -1.2607 0.5337 3
0.0000 1.3190 -1.0815 0.0298 7
0.0000 0.6042 -0.4956 -0.1804 7
0.0000 1.3031 -1.0693 0.0883 7
0.0000 0.8317 -0.6824 -0.2091 2
0.0000 1.3183 -1.0821 0.1492 8
0.0000 0.9099 -0.7471 -0.1865 2
0.0000 1.3192 -1.0836 0.2096 7
0.0000 1.1810 -0.9704 -0.1877 3
0.0000 1.3154 -1.0813 0.2697 7
0.0000 1.3221 -1.0868 -0.1497 10
0.0000 1.3284 -1.0923 0.3343 8
0.0000 1.3173 -1.0836 -0.0894 10
0.0000 1.5890 -1.3076 0.4751 8
0.0000 1.3216 -1.0879 -0.0299 13
0.0000 1.5286 -1.2587 0.5306 3
0.0000 1.3137 -1.0849 0.0297 7
0.0000 0.6265 -0.5175 -0.1876 6
0.0000 1.3117 -1.0840 0.0892 7
0.0000 0.7960 -0.6578 -0.2007 2
0.0000 1.3129 -1.0854 0.1490 8
0.0000 0.8921 -0.7377 -0.1833 2
0.0000 1.3185 -1.0907 0.2101 9
0.0000 1.1715 -0.9695 -0.1867 3
0.0000 1.3162 -1.0896 0.2706 7
0.0000 1.3214 -1.0939 -0.1501 10
0.0000 1.3185 -1.0919 0.3328 8
0.0000 1.3258 -1.0983 -0.0902 9
0.0000 1.5965 -1.3231 0.4787 8
0.0000 1.3255 -1.0989 -0.0301 12
0.0000 1.5272 -1.2665 0.5316 3
0.0000 1.3191 -1.0971 0.0299 7
0.0000 0.6097 -0.5073 -0.1831 7
0.0000 1.3141 -1.0937 0.0896 7
0.0000 0.7998 -0.6656 -0.2023 2
0.0000 1.3214 -1.1002 0.1504 8
0.0000 0.8849 -0.7370 -0.1824 2
0.0000 1.3207 -1.1004 0.2111 10
0.0000 1.1772 -0.9812 -0.1882 3
0.0000 1.3276 -1.1069 0.2738 7
0.0000 1.3130 -1.0947 -0.1496 10
0.0000 1.3237 -1.1041 0.3351 8
0.0000 1.3112 -1.0940 -0.0895 10
0.0000 1.5844 -1.3224 0.4764 8
0.0000 1.3247 -1.1060 -0.0301 12
0.0000 1.5272 -1.2756 0.5332 4
0.0000 1.3122 -1.0991 0.0299 8
0.0000 0.6348 -0.5319 -0.1912 6
0.0000 1.3072 -1.0957 0.0894 10
0.0000 0.7583 -0.6356 -0.1923 2
0.0000 1.3221 -1.1086 0.1510 8
0.0000 0.8854 -0.7426 -0.1830 2
0.0000 1.3199 -1.1076 0.2116 10
0.0000 1.1707 -0.9827 -0.1877 3
0.0000 1.3343 -1.1204 0.2760 9
0.0000 1.3244 -1.1121 -0.1513 7
0.0000 1.3274 -1.1150 0.3370 9
0.0000 1.3150 -1.1050 -0.0900 9
0.0000 1.5663 -1.3166 0.4724 9
0.0000 1.3254 -1.1145 -0.0302 12
0.0000 1.5212 -1.2796 0.5326 4
0.0000 1.3252 -1.1179 0.0303 9
0.0000 0.6151 -0.5191 -0.1858 6
0.0000 1.3125 -1.1080 0.0900 10
0.0000 0.7891 -0.6661 -0.2007 2
0.0000 1.3319 -1.1248 0.1525 9
0.0000 0.8843 -0.7470 -0.1833 2
0.0000 1.3252 -1.1199 0.2130 10
0.0000 1.1521 -0.9740 -0.1852 3
0.0000 1.3228 -1.1187 0.2744 9
0.0000 1.3251 -1.1206 -0.1518 9
0.0000 1.3265 -1.1222 0.3377 9
0.0000 1.3264 -1.1225 -0.0911 9
0.0000 1.5617 -1.3221 0.4724 8
0.0000 1.3200 -1.1179 -0.0302 12
0.0000 1.5256 -1.2924 0.5358 5
0.0000 1.3259 -1.1264 0.0304 8
0.0000 0.5747 -0.4884 -0.1741 7
0.0000 1.3223 -1.1242 0.0910 10
0.0000 0.7778 -0.6613 -0.1984 2
0.0000 1.3235 -1.1256 0.1520 9
0.0000 0.8877 -0.7552 -0.1846 2
0.0000 1.3273 -1.1296 0.2140 10
0.0000 1.1563 -0.9844 -0.1865 3
0.0000 1.3234 -1.1271 0.2753 9
0.0000 1.3166 -1.1213 -0.1513 7
0.0000 1.3330 -1.1357 0.3404 8
0.0000 1.3225 -1.1271 -0.0911 9
0.0000 1.5556 -1.3263 0.4719 8
0.0000 1.3207 -1.1263 -0.0303 11
0.0000 1.5093 -1.2877 0.5316 5
0.0000 1.3143 -1.1245 0.0302 8
0.0000 0.5730 -0.4904 -0.1741 7
0.0000 1.3186 -1.1286 0.0910 9
0.0000 0.7904 -0.6767 -0.2023 2
0.0000 1.3210 -1.1315 0.1522 8
0.0000 0.8805 -0.7544 -0.1837 2
0.0000 1.3294 -1.1394 0.2150 10
0.0000 1.1604 -0.9949 -0.1877 3
0.0000 1.3332 -1.1431 0.2781 7
0.0000 1.3157 -1.1285 -0.1517 7
0.0000 1.3261 -1.1378 0.3396 8
0.0000 1.3246 -1.1369 -0.0915 9
0.0000 1.5436 -1.3253 0.4697 8
0.0000 1.3306 -1.1424 -0.0306 11
0.0000 1.5051 -1.2927 0.5316 5
0.0000 1.3151 -1.1328 0.0303 7
0.0000 0.5920 -0.5101 -0.1804 7
0.0000 1.3267 -1.1436 0.0918 9
0.0000 0.7791 -0.6718 -0.2000 2
0.0000 1.3292 -1.1465 0.1536 8
0.0000 0.8750 -0.7548 -0.1830 2
0.0000 1.3256 -1.1438 0.2150 9
0.0000 1.1631 -1.0040 -0.1887 3
0.0000 1.3337 -1.1516 0.2791 7
0.0000 1.3299 -1.1487 -0.1537 7
0.0000 1.3253 -1.1447 0.3404 8
0.0000 1.3208 -1.1413 -0.0915 9
0.0000 1.5318 -1.3241 0.4674 9
0.0000 1.3296 -1.1497 -0.0307 9
0.0000 1.4947 -1.2929 0.5295 5
0.0000 1.3233 -1.1479 0.0306 7
0.0000 0.5990 -0.5198 -0.1831 7
0.0000 1.3107 -1.1378 0.0910 9
0.0000 0.7917 -0.6872 -0.2038 2
0.0000 1.3329 -1.1574 0.1544 7
0.0000 0.8679 -0.7539 -0.1821 2
0.0000 1.3186 -1.1458 0.2145 6
0.0000 1.1356 -0.9872 -0.1848 3
0.0000 1.3356 -1.1614 0.2803 7
0.0000 1.3215 -1.1492 -0.1532 7
0.0000 1.3316 -1.1584 0.3431 7
0.0000 1.3168 -1.1459 -0.0915 9
0.0000 1.5183 -1.3217 0.4647 11
0.0000 1.3316 -1.1596 -0.0308 9
0.0000 1.4931 -1.3007 0.5306 6
0.0000 1.3253 -1.1577 0.0307 7
0.0000 0.5679 -0.4963 -0.1741 7
0.0000 1.3097 -1.1450 0.0912 7
0.0000 0.7686 -0.6719 -0.1984 2
0.0000 1.3288 -1.1621 0.1544 7
0.0000 0.8712 -0.7622 -0.1833 2
0.0000 1.3325 -1.1661 0.2174 9
0.0000 1.1426 -1.0003 -0.1865 3
0.0000 1.3226 -1.1583 0.2785 7
0.0000 1.3340 -1.1682 -0.1551 7
0.0000 1.3320 -1.1669 0.3442 7
0.0000 1.3263 -1.1623 -0.0924 7
0.0000 1.5167 -1.3296 0.4656 10
0.0000 1.3291 -1.1655 -0.0309 8
0.0000 1.4900 -1.3071 0.5311 8
0.0000 1.3302 -1.1703 0.0309 7
0.0000 0.5866 -0.5163 -0.1804 7
0.0000 1.3222 -1.1640 0.0923 7
0.0000 0.7456 -0.6564 -0.1931 2
0.0000 1.3247 -1.1667 0.1544 7
0.0000 0.8715 -0.7678 -0.1840 2
0.0000 1.3329 -1.1747 0.2181 7
0.0000 1.1346 -1.0003 -0.1857 3
0.0000 1.3230 -1.1668 0.2794 6
0.0000 1.3150 -1.1597 -0.1534 6
0.0000 1.3368 -1.1793 0.3465 7
0.0000 1.3298 -1.1736 -0.0929 6
0.0000 1.5032 -1.3271 0.4629 8
0.0000 1.3250 -1.1702 -0.0309 8
0.0000 1.4825 -1.3098 0.5301 9
0.0000 1.3171 -1.1670 0.0307 7
0.0000 0.5644 -0.5002 -0.1741 7
0.0000 1.3256 -1.1753 0.0928 8
0.0000 0.7521 -0.6668 -0.1954 2
0.0000 1.3266 -1.1766 0.1551 7
0.0000 0.8703 -0.7722 -0.1843 2
0.0000 1.3332 -1.1833 0.2189 7
0.0000 1.1430 -1.0148 -0.1877 3
0.0000 1.3219 -1.1740 0.2800 6
0.0000 1.3333 -1.1841 -0.1560 9
0.0000 1.3370 -1.1879 0.3477 7
0.0000 1.3316 -1.1835 -0.0934 9
0.0000 1.5015 -1.3350 0.4638 9
0.0000 1.3298 -1.1828 -0.0311 8
0.0000 1.4649 -1.3034 0.5254 11
0.0000 1.3265 -1.1835 0.0310 7
0.0000 0.5626 -0.5022 -0.1741 7
0.0000 1.3306 -1.1876 0.0935 8
0.0000 0.7674 -0.6852 -0.2000 2
0.0000 1.3285 -1.1865 0.1558 7
0.0000 0.8662 -0.7739 -0.1840 2
0.0000 1.3291 -1.1879 0.2189 9
0.0000 1.1395 -1.0188 -0.1877 3
0.0000 1.3371 -1.1955 0.2841 7
0.0000 1.3247 -1.1848 -0.1555 6
0.0000 1.3329 -1.1926 0.3477 7
0.0000 1.3319 -1.1922 -0.0937 7
0.0000 1.4954 -1.3389 0.4634 8
0.0000 1.3289 -1.1898 -0.0311 8
0.0000 1.4577 -1.3057 0.5244 12
0.0000 1.3241 -1.1893 0.0311 7
0.0000 0.5610 -0.5040 -0.1741 7
0.0000 1.3191 -1.1856 0.0929 7
0.0000 0.7387 -0.6642 -0.1931 2
0.0000 1.3317 -1.1978 0.1567 7
0.0000 0.8636 -0.7768 -0.1840 2
0.0000 1.3325 -1.1990 0.2201 8
0.0000 1.1095 -0.9987 -0.1833 3
0.0000 1.3373 -1.2041 0.2850 6
0.0000 1.3324 -1.2001 -0.1569 7
0.0000 1.3333 -1.2009 0.3488 7
0.0000 1.3280 -1.1966 -0.0937 7
0.0000 1.4736 -1.3282 0.4580 7
0.0000 1.3336 -1.2025 -0.0313 9
0.0000 1.4546 -1.3120 0.5249 15
0.0000 1.3362 -1.2086 0.0314 7
0.0000 0.5592 -0.5060 -0.1741 7
0.0000 1.3282 -1.2023 0.0939 9
0.0000 0.7249 -0.6561 -0.1900 2
0.0000 1.3322 -1.2062 0.1572 8
0.0000 0.8565 -0.7758 -0.1830 2
0.0000 1.3328 -1.2076 0.2208 9
0.0000 1.1119 -1.0079 -0.1843 3
0.0000 1.3287 -1.2048 0.2841 7
0.0000 1.3370 -1.2128 -0.1579 7
0.0000 1.3422 -1.2174 0.3522 7
0.0000 1.3312 -1.2079 -0.0942 7
0.0000 1.4617 -1.3268 0.4558 8
0.0000 1.3280 -1.2058 -0.0313 9
0.0000 1.4529 -1.3197 0.5259 15
0.0000 1.3394 -1.2200 0.0316 9
0.0000 1.3344 -1.2163 0.0946 10
0.0000 0.7312 -0.6667 -0.1923 2
0.0000 1.3307 -1.2138 0.1576 8
0.0000 0.8595 -0.7842 -0.1843 2
0.0000 1.3432 -1.2256 0.2233 9
0.0000 1.1289 -1.0305 -0.1877 3
0.0000 1.3333 -1.2174 0.2860 7
0.0000 1.3225 -1.2080 -0.1567 5
0.0000 1.3435 -1.2277 0.3538 7
0.0000 1.3312 -1.2168 -0.0945 7
0.0000 1.4583 -1.3335 0.4562 7
0.0000 1.3341 -1.2199 -0.0316 8
0.0000 1.4354 -1.3130 0.5213 15
0.0000 1.3275 -1.2182 0.0314 9
0.0000 1.3328 -1.2239 0.0948 9
0.0000 0.7375 -0.6772 -0.1946 2
0.0000 1.3367 -1.2279 0.1588 8
0.0000 0.8524 -0.7832 -0.1833 2
0.0000 1.3445 -1.2359 0.2242 9
0.0000 1.1076 -1.0185 -0.1848 3
0.0000 1.3346 -1.2277 0.2872 7
0.0000 1.3256 -1.2194 -0.1576 6
0.0000 1.3320 -1.2257 0.3519 7
0.0000 1.3343 -1.2282 -0.0950 6
0.0000 1.4522 -1.3372 0.4558 8
0.0000 1.3414 -1.2356 -0.0318 10
0.0000 1.4221 -1.3104 0.5182 16
0.0000 1.3350 -1.2336 0.0317 9
0.0000 1.3359 -1.2353 0.0954 10
0.0000 0.7322 -0.6771 -0.1939 2
0.0000 1.3397 -1.2393 0.1597 8
0.0000 0.8395 -0.7768 -0.1812 2
0.0000 1.3344 -1.2352 0.2233 9
0.0000 1.1099 -1.0278 -0.1857 3
0.0000 1.3419 -1.2431 0.2897 7
0.0000 1.3359 -1.2375 -0.1593 6
0.0000 1.3335 -1.2357 0.3534 5
0.0000 1.3329 -1.2356 -0.0953 6
0.0000 1.4461 -1.3410 0.4553 8
0.0000 1.3429 -1.2457 -0.0320 8
0.0000 1.4232 -1.3206 0.5202 15
0.0000 1.3366 -1.2437 0.0319 9
0.0000 1.3257 -1.2345 0.0949 10
0.0000 0.7471 -0.6957 -0.1984 2
0.0000 1.3412 -1.2494 0.1604 7
0.0000 0.8454 -0.7878 -0.1830 2
0.0000 1.3431 -1.2521 0.2255 8
0.0000 1.0947 -1.0208 -0.1838 3
0.0000 1.3434 -1.2531 0.2910 7
0.0000 1.3374 -1.2476 -0.1600 6
0.0000 1.3406 -1.2510 0.3564 5
0.0000 1.3257 -1.2375 -0.0950 6
0.0000 1.4314 -1.3367 0.4522 8
0.0000 1.3459 -1.2572 -0.0321 10
0.0000 1.4157 -1.3230 0.5192 16
0.0000 1.3424 -1.2580 0.0321 7
0.0000 1.3301 -1.2473 0.0956 8
0.0000 0.7590 -0.7118 -0.2023 2
0.0000 1.3456 -1.2623 0.1614 7
0.0000 0.8398 -0.7881 -0.1824 2
0.0000 1.3402 -1.2581 0.2257 8
0.0000 1.1012 -1.0341 -0.1855 3
0.0000 1.3332 -1.2524 0.2897 7
0.0000 1.3520 -1.2700 -0.1623 7
0.0000 1.3391 -1.2584 0.3572 5
0.0000 1.3301 -1.2503 -0.0957 6
0.0000 1.4239 -1.3390 0.4513 11
0.0000 1.3400 -1.2605 -0.0321 8
0.0000 1.4069 -1.3239 0.5176 16
0.0000 1.3409 -1.2654 0.0322 7
0.0000 1.3345 -1.2602 0.0962 9
0.0000 0.7337 -0.6928 -0.1962 2
0.0000 1.3354 -1.2615 0.1607 8
0.0000 0.8428 -0.7964 -0.1837 2
0.0000 1.3517 -1.2778 0.2284 8
0.0000 1.0904 -1.0311 -0.1843 3
0.0000 1.3288 -1.2571 0.2897 7
0.0000 1.3374 -1.2651 -0.1611 6
0.0000 1.3490 -1.2766 0.3610 4
0.0000 1.3388 -1.2673 -0.0966 6
0.0000 1.4220 -1.3466 0.4522 14
0.0000 1.3356 -1.2652 -0.0321 10
0.0000 1.3938 -1.3208 0.5145 16
0.0000 1.3293 -1.2632 0.0320 7
0.0000 1.3402 -1.2745 0.0969 6
0.0000 0.7398 -0.7035 -0.1984 2
0.0000 1.3497 -1.2840 0.1630 4
0.0000 0.8357 -0.7953 -0.1827 2
0.0000 1.3673 -1.3016 0.2318 4
0.0000 1.0882 -1.0363 -0.1845 3
0.0000 1.3659 -1.3012 0.2988 5
0.0000 1.3330 -1.2698 -0.1611 5
0.0000 1.3545 -1.2907 0.3637 6
0.0000 1.3459 -1.2830 -0.0974 4
0.0000 1.4103 -1.3449 0.4499 18
0.0000 1.3413 -1.2795 -0.0324 6
0.0000 1.3920 -1.3284 0.5156 16
0.0000 1.3556 -1.2964 0.0327 4
0.0000 1.3766 -1.3174 0.0999 7
0.0000 0.7433 -0.7113 -0.2000 2
0.0000 1.4032 -1.3433 0.1700 9
0.0000 0.8403 -0.8047 -0.1843 2
0.0000 1.0893 -1.0438 -0.1852 3
0.0000 1.3918 -1.3342 0.3054 14
0.0000 1.3534 -1.2974 -0.1640 4
0.0000 1.3957 -1.3385 0.3759 24
0.0000 1.3620 -1.3066 -0.0989 4
0.0000 1.4131 -1.3560 0.4522 24
0.0000 1.3719 -1.3170 -0.0332 5
0.0000 1.3836 -1.3287 0.5140 16
0.0000 1.4073 -1.3552 0.0341 17
0.0000 0.7747 -0.7465 -0.2091 2
0.0000 1.3899 -1.3399 0.1689 23
0.0000 0.8332 -0.8035 -0.1833 2
0.0000 1.0799 -1.0421 -0.1843 3
0.0000 1.3814 -1.3335 0.3041 26
0.0000 1.4019 -1.3533 -0.1705 11
0.0000 1.4034 -1.3557 -0.1023 11
0.0000 1.3985 -1.3515 0.4490 22
0.0000 1.4234 -1.3760 -0.0346 17
0.0000 1.3734 -1.3282 0.5119 15
0.0000 1.3853 -1.3434 0.0337 39
0.0000 1.3824 -1.3420 0.1686 37
0.0000 0.8474 -0.8230 -0.1871 2
0.0000 1.4025 -1.3624 0.2401 52
0.0000 1.0649 -1.0348 -0.1823 4
0.0000 1.3838 -1.3452 0.3057 36
0.0000 1.4029 -1.3638 -0.1712 12
0.0000 1.4033 -1.3646 0.3805 27
0.0000 1.3973 -1.3592 -0.1022 18
0.0000 1.4008 -1.3632 0.4513 16
0.0000 1.4085 -1.3712 -0.0343 39
0.0000 1.3716 -1.3357 0.5130 14
0.0000 1.4056 -1.3736 0.1030 100
0.0000 1.3905 -1.3593 0.1701 38
0.0000 0.8248 -0.8066 -0.1827 2
0.0000 1.4034 -1.3729 0.2411 27
0.0000 1.0740 -1.0510 -0.1845 3
0.0000 1.3918 -1.3625 0.3085 19
0.0000 1.3839 -1.3547 -0.1694 9
0.0000 1.3985 -1.3695 0.3805 15
0.0000 1.3925 -1.3641 -0.1022 54
0.0000 1.3960 -1.3680 0.4513 10
0.0000 1.3866 -1.3593 -0.0339 83
0.0000 1.3559 -1.3296 0.5088 9
0.0000 1.3901 -1.3671 0.0340 44
0.0000 1.3894 -1.3673 0.1022 29
0.0000 1.4014 -1.3796 0.1720 16
0.0000 0.8163 -0.8039 -0.1815 1
0.0000 1.3958 -1.3750 0.2406 13
0.0000 1.0802 -1.0645 -0.1862 3
0.0000 1.3997 -1.3798 0.3113 11
0.0000 1.3761 -1.3570 -0.1691 4
0.0000 1.3965 -1.3771 0.3812 10
0.0000 1.4005 -1.3816 -0.1031 24
0.0000 1.4037 -1.3852 0.4553 8
0.0000 1.4032 -1.3852 -0.0344 37
0.0000 1.3498 -1.3330 0.5083 5
0.0000 1.3996 -1.3860 0.0344 12
0.0000 1.3860 -1.3735 0.1023 15
0.0000 1.4006 -1.3889 0.1726 12
0.0000 0.8246 -0.8180 -0.1840 1
0.0000 1.3966 -1.3854 0.2415 9
0.0000 1.0681 -1.0599 -0.1848 3
0.0000 1.4033 -1.3931 0.3132 7
0.0000 1.3515 -1.3421 -0.1666 3
0.0000 1.4068 -1.3975 0.3854 8
0.0000 1.4055 -1.3972 0.4576 8
0.0000 1.3927 -1.3844 -0.0343 8
0.0000 1.3534 -1.3459 0.5114 7
0.0000 1.4016 -1.3981 0.0346 3
0.0000 1.3782 -1.3758 0.1021 8
0.0000 1.4098 -1.4078 0.1743 8
0.0000 0.8329 -0.8321 -0.1865 1
0.0000 1.4042 -1.4032 0.2437 9
0.0000 1.0515 -1.0512 -0.1826 2
0.0000 1.4066 -1.4066 0.3151 8
0.0000 1.3497 -1.3497 -0.1670 1
0.0000 1.4060 -1.4065 0.3866 8
0.0000 1.3821 -1.3831 -0.1025 1
0.0000 1.4089 -1.4104 0.4602 8
0.0000 1.3989 -1.4008 -0.0346 3
0.0000 1.3580 -1.3604 0.5150 7
0.0000 2.6382 -2.6502 0.0653 22
0.0000 1.3889 -1.3961 0.1032 5
0.0000 1.4105 -1.4184 0.1750 8
0.0000 0.8328 -0.8378 -0.1871 1
0.0000 1.4049 -1.4137 0.2447 9
0.0000 1.0367 -1.0436 -0.1806 2
0.0000 1.4044 -1.4143 0.3157 7
0.0000 1.3548 -1.3643 -0.1682 1
0.0000 1.4163 -1.4267 0.3908 8
0.0000 2.3171 -2.3349 -0.1724 1
0.0000 1.4136 -1.4250 0.4634 4
0.0000 2.6401 -2.6623 -0.0654 20
0.0000 1.3641 -1.3761 0.5192 4
0.0000 2.6247 -2.6551 0.0652 43
0.0000 1.3912 -1.4078 0.1037 6
0.0000 1.4000 -1.4177 0.1743 8
0.0000 0.8327 -0.8435 -0.1877 1
0.0000 1.4125 -1.4313 0.2469 8
0.0000 1.0667 -1.0809 -0.1865 1
0.0000 1.4039 -1.4232 0.3166 7
0.0000 1.3332 -1.3520 -0.1661 1
0.0000 1.4155 -1.4359 0.3919 8
0.0000 2.3131 -2.3473 -0.1727 1
0.0000 1.5881 -1.6115 0.5223 2
0.0000 2.6397 -2.6796 -0.0657 48
0.0000 1.3487 -1.3696 0.5150 3
0.0000 2.6285 -2.6766 0.0655 60
0.0000 1.3964 -1.4224 0.1045 6
0.0000 1.4050 -1.4322 0.1755 8
0.0000 0.8354 -0.8519 -0.1890 1
0.0000 1.4147 -1.4431 0.2481 8
0.0000 1.0714 -1.0929 -0.1879 1
0.0000 1.4089 -1.4377 0.3188 7
0.0000 1.3371 -1.3649 -0.1672 1
0.0000 1.4162 -1.4462 0.3934 7
0.0000 2.3067 -2.3564 -0.1728 3
0.0000 1.6031 -1.6377 0.5291 2
0.0000 2.6210 -2.6784 -0.0654 63
0.0000 1.3577 -1.3879 0.5202 4
0.0000 2.5889 -2.6538 0.0647 46
0.0000 1.4011 -1.4373 0.1052 7
0.0000 1.4142 -1.4512 0.1773 6
0.0000 0.8767 -0.8999 -0.1990 1
0.0000 1.4043 -1.4421 0.2472 6
0.0000 1.0981 -1.1280 -0.1933 1
0.0000 1.4093 -1.4482 0.3201 6
0.0000 1.3254 -1.3624 -0.1663 1
0.0000 1.4100 -1.4495 0.3931 7
0.0000 2.2808 -2.3454 -0.1715 3
0.0000 1.5458 -1.5901 0.5120 2
0.0000 2.6033 -2.6789 -0.0652 60
0.0000 1.3838 -1.4245 0.5321 4
0.0000 2.5838 -2.6672 0.0648 47
0.0000 1.4031 -1.4494 0.1057 8
0.0000 1.4047 -1.4520 0.1768 6
0.0000 1.4034 -1.4513 0.2479 6
0.0000 1.4070 -1.4560 0.3207 6
0.0000 1.3275 -1.3742 -0.1672 1
0.0000 1.4211 -1.4716 0.3976 7
0.0000 2.2583 -2.3394 -0.1704 3
0.0000 1.4236 -1.4752 0.4733 4
0.0000 2.5897 -2.6836 -0.0651 56
0.0000 1.4016 -1.4529 0.5409 4
0.0000 2.5670 -2.6694 0.0646 46
0.0000 1.3994 -1.4557 0.1058 8
0.0000 1.4051 -1.4627 0.1774 6
0.0000 1.4091 -1.4678 0.2498 6
0.0000 1.4074 -1.4666 0.3219 6
0.0000 1.3144 -1.3702 -0.1661 1
0.0000 1.4268 -1.4878 0.4007 8
0.0000 2.2543 -2.3515 -0.1707 3
0.0000 1.4117 -1.4731 0.4710 7
0.0000 2.5665 -2.6782 -0.0647 56
0.0000 1.3979 -1.4592 0.5414 4
0.0000 2.5554 -2.6750 0.0646 46
0.0000 1.4026 -1.4692 0.1065 8
0.0000 1.4014 -1.4690 0.1776 6
0.0000 1.4165 -1.4854 0.2520 6
0.0000 1.4132 -1.4829 0.3244 6
0.0000 1.4300 -1.5011 0.4030 7
0.0000 2.2589 -2.3720 -0.1717 3
0.0000 1.4149 -1.4863 0.4737 7
0.0000 2.5503 -2.6799 -0.0646 60
0.0000 1.3781 -1.4487 0.5358 3
0.0000 2.5337 -2.6709 0.0643 49
0.0000 1.4029 -1.4799 0.1069 8
0.0000 1.4075 -1.4852 0.1790 7
0.0000 1.4113 -1.4904 0.2520 7
0.0000 1.4026 -1.4821 0.3232 6
0.0000 1.4193 -1.5004 0.4015 7
0.0000 2.2533 -2.3828 -0.1719 3
0.0000 1.4217 -1.5039 0.4778 7
0.0000 2.5382 -2.6859 -0.0645 60
0.0000 1.3730 -1.4535 0.5358 3
0.0000 2.5188 -2.6739 0.0641 49
0.0000 1.4060 -1.4935 0.1075 8
0.0000 1.4129 -1.5020 0.1804 6
0.0000 1.4007 -1.4895 0.2511 6
0.0000 1.4217 -1.5129 0.3288 6
0.0000 1.4152 -1.5070 0.4018 7
0.0000 2.2364 -2.3823 -0.1712 4
0.0000 1.4242 -1.5177 0.4805 7
0.0000 2.5260 -2.6918 -0.0644 60
0.0000 1.3680 -1.4583 0.5358 3
0.0000 2.5077 -2.6816 0.0641 51
0.0000 1.4059 -1.5045 0.1079 8
0.0000 1.4090 -1.5084 0.1806 6
0.0000 1.4101 -1.5106 0.2537 6
0.0000 1.4202 -1.5225 0.3298 7
0.0000 1.4193 -1.5220 0.4045 6
0.0000 2.2158 -2.3770 -0.1703 4
0.0000 1.4215 -1.5255 0.4814 7
0.0000 2.5134 -2.6981 -0.0644 60
0.0000 1.3626 -1.4633 0.5358 3
0.0000 2.4928 -2.6845 0.0639 51
0.0000 1.3993 -1.5079 0.1078 7
0.0000 1.4200 -1.5308 0.1827 7
0.0000 1.4156 -1.5272 0.2557 6
0.0000 1.4082 -1.5202 0.3282 6
0.0000 1.4260 -1.5399 0.4079 6
0.0000 2.2183 -2.3964 -0.1711 4
0.0000 1.4294 -1.5447 0.4859 7
0.0000 2.4850 -2.6863 -0.0639 60
0.0000 1.3706 -1.4822 0.5409 3
0.0000 2.4780 -2.6873 0.0638 54
0.0000 1.4049 -1.5246 0.1086 7
0.0000 1.4160 -1.5372 0.1829 6
0.0000 1.4197 -1.5423 0.2574 7
0.0000 1.4136 -1.5367 0.3307 6
0.0000 1.4259 -1.5506 0.4095 7
0.0000 2.2072 -2.4012 -0.1709 4
0.0000 1.4293 -1.5555 0.4877 7
0.0000 2.4702 -2.6891 -0.0637 60
0.0000 1.3628 -1.4841 0.5399 2
0.0000 2.4551 -2.6812 0.0635 51
0.0000 1.4036 -1.5339 0.1090 7
0.0000 1.4066 -1.5377 0.1823 5
0.0000 1.4197 -1.5531 0.2584 7
0.0000 1.4268 -1.5620 0.3351 6
0.0000 1.4297 -1.5658 0.4121 7
0.0000 2.2029 -2.4133 -0.1712 3
0.0000 1.4318 -1.5691 0.4904 7
0.0000 2.4581 -2.6948 -0.0637 57
0.0000 1.3550 -1.4860 0.5389 2
0.0000 2.4417 -2.6853 0.0634 49
0.0000 1.4063 -1.5476 0.1096 7
0.0000 1.4106 -1.5530 0.1836 5
0.0000 1.4102 -1.5536 0.2576 6
0.0000 1.4240 -1.5699 0.3357 5
0.0000 1.4243 -1.5707 0.4121 7
0.0000 2.1877 -2.4136 -0.1707 4
0.0000 1.4420 -1.5914 0.4958 7
0.0000 2.4433 -2.6974 -0.0635 57
0.0000 1.3420 -1.4822 0.5358 2
0.0000 2.4243 -2.6849 0.0631 49
0.0000 1.3942 -1.5451 0.1091 5
0.0000 1.4185 -1.5727 0.1853 4
0.0000 1.4181 -1.5733 0.2601 6
0.0000 1.4265 -1.5837 0.3376 5
0.0000 1.4332 -1.5917 0.4163 8
0.0000 2.1766 -2.4182 -0.1705 3
0.0000 1.4338 -1.5935 0.4949 7
0.0000 2.4338 -2.7059 -0.0635 60
0.0000 1.3524 -1.5041 0.5420 2
0.0000 2.4162 -2.6948 0.0632 46
0.0000 1.4021 -1.5649 0.1101 5
0.0000 1.4263 -1.5925 0.1870 5
0.0000 1.4285 -1.5960 0.2630 6
0.0000 1.4236 -1.5916 0.3382 6
0.0000 1.4407 -1.6114 0.4202 7
0.0000 2.1735 -2.4318 -0.1709 3
0.0000 1.4308 -1.6014 0.4958 7
0.0000 2.4124 -2.7010 -0.0632 56
0.0000 1.3548 -1.5174 0.5451 2
0.0000 2.4015 -2.6973 0.0630 43
0.0000 1.4006 -1.5742 0.1104 5
0.0000 1.4141 -1.5900 0.1862 5
0.0000 1.4321 -1.6114 0.2647 7
0.0000 1.4246 -1.6040 0.3398 6
0.0000 1.4494 -1.6325 0.4244 7
0.0000 2.1703 -2.4453 -0.1713 3
0.0000 1.4485 -1.6326 0.5039 8
0.0000 2.3897 -2.6944 -0.0629 51
0.0000 1.3316 -1.5019 0.5378 2
0.0000 2.3780 -2.6888 0.0627 41
0.0000 1.4113 -1.5968 0.1117 5
0.0000 1.4273 -1.6156 0.1886 6
0.0000 1.4307 -1.6206 0.2654 6
0.0000 1.4336 -1.6250 0.3432 5
0.0000 1.4440 -1.6373 0.4244 7
0.0000 2.1635 -2.4540 -0.1715 3
0.0000 1.4495 -1.6447 0.5061 8
0.0000 2.3768 -2.6978 -0.0628 47
0.0000 1.3343 -1.5150 0.5409 2
0.0000 2.3673 -2.6955 0.0626 36
0.0000 1.4109 -1.6077 0.1121 5
0.0000 1.4335 -1.6340 0.1902 4
0.0000 1.4290 -1.6300 0.2662 6
0.0000 1.4358 -1.6389 0.3451 5
0.0000 1.4422 -1.6468 0.4255 8
0.0000 2.1483 -2.4540 -0.1709 3
0.0000 1.4540 -1.6615 0.5097 8
0.0000 2.3673 -2.7061 -0.0628 41
0.0000 1.3162 -1.5051 0.5358 2
0.0000 2.3578 -2.7038 0.0626 31
0.0000 1.4082 -1.6154 0.1123 4
0.0000 1.4330 -1.6450 0.1909 4
0.0000 1.4259 -1.6380 0.2667 6
0.0000 1.4368 -1.6511 0.3467 5
0.0000 1.4454 -1.6622 0.4282 6
0.0000 2.1280 -2.4479 -0.1700 3
0.0000 1.4470 -1.6651 0.5093 8
0.0000 2.3544 -2.7094 -0.0627 38
0.0000 1.3214 -1.5211 0.5399 2
0.0000 2.3397 -2.7010 0.0624 21
0.0000 1.4052 -1.6233 0.1125 4
0.0000 1.4325 -1.6560 0.1916 4
0.0000 1.4399 -1.6652 0.2703 6
0.0000 1.4375 -1.6636 0.3482 4
0.0000 1.4553 -1.6848 0.4328 6
0.0000 2.1303 -2.4671 -0.1708 2
0.0000 1.4491 -1.6788 0.5120 7
0.0000 2.3306 -2.7010 -0.0623 36
0.0000 1.3211 -1.5316 0.5420 3
0.0000 2.3342 -2.7137 0.0625 19
0.0000 1.4151 -1.6464 0.1138 4
0.0000 1.4283 -1.6623 0.1917 4
0.0000 1.4432 -1.6808 0.2720 5
0.0000 1.4355 -1.6731 0.3492 5
0.0000 1.4571 -1.6988 0.4350 6
0.0000 2.1073 -2.4578 -0.1697 2
0.0000 1.4610 -1.7045 0.5183 7
0.0000 2.3211 -2.7091 -0.0623 26
0.0000 1.3007 -1.5186 0.5358 2
0.0000 2.3156 -2.7112 0.0622 14
0.0000 1.4249 -1.6696 0.1150 4
0.0000 1.4299 -1.6766 0.1928 4
0.0000 1.4527 -1.7040 0.2749 6
0.0000 1.4450 -1.6961 0.3529 4
0.0000 1.4598 -1.7146 0.4377 6
0.0000 2.0906 -2.4564 -0.1690 1
0.0000 1.4648 -1.7217 0.5219 7
0.0000 2.3143 -2.7202 -0.0623 22
0.0000 1.3079 -1.5378 0.5409 2
0.0000 2.3069 -2.7212 0.0623 13
0.0000 1.4294 -1.6867 0.1159 4
0.0000 1.4370 -1.6968 0.1945 4
0.0000 1.4491 -1.7123 0.2754 4
0.0000 1.4519 -1.7162 0.3560 4
0.0000 1.4588 -1.7257 0.4392 6
0.0000 2.0742 -2.4545 -0.1684 1
0.0000 1.4676 -1.7373 0.5250 8
0.0000 2.2957 -2.7176 -0.0621 20
0.0000 1.2925 -1.5306 0.5368 3
0.0000 2.2889 -2.7181 0.0620 11
0.0000 1.4261 -1.6948 0.1161 4
0.0000 1.4413 -1.7140 0.1959 4
0.0000 1.4472 -1.7217 0.2762 4
0.0000 1.4573 -1.7349 0.3589 4
0.0000 1.4645 -1.7441 0.4427 6
0.0000 2.0841 -2.4828 -0.1699 1
0.0000 1.4631 -1.7436 0.5255 7
0.0000 2.2952 -2.7363 -0.0623 17
0.0000 1.2946 -1.5440 0.5399 3
0.0000 2.2730 -2.7184 0.0619 13
0.0000 1.4304 -1.7120 0.1169 4
0.0000 1.4433 -1.7280 0.1970 4
0.0000 1.4488 -1.7358 0.2776 4
0.0000 1.4512 -1.7400 0.3589 4
0.0000 1.4735 -1.7673 0.4473 6
0.0000 2.0831 -2.4993 -0.1705 1
0.0000 1.4670 -1.7607 0.5291 7
0.0000 2.2767 -2.7335 -0.0621 12
0.0000 1.2991 -1.5604 0.5440 5
0.0000 2.2532 -2.7140 0.0616 16
0.0000 1.4359 -1.7308 0.1179 4
0.0000 1.4398 -1.7360 0.1973 4
0.0000 1.4567 -1.7577 0.2803 4
0.0000 1.4565 -1.7587 0.3617 4
0.0000 1.4710 -1.7769 0.4484 5
0.0000 2.0641 -2.4942 -0.1697 1
0.0000 1.4732 -1.7808 0.5336 7
0.0000 2.2620 -2.7353 -0.0620 13
0.0000 1.2912 -1.5619 0.5430 6
0.0000 2.2323 -2.7080 0.0613 19
0.0000 1.4337 -1.7404 0.1182 4
0.0000 1.4464 -1.7564 0.1991 4
0.0000 1.4619 -1.7766 0.2825 4
0.0000 1.4616 -1.7775 0.3645 4
0.0000 1.4711 -1.7896 0.4503 5
0.0000 2.0554 -2.5014 -0.1697 1
0.0000 1.4719 -1.7920 0.5354 7
0.0000 2.2436 -2.7324 -0.0617 15
0.0000 1.2857 -1.5664 0.5430 6
0.0000 2.2190 -2.7111 0.0612 20
0.0000 1.4542 -1.7779 0.1204 4
0.0000 1.4553 -1.7800 0.2012 4
0.0000 1.4582 -1.7847 0.2830 4
0.0000 1.4792 -1.8117 0.3704 5
0.0000 1.4698 -1.8008 0.4518 5
0.0000 2.0391 -2.4993 -0.1690 1
0.0000 1.4743 -1.8077 0.5385 5
0.0000 2.2277 -2.7324 -0.0615 17
0.0000 1.2974 -1.5918 0.5502 6
0.0000 2.1982 -2.7049 0.0608 23
0.0000 1.4394 -1.7719 0.1196 4
0.0000 1.4567 -1.7943 0.2022 4
0.0000 1.4620 -1.8021 0.2849 4
0.0000 1.4769 -1.8212 0.3714 4
0.0000 1.4796 -1.8258 0.4568 5
0.0000 2.0278 -2.5033 -0.1688 1
0.0000 1.4634 -1.8065 0.5367 4
0.0000 2.2124 -2.7320 -0.0614 21
0.0000 1.3030 -1.6097 0.5549 6
0.0000 2.1917 -2.7153 0.0609 32
0.0000 1.4436 -1.7891 0.1205 4
0.0000 1.4682 -1.8209 0.2046 4
0.0000 1.4709 -1.8255 0.2879 4
0.0000 1.4721 -1.8276 0.3717 4
0.0000 1.4833 -1.8429 0.4598 5
0.0000 2.0145 -2.5038 -0.1684 1
0.0000 1.4623 -1.8174 0.5385 4
0.0000 2.1945 -2.7284 -0.0611 26
0.0000 1.3013 -1.6185 0.5565 5
0.0000 2.1777 -2.7163 0.0608 33
0.0000 1.4436 -1.8019 0.1210 4
0.0000 1.4622 -1.8257 0.2046 4
0.0000 1.4748 -1.8428 0.2898 4
0.0000 1.4719 -1.8405 0.3733 4
0.0000 1.4809 -1.8524 0.4610 4
0.0000 2.0187 -2.5260 -0.1695 2
0.0000 1.4620 -1.8301 0.5408 3
0.0000 2.1850 -2.7361 -0.0611 35
0.0000 1.3053 -1.6351 0.5606 5
0.0000 2.1645 -2.7192 0.0607 39
0.0000 1.4559 -1.8304 0.1226 4
0.0000 1.4657 -1.8433 0.2060 4
0.0000 1.4856 -1.8697 0.2932 4
0.0000 1.4851 -1.8703 0.3783 4
0.0000 1.4817 -1.8668 0.4633 4
0.0000 2.0086 -2.5315 -0.1694 2
0.0000 1.4665 -1.8489 0.5448 3
0.0000 2.1742 -2.7421 -0.0611 41
0.0000 1.3080 -1.6502 0.5642 4
0.0000 2.1525 -2.7236 0.0606 39
0.0000 1.4594 -1.8480 0.1234 4
0.0000 1.4691 -1.8609 0.2074 4
0.0000 1.4766 -1.8718 0.2927 4
0.0000 1.4895 -1.8895 0.3811 4
0.0000 1.4910 -1.8920 0.4682 3
0.0000 1.9886 -2.5244 -0.1684 2
0.0000 1.4504 -1.8418 0.5412 2
0.0000 2.1510 -2.7324 -0.0607 47
0.0000 1.3153 -1.6715 0.5699 3
0.0000 2.1356 -2.7216 0.0604 36
0.0000 1.4530 -1.8530 0.1234 4
0.0000 1.4749 -1.8817 0.2092 4
0.0000 1.4799 -1.8894 0.2947 4
0.0000 1.4890 -1.9024 0.3826 4
0.0000 1.4880 -1.9019 0.4694 3
0.0000 1.9638 -2.5109 -0.1671 2
0.0000 1.4404 -1.8423 0.5399 2
0.0000 2.1488 -2.7494 -0.0609 51
0.0000 1.3321 -1.7050 0.5798 1
0.0000 2.1236 -2.7259 0.0603 34
0.0000 1.4612 -1.8770 0.1247 4
0.0000 1.4879 -1.9120 0.2120 4
0.0000 1.4855 -1.9102 0.2971 4
0.0000 1.4836 -1.9092 0.3830 4
0.0000 1.4946 -1.9241 0.4736 2
0.0000 1.9661 -2.5319 -0.1680 2
0.0000 1.4387 -1.8534 0.5417 1
0.0000 2.1208 -2.7332 -0.0604 48
0.0000 1.3948 -1.7982 0.6098 1
0.0000 2.1177 -2.7381 0.0604 28
0.0000 1.4620 -1.8916 0.1253 4
0.0000 1.4760 -1.9111 0.2113 4
0.0000 1.4921 -1.9327 0.2998 4
0.0000 1.4817 -1.9206 0.3842 4
0.0000 1.5032 -1.9498 0.4785 2
0.0000 1.9604 -2.5438 -0.1683 1
0.0000 1.4426 -1.8726 0.5457 1
0.0000 2.0966 -2.7215 -0.0600 39
0.0000 2.0979 -2.7331 0.0601 20
0.0000 1.4724 -1.9189 0.1268 4
0.0000 1.4718 -1.9194 0.2116 4
0.0000 1.4971 -1.9539 0.3022 4
0.0000 1.4858 -1.9399 0.3870 3
0.0000 1.4987 -1.9581 0.4793 2
0.0000 1.9406 -2.5364 -0.1674 1
0.0000 1.4408 -1.8838 0.5475 1
0.0000 2.0968 -2.7415 -0.0602 24
0.0000 2.0780 -2.7257 0.0598 11
0.0000 1.4754 -1.9367 0.1276 4
0.0000 1.4916 -1.9594 0.2154 4
0.0000 1.4918 -1.9604 0.3025 4
0.0000 1.4970 -1.9686 0.3917 3
0.0000 1.5100 -1.9865 0.4850 1
0.0000 1.9177 -2.5237 -0.1661 1
0.0000 1.4440 -1.9010 0.5511 1
0.0000 2.0909 -2.7536 -0.0604 15
0.0000 2.0733 -2.7394 0.0600 4
0.0000 1.4629 -1.9336 0.1271 4
0.0000 1.4899 -1.9707 0.2161 4
0.0000 1.4945 -1.9783 0.3044 4
0.0000 1.5036 -1.9909 0.3952 3
0.0000 1.5055 -1.9949 0.4858 1
0.0000 1.9089 -2.5304 -0.1661 1
0.0000 1.4326 -1.8998 0.5493 1
0.0000 2.0757 -2.7526 -0.0602 5
0.0000 2.0630 -2.7446 0.0599 2
0.0000 1.4694 -1.9563 0.1282 4
0.0000 1.4938 -1.9903 0.2177 4
0.0000 1.4927 -1.9896 0.3054 4
0.0000 1.4930 -1.9914 0.3942 3
0.0000 1.5200 -2.0282 0.4927 1
0.0000 1.4403 -1.9232 0.5547 1
0.0000 2.0469 -2.7342 -0.0596 2
0.0000 2.0689 -2.7726 0.0604 1
0.0000 1.4804 -1.9854 0.1298 4
0.0000 1.4824 -1.9888 0.2170 3
0.0000 1.4988 -2.0123 0.3081 3
0.0000 1.5050 -2.0220 0.3992 2
0.0000 1.5575 -2.0933 0.5072 1
0.0000 1.4336 -1.9283 0.5547 1
0.0000 2.0338 -2.7365 -0.0595 1
0.0000 2.0580 -2.7782 0.0604 1
0.0000 1.4782 -1.9970 0.1302 3
0.0000 1.4921 -2.0164 0.2195 3
0.0000 1.5071 -2.0383 0.3113 3
0.0000 1.5096 -2.0431 0.4023 2
0.0000 2.0503 -2.7790 -0.0603 1
0.0000 2.0625 -2.8047 0.0608 1
0.0000 1.4795 -2.0134 0.1309 3
0.0000 1.4992 -2.0409 0.2215 2
0.0000 1.4988 -2.0419 0.3110 3
0.0000 1.5329 -2.0898 0.4105 2
0.0000 2.0642 -2.8184 -0.0610 1
0.0000 2.0381 -2.7929 0.0604 1
0.0000 1.4792 -2.0285 0.1316 3
0.0000 1.5046 -2.0641 0.2235 2
0.0000 1.5089 -2.0715 0.3147 2
0.0000 1.5368 -2.1114 0.4136 1
0.0000 2.0539 -2.8259 -0.0610 1
0.0000 2.0279 -2.8003 0.0604 1
0.0000 1.4764 -2.0404 0.1320 3
0.0000 1.5227 -2.1051 0.2273 1
0.0000 1.5094 -2.0882 0.3164 2
0.0000 1.5487 -2.1442 0.4189 1
0.0000 1.4751 -2.0536 0.1325 1
0.0000 1.5874 -2.2107 0.2381 1
0.0000 1.5727 -2.1919 0.3312 1
0.0000 1.5850 -2.2106 0.4308 1
0.0000 0.6843 -0.9676 0.1455 1
0.0000 0.6734 -0.9535 0.2695 1
0.0000 0.6594 -0.9378 0.0601 1
0.0000 0.6461 -0.9194 0.0983 1
0.0000 0.6506 -0.9274 0.2202 2
0.0000 0.6400 -0.9165 0.0195 2
0.0000 0.6309 -0.9041 0.0578 4
0.0000 0.6450 -0.9250 0.0987 5
0.0000 0.6365 -0.9151 0.2573 7
0.0000 0.6458 -0.9319 0.0198 5
0.0000 0.6335 -0.9145 0.0583 6
0.0000 0.6504 -0.9404 0.1404 10
0.0000 0.6291 -0.9143 0.0194 7
0.0000 0.6359 -0.9249 0.0588 13
0.0000 0.6417 -0.9344 0.1392 15
0.0000 0.6236 -0.9132 0.0193 8
0.0000 0.6293 -0.9222 0.0585 27
0.0000 0.6261 -0.9186 0.1365 19
0.0000 0.6113 -0.8982 -0.0569 3
0.0000 0.6182 -0.9121 0.0192 21
0.0000 0.6138 -0.9062 0.0574 20
0.0000 0.6196 -0.9158 0.1358 9
0.0000 0.6238 -0.9276 0.0195 2
0.0000 0.6229 -0.9266 0.0585 5
0.0000 0.6198 -0.9286 0.0585 5
0.0000 0.6397 -0.9650 0.0202 1
0.0000 0.6221 -0.9391 0.0590 4
0.0000 0.6362 -0.9674 0.0202 2
0.0000 0.6219 -0.9464 0.0593 5
0.0000 0.6337 -0.9714 0.0202 5
0.0000 0.6283 -0.9701 0.0202 7
