0.0000 1.1116 2.6012 0.3473 2
0.0000 1.1073 2.5663 0.3432 2
0.0000 1.1044 2.5351 0.3395 2
0.0000 1.1064 2.5169 0.3376 2
0.0000 1.2075 2.7418 -0.1570 3
0.0000 0.4343 0.9499 0.2411 3
0.0000 0.4360 0.9449 0.2402 3
0.0000 0.4424 0.9505 0.2420 3
0.0000 0.4441 0.9454 0.2411 2
0.0000 0.5202 1.1001 0.1494 2
0.0000 0.4542 0.9579 0.2447 2
0.0000 0.5198 1.0898 0.1056 2
0.0000 0.4508 0.9422 0.2411 2
0.0000 0.5319 1.1066 0.0214 1
0.0000 0.5126 1.0655 0.0620 2
0.0000 0.5167 1.0736 0.1042 2
0.0000 0.5177 1.0748 0.1465 2
0.0000 0.4558 0.9442 0.2420 2
0.0000 0.4572 0.9462 0.2816 3
0.0000 0.5218 1.0760 0.0209 1
0.0000 0.5119 1.0547 0.0614 2
0.0000 0.5163 1.0623 0.1450 3
0.0000 0.4651 0.9548 0.2452 2
0.0000 0.4588 0.9412 0.2806 3
0.0000 0.5290 1.0813 0.0210 1
0.0000 0.5182 1.0583 0.0618 2
0.0000 0.5224 1.0664 0.1039 2
0.0000 0.5235 1.0676 0.1460 3
0.0000 0.5204 1.0605 0.1871 3
0.0000 0.4768 0.9710 0.2103 2
0.0000 0.4770 0.9707 0.2497 2
0.0000 0.4613 0.9378 0.2800 3
0.0000 0.5248 1.0633 0.0207 1
0.0000 0.5155 1.0441 0.0610 2
0.0000 0.5235 1.0592 0.1034 2
0.0000 0.5219 1.0551 0.1445 3
0.0000 0.5274 1.0658 0.1883 3
0.0000 0.4784 0.9658 0.2095 3
0.0000 0.5445 1.0988 -0.0643 1
0.0000 0.4856 0.9795 0.2524 2
0.0000 0.4755 0.9588 0.2868 3
0.0000 0.5257 1.0562 0.0206 1
0.0000 0.5219 1.0476 0.0613 2
0.0000 0.5281 1.0591 0.1035 2
0.0000 0.5183 1.0392 0.1426 3
0.0000 0.5398 1.0817 -0.1484 1
0.0000 0.5347 1.0710 0.1896 3
0.0000 0.4728 0.9467 0.2057 3
0.0000 0.4941 0.9883 0.2551 2
0.0000 0.4737 0.9468 0.2837 3
0.0000 0.5321 1.0597 0.0207 1
0.0000 0.5155 1.0262 0.0602 2
0.0000 0.5262 1.0467 0.1025 2
0.0000 0.5130 1.0196 0.1401 3
0.0000 0.5471 1.0869 -0.1494 1
0.0000 0.5294 1.0516 0.1865 3
0.0000 0.4832 0.9591 0.2087 3
0.0000 0.5268 1.0451 -0.0613 1
0.0000 0.4957 0.9831 0.2542 2
0.0000 0.5213 1.0338 -0.0202 2
0.0000 0.4829 0.9573 0.2873 3
0.0000 0.5311 1.0491 0.0205 2
0.0000 0.5127 1.0120 0.0595 2
0.0000 0.5326 1.0502 0.1030 2
0.0000 0.5272 1.0392 0.1431 3
0.0000 0.5256 1.0355 -0.1426 1
0.0000 0.5321 1.0480 0.1862 3
0.0000 0.4864 0.9574 0.2087 3
0.0000 0.4928 0.9693 0.2510 2
0.0000 0.5285 1.0391 -0.0203 2
0.0000 0.4871 0.9573 0.2878 3
0.0000 0.5402 1.0579 0.0207 2
0.0000 0.5226 1.0226 0.0602 2
0.0000 0.5288 1.0342 0.1016 2
0.0000 0.5281 1.0320 0.1423 3
0.0000 0.5328 1.0408 -0.1436 1
0.0000 0.5286 1.0321 0.1837 3
0.0000 0.5022 0.9802 0.2141 3
0.0000 0.4891 0.9537 0.2474 3
0.0000 0.5294 1.0319 -0.0202 5
0.0000 0.4887 0.9522 0.2868 3
0.0000 0.5347 1.0382 0.0204 7
0.0000 0.5280 1.0243 0.0604 5
0.0000 0.5307 1.0287 0.1013 3
0.0000 0.5281 1.0231 0.1414 3
0.0000 0.5401 1.0460 -0.1445 3
0.0000 0.5431 1.0513 0.1874 4
0.0000 0.5040 0.9749 0.2133 3
0.0000 0.5386 1.0413 -0.0614 4
0.0000 0.4962 0.9588 0.2492 3
0.0000 0.5459 1.0549 -0.0207 7
0.0000 0.4876 0.9419 0.2842 3
0.0000 0.5376 1.0345 0.0203 5
0.0000 0.5297 1.0189 0.0602 2
0.0000 0.5343 1.0269 0.1013 2
0.0000 0.5181 0.9948 0.1377 3
0.0000 0.5292 1.0158 -0.1406 3
0.0000 0.5340 1.0248 0.1830 3
0.0000 0.5056 0.9696 0.2126 3
0.0000 0.5312 1.0182 -0.0602 3
0.0000 0.5013 0.9606 0.2501 3
0.0000 0.5311 1.0176 -0.0200 2
0.0000 0.5007 0.9590 0.2899 3
0.0000 0.5345 1.0203 0.0201 2
0.0000 0.5222 0.9959 0.0589 2
0.0000 0.5314 1.0127 0.1001 2
0.0000 0.5829 1.1107 -0.1987 1
0.0000 0.5269 1.0036 0.1392 3
0.0000 0.5308 1.0105 -0.1401 3
0.0000 0.5403 1.0282 0.1840 3
0.0000 0.5143 0.9784 0.2149 3
0.0000 0.5327 1.0129 -0.0600 1
0.0000 0.4990 0.9485 0.2474 3
0.0000 0.5244 0.9963 -0.0197 2
0.0000 0.5059 0.9607 0.2909 3
0.0000 0.5418 1.0255 0.0202 2
0.0000 0.5238 0.9905 0.0587 2
0.0000 0.5488 1.0379 -0.2282 2
0.0000 0.5404 1.0215 0.1011 2
0.0000 0.5868 1.1087 -0.1987 1
0.0000 0.5230 0.9877 0.1372 3
0.0000 0.5324 1.0052 -0.1397 3
0.0000 0.5365 1.0124 0.1815 3
0.0000 0.5280 0.9964 -0.0987 3
0.0000 0.5159 0.9731 0.2141 3
0.0000 0.5362 1.0110 -0.0600 3
0.0000 0.5097 0.9606 0.2510 3
0.0000 0.5279 0.9944 -0.0197 2
0.0000 0.5128 0.9657 0.2930 3
0.0000 0.5388 1.0112 0.0200 2
0.0000 0.5207 0.9763 0.0580 2
0.0000 0.5336 1.0002 0.0992 2
0.0000 0.5906 1.1066 -0.1987 1
0.0000 0.5339 0.9999 0.1392 3
0.0000 0.5415 1.0138 -0.1411 3
0.0000 0.5381 1.0070 0.1808 3
0.0000 0.5287 0.9893 -0.0981 3
0.0000 0.5156 0.9644 0.2126 3
0.0000 0.5360 1.0021 -0.0596 1
0.0000 0.5167 0.9656 0.2528 3
0.0000 0.5275 0.9855 -0.0195 2
0.0000 0.5089 0.9503 0.2888 3
0.0000 0.5414 1.0076 0.0200 2
0.0000 0.5250 0.9763 0.0581 2
0.0000 0.5226 0.9717 -0.2145 2
0.0000 0.5343 0.9931 0.0987 2
0.0000 0.5945 1.1045 -0.1987 1
0.0000 0.5298 0.9840 0.1372 3
0.0000 0.5375 0.9979 -0.1392 3
0.0000 0.5360 0.9947 0.1790 3
0.0000 0.5350 0.9927 -0.0987 3
0.0000 0.5255 0.9747 0.2152 3
0.0000 0.5423 1.0055 -0.0599 3
0.0000 0.5219 0.9673 0.2537 3
0.0000 0.5310 0.9837 -0.0195 2
0.0000 0.5196 0.9621 0.2930 3
0.0000 0.5392 0.9951 0.0198 2
0.0000 0.5313 0.9797 0.0584 2
0.0000 0.5597 1.0320 -0.2282 2
0.0000 0.5358 0.9877 0.0983 2
0.0000 0.5682 1.0469 -0.1887 1
0.0000 0.5333 0.9822 0.1372 3
0.0000 0.5429 0.9995 -0.1397 3
0.0000 0.5376 0.9893 0.1783 3
0.0000 0.5308 0.9768 -0.0973 3
0.0000 0.5260 0.9676 0.2141 3
0.0000 0.5391 0.9913 -0.0591 3
0.0000 0.5309 0.9757 0.2564 4
0.0000 0.5382 0.9888 -0.0197 2
0.0000 0.5248 0.9637 0.2940 4
0.0000 0.5551 1.0161 0.0202 1
0.0000 0.5174 0.9463 0.0565 2
0.0000 0.5633 1.0301 -0.2282 2
0.0000 0.5374 0.9823 0.0980 2
0.0000 0.5605 1.0241 -0.1849 1
0.0000 0.5310 0.9699 0.1358 3
0.0000 0.5369 0.9802 -0.1372 3
0.0000 0.5487 1.0013 0.1808 3
0.0000 0.5352 0.9767 -0.0974 3
0.0000 0.5341 0.9744 0.2160 4
0.0000 0.5388 0.9824 -0.0587 1
0.0000 0.5277 0.9619 0.2533 4
0.0000 0.5436 0.9905 -0.0197 2
0.0000 0.5291 0.9635 0.2945 4
0.0000 0.5481 0.9949 0.0198 2
0.0000 0.5285 0.9585 0.0574 1
0.0000 0.5308 0.9628 -0.2137 2
0.0000 0.5408 0.9805 0.0980 2
0.0000 0.5659 1.0256 -0.1855 1
0.0000 0.5363 0.9715 0.1362 3
0.0000 0.5441 0.9853 -0.1382 3
0.0000 0.5349 0.9683 0.1752 3
0.0000 0.5357 0.9696 -0.0969 1
0.0000 0.5318 0.9622 0.2137 3
0.0000 0.5422 0.9805 -0.0587 1
0.0000 0.5245 0.9481 0.2501 3
0.0000 0.5258 0.9501 -0.0190 2
0.0000 0.5333 0.9634 0.2951 3
0.0000 0.5554 0.9999 0.0200 2
0.0000 0.5328 0.9584 0.0575 2
0.0000 0.5285 0.9506 -0.2114 2
0.0000 0.5365 0.9646 0.0966 2
0.0000 0.5676 1.0202 -0.1849 1
0.0000 0.5416 0.9731 0.1367 3
0.0000 0.5553 0.9973 -0.1401 3
0.0000 0.5422 0.9733 0.1765 3
0.0000 0.5362 0.9625 -0.0964 1
0.0000 0.5476 0.9827 0.2187 3
0.0000 0.5475 0.9821 -0.0589 1
0.0000 0.5306 0.9514 0.2515 2
0.0000 0.5320 0.9535 -0.0191 2
0.0000 0.5348 0.9581 0.2940 2
0.0000 0.5472 0.9770 0.0195 2
0.0000 0.5342 0.9530 0.0573 2
0.0000 0.5375 0.9591 -0.2137 2
0.0000 0.5389 0.9610 0.0964 2
0.0000 0.5654 1.0079 -0.1830 1
0.0000 0.5411 0.9642 0.1358 3
0.0000 0.5588 0.9953 -0.1401 3
0.0000 0.5504 0.9800 0.1780 3
0.0000 0.5376 0.9572 -0.0960 1
0.0000 0.5510 0.9807 0.2187 2
0.0000 0.5471 0.9733 -0.0585 3
0.0000 0.5406 0.9614 0.2546 2
0.0000 0.5422 0.9638 -0.0193 2
0.0000 0.5438 0.9664 0.2971 2
0.0000 0.5424 0.9614 0.0193 10
0.0000 0.5283 0.9357 0.0563 4
0.0000 0.5367 0.9505 -0.2122 2
0.0000 0.5380 0.9524 0.0957 2
0.0000 0.5491 0.9717 -0.1768 1
0.0000 0.5353 0.9470 0.1336 3
0.0000 0.5492 0.9711 -0.1370 3
0.0000 0.5447 0.9628 0.1752 3
0.0000 0.5376 0.9503 -0.0955 3
0.0000 0.5435 0.9602 0.2145 2
0.0000 0.5422 0.9576 -0.0577 5
0.0000 0.5360 0.9461 0.2510 2
0.0000 0.5462 0.9638 -0.0193 10
0.0000 0.5393 0.9512 0.2930 2
0.0000 0.5457 0.9595 0.0193 2
0.0000 0.5335 0.9373 0.0565 2
0.0000 0.5381 0.9452 -0.2114 2
0.0000 0.5442 0.9557 0.0962 2
0.0000 0.5466 0.9595 -0.1749 1
0.0000 0.5318 0.9330 0.1319 3
0.0000 0.5457 0.9571 -0.1353 3
0.0000 0.5471 0.9592 0.1749 3
0.0000 0.5340 0.9363 -0.0943 1
0.0000 0.5429 0.9515 0.2129 2
0.0000 0.5505 0.9644 -0.0582 1
0.0000 0.5335 0.9341 0.2483 2
0.0000 0.5486 0.9602 -0.0193 2
0.0000 0.5368 0.9392 0.2899 2
0.0000 0.5411 0.9437 0.0190 2
0.0000 0.5289 0.9216 0.0557 2
0.0000 0.5296 0.9229 -0.2068 2
0.0000 0.5416 0.9434 0.0952 2
0.0000 0.5480 0.9541 -0.1743 1
0.0000 0.5400 0.9398 0.1331 3
0.0000 0.5649 0.9827 -0.1392 1
0.0000 0.5426 0.9436 0.1724 3
0.0000 0.5433 0.9448 -0.0953 1
0.0000 0.5502 0.9564 0.2145 2
0.0000 0.5499 0.9556 -0.0578 1
0.0000 0.5270 0.9154 0.2438 2
0.0000 0.5479 0.9513 -0.0192 2
0.0000 0.5459 0.9474 0.2930 2
0.0000 0.5544 0.9591 0.0193 2
0.0000 0.5341 0.9232 0.0559 2
0.0000 0.5250 0.9075 -0.2038 2
0.0000 0.5429 0.9381 0.0948 2
0.0000 0.5493 0.9488 -0.1736 2
0.0000 0.5462 0.9430 0.1338 3
0.0000 0.5862 1.0117 -0.1436 1
0.0000 0.5320 0.9177 0.1680 1
0.0000 0.5466 0.9429 -0.0953 1
0.0000 0.5456 0.9409 0.2114 2
0.0000 0.5392 0.9294 -0.0563 1
0.0000 0.5409 0.9321 0.2488 2
0.0000 0.5553 0.9563 -0.0193 2
0.0000 0.5375 0.9255 0.2868 2
0.0000 0.5517 0.9468 0.0191 2
0.0000 0.5353 0.9179 0.0557 2
0.0000 0.5291 0.9073 -0.2042 5
0.0000 0.5402 0.9259 0.0938 1
0.0000 0.5367 0.9196 -0.1686 2
0.0000 0.5555 0.9514 0.1353 1
0.0000 0.5462 0.9346 0.1715 1
0.0000 0.5277 0.9031 -0.0915 1
0.0000 0.5469 0.9356 0.2107 2
0.0000 0.5535 0.9465 -0.0575 1
0.0000 0.5452 0.9318 0.2492 2
0.0000 0.5626 0.9613 -0.0194 2
0.0000 0.5369 0.9169 0.2847 2
0.0000 0.5540 0.9432 0.0191 5
0.0000 0.5425 0.9229 0.0561 1
0.0000 0.5413 0.9207 -0.2076 5
0.0000 0.5404 0.9188 0.0933 2
0.0000 0.5419 0.9211 -0.1693 2
0.0000 0.5518 0.9375 0.1336 3
0.0000 0.5504 0.9344 0.1718 3
0.0000 0.5420 0.9202 -0.0934 1
0.0000 0.5482 0.9303 0.2099 2
0.0000 0.5406 0.9170 -0.0558 1
0.0000 0.5445 0.9232 0.2474 2
0.0000 0.5518 0.9352 -0.0190 2
0.0000 0.5420 0.9184 0.2857 2
0.0000 0.5614 0.9481 0.0192 1
0.0000 0.5417 0.9141 0.0557 1
0.0000 0.5365 0.9053 -0.2045 7
0.0000 0.5517 0.9306 0.0947 2
0.0000 0.5411 0.9124 -0.1680 2
0.0000 0.5459 0.9202 0.1314 3
0.0000 0.5664 0.9542 -0.1362 1
0.0000 0.5466 0.9206 0.1696 3
0.0000 0.5442 0.9165 -0.0933 1
0.0000 0.5504 0.9267 0.2095 2
0.0000 0.5469 0.9203 -0.0561 1
0.0000 0.5327 0.8962 0.2407 2
0.0000 0.5530 0.9298 -0.0189 2
0.0000 0.5492 0.9231 0.2878 2
0.0000 0.5585 0.9358 0.0190 3
0.0000 0.4366 0.7312 -0.1966 5
0.0000 0.5397 0.9036 0.0552 4
0.0000 0.5446 0.9118 -0.2065 7
0.0000 0.5570 0.9321 0.0950 3
0.0000 0.5483 0.9173 -0.1693 2
0.0000 0.5410 0.9047 0.1294 4
0.0000 0.5595 0.9352 -0.1338 1
0.0000 0.5468 0.9136 0.1686 3
0.0000 0.5454 0.9112 -0.0929 1
0.0000 0.5567 0.9298 0.2107 3
0.0000 0.5645 0.9424 -0.0576 3
0.0000 0.5439 0.9077 0.2443 2
0.0000 0.5552 0.9262 -0.0188 7
0.0000 0.5524 0.9212 0.2878 3
0.0000 0.5556 0.9236 0.0188 12
0.0000 0.4391 0.7297 -0.1966 5
0.0000 0.5408 0.8983 0.0550 5
0.0000 0.5347 0.8881 -0.2015 5
0.0000 0.5520 0.9165 0.0936 3
0.0000 0.5495 0.9120 -0.1686 2
0.0000 0.5483 0.9096 0.1304 3
0.0000 0.5515 0.9146 -0.1311 3
0.0000 0.5540 0.9185 0.1699 3
0.0000 0.5568 0.9230 -0.0943 3
0.0000 0.5589 0.9262 0.2103 3
0.0000 0.5564 0.9216 -0.0564 12
0.0000 0.5481 0.9075 0.2447 2
0.0000 0.5708 0.9448 -0.0193 26
0.0000 0.5476 0.9060 0.2837 2
0.0000 0.5526 0.9114 0.0186 7
0.0000 0.4174 0.6881 -0.1858 6
0.0000 0.5440 0.8964 0.0550 2
0.0000 0.5500 0.9063 -0.2061 5
0.0000 0.5573 0.9180 0.0940 2
0.0000 0.5322 0.8763 -0.1624 2
0.0000 0.5617 0.9246 0.1328 3
0.0000 0.5526 0.9092 -0.1306 4
0.0000 0.5624 0.9250 0.1715 3
0.0000 0.5496 0.9040 -0.0926 4
0.0000 0.5540 0.9108 0.2072 2
0.0000 0.5617 0.9231 -0.0566 3
0.0000 0.5472 0.8989 0.2429 2
0.0000 0.5585 0.9172 -0.0187 2
0.0000 0.5508 0.9041 0.2837 2
0.0000 0.5610 0.9180 0.0188 2
0.0000 0.4320 0.7066 -0.1912 6
0.0000 0.5428 0.8878 0.0545 2
0.0000 0.5460 0.8927 -0.2034 5
0.0000 0.5574 0.9109 0.0934 2
0.0000 0.5290 0.8643 -0.1605 2
0.0000 0.5546 0.9057 0.1304 3
0.0000 0.5662 0.9242 -0.1331 3
0.0000 0.5675 0.9265 0.1721 3
0.0000 0.5549 0.9055 -0.0929 1
0.0000 0.5623 0.9172 0.2091 2
0.0000 0.5670 0.9245 -0.0568 3
0.0000 0.5676 0.9252 0.2506 2
0.0000 0.5532 0.9017 -0.0185 2
0.0000 0.5578 0.9089 0.2857 2
0.0000 0.5661 0.9195 0.0188 2
0.0000 0.4343 0.7052 -0.1912 6
0.0000 0.5574 0.9046 0.0557 2
0.0000 0.5460 0.8858 -0.2023 5
0.0000 0.5626 0.9124 0.0938 2
0.0000 0.5402 0.8760 -0.1630 2
0.0000 0.5659 0.9174 0.1324 3
0.0000 0.5692 0.9224 -0.1331 3
0.0000 0.5749 0.9312 0.1733 3
0.0000 0.5455 0.8832 -0.0908 1
0.0000 0.5643 0.9137 0.2087 2
0.0000 0.5574 0.9022 -0.0556 1
0.0000 0.5656 0.9150 0.2483 2
0.0000 0.5816 0.9405 -0.0193 2
0.0000 0.5691 0.9200 0.2899 2
0.0000 0.5757 0.9277 0.0191 2
0.0000 0.4491 0.7235 -0.1966 5
0.0000 0.5553 0.8942 0.0552 2
0.0000 0.5541 0.8923 -0.2042 7
0.0000 0.5730 0.9224 0.0950 2
0.0000 0.5432 0.8741 -0.1630 2
0.0000 0.5607 0.9019 0.1304 3
0.0000 0.5693 0.9153 -0.1324 3
0.0000 0.5698 0.9158 0.1708 3
0.0000 0.5684 0.9135 -0.0941 1
0.0000 0.5799 0.9317 0.2133 2
0.0000 0.5733 0.9206 -0.0568 3
0.0000 0.5626 0.9031 0.2456 2
0.0000 0.5637 0.9046 -0.0186 2
0.0000 0.5764 0.9246 0.2919 2
0.0000 0.5810 0.9291 0.0191 2
0.0000 0.4393 0.7021 -0.1912 6
0.0000 0.5690 0.9092 0.0562 2
0.0000 0.5666 0.9053 -0.2076 7
0.0000 0.5762 0.9204 0.0950 2
0.0000 0.5316 0.8488 -0.1586 1
0.0000 0.5808 0.9269 0.1343 3
0.0000 0.5777 0.9217 -0.1336 3
0.0000 0.5814 0.9272 0.1733 3
0.0000 0.5705 0.9098 -0.0940 3
0.0000 0.5874 0.9363 0.2149 2
0.0000 0.5860 0.9338 -0.0578 3
0.0000 0.5782 0.9210 0.2510 2
0.0000 0.5605 0.8924 -0.0184 2
0.0000 0.5714 0.9095 0.2878 2
0.0000 0.5821 0.9237 0.0191 2
0.0000 0.4542 0.7204 -0.1966 5
0.0000 0.5754 0.9122 0.0565 2
0.0000 0.5771 0.9150 -0.2103 20
0.0000 0.5858 0.9284 0.0960 2
0.0000 0.5641 0.8937 -0.1674 1
0.0000 0.5797 0.9181 0.1333 3
0.0000 0.5884 0.9315 -0.1353 3
0.0000 0.5825 0.9218 0.1727 3
0.0000 0.5758 0.9112 -0.0943 1
0.0000 0.5822 0.9210 0.2118 2
0.0000 0.5818 0.9200 -0.0570 3
0.0000 0.5814 0.9189 0.2510 2
0.0000 0.5721 0.9040 -0.0187 2
0.0000 0.5767 0.9108 0.2888 2
0.0000 0.5939 0.9352 0.0193 2
0.0000 0.4650 0.7319 -0.2002 5
0.0000 0.5785 0.9102 0.0565 2
0.0000 0.5697 0.8964 -0.2065 32
0.0000 0.5869 0.9230 0.0957 2
0.0000 0.5851 0.9194 0.1338 3
0.0000 0.5938 0.9327 -0.1358 3
0.0000 0.5984 0.9397 0.1765 3
0.0000 0.5758 0.9041 -0.0938 3
0.0000 0.5970 0.9372 0.2160 2
0.0000 0.5936 0.9314 -0.0579 3
0.0000 0.5888 0.9235 0.2528 1
0.0000 0.5947 0.9323 -0.0193 2
0.0000 0.5871 0.9201 0.2925 1
0.0000 0.6080 0.9499 0.0197 2
0.0000 0.4487 0.7008 -0.1921 6
0.0000 0.5988 0.9352 0.0582 4
0.0000 0.5771 0.9010 -0.2080 7
0.0000 0.6095 0.9512 0.0988 2
0.0000 0.5703 0.8897 -0.1674 1
0.0000 0.6119 0.9542 0.1392 3
0.0000 0.5949 0.9273 -0.1353 3
0.0000 0.6144 0.9577 0.1802 3
0.0000 0.5875 0.9155 -0.0952 3
0.0000 0.5993 0.9334 0.2156 2
0.0000 0.6238 0.9713 -0.0605 4
0.0000 0.6152 0.9575 0.2627 1
0.0000 0.6356 0.9892 -0.0205 5
0.0000 0.6048 0.9409 0.2997 1
0.0000 0.6274 0.9731 0.0202 3
0.0000 0.4341 0.6731 -0.1849 6
0.0000 0.6551 1.0153 0.0633 11
0.0000 0.5717 0.8858 -0.2049 5
0.0000 0.6603 1.0227 0.1065 3
0.0000 0.6710 1.0388 0.1518 4
0.0000 0.6249 0.9670 -0.1414 4
0.0000 0.6563 1.0153 0.1915 1
0.0000 0.6318 0.9771 -0.1018 4
0.0000 1.2228 1.8909 0.4377 3
0.0000 0.6596 1.0196 -0.0636 11
0.0000 1.2049 1.8618 0.5120 3
0.0000 0.6542 1.0105 -0.0210 9
0.0000 1.0901 1.6831 0.5373 3
0.0000 0.6656 1.0246 0.0213 1
0.0000 0.4556 0.7010 -0.1930 6
0.0000 0.6684 1.0281 0.0643 19
0.0000 0.5704 0.8773 -0.2034 5
0.0000 0.6811 1.0472 0.1093 13
0.0000 0.5850 0.8991 -0.1699 1
0.0000 0.6627 1.0182 0.1492 16
0.0000 0.6597 1.0131 -0.1484 18
0.0000 0.6598 1.0130 0.1915 1
0.0000 0.6623 1.0167 -0.1062 17
0.0000 1.2198 1.8718 0.4343 3
0.0000 0.6588 1.0106 -0.0632 30
0.0000 1.2082 1.8527 0.5106 3
0.0000 0.6731 1.0317 -0.0215 33
0.0000 1.0875 1.6663 0.5332 3
0.0000 0.6758 1.0323 0.0215 5
0.0000 0.4666 0.7124 -0.1966 5
0.0000 0.6709 1.0241 0.0642 46
0.0000 0.5799 0.8852 -0.2057 5
0.0000 0.6607 1.0082 0.1055 28
0.0000 0.5589 0.8524 -0.1614 2
0.0000 0.6641 1.0125 0.1487 20
0.0000 0.6708 1.0224 -0.1501 30
0.0000 0.6735 1.0260 -0.1074 44
0.0000 1.2123 1.8462 0.4293 3
0.0000 0.6667 1.0149 -0.0636 35
0.0000 1.2147 1.8484 0.5106 3
0.0000 0.6712 1.0210 -0.0213 16
0.0000 1.0933 1.6625 0.5332 3
0.0000 0.6695 1.0149 0.0212 18
0.0000 0.4776 0.7238 -0.2002 5
0.0000 0.6888 1.0434 0.0655 55
0.0000 0.5851 0.8864 -0.2065 5
0.0000 0.6730 1.0192 0.1069 40
0.0000 0.5662 0.8571 -0.1627 6
0.0000 0.6698 1.0135 0.1492 20
0.0000 0.6744 1.0200 -0.1501 37
0.0000 1.2128 1.8338 0.3482 3
0.0000 0.6770 1.0237 -0.1074 42
0.0000 1.2155 1.8371 0.4282 3
0.0000 0.6614 0.9993 -0.0628 29
0.0000 1.2179 1.8393 0.5093 3
0.0000 0.6692 1.0103 -0.0212 4
0.0000 1.0948 1.6523 0.5311 2
0.0000 0.6796 1.0226 0.0214 40
0.0000 0.4715 0.7092 -0.1966 5
0.0000 0.6792 1.0211 0.0643 55
0.0000 0.5904 0.8876 -0.2072 5
0.0000 0.6909 1.0384 0.1091 47
0.0000 0.5582 0.8386 -0.1596 5
0.0000 0.6811 1.0228 0.1509 22
0.0000 0.6702 1.0061 -0.1484 49
0.0000 1.2302 1.8460 0.3514 3
0.0000 0.6707 1.0064 -0.1058 49
0.0000 1.2186 1.8279 0.4270 3
0.0000 0.6605 0.9903 -0.0624 32
0.0000 1.2178 1.8253 0.5066 3
0.0000 0.6927 1.0379 -0.0218 9
0.0000 1.1113 1.6645 0.5363 2
0.0000 0.6888 1.0285 0.0216 31
0.0000 0.4848 0.7237 -0.2011 5
0.0000 0.6805 1.0154 0.0641 41
0.0000 0.5913 0.8823 -0.2065 5
0.0000 0.6868 1.0244 0.1079 38
0.0000 0.5711 0.8514 -0.1624 1
0.0000 0.6846 1.0204 0.1509 24
0.0000 0.6771 1.0087 -0.1492 69
0.0000 1.2168 1.8122 0.3457 3
0.0000 0.6686 0.9958 -0.1049 39
0.0000 1.2272 1.8269 0.4278 3
0.0000 0.6773 1.0079 -0.0636 37
0.0000 1.2002 1.7855 0.4967 3
0.0000 0.6941 1.0321 -0.0217 35
0.0000 1.1064 1.6446 0.5311 1
0.0000 0.7047 1.0443 0.0220 36
0.0000 0.5179 0.7672 -0.2137 3
0.0000 0.6829 1.0113 0.0640 44
0.0000 0.5922 0.8770 -0.2057 5
0.0000 0.6859 1.0154 0.1072 36
0.0000 0.6338 0.9378 -0.1793 1
0.0000 0.6982 1.0328 0.1531 33
0.0000 0.6739 0.9965 -0.1477 52
0.0000 1.2209 1.8046 0.3451 3
0.0000 0.6699 0.9901 -0.1046 39
0.0000 1.2247 1.8096 0.4247 3
0.0000 0.6808 1.0055 -0.0636 40
0.0000 1.2152 1.7942 0.5003 3
0.0000 0.7033 1.0380 -0.0219 47
0.0000 1.1273 1.6631 0.5383 2
0.0000 0.7027 1.0336 0.0218 46
0.0000 0.4680 0.6881 -0.1921 6
0.0000 0.6898 1.0139 0.0643 31
0.0000 0.6085 0.8944 -0.2103 5
0.0000 0.6906 1.0146 0.1074 35
0.0000 0.6348 0.9323 -0.1786 1
0.0000 0.7051 1.0353 0.1538 20
0.0000 0.6819 1.0007 -0.1487 51
0.0000 1.2272 1.8004 0.3451 3
0.0000 0.6756 0.9911 -0.1049 38
0.0000 1.2222 1.7923 0.4217 3
0.0000 0.6866 1.0065 -0.0638 40
0.0000 1.2138 1.7787 0.4971 3
0.0000 0.7047 1.0322 -0.0218 42
0.0000 1.1222 1.6432 0.5332 1
0.0000 0.7063 1.0311 0.0218 61
0.0000 0.4836 0.7057 -0.1975 5
0.0000 0.7047 1.0280 0.0653 39
0.0000 0.6138 0.8955 -0.2110 5
0.0000 0.7042 1.0270 0.1089 25
0.0000 0.5978 0.8715 -0.1674 1
0.0000 0.7234 1.0541 0.1570 5
0.0000 0.6876 1.0016 -0.1492 58
0.0000 1.2290 1.7896 0.3438 3
0.0000 0.6824 0.9936 -0.1055 42
0.0000 1.2218 1.7784 0.4194 3
0.0000 0.6912 1.0057 -0.0640 43
0.0000 1.2200 1.7744 0.4971 3
0.0000 0.7071 1.0281 -0.0218 35
0.0000 1.1334 1.6472 0.5358 1
0.0000 0.7190 1.0418 0.0221 57
0.0000 0.4927 0.7136 -0.2002 5
0.0000 0.7024 1.0174 0.0648 46
0.0000 0.6103 0.8836 -0.2087 5
0.0000 0.7078 1.0245 0.1089 13
0.0000 0.6413 0.9279 -0.1786 1
0.0000 0.7191 1.0401 0.1553 1
0.0000 0.6775 0.9796 -0.1462 57
0.0000 1.2237 1.7692 0.3407 3
0.0000 0.6870 0.9929 -0.1056 31
0.0000 1.2235 1.7676 0.4179 3
0.0000 0.6890 0.9951 -0.0634 40
0.0000 1.2095 1.7461 0.4904 3
0.0000 0.7208 1.0406 -0.0221 42
0.0000 1.1355 1.6387 0.5342 1
0.0000 0.7236 1.0411 0.0221 45
0.0000 0.4928 0.7088 -0.1993 5
0.0000 0.7094 1.0199 0.0651 33
0.0000 0.6178 0.8880 -0.2103 2
0.0000 0.7285 1.0466 0.1116 5
0.0000 0.6940 0.9971 -0.1924 1
0.0000 1.2126 1.7415 0.2606 3
0.0000 0.6853 0.9838 -0.1472 48
0.0000 1.2276 1.7617 0.3401 3
0.0000 0.6927 0.9938 -0.1060 28
0.0000 1.2294 1.7636 0.4179 3
0.0000 0.6992 1.0026 -0.0641 35
0.0000 1.2120 1.7373 0.4890 3
0.0000 0.7256 1.0397 -0.0221 58
0.0000 1.1412 1.6347 0.5342 1
0.0000 0.7375 1.0533 0.0224 48
0.0000 0.5109 0.7294 -0.2056 4
0.0000 0.7209 1.0288 0.0658 6
0.0000 0.6264 0.8939 -0.2122 2
0.0000 0.7479 1.0670 0.1140 8
0.0000 0.7225 1.0302 -0.1993 5
0.0000 1.2164 1.7340 0.2601 3
0.0000 0.6990 0.9961 -0.1494 45
0.0000 1.2235 1.7429 0.3373 3
0.0000 0.6949 0.9898 -0.1058 33
0.0000 1.2310 1.7528 0.4163 3
0.0000 0.7084 1.0083 -0.0646 35
0.0000 1.2236 1.7410 0.4913 3
0.0000 0.7165 1.0191 -0.0217 64
0.0000 1.1336 1.6118 0.5280 1
0.0000 0.7366 1.0442 0.0223 50
0.0000 0.5337 0.7563 -0.2137 3
0.0000 2.2000 3.1164 0.1999 4
0.0000 0.6307 0.8934 -0.2126 2
0.0000 0.7459 1.0562 0.1131 3
0.0000 0.7238 1.0245 -0.1987 11
0.0000 1.2190 1.7249 0.2593 3
0.0000 0.6990 0.9888 -0.1487 36
0.0000 1.2239 1.7305 0.3357 3
0.0000 0.6995 0.9890 -0.1060 31
0.0000 1.2280 1.7357 0.4133 3
0.0000 0.7131 1.0075 -0.0647 35
0.0000 1.2229 1.7272 0.4886 3
0.0000 0.7259 1.0248 -0.0219 49
0.0000 1.1526 1.6267 0.5342 2
0.0000 0.7414 1.0432 0.0223 13
0.0000 0.5205 0.7322 -0.2074 4
0.0000 2.2109 3.1087 0.1999 32
0.0000 0.6429 0.9039 -0.2156 2
0.0000 1.2162 1.7095 0.1836 3
0.0000 0.7285 1.0236 -0.1990 13
0.0000 1.2216 1.7157 0.2586 3
0.0000 0.7105 0.9976 -0.1504 33
0.0000 1.2322 1.7294 0.3363 3
0.0000 0.7099 0.9963 -0.1070 35
0.0000 1.2341 1.7314 0.4133 3
0.0000 0.7096 0.9952 -0.0641 37
0.0000 1.2267 1.7198 0.4877 3
0.0000 0.7341 1.0288 -0.0221 47
0.0000 1.1628 1.6290 0.5363 2
0.0000 0.7473 1.0439 0.0224 15
0.0000 0.5072 0.7082 -0.2011 5
0.0000 0.6403 0.8937 -0.2137 2
0.0000 1.2152 1.6955 0.1825 3
0.0000 0.7367 1.0274 -0.2002 16
0.0000 1.2252 1.7082 0.2581 4
0.0000 0.7094 0.9887 -0.1494 28
0.0000 1.2360 1.7219 0.3357 3
0.0000 0.7145 0.9954 -0.1072 30
0.0000 1.2378 1.7239 0.4125 3
0.0000 0.7166 0.9976 -0.0644 35
0.0000 1.2190 1.6965 0.4823 3
0.0000 0.7517 1.0457 -0.0225 42
0.0000 1.1662 1.6218 0.5352 2
0.0000 0.7615 1.0558 0.0227 5
0.0000 0.5006 0.6938 -0.1975 5
0.0000 2.2326 3.0932 0.1999 46
0.0000 0.6331 0.8771 -0.2103 2
0.0000 1.2340 1.7090 0.1844 3
0.0000 0.7437 1.0297 -0.2012 16
0.0000 1.2207 1.6895 0.2559 3
0.0000 0.7163 0.9910 -0.1501 33
0.0000 1.2234 1.6920 0.3307 3
0.0000 0.7191 0.9946 -0.1074 30
0.0000 1.2415 1.7164 0.4118 3
0.0000 0.7271 1.0048 -0.0650 34
0.0000 1.2272 1.6954 0.4832 3
0.0000 0.7553 1.0430 -0.0225 47
0.0000 1.1696 1.6145 0.5342 2
0.0000 2.2591 3.1094 0.0671 12
0.0000 0.5190 0.7141 -0.2038 4
0.0000 2.2527 3.0984 0.2008 52
0.0000 0.6361 0.8749 -0.2103 2
0.0000 1.2282 1.6886 0.1827 3
0.0000 0.7461 1.0255 -0.2009 15
0.0000 1.2231 1.6804 0.2552 3
0.0000 0.7291 1.0014 -0.1521 33
0.0000 1.2317 1.6909 0.3313 3
0.0000 0.7226 0.9920 -0.1074 31
0.0000 1.2429 1.7057 0.4102 3
0.0000 0.7365 1.0103 -0.0655 30
0.0000 1.2297 1.6864 0.4818 3
0.0000 0.7566 1.0372 -0.0224 45
0.0000 1.1729 1.6073 0.5332 1
0.0000 2.2699 3.1015 0.0671 42
0.0000 0.5169 0.7060 -0.2020 5
0.0000 2.2753 3.1066 0.2018 53
0.0000 0.6380 0.8711 -0.2099 2
0.0000 1.2188 1.6634 0.1804 3
0.0000 0.7509 1.0245 -0.2012 11
0.0000 1.2301 1.6777 0.2554 3
0.0000 0.7373 1.0052 -0.1531 33
0.0000 1.2376 1.6866 0.3313 3
0.0000 0.7320 0.9975 -0.1082 33
0.0000 1.2372 1.6855 0.4064 3
0.0000 0.7388 1.0062 -0.0654 30
0.0000 1.2298 1.6742 0.4796 3
0.0000 0.7709 1.0490 -0.0227 36
0.0000 1.1786 1.6032 0.5332 2
0.0000 2.2784 3.0903 0.0670 36
0.0000 0.5124 0.6948 -0.1993 5
0.0000 2.2945 3.1099 0.2025 52
0.0000 0.6399 0.8673 -0.2095 2
0.0000 1.2317 1.6688 0.1815 3
0.0000 0.7533 1.0202 -0.2009 12
0.0000 1.2266 1.6606 0.2535 3
0.0000 0.7432 1.0058 -0.1536 33
0.0000 1.2341 1.6696 0.3288 3
0.0000 0.7378 0.9982 -0.1086 33
0.0000 1.2361 1.6717 0.4041 3
0.0000 0.7459 1.0084 -0.0657 39
0.0000 1.2403 1.6762 0.4814 3
0.0000 2.3152 3.1277 -0.0679 47
0.0000 1.1841 1.5991 0.5332 2
0.0000 0.5067 0.6825 -0.2278 5
0.0000 2.3035 3.1016 0.0674 43
0.0000 0.5125 0.6898 -0.1984 5
0.0000 2.3036 3.1006 0.2024 50
0.0000 0.6476 0.8714 -0.2110 2
0.0000 1.2304 1.6549 0.1804 3
0.0000 0.7651 1.0287 -0.2031 13
0.0000 1.2276 1.6500 0.2525 3
0.0000 0.7467 1.0032 -0.1536 33
0.0000 1.2396 1.6654 0.3288 3
0.0000 0.7472 1.0036 -0.1095 37
0.0000 1.2490 1.6768 0.4064 3
0.0000 0.7649 1.0266 -0.0671 42
0.0000 1.2333 1.6546 0.4764 3
0.0000 2.3220 3.1152 -0.0678 40
0.0000 1.1894 1.5952 0.5332 2
0.0000 2.2898 3.0619 0.0667 13
0.0000 0.5101 0.6819 -0.1966 5
0.0000 2.2905 3.0606 0.2003 15
0.0000 0.6459 0.8628 -0.2095 2
0.0000 1.2349 1.6490 0.1802 3
0.0000 0.7744 1.0341 -0.2046 12
0.0000 1.2331 1.6459 0.2525 3
0.0000 0.7500 1.0007 -0.1536 36
0.0000 1.2335 1.6453 0.3257 3
0.0000 0.7555 1.0074 -0.1102 38
0.0000 1.2392 1.6523 0.4015 3
0.0000 0.7755 1.0336 -0.0677 42
0.0000 1.2306 1.6396 0.4733 3
0.0000 2.2873 3.0463 -0.0665 11
0.0000 1.1973 1.5941 0.5342 2
0.0000 2.2920 3.0427 0.0665 12
0.0000 0.5313 0.7050 -0.2038 4
0.0000 2.2838 3.0307 0.1989 7
0.0000 0.6500 0.8622 -0.2099 2
0.0000 1.2344 1.6369 0.1794 3
0.0000 0.7768 1.0298 -0.2043 7
0.0000 1.2388 1.6416 0.2525 3
0.0000 0.7571 1.0029 -0.1543 46
0.0000 1.2283 1.6270 0.3229 3
0.0000 0.7577 1.0032 -0.1100 42
0.0000 1.2438 1.6464 0.4011 3
0.0000 0.7888 1.0437 -0.0686 22
0.0000 1.2410 1.6415 0.4751 3
0.0000 2.2913 3.0308 -0.0663 10
0.0000 1.2026 1.5901 0.5342 2
0.0000 2.2924 3.0224 0.0662 11
0.0000 0.5383 0.7095 -0.2056 4
0.0000 2.2871 3.0131 0.1982 7
0.0000 0.6744 0.8881 -0.2168 2
0.0000 1.2329 1.6231 0.1783 3
0.0000 0.7587 0.9989 -0.1987 3
0.0000 1.2418 1.6343 0.2520 3
0.0000 0.7676 1.0098 -0.1557 46
0.0000 1.2387 1.6290 0.3241 3
0.0000 0.7611 1.0006 -0.1100 45
0.0000 1.2492 1.6422 0.4011 3
0.0000 1.2441 1.6343 0.4742 3
0.0000 2.2934 3.0116 -0.0661 8
0.0000 1.2058 1.5828 0.5332 2
0.0000 2.2896 2.9969 0.0658 11
0.0000 0.5171 0.6766 -0.1966 5
0.0000 2.2988 3.0067 0.1984 7
0.0000 0.6558 0.8578 -0.2099 2
0.0000 1.2358 1.6158 0.1780 3
0.0000 0.7730 1.0103 -0.2015 2
0.0000 1.2343 1.6126 0.2493 4
0.0000 0.7760 1.0135 -0.1567 48
0.0000 1.2408 1.6200 0.3232 3
0.0000 0.7754 1.0123 -0.1116 48
0.0000 1.2478 1.6285 0.3988 3
0.0000 1.8857 2.4602 -0.1625 1
0.0000 1.2427 1.6207 0.4715 4
0.0000 2.2978 2.9956 -0.0659 10
0.0000 1.2066 1.5725 0.5311 2
0.0000 2.2940 2.9809 0.0657 11
0.0000 0.4886 0.6347 -0.1849 6
0.0000 2.2934 2.9781 0.1970 6
0.0000 0.6708 0.8711 -0.2137 2
0.0000 1.2475 1.6194 0.1788 3
0.0000 0.7838 1.0170 -0.2034 2
0.0000 1.2399 1.6083 0.2493 3
0.0000 0.7759 1.0060 -0.1560 51
0.0000 1.2501 1.6203 0.3241 3
0.0000 0.7813 1.0127 -0.1119 37
0.0000 1.2487 1.6179 0.3973 3
0.0000 1.8443 2.3888 -0.1582 1
0.0000 1.2376 1.6025 0.4674 3
0.0000 2.3095 2.9892 -0.0659 2
0.0000 1.2145 1.5713 0.5321 2
0.0000 2.3031 2.9713 0.0656 10
0.0000 0.5314 0.6853 -0.2002 5
0.0000 2.2984 2.9642 0.1966 7
0.0000 0.6618 0.8532 -0.2099 2
0.0000 1.2410 1.5993 0.1771 3
0.0000 0.7764 1.0002 -0.2005 2
0.0000 1.2406 1.5977 0.2484 3
0.0000 0.7830 1.0080 -0.1567 46
0.0000 1.2421 1.5990 0.3207 3
0.0000 0.7946 1.0226 -0.1133 28
0.0000 1.2519 1.6105 0.3965 3
0.0000 1.8391 2.3650 -0.1570 2
0.0000 1.2384 1.5920 0.4656 3
0.0000 1.8995 2.4417 -0.0540 1
0.0000 1.2220 1.5703 0.5332 2
0.0000 0.5121 0.6559 -0.1921 6
0.0000 2.3124 2.9608 0.1969 8
0.0000 0.6648 0.8509 -0.2099 2
0.0000 1.2453 1.5934 0.1769 3
0.0000 0.7724 0.9883 -0.1987 2
0.0000 1.2423 1.5889 0.2476 3
0.0000 0.7937 1.0148 -0.1582 46
0.0000 1.2477 1.5947 0.3207 3
0.0000 1.2597 1.6094 0.3973 3
0.0000 2.4392 3.1153 -0.2074 9
0.0000 1.2437 1.5879 0.4656 3
0.0000 1.8636 2.3784 -0.0527 1
0.0000 1.2275 1.5661 0.5332 2
0.0000 1.9526 2.4840 0.0551 1
0.0000 0.5360 0.6817 -0.2002 5
0.0000 2.3042 2.9292 0.1953 3
0.0000 0.6749 0.8579 -0.2122 2
0.0000 1.2395 1.5751 0.1754 3
0.0000 0.7686 0.9763 -0.1968 2
0.0000 1.2466 1.5830 0.2474 4
0.0000 0.8144 1.0339 -0.1616 49
0.0000 1.2606 1.5996 0.3226 3
0.0000 1.4774 1.8747 -0.2088 3
0.0000 1.2483 1.5834 0.3919 3
0.0000 2.4537 3.1114 -0.2077 16
0.0000 1.2516 1.5866 0.4665 3
0.0000 2.2993 2.9134 -0.0648 5
0.0000 1.2258 1.5527 0.5301 2
0.0000 1.8706 2.3627 0.0526 1
0.0000 0.5045 0.6370 -0.1876 6
0.0000 0.6730 0.8494 -0.2107 2
0.0000 1.2512 1.5786 0.1762 2
0.0000 0.7621 0.9612 -0.1943 2
0.0000 1.2422 1.5662 0.2454 3
0.0000 0.8242 1.0388 -0.1628 22
0.0000 1.2526 1.5782 0.3191 3
0.0000 1.4827 1.8680 -0.2087 3
0.0000 1.2513 1.5760 0.3912 3
0.0000 2.4658 3.1044 -0.2078 16
0.0000 1.2548 1.5791 0.4656 3
0.0000 2.3144 2.9117 -0.0649 11
0.0000 1.2336 1.5514 0.5311 2
0.0000 2.3040 2.8893 0.0645 9
0.0000 0.5432 0.6810 -0.2011 5
0.0000 1.9185 2.4041 0.1612 1
0.0000 0.6833 0.8563 -0.2129 2
0.0000 1.2492 1.5649 0.1752 2
0.0000 0.7729 0.9678 -0.1962 2
0.0000 1.2415 1.5541 0.2442 3
0.0000 1.0026 1.2546 -0.1972 2
0.0000 1.2618 1.5784 0.3201 3
0.0000 1.4966 1.8721 -0.2097 3
0.0000 1.2605 1.5762 0.3923 4
0.0000 2.4879 3.1098 -0.2087 20
0.0000 1.2408 1.5504 0.4585 3
0.0000 2.3170 2.8942 -0.0647 11
0.0000 1.2390 1.5471 0.5311 2
0.0000 2.3103 2.8765 0.0644 10
0.0000 0.5187 0.6456 -0.1912 6
0.0000 2.2810 2.8380 0.1908 3
0.0000 0.6863 0.8539 -0.2129 2
0.0000 1.2497 1.5543 0.1745 2
0.0000 0.7812 0.9713 -0.1974 2
0.0000 1.2519 1.5559 0.2452 4
0.0000 1.0443 1.2974 -0.2045 2
0.0000 1.2587 1.5632 0.3179 3
0.0000 1.5069 1.8716 -0.2102 4
0.0000 1.2574 1.5611 0.3896 3
0.0000 2.5100 3.1151 -0.2097 21
0.0000 1.2498 1.5506 0.4598 4
0.0000 2.3171 2.8736 -0.0644 11
0.0000 1.2371 1.5337 0.5280 3
0.0000 2.3188 2.8645 0.0643 10
0.0000 0.5457 0.6739 -0.2002 5
0.0000 2.3090 2.8513 0.1923 5
0.0000 0.6772 0.8360 -0.2091 2
0.0000 1.2481 1.5402 0.1734 2
0.0000 0.7849 0.9683 -0.1974 2
0.0000 1.2541 1.5465 0.2445 3
0.0000 1.0578 1.3044 -0.2062 3
0.0000 1.2544 1.5463 0.3154 3
0.0000 1.5066 1.8565 -0.2092 3
0.0000 1.2597 1.5517 0.3885 4
0.0000 2.5333 3.1194 -0.2106 21
0.0000 1.2482 1.5369 0.4571 3
0.0000 2.3213 2.8574 -0.0643 12
0.0000 1.2354 1.5202 0.5249 3
0.0000 2.3144 2.8398 0.0639 11
0.0000 0.5233 0.6419 -0.1912 6
0.0000 2.3159 2.8406 0.1921 4
0.0000 0.6800 0.8337 -0.2091 2
0.0000 1.2482 1.5299 0.1727 2
0.0000 0.7869 0.9641 -0.1971 2
0.0000 1.2617 1.5454 0.2450 3
0.0000 1.0596 1.2978 -0.2057 3
0.0000 1.2571 1.5391 0.3147 3
0.0000 1.5077 1.8453 -0.2085 3
0.0000 1.2536 1.5338 0.3851 3
0.0000 2.5562 3.1265 -0.2116 20
0.0000 1.2520 1.5313 0.4567 4
0.0000 2.3270 2.8450 -0.0642 12
0.0000 1.2331 1.5071 0.5218 3
0.0000 0.5391 0.6572 -0.2278 5
0.0000 2.3137 2.8197 0.0637 12
0.0000 0.5082 0.6191 -0.1849 6
0.0000 2.3207 2.8263 0.1917 5
0.0000 0.6877 0.8375 -0.2107 2
0.0000 1.2596 1.5334 0.1736 2
0.0000 0.7863 0.9569 -0.1962 2
0.0000 1.2467 1.5166 0.2411 3
0.0000 1.0717 1.3033 -0.2072 3
0.0000 1.2637 1.5362 0.3151 3
0.0000 1.5138 1.8403 -0.2085 3
0.0000 1.2562 1.5266 0.3843 3
0.0000 2.5641 3.1149 -0.2114 20
0.0000 1.2487 1.5164 0.4535 4
0.0000 2.3242 2.8214 -0.0638 11
0.0000 1.2408 1.5058 0.5228 3
0.0000 0.5414 0.6553 -0.2278 5
0.0000 2.3235 2.8116 0.0637 12
0.0000 0.5302 0.6413 -0.1921 6
0.0000 2.3229 2.8089 0.1910 5
0.0000 0.6856 0.8291 -0.2091 2
0.0000 1.2522 1.5137 0.1719 2
0.0000 0.7997 0.9664 -0.1987 2
0.0000 1.2545 1.5153 0.2415 4
0.0000 1.0686 1.2904 -0.2057 3
0.0000 1.2678 1.5303 0.3147 3
0.0000 1.5253 1.8411 -0.2092 3
0.0000 1.2565 1.5162 0.3828 3
0.0000 2.5877 3.1213 -0.2125 18
0.0000 1.2477 1.5045 0.4513 3
0.0000 2.3340 2.8133 -0.0638 11
0.0000 1.2461 1.5014 0.5228 3
0.0000 2.3256 2.7943 0.0635 12
0.0000 0.5200 0.6245 -0.1876 6
0.0000 2.3212 2.7870 0.1901 5
0.0000 0.6885 0.8267 -0.2091 2
0.0000 1.2486 1.4986 0.1707 1
0.0000 0.7968 0.9560 -0.1971 2
0.0000 1.2572 1.5079 0.2411 4
0.0000 1.0731 1.2866 -0.2057 3
0.0000 1.2655 1.5168 0.3129 3
0.0000 1.5550 1.8631 -0.2123 4
0.0000 1.2668 1.5178 0.3843 4
0.0000 2.6139 3.1306 -0.2137 18
0.0000 1.2517 1.4987 0.4508 3
0.0000 2.3284 2.7867 -0.0634 12
0.0000 1.2513 1.4971 0.5228 3
0.0000 2.3341 2.7846 0.0634 13
0.0000 0.5472 0.6526 -0.1966 5
0.0000 2.3207 2.7666 0.1892 8
0.0000 0.6890 0.8212 -0.2084 2
0.0000 1.2515 1.4909 0.1703 1
0.0000 0.8092 0.9636 -0.1993 2
0.0000 1.2625 1.5035 0.2411 3
0.0000 1.0789 1.2844 -0.2060 3
0.0000 1.2632 1.5033 0.3110 3
0.0000 1.5423 1.8347 -0.2097 3
0.0000 1.2648 1.5041 0.3820 3
0.0000 2.6369 3.1348 -0.2147 18
0.0000 1.2522 1.4881 0.4490 3
0.0000 2.3227 2.7602 -0.0630 11
0.0000 1.2491 1.4838 0.5197 3
0.0000 2.3275 2.7562 0.0630 12
0.0000 0.5370 0.6357 -0.1921 6
0.0000 2.3251 2.7524 0.1888 8
0.0000 0.7071 0.8367 -0.2129 2
0.0000 1.2657 1.4972 0.1715 1
0.0000 0.8189 0.9684 -0.2009 2
0.0000 1.2629 1.4928 0.2401 4
0.0000 1.0797 1.2759 -0.2052 3
0.0000 1.2659 1.4958 0.3104 3
0.0000 1.5448 1.8248 -0.2092 2
0.0000 1.2624 1.4907 0.3797 3
0.0000 2.6530 3.1317 -0.2151 10
0.0000 1.2574 1.4837 0.4490 3
0.0000 2.3297 2.7491 -0.0629 10
0.0000 1.2492 1.4736 0.5176 3
0.0000 2.3314 2.7423 0.0628 5
0.0000 0.5265 0.6190 -0.1876 6
0.0000 2.3205 2.7275 0.1877 4
0.0000 0.7151 0.8402 -0.2145 2
0.0000 1.2683 1.4897 0.1712 1
0.0000 0.8131 0.9551 -0.1987 2
0.0000 1.2588 1.4780 0.2384 4
0.0000 1.0891 1.2783 -0.2062 3
0.0000 1.2736 1.4944 0.3110 3
0.0000 1.4167 1.6617 -0.1910 2
0.0000 1.2597 1.4775 0.3774 3
0.0000 1.2547 1.4706 0.4463 3
0.0000 1.2619 1.4780 0.5207 3
0.0000 0.5540 0.6468 -0.1966 5
0.0000 0.6872 0.8021 -0.2053 2
0.0000 1.2577 1.4674 0.1691 1
0.0000 0.8126 0.9478 -0.1977 2
0.0000 1.2549 1.4631 0.2367 3
0.0000 1.0987 1.2806 -0.2072 3
0.0000 1.2696 1.4797 0.3088 3
0.0000 1.1718 1.3652 -0.1574 1
0.0000 1.2661 1.4746 0.3778 3
0.0000 1.2522 1.4574 0.4436 3
0.0000 1.2592 1.4650 0.5176 3
0.0000 0.5561 0.6449 -0.1966 5
0.0000 0.7028 0.8145 -0.2091 2
0.0000 1.2576 1.4569 0.1684 1
0.0000 0.8287 0.9600 -0.2009 2
0.0000 1.2520 1.4499 0.2352 2
0.0000 1.1004 1.2739 -0.2067 3
0.0000 1.2567 1.4543 0.3044 2
0.0000 1.1804 1.3656 -0.1579 2
0.0000 1.2633 1.4615 0.3755 2
0.0000 1.2567 1.4534 -0.1007 1
0.0000 1.2405 1.4341 0.4378 1
0.0000 1.2365 1.4285 0.5063 2
0.0000 1.2191 1.4044 0.0325 1
0.0000 0.5584 0.6430 -0.1966 5
0.0000 1.2129 1.3962 0.0969 1
0.0000 0.7055 0.8122 -0.2091 2
0.0000 1.2180 1.4016 0.1625 1
0.0000 0.8242 0.9482 -0.1990 2
0.0000 1.2218 1.4051 0.2286 2
0.0000 1.1048 1.2701 -0.2067 3
0.0000 1.2241 1.4067 0.2953 2
0.0000 1.1902 1.3677 -0.1586 2
0.0000 1.2375 1.4216 0.3664 2
0.0000 1.2251 1.4068 -0.0978 1
0.0000 1.2237 1.4047 0.4301 1
0.0000 1.2073 1.3855 -0.0321 1
0.0000 1.2199 1.3994 0.4975 1
0.0000 1.2187 1.3941 0.0323 1
0.0000 0.5478 0.6264 -0.1921 6
0.0000 1.2072 1.3800 0.0961 1
0.0000 0.7213 0.8245 -0.2129 2
0.0000 1.2098 1.3824 0.1607 2
0.0000 0.8197 0.9364 -0.1971 2
0.0000 1.2254 1.3993 0.2284 2
0.0000 1.1106 1.2677 -0.2069 3
0.0000 1.2264 1.3995 0.2947 2
0.0000 1.1989 1.3681 -0.1591 2
0.0000 1.2269 1.3995 0.3618 2
0.0000 1.2168 1.3875 -0.0967 2
0.0000 1.2273 1.3990 0.4297 2
0.0000 1.2122 1.3812 -0.0321 1
0.0000 1.2095 1.3777 0.4912 1
0.0000 1.2223 1.3883 0.0323 2
0.0000 0.5500 0.6245 -0.1921 6
0.0000 1.2133 1.3772 0.0962 2
0.0000 0.7034 0.7984 -0.2068 2
0.0000 1.2251 1.3901 0.1621 2
0.0000 0.8204 0.9305 -0.1965 2
0.0000 1.2093 1.3712 0.2245 2
0.0000 1.1084 1.2564 -0.2057 2
0.0000 1.2339 1.3981 0.2953 2
0.0000 1.2026 1.3622 -0.1590 2
0.0000 1.2370 1.4011 0.3633 2
0.0000 1.2124 1.3728 -0.0960 2
0.0000 1.2193 1.3801 0.4252 2
0.0000 1.2236 1.3845 -0.0323 2
0.0000 1.2156 1.3750 0.4918 2
0.0000 1.2125 1.3676 0.0319 2
0.0000 0.5651 0.6371 -0.1966 5
0.0000 1.1930 1.3446 0.0942 2
0.0000 0.7272 0.8193 -0.2129 2
0.0000 1.2170 1.3707 0.1604 2
0.0000 0.8422 0.9482 -0.2009 2
0.0000 1.2193 1.3729 0.2255 2
0.0000 1.1049 1.2436 -0.2043 3
0.0000 1.2362 1.3909 0.2947 2
0.0000 1.2246 1.3773 -0.1612 3
0.0000 1.2212 1.3731 0.3572 2
0.0000 1.2294 1.3817 -0.0969 3
0.0000 1.2127 1.3625 0.4211 2
0.0000 1.2284 1.3802 -0.0323 3
0.0000 1.2127 1.3620 0.4887 2
0.0000 1.2335 1.3811 0.0323 4
0.0000 0.5674 0.6350 -0.1966 5
0.0000 1.2056 1.3494 0.0948 3
0.0000 0.7222 0.8080 -0.2107 2
0.0000 1.2310 1.3769 0.1616 3
0.0000 0.8376 0.9364 -0.1990 2
0.0000 1.2204 1.3640 0.2247 3
0.0000 1.1227 1.2543 -0.2067 3
0.0000 1.2292 1.3733 0.2919 2
0.0000 1.2280 1.3715 -0.1611 5
0.0000 1.2299 1.3732 0.3583 2
0.0000 1.2235 1.3655 -0.0961 12
0.0000 1.2122 1.3525 0.4193 2
0.0000 1.2426 1.3863 -0.0325 16
0.0000 1.2252 1.3664 0.4918 2
0.0000 1.2408 1.3799 0.0324 7
0.0000 0.5539 0.6158 -0.1912 6
0.0000 1.2210 1.3570 0.0957 3
0.0000 0.7276 0.8084 -0.2114 2
0.0000 1.2278 1.3637 0.1605 2
0.0000 0.8459 0.9395 -0.2002 2
0.0000 1.2369 1.3732 0.2269 2
0.0000 1.1242 1.2476 -0.2062 3
0.0000 1.2326 1.3675 0.2916 2
0.0000 1.2275 1.3613 -0.1604 3
0.0000 1.2542 1.3910 0.3641 2
0.0000 1.2347 1.3689 -0.0966 2
0.0000 1.2441 1.3788 0.4288 2
0.0000 1.2407 1.3746 -0.0323 7
0.0000 1.2131 1.3435 0.4850 1
0.0000 1.2362 1.3652 0.0321 1
0.0000 0.5717 0.6312 -0.1966 5
0.0000 1.2336 1.3619 0.0963 1
0.0000 0.7224 0.7973 -0.2091 2
0.0000 1.2444 1.3729 0.1621 2
0.0000 0.8426 0.9292 -0.1987 2
0.0000 1.2550 1.3836 0.2294 2
0.0000 1.1165 1.2305 -0.2040 2
0.0000 1.2438 1.3707 0.2932 2
0.0000 1.2266 1.3513 -0.1597 2
0.0000 1.2511 1.3779 0.3618 2
0.0000 1.2569 1.3838 -0.0980 2
0.0000 1.2633 1.3903 0.4337 1
0.0000 1.2332 1.3571 -0.0320 1
0.0000 1.2383 1.3624 0.4933 1
0.0000 1.2622 1.3848 0.0327 1
0.0000 0.5607 0.6149 -0.1921 6
0.0000 1.2383 1.3575 0.0963 1
0.0000 0.7252 0.7947 -0.2091 2
0.0000 1.2478 1.3670 0.1619 1
0.0000 0.8470 0.9279 -0.1990 2
0.0000 1.2515 1.3706 0.2279 2
0.0000 1.1326 1.2400 -0.2062 3
0.0000 1.2526 1.3708 0.2941 2
0.0000 1.2488 1.3662 -0.1619 2
0.0000 1.2663 1.3853 0.3648 2
0.0000 1.2494 1.3663 -0.0970 3
0.0000 1.2508 1.3675 0.4279 2
0.0000 1.2608 1.3779 -0.0326 2
0.0000 1.2587 1.3751 0.4995 1
0.0000 1.2603 1.3730 0.0325 2
0.0000 0.5549 0.6043 -0.1894 6
0.0000 1.2228 1.3312 0.0947 2
0.0000 0.7331 0.7981 -0.2107 2
0.0000 1.2591 1.3702 0.1628 2
0.0000 0.8435 0.9177 -0.1974 2
0.0000 1.2563 1.3662 0.2279 2
0.0000 1.1275 1.2258 -0.2045 2
0.0000 1.2680 1.3780 0.2966 2
0.0000 1.2493 1.3576 -0.1614 2
0.0000 1.2818 1.3924 0.3679 2
0.0000 1.2555 1.3634 -0.0971 2
0.0000 1.2530 1.3602 0.4270 2
0.0000 1.2697 1.3779 -0.0327 2
0.0000 1.2504 1.3565 0.4943 1
0.0000 1.2814 1.3862 0.0330 2
0.0000 0.5623 0.6081 -0.1912 6
0.0000 1.2491 1.3503 0.0964 2
0.0000 0.7359 0.7955 -0.2107 2
0.0000 1.2707 1.3731 0.1637 2
0.0000 0.8481 0.9162 -0.1977 2
0.0000 1.2584 1.3589 0.2274 2
0.0000 1.1413 1.2320 -0.2062 3
0.0000 1.2755 1.3765 0.2972 2
0.0000 1.2540 1.3533 -0.1614 2
0.0000 1.2946 1.3966 0.3702 2
0.0000 1.2684 1.3678 -0.0978 2
0.0000 1.2657 1.3644 0.4297 2
0.0000 1.2759 1.3749 -0.0327 2
0.0000 1.2670 1.3649 0.4990 1
0.0000 1.2917 1.3876 0.0331 3
0.0000 0.5804 0.6232 -0.1966 5
0.0000 1.2702 1.3635 0.0977 2
0.0000 0.7333 0.7872 -0.2091 2
0.0000 1.2714 1.3643 0.1632 2
0.0000 0.8594 0.9219 -0.1996 2
0.0000 1.2767 1.3691 0.2298 2
0.0000 1.1334 1.2150 -0.2040 2
0.0000 1.2857 1.3778 0.2985 2
0.0000 1.2682 1.3591 -0.1626 3
0.0000 1.2915 1.3835 0.3679 2
0.0000 1.2854 1.3765 -0.0987 3
0.0000 1.2704 1.3600 0.4297 2
0.0000 1.2848 1.3749 -0.0328 13
0.0000 1.2309 1.3167 0.4830 1
0.0000 1.2760 1.3612 0.0326 2
0.0000 0.5825 0.6212 -0.1966 5
0.0000 1.2722 1.3561 0.0974 2
0.0000 0.7629 0.8133 -0.2168 2
0.0000 1.2720 1.3555 0.1626 2
0.0000 0.8518 0.9073 -0.1971 2
0.0000 1.2964 1.3805 0.2325 2
0.0000 1.1566 1.2313 -0.2074 2
0.0000 1.2892 1.3719 0.2982 2
0.0000 1.2798 1.3619 -0.1635 3
0.0000 1.3017 1.3847 0.3694 2
0.0000 1.2889 1.3706 -0.0986 2
0.0000 1.2912 1.3726 0.4351 1
0.0000 1.2209 1.2969 0.4773 1
0.0000 1.2931 1.3698 0.0329 1
0.0000 0.5579 0.5908 -0.1876 6
0.0000 1.2892 1.3648 0.0984 1
0.0000 0.7523 0.7964 -0.2129 2
0.0000 1.2836 1.3583 0.1635 1
0.0000 0.8468 0.8957 -0.1952 2
0.0000 1.3066 1.3817 0.2335 2
0.0000 1.1527 1.2186 -0.2060 2
0.0000 1.2953 1.3688 0.2985 2
0.0000 1.2914 1.3647 -0.1644 2
0.0000 1.3092 1.3830 0.3702 2
0.0000 1.3005 1.3733 -0.0991 1
0.0000 1.2812 1.3525 0.4301 1
0.0000 1.3040 1.3760 -0.0331 1
0.0000 1.2108 1.2772 0.4716 1
0.0000 1.3309 1.4000 0.0337 1
0.0000 0.5519 0.5804 -0.1849 6
0.0000 1.3023 1.3689 0.0990 1
0.0000 0.7605 0.7994 -0.2145 2
0.0000 1.3048 1.3711 0.1656 2
0.0000 0.8594 0.9028 -0.1974 2
0.0000 1.3019 1.3671 0.2318 2
0.0000 1.1433 1.2002 -0.2035 2
0.0000 1.3246 1.3900 0.3041 2
0.0000 1.3099 1.3746 -0.1661 1
0.0000 1.3275 1.3926 0.3740 2
0.0000 1.3053 1.3688 -0.0991 1
0.0000 1.2402 1.3001 0.4148 1
0.0000 1.3157 1.3787 -0.0333 1
0.0000 1.2312 1.2898 0.4778 1
0.0000 1.3247 1.3838 0.0334 2
0.0000 0.5620 0.5869 -0.1876 6
0.0000 1.3070 1.3644 0.0990 1
0.0000 0.7470 0.7797 -0.2099 2
0.0000 1.3137 1.3709 0.1661 2
0.0000 0.8680 0.9055 -0.1987 2
0.0000 1.3190 1.3755 0.2340 2
0.0000 1.1557 1.2047 -0.2050 3
0.0000 1.3294 1.3854 0.3041 2
0.0000 1.3147 1.3700 -0.1661 1
0.0000 1.2903 1.3441 0.3622 1
0.0000 1.2474 1.2985 0.4157 1
0.0000 1.3260 1.3799 -0.0334 1
0.0000 1.2411 1.2910 0.4799 1
0.0000 1.3351 1.3850 0.0336 1
0.0000 0.5776 0.5990 -0.1921 6
0.0000 1.3035 1.3512 0.0984 1
0.0000 0.7470 0.7743 -0.2091 2
0.0000 1.3199 1.3677 0.1663 2
0.0000 0.8739 0.9053 -0.1993 2
0.0000 1.3266 1.3737 0.2345 2
0.0000 1.1585 1.1993 -0.2047 3
0.0000 1.3260 1.3722 0.3022 2
0.0000 1.2862 1.3310 -0.1619 2
0.0000 1.3059 1.3508 0.3652 1
0.0000 1.2628 1.3054 0.4193 1
0.0000 1.3308 1.3752 -0.0334 1
0.0000 1.2308 1.2714 0.4742 1
0.0000 1.3372 1.3774 0.0335 1
0.0000 0.5716 0.5886 -0.1894 6
0.0000 1.3302 1.3698 0.1001 1
0.0000 0.7497 0.7717 -0.2091 2
0.0000 1.3219 1.3603 0.1659 1
0.0000 0.8812 0.9065 -0.2002 2
0.0000 1.3410 1.3790 0.2362 2
0.0000 1.1584 1.1912 -0.2040 2
0.0000 1.3471 1.3848 0.3060 1
0.0000 1.3131 1.3493 -0.1647 1
0.0000 1.2969 1.3322 0.3614 1
0.0000 1.2959 1.3307 -0.0973 1
0.0000 1.2454 1.2788 0.4121 1
0.0000 1.2242 1.2563 0.4700 2
0.0000 0.5790 0.5922 -0.1912 6
0.0000 1.3417 1.3725 0.1006 2
0.0000 0.7577 0.7748 -0.2107 2
0.0000 1.3459 1.3758 0.1684 2
0.0000 0.8718 0.8909 -0.1974 2
0.0000 1.3484 1.3774 0.2367 2
0.0000 1.1776 1.2029 -0.2067 3
0.0000 1.3462 1.3747 0.3047 1
0.0000 1.3343 1.3621 -0.1668 2
0.0000 1.2848 1.3111 0.3568 1
0.0000 1.3255 1.3521 -0.0992 1
0.0000 1.2428 1.2678 0.4099 2
0.0000 1.2500 1.2743 0.4783 2
0.0000 0.5809 0.5903 -0.1912 6
0.0000 1.3675 1.3892 0.1022 1
0.0000 0.7603 0.7723 -0.2107 2
0.0000 1.3616 1.3827 0.1698 1
0.0000 0.8803 0.8936 -0.1987 2
0.0000 1.3571 1.3772 0.2374 2
0.0000 1.1734 1.1903 -0.2052 3
0.0000 1.3565 1.3756 0.3060 1
0.0000 1.3460 1.3645 -0.1677 2
0.0000 1.2946 1.3124 0.3583 2
0.0000 1.3383 1.3562 -0.0999 1
0.0000 1.2540 1.2703 0.4121 1
0.0000 1.3264 1.3432 -0.0330 2
0.0000 1.2572 1.2726 0.4793 1
0.0000 1.3792 1.3922 0.0342 1
0.0000 0.5583 0.5634 -0.1831 7
0.0000 0.7465 0.7528 -0.2061 2
0.0000 1.3751 1.3862 0.1708 1
0.0000 0.8836 0.8904 -0.1987 2
0.0000 1.3689 1.3795 0.2386 2
0.0000 1.1803 1.1890 -0.2057 3
0.0000 1.3613 1.3708 0.3060 1
0.0000 1.3676 1.3767 -0.1698 2
0.0000 1.2801 1.2881 0.3530 2
0.0000 1.3827 1.3910 -0.1028 1
0.0000 1.2518 1.2588 0.4099 1
0.0000 1.3804 1.3882 -0.0342 1
0.0000 1.3311 1.3381 0.5057 1
0.0000 1.3843 1.3872 0.0342 1
0.0000 0.6016 0.6027 -0.1966 5
0.0000 1.3461 1.3485 0.0999 1
0.0000 0.7491 0.7502 -0.2061 2
0.0000 0.8867 0.8873 -0.1987 2
0.0000 1.3824 1.3829 0.2401 1
0.0000 1.1873 1.1877 -0.2062 3
0.0000 1.2962 1.2962 0.2903 1
0.0000 1.3598 1.3593 -0.1682 1
0.0000 1.3026 1.3017 0.3580 2
0.0000 1.3848 1.3833 -0.1026 1
0.0000 1.2794 1.2781 0.4175 1
0.0000 1.3683 1.3664 -0.0338 1
0.0000 0.6023 0.5998 -0.2278 5
0.0000 1.3945 1.3882 0.0343 1
0.0000 0.5346 0.5320 -0.1741 7
0.0000 1.3506 1.3440 0.0999 1
0.0000 0.7711 0.7671 -0.2114 2
0.0000 0.8840 0.8788 -0.1974 2
0.0000 1.1912 1.1838 -0.2062 3
0.0000 1.3103 1.3017 0.2925 3
0.0000 1.3784 1.3688 -0.1700 1
0.0000 1.2958 1.2863 0.3549 2
0.0000 1.3950 1.3843 -0.1030 1
0.0000 1.3473 1.3370 0.4382 1
0.0000 1.3757 1.3647 -0.0338 1
0.0000 1.4119 1.3962 0.0347 1
0.0000 0.5890 0.5823 -0.1912 6
0.0000 1.3865 1.3702 0.1022 1
0.0000 0.7794 0.7699 -0.2129 2
0.0000 1.3976 1.3806 0.1719 1
0.0000 0.8813 0.8703 -0.1962 2
0.0000 1.2010 1.1852 -0.2072 3
0.0000 1.4007 1.3817 0.3116 1
0.0000 1.3832 1.3640 -0.1700 1
0.0000 1.3100 1.2914 0.3576 1
0.0000 1.3984 1.3781 -0.1029 1
0.0000 1.3436 1.3241 0.4355 1
0.0000 1.4117 1.3907 -0.0346 1
0.0000 1.2567 1.2376 0.4726 1
0.0000 1.4099 1.3840 0.0345 1
0.0000 0.6078 0.5965 -0.1966 5
0.0000 1.3858 1.3595 0.1017 1
0.0000 0.7822 0.7670 -0.2129 2
0.0000 1.4225 1.3950 0.1743 1
0.0000 0.8901 0.8726 -0.1974 2
0.0000 1.1855 1.1613 -0.2038 3
0.0000 1.4339 1.4042 0.3179 1
0.0000 1.3967 1.3673 -0.1710 1
0.0000 1.3484 1.3196 0.3667 1
0.0000 1.3992 1.3687 -0.1026 1
0.0000 1.4168 1.3855 -0.0346 1
0.0000 1.2115 1.1843 0.4540 1
0.0000 1.4264 1.3900 0.0348 1
0.0000 0.6100 0.5942 -0.1966 5
0.0000 1.3965 1.3600 0.1022 1
0.0000 0.7848 0.7643 -0.2129 2
0.0000 1.4219 1.3842 0.1736 1
0.0000 0.9131 0.8886 -0.2018 2
0.0000 1.2040 1.1708 -0.2062 3
0.0000 1.4306 1.3907 0.3160 1
0.0000 1.4215 1.3818 -0.1734 1
0.0000 1.3080 1.2711 0.3545 1
0.0000 1.4226 1.3819 -0.1039 1
0.0000 1.3030 1.2653 0.4193 1
0.0000 1.4248 1.3831 -0.0347 1
0.0000 1.2658 1.2283 0.4726 1
0.0000 1.4341 1.3878 0.0348 1
0.0000 0.5785 0.5596 -0.1858 6
0.0000 1.4214 1.3745 0.1036 1
0.0000 0.7649 0.7397 -0.2068 2
0.0000 1.4382 1.3903 0.1750 1
0.0000 0.9020 0.8717 -0.1987 2
0.0000 1.4206 1.3723 0.2425 1
0.0000 1.2195 1.1776 -0.2082 3
0.0000 1.4312 1.3816 0.3151 1
0.0000 1.4248 1.3755 -0.1733 1
0.0000 1.4374 1.3867 -0.1047 1
0.0000 1.3466 1.2986 0.4319 1
0.0000 1.4267 1.3754 -0.0346 1
0.0000 1.2478 1.2024 0.4643 1
0.0000 1.4620 1.4050 0.0354 1
0.0000 0.5945 0.5711 -0.1903 6
0.0000 2.8576 2.7452 0.2077 3
0.0000 0.7647 0.7343 -0.2061 2
0.0000 1.4517 1.3936 0.1761 1
0.0000 0.8908 0.8548 -0.1955 2
0.0000 1.3910 1.3344 0.2367 1
0.0000 1.2178 1.1679 -0.2072 3
0.0000 1.4514 1.3919 0.3185 1
0.0000 1.4268 1.3677 -0.1729 1
0.0000 1.3168 1.2619 0.3545 1
0.0000 1.4769 1.4148 -0.1072 1
0.0000 1.2752 1.2211 0.4076 1
0.0000 1.4399 1.3789 -0.0348 1
0.0000 1.2518 1.1983 0.4643 1
0.0000 0.5964 0.5691 -0.1903 6
0.0000 2.8657 2.7338 0.2076 15
0.0000 0.7701 0.7344 -0.2068 2
0.0000 2.0190 1.9246 0.2440 1
0.0000 0.9108 0.8682 -0.1993 2
0.0000 1.3408 1.2777 0.2274 1
0.0000 1.2260 1.1679 -0.2079 3
0.0000 1.4286 1.3600 -0.1726 1
0.0000 1.3210 1.2575 0.3545 1
0.0000 1.9561 1.8615 -0.1415 1
0.0000 1.2651 1.2035 0.4031 1
0.0000 1.9867 1.8893 -0.0479 1
0.0000 1.2867 1.2232 0.4757 1
0.0000 0.5983 0.5670 -0.1903 6
0.0000 0.7668 0.7264 -0.2053 2
0.0000 2.0311 1.9234 0.2447 1
0.0000 0.9109 0.8623 -0.1987 1
0.0000 1.3784 1.3044 0.2330 1
0.0000 1.2301 1.1636 -0.2079 3
0.0000 1.4505 1.3717 -0.1747 1
0.0000 1.3254 1.2529 0.3545 1
0.0000 1.2778 1.2071 0.4058 1
0.0000 1.9962 1.8851 -0.0479 1
0.0000 1.2432 1.1736 0.4581 1
0.0000 0.6188 0.5827 -0.2278 5
0.0000 2.0166 1.8984 0.0483 1
0.0000 0.5861 0.5516 -0.1858 6
0.0000 0.7865 0.7399 -0.2099 2
0.0000 2.0552 1.9327 0.2468 1
0.0000 0.9139 0.8592 -0.1987 1
0.0000 1.3858 1.3023 0.2335 1
0.0000 1.2240 1.1498 -0.2062 3
0.0000 1.4669 1.3775 -0.1761 1
0.0000 1.3298 1.2483 0.3545 1
0.0000 2.8648 2.6883 -0.2059 45
0.0000 1.2450 1.1679 0.3941 1
0.0000 2.8634 2.6851 -0.0685 36
0.0000 1.2642 1.1851 0.4643 1
0.0000 2.8851 2.6970 0.0689 22
0.0000 0.6222 0.5814 -0.1966 5
0.0000 2.0138 1.8818 0.1444 1
0.0000 0.7690 0.7183 -0.2045 2
0.0000 0.8967 0.8371 -0.1943 2
0.0000 1.3657 1.2744 0.2294 1
0.0000 1.2307 1.1485 -0.2067 3
0.0000 1.3405 1.2504 0.2903 1
0.0000 1.4673 1.3683 -0.1755 1
0.0000 1.3341 1.2436 0.3545 1
0.0000 2.8712 2.6756 -0.2057 47
0.0000 1.2774 1.1904 0.4031 1
0.0000 2.8840 2.6865 -0.0688 48
0.0000 1.2399 1.1546 0.4540 1
0.0000 2.8633 2.6589 0.0682 43
0.0000 0.6099 0.5661 -0.1921 6
0.0000 2.8705 2.6646 0.2053 20
0.0000 0.7742 0.7185 -0.2053 2
0.0000 0.9111 0.8449 -0.1968 2
0.0000 1.3670 1.2672 0.2289 1
0.0000 1.2316 1.1417 -0.2062 3
0.0000 1.3330 1.2352 0.2878 1
0.0000 1.4850 1.3756 -0.1771 1
0.0000 1.2864 1.1912 0.3408 1
0.0000 2.8639 2.6511 -0.2045 49
0.0000 1.2585 1.1649 0.3959 1
0.0000 2.8914 2.6756 -0.0688 61
0.0000 1.2395 1.1465 0.4524 1
0.0000 2.8633 2.6412 0.0680 37
0.0000 0.6089 0.5614 -0.1912 6
0.0000 2.8622 2.6383 0.2040 34
0.0000 0.7824 0.7212 -0.2068 2
0.0000 2.1480 1.9793 0.2555 1
0.0000 0.9110 0.8391 -0.1962 2
0.0000 1.3712 1.2627 0.2289 1
0.0000 1.2444 1.1455 -0.2077 3
0.0000 1.3402 1.2333 0.2885 1
0.0000 1.4925 1.3734 -0.1774 1
0.0000 1.2903 1.1869 0.3408 1
0.0000 2.8580 2.6281 -0.2035 48
0.0000 1.2439 1.1434 0.3901 2
0.0000 2.8889 2.6546 -0.0685 46
0.0000 1.2207 1.1213 0.4441 2
0.0000 2.8695 2.6285 0.0679 38
0.0000 0.6281 0.5751 -0.1966 5
0.0000 2.8817 2.6378 0.2047 49
0.0000 0.7965 0.7291 -0.2099 2
0.0000 2.1343 1.9530 0.2531 1
0.0000 0.9256 0.8466 -0.1987 2
0.0000 1.3668 1.2498 0.2274 1
0.0000 1.2337 1.1277 -0.2052 3
0.0000 1.3445 1.2286 0.2885 1
0.0000 1.5267 1.3951 -0.1809 1
0.0000 1.2756 1.1652 0.3358 2
0.0000 2.8613 2.6127 -0.2031 49
0.0000 1.2435 1.1351 0.3887 1
0.0000 2.8908 2.6378 -0.0683 52
0.0000 1.2217 1.1144 0.4431 2
0.0000 2.8861 2.6252 0.0681 43
0.0000 0.6301 0.5729 -0.1966 5
0.0000 2.8642 2.6035 0.2029 42
0.0000 0.7845 0.7131 -0.2061 2
0.0000 2.1706 1.9723 0.2566 1
0.0000 0.9460 0.8593 -0.2024 2
0.0000 1.3624 1.2370 0.2259 1
0.0000 1.2391 1.1247 -0.2055 3
0.0000 1.3166 1.1947 0.2816 1
0.0000 1.5244 1.3828 -0.1801 1
0.0000 1.2753 1.1568 0.3347 1
0.0000 2.8615 2.5947 -0.2024 49
0.0000 1.2648 1.1465 0.3941 1
0.0000 2.8881 2.6170 -0.0680 52
0.0000 1.2485 1.1309 0.4514 1
0.0000 2.8863 2.6071 0.0679 43
0.0000 0.6321 0.5707 -0.1966 5
0.0000 2.8748 2.5948 0.2030 37
0.0000 0.7959 0.7181 -0.2084 2
0.0000 2.1659 1.9537 0.2552 1
0.0000 0.9404 0.8479 -0.2005 2
0.0000 1.3726 1.2376 0.2269 1
0.0000 1.2504 1.1270 -0.2067 3
0.0000 1.2914 1.1636 0.2753 1
0.0000 1.5367 1.3841 -0.1809 1
0.0000 1.2737 1.1468 0.3332 1
0.0000 2.8769 2.5895 -0.2029 48
0.0000 1.2458 1.1210 0.3869 1
0.0000 2.8883 2.5988 -0.0678 52
0.0000 1.2395 1.1149 0.4467 1
0.0000 2.8899 2.5911 0.0678 45
0.0000 0.6342 0.5684 -0.1966 5
0.0000 2.8783 2.5790 0.2025 37
0.0000 0.7837 0.7022 -0.2045 2
0.0000 2.2069 1.9767 0.2592 2
0.0000 0.9286 0.8315 -0.1974 2
0.0000 1.3830 1.2378 0.2279 1
0.0000 1.2604 1.1277 -0.2077 3
0.0000 1.3045 1.1668 0.2772 1
0.0000 1.5536 1.3891 -0.1823 1
0.0000 1.2865 1.1502 0.3354 1
0.0000 2.8740 2.5688 -0.2020 49
0.0000 1.2454 1.1127 0.3856 1
0.0000 2.8934 2.5842 -0.0677 53
0.0000 1.2090 1.0795 0.4343 1
0.0000 2.8810 2.5651 0.0673 43
0.0000 0.6507 0.5791 -0.2011 5
0.0000 2.8814 2.5636 0.2021 38
0.0000 0.8039 0.7150 -0.2091 2
0.0000 2.2573 2.0069 0.2643 1
0.0000 0.9258 0.8228 -0.1962 2
0.0000 1.3458 1.1961 0.2211 1
0.0000 1.2584 1.1181 -0.2067 3
0.0000 1.3352 1.1858 0.2828 1
0.0000 1.5823 1.4048 -0.1851 1
0.0000 1.2672 1.1247 0.3293 2
0.0000 2.8685 2.5450 -0.2010 46
0.0000 1.2451 1.1043 0.3842 1
0.0000 2.8979 2.5701 -0.0676 52
0.0000 1.2446 1.1035 0.4457 1
0.0000 2.8865 2.5528 0.0673 45
0.0000 0.6526 0.5770 -0.2011 5
0.0000 2.8883 2.5527 0.2020 8
0.0000 0.8091 0.7151 -0.2099 2
0.0000 0.9224 0.8147 -0.1949 2
0.0000 1.3468 1.1890 0.2206 1
0.0000 1.2562 1.1086 -0.2057 3
0.0000 1.3006 1.1474 0.2747 1
0.0000 1.6019 1.4127 -0.1869 1
0.0000 1.2751 1.1246 0.3305 2
0.0000 2.8675 2.5280 -0.2003 48
0.0000 1.2485 1.1004 0.3842 1
0.0000 2.8974 2.5526 -0.0674 52
0.0000 1.2207 1.0751 0.4359 1
0.0000 2.8954 2.5428 0.0673 37
0.0000 0.6400 0.5618 -0.1966 5
0.0000 0.7999 0.7017 -0.2068 2
0.0000 0.9388 0.8230 -0.1977 2
0.0000 1.3449 1.1791 0.2196 1
0.0000 1.2541 1.0990 -0.2047 3
0.0000 1.2957 1.1351 0.2728 2
0.0000 1.5873 1.3901 -0.1846 1
0.0000 1.2807 1.1212 0.3309 1
0.0000 2.8782 2.5188 -0.2004 45
0.0000 1.2526 1.0958 0.3842 1
0.0000 2.8957 2.5332 -0.0672 53
0.0000 1.2303 1.0759 0.4379 1
0.0000 0.6420 0.5595 -0.1966 5
0.0000 0.8112 0.7067 -0.2091 2
0.0000 1.5717 1.3686 0.1823 1
0.0000 0.9372 0.8158 -0.1968 2
0.0000 1.3627 1.1858 0.2218 1
0.0000 1.2641 1.0996 -0.2057 3
0.0000 1.2907 1.1228 0.2709 1
0.0000 1.5982 1.3898 -0.1853 1
0.0000 1.2757 1.1090 0.3286 1
0.0000 2.8765 2.4996 -0.1997 46
0.0000 1.2740 1.1067 0.3896 1
0.0000 2.8864 2.5074 -0.0667 41
0.0000 1.2267 1.0652 0.4353 1
0.0000 0.6426 0.5564 -0.2278 5
0.0000 0.6439 0.5574 -0.1966 5
0.0000 0.8226 0.7116 -0.2114 2
0.0000 1.5689 1.3566 0.1815 2
0.0000 0.9414 0.8140 -0.1971 2
0.0000 1.3381 1.1567 0.2172 1
0.0000 1.2722 1.0993 -0.2064 2
0.0000 1.3036 1.1260 0.2728 1
0.0000 1.6286 1.4063 -0.1883 1
0.0000 1.2675 1.0945 0.3255 1
0.0000 2.8968 2.5005 -0.2006 37
0.0000 1.2570 1.0847 0.3833 2
0.0000 1.2100 1.0433 0.4281 1
0.0000 0.6458 0.5551 -0.1966 5
0.0000 1.5876 1.3641 0.1097 1
0.0000 0.8339 0.7165 -0.2137 2
0.0000 2.9019 2.4925 0.3347 18
0.0000 0.9517 0.8171 -0.1987 2
0.0000 1.3210 1.1339 0.2138 1
0.0000 1.2760 1.0949 -0.2064 2
0.0000 1.3075 1.1214 0.2728 1
0.0000 1.6575 1.4216 -0.1910 1
0.0000 1.2847 1.1015 0.3290 2
0.0000 1.2490 1.0701 0.3797 3
0.0000 1.2341 1.0567 0.4353 1
0.0000 0.6478 0.5528 -0.1966 5
0.0000 2.8823 2.4591 0.1986 3
0.0000 0.8274 0.7059 -0.2114 2
0.0000 2.8666 2.4449 0.3296 28
0.0000 0.9395 0.8010 -0.1955 2
0.0000 1.3295 1.1331 0.2145 1
0.0000 1.2783 1.0891 -0.2062 2
0.0000 1.2994 1.1066 0.2703 1
0.0000 1.6609 1.4146 -0.1909 1
0.0000 1.2781 1.0881 0.3263 3
0.0000 1.2765 1.0860 0.3869 1
0.0000 1.2408 1.0548 0.4364 1
0.0000 1.6382 1.3888 0.0375 1
0.0000 0.6318 0.5355 -0.1912 6
0.0000 0.8449 0.7157 -0.2152 2
0.0000 2.8903 2.4477 0.3314 40
0.0000 0.9483 0.8028 -0.1968 2
0.0000 1.3426 1.1362 0.2160 1
0.0000 1.2655 1.0705 -0.2035 2
0.0000 1.2864 1.0883 0.2669 3
0.0000 1.6826 1.4229 -0.1928 2
0.0000 1.2894 1.0900 0.3282 2
0.0000 1.2564 1.0614 0.3797 1
0.0000 1.2265 1.0358 0.4302 1
0.0000 2.9063 2.4473 0.0663 19
0.0000 0.6157 0.5183 -0.1858 6
0.0000 2.8959 2.4369 0.1984 40
0.0000 0.8474 0.7128 -0.2152 2
0.0000 2.8973 2.4363 0.3312 47
0.0000 0.9540 0.8022 -0.1974 2
0.0000 1.3509 1.1355 0.2167 1
0.0000 1.2949 1.0881 -0.2077 3
0.0000 1.2842 1.0787 0.2656 1
0.0000 1.6952 1.4234 -0.1937 1
0.0000 1.2825 1.0769 0.3255 1
0.0000 1.2838 1.0773 0.3869 1
0.0000 2.9064 2.4379 -0.0662 1
0.0000 1.2242 1.0265 0.4281 1
0.0000 2.8948 2.4205 0.0659 48
0.0000 0.6385 0.5336 -0.1921 6
0.0000 2.9090 2.4306 0.1987 46
0.0000 0.8136 0.6798 -0.2061 2
0.0000 2.8962 2.4190 0.3301 45
0.0000 0.9507 0.7938 -0.1962 2
0.0000 1.3487 1.1257 0.2157 1
0.0000 1.2956 1.0810 -0.2072 3
0.0000 1.3016 1.0856 0.2684 1
0.0000 1.2832 1.0699 0.3248 1
0.0000 1.2621 1.0516 0.3793 2
0.0000 2.9133 2.4264 -0.0662 15
0.0000 1.1981 0.9975 0.4177 1
0.0000 2.9140 2.4193 0.0661 50
0.0000 0.6193 0.5140 -0.1858 6
0.0000 2.9067 2.4115 0.1979 46
0.0000 0.8280 0.6869 -0.2091 2
0.0000 2.9001 2.4051 0.3296 46
0.0000 0.9581 0.7943 -0.1971 2
0.0000 1.3527 1.1210 0.2157 1
0.0000 1.2902 1.0689 -0.2057 3
0.0000 1.2993 1.0760 0.2672 1
0.0000 1.7693 1.4652 -0.2010 1
0.0000 1.2915 1.0692 0.3259 2
0.0000 2.8927 2.3939 -0.1968 5
0.0000 1.2583 1.0409 0.3770 8
0.0000 2.9171 2.4124 -0.0661 48
0.0000 1.2239 1.0118 0.4255 1
0.0000 0.6558 0.5408 -0.2278 5
0.0000 2.9040 2.3938 0.0657 47
0.0000 0.6572 0.5416 -0.1966 5
0.0000 2.8966 2.3861 0.1967 46
0.0000 0.8395 0.6915 -0.2114 2
0.0000 2.9100 2.3962 0.3298 46
0.0000 0.9685 0.7972 -0.1987 2
0.0000 1.3351 1.0986 0.2123 1
0.0000 1.2786 1.0517 -0.2033 3
0.0000 1.3061 1.0740 0.2678 1
0.0000 1.7097 1.4059 -0.1937 1
0.0000 1.2891 1.0597 0.3244 4
0.0000 1.2694 1.0427 0.3793 3
0.0000 2.9364 2.4111 -0.0663 72
0.0000 1.2513 1.0271 0.4338 2
0.0000 0.6577 0.5385 -0.2278 5
0.0000 2.9107 2.3824 0.0657 46
0.0000 0.6410 0.5245 -0.1912 6
0.0000 2.8988 2.3709 0.1963 46
0.0000 0.8237 0.6737 -0.2068 2
0.0000 2.9106 2.3798 0.3289 47
0.0000 0.9636 0.7876 -0.1971 2
0.0000 1.3512 1.1040 0.2142 1
0.0000 1.2884 1.0523 -0.2043 3
0.0000 1.2960 1.0582 0.2650 3
0.0000 1.7517 1.4302 -0.1978 2
0.0000 1.2928 1.0552 0.3244 4
0.0000 2.8939 2.3611 -0.1957 47
0.0000 1.2791 1.0432 0.3811 2
0.0000 2.9122 2.3743 -0.0656 63
0.0000 1.2429 1.0130 0.4296 2
0.0000 2.9128 2.3672 0.0655 43
0.0000 0.6610 0.5370 -0.1966 5
0.0000 2.9035 2.3588 0.1961 46
0.0000 0.8443 0.6857 -0.2114 2
0.0000 2.9065 2.3595 0.3275 51
0.0000 0.9663 0.7842 -0.1971 2
0.0000 1.3458 1.0918 0.2128 1
0.0000 1.2950 1.0505 -0.2047 3
0.0000 1.2965 1.0514 0.2644 2
0.0000 1.7505 1.4190 -0.1971 3
0.0000 1.2996 1.0531 0.3251 2
0.0000 2.9052 2.3535 -0.1959 49
0.0000 1.2659 1.0255 0.3761 3
0.0000 2.9139 2.3596 -0.0654 52
0.0000 1.2583 1.0186 0.4338 3
0.0000 2.9051 2.3450 0.0652 43
0.0000 0.6628 0.5348 -0.1966 5
0.0000 2.9097 2.3479 0.1959 48
0.0000 0.8374 0.6755 -0.2091 2
0.0000 2.9066 2.3436 0.3267 55
0.0000 0.9766 0.7872 -0.1987 2
0.0000 1.3618 1.0973 0.2147 1
0.0000 1.3031 1.0499 -0.2055 3
0.0000 1.2984 1.0458 0.2641 2
0.0000 1.7598 1.4170 -0.1977 3
0.0000 1.2801 1.0303 0.3194 3
0.0000 2.8959 2.3300 -0.1948 57
0.0000 1.2830 1.0323 0.3802 2
0.0000 2.9201 2.3487 -0.0654 53
0.0000 1.2361 0.9938 0.4250 1
0.0000 2.9066 2.3303 0.0650 45
0.0000 0.6432 0.5155 -0.1903 6
0.0000 2.9148 2.3352 0.1957 45
0.0000 0.8304 0.6653 -0.2068 2
0.0000 2.9159 2.3352 0.3268 50
0.0000 0.9561 0.7654 -0.1940 2
0.0000 1.3468 1.0779 0.2118 1
0.0000 1.3145 1.0516 -0.2067 3
0.0000 1.3036 1.0425 0.2644 2
0.0000 1.7832 1.4260 -0.1998 3
0.0000 1.3126 1.0494 0.3267 2
0.0000 2.8958 2.3142 -0.1943 60
0.0000 1.2835 1.0253 0.3793 2
0.0000 2.9236 2.3347 -0.0653 55
0.0000 1.2501 0.9979 0.4286 1
0.0000 2.9147 2.3202 0.0650 43
0.0000 0.6359 0.5060 -0.1876 6
0.0000 2.9011 2.3076 0.1943 45
0.0000 0.8573 0.6820 -0.2129 2
0.0000 2.9193 2.3213 0.3263 55
0.0000 0.9819 0.7805 -0.1987 2
0.0000 1.3257 1.0534 0.2079 1
0.0000 1.3119 1.0421 -0.2057 3
0.0000 1.3212 1.0490 0.2672 2
0.0000 1.8240 1.4483 -0.2038 2
0.0000 1.3025 1.0338 0.3232 2
0.0000 2.8945 2.2966 -0.1936 60
0.0000 1.2779 1.0136 0.3766 2
0.0000 2.9317 2.3245 -0.0653 55
0.0000 1.2536 0.9936 0.4286 1
0.0000 0.6668 0.5272 -0.2278 5
0.0000 2.9165 2.3050 0.0649 46
0.0000 0.6315 0.4989 -0.1858 6
0.0000 2.9028 2.2925 0.1939 48
0.0000 0.8258 0.6522 -0.2045 2
0.0000 2.9227 2.3074 0.3258 50
0.0000 0.9769 0.7710 -0.1971 2
0.0000 1.3247 1.0451 0.2072 1
0.0000 1.3000 1.0252 -0.2033 3
0.0000 1.3046 1.0285 0.2631 2
0.0000 1.8528 1.4601 -0.2064 2
0.0000 1.3169 1.0378 0.3259 2
0.0000 2.9025 2.2865 -0.1936 60
0.0000 1.2631 0.9947 0.3712 2
0.0000 2.9257 2.3031 -0.0650 56
0.0000 1.2570 0.9892 0.4286 1
0.0000 2.9246 2.2948 0.0649 46
0.0000 0.6517 0.5112 -0.1912 6
0.0000 2.9155 2.2861 0.1942 46
0.0000 0.8468 0.6637 -0.2091 2
0.0000 2.9139 2.2832 0.3239 38
0.0000 0.9766 0.7649 -0.1965 2
0.0000 1.3643 1.0686 0.2128 1
0.0000 1.3129 1.0280 -0.2047 3
0.0000 1.3176 1.0312 0.2650 1
0.0000 1.8532 1.4500 -0.2059 2
0.0000 1.3207 1.0329 0.3259 2
0.0000 2.9030 2.2697 -0.1931 57
0.0000 1.2974 1.0140 0.3802 2
0.0000 2.9258 2.2867 -0.0648 57
0.0000 1.2605 0.9848 0.4286 2
0.0000 2.9156 2.2706 0.0645 49
0.0000 0.7212 0.5614 -0.2110 4
0.0000 2.9156 2.2697 0.1936 45
0.0000 0.8305 0.6463 -0.2045 2
0.0000 2.9156 2.2681 0.3232 32
0.0000 0.9746 0.7579 -0.1955 2
0.0000 1.3557 1.0538 0.2108 1
0.0000 1.3196 1.0258 -0.2052 3
0.0000 1.3227 1.0278 0.2653 2
0.0000 1.8661 1.4496 -0.2067 3
0.0000 1.3103 1.0175 0.3225 2
0.0000 2.9093 2.2583 -0.1930 60
0.0000 1.2777 0.9918 0.3734 2
0.0000 2.9338 2.2765 -0.0648 60
0.0000 1.2486 0.9685 0.4234 2
0.0000 2.9231 2.2609 0.0645 47
0.0000 0.6737 0.5209 -0.1966 5
0.0000 2.9136 2.2527 0.1930 45
0.0000 0.8575 0.6627 -0.2107 2
0.0000 2.9215 2.2572 0.3230 20
0.0000 0.9740 0.7522 -0.1949 2
0.0000 1.3482 1.0409 0.2091 1
0.0000 1.3325 1.0287 -0.2067 3
0.0000 1.3245 1.0222 0.2650 2
0.0000 1.8662 1.4397 -0.2062 2
0.0000 1.3043 1.0059 0.3202 3
0.0000 2.8994 2.2352 -0.1919 56
0.0000 1.2918 0.9959 0.3766 2
0.0000 2.9350 2.2619 -0.0647 60
0.0000 1.2610 0.9715 0.4265 2
0.0000 2.9211 2.2439 0.0643 47
0.0000 0.6909 0.5305 -0.2011 5
0.0000 2.9041 2.2292 0.1919 39
0.0000 0.8347 0.6407 -0.2045 2
0.0000 2.9337 2.2511 0.3235 10
0.0000 0.9859 0.7562 -0.1968 2
0.0000 1.3374 1.0255 0.2069 1
0.0000 1.3234 1.0144 -0.2047 3
0.0000 1.3297 1.0188 0.2653 2
0.0000 1.8852 1.4444 -0.2078 2
0.0000 1.3108 1.0040 0.3209 3
0.0000 2.9131 2.2305 -0.1923 39
0.0000 1.2891 0.9866 0.3748 2
0.0000 2.9254 2.2383 -0.0643 41
0.0000 1.2644 0.9671 0.4265 2
0.0000 2.5664 1.9572 0.0563 10
0.0000 0.6772 0.5163 -0.1966 5
0.0000 2.5322 1.9297 0.1668 12
0.0000 0.8557 0.6521 -0.2091 2
0.0000 0.9979 0.7600 -0.1987 2
0.0000 1.3521 1.0292 0.2086 1
0.0000 1.3159 1.0014 -0.2030 3
0.0000 1.3222 1.0058 0.2631 2
0.0000 1.8965 1.4427 -0.2085 2
0.0000 1.3174 1.0018 0.3217 3
0.0000 2.5663 1.9508 -0.1689 13
0.0000 1.2785 0.9715 0.3707 2
0.0000 2.5494 1.9365 -0.0559 13
0.0000 1.2647 0.9603 0.4255 2
0.0000 2.5652 1.9422 0.0562 16
0.0000 0.6480 0.4904 -0.1876 6
0.0000 2.5548 1.9329 0.1679 17
0.0000 0.8611 0.6515 -0.2099 2
0.0000 2.5553 1.9325 0.2803 1
0.0000 0.9896 0.7481 -0.1965 2
0.0000 1.3731 1.0377 0.2113 1
0.0000 1.3226 0.9992 -0.2035 3
0.0000 1.3257 1.0012 0.2631 2
0.0000 1.8888 1.4265 -0.2071 2
0.0000 1.3256 1.0007 0.3228 3
0.0000 2.5683 1.9382 -0.1686 15
0.0000 1.2975 0.9788 0.3752 2
0.0000 2.5721 1.9397 -0.0562 19
0.0000 1.2742 0.9605 0.4276 2
0.0000 2.5544 1.9200 0.0558 16
0.0000 0.7026 0.5279 -0.2029 5
0.0000 2.5567 1.9204 0.1676 16
0.0000 0.8571 0.6438 -0.2084 2
0.0000 2.4951 1.8734 0.2730 1
0.0000 0.9874 0.7411 -0.1955 2
0.0000 1.3449 1.0091 0.2064 1
0.0000 1.3387 1.0041 -0.2055 3
0.0000 1.3245 0.9930 0.2622 2
0.0000 1.8938 1.4198 -0.2071 2
0.0000 1.3165 0.9867 0.3198 3
0.0000 2.5735 1.9280 -0.1685 16
0.0000 1.2884 0.9649 0.3716 3
0.0000 2.5709 1.9247 -0.0561 16
0.0000 1.2714 0.9515 0.4255 2
0.0000 2.5662 1.9142 0.0559 16
0.0000 0.6452 0.4811 -0.1858 6
0.0000 2.5606 1.9086 0.1674 16
0.0000 0.8500 0.6336 -0.2061 2
0.0000 0.9965 0.7422 -0.1968 2
0.0000 1.3773 1.0255 0.2108 1
0.0000 1.3456 1.0015 -0.2060 3
0.0000 1.3376 0.9952 0.2641 2
0.0000 1.8990 1.4129 -0.2071 2
0.0000 1.3248 0.9854 0.3209 3
0.0000 2.5677 1.9090 -0.1677 15
0.0000 1.2919 0.9602 0.3716 3
0.0000 2.5763 1.9140 -0.0560 15
0.0000 1.2904 0.9583 0.4307 2
0.0000 2.5729 1.9052 0.0559 16
0.0000 0.6469 0.4788 -0.1858 6
0.0000 2.5496 1.8866 0.1662 16
0.0000 0.8712 0.6446 -0.2107 2
0.0000 0.9959 0.7364 -0.1962 2
0.0000 1.3617 1.0065 0.2079 1
0.0000 1.3363 0.9874 -0.2040 3
0.0000 1.3458 0.9941 0.2650 2
0.0000 1.9119 1.4122 -0.2080 2
0.0000 1.3330 0.9842 0.3221 4
0.0000 2.5647 1.8929 -0.1671 16
0.0000 1.3000 0.9591 0.3730 3
0.0000 2.5765 1.9003 -0.0559 16
0.0000 1.2875 0.9492 0.4286 3
0.0000 0.6848 0.5036 -0.2278 5
0.0000 2.5747 1.8927 0.0558 15
0.0000 0.6643 0.4881 -0.1903 6
0.0000 2.5542 1.8769 0.1661 15
0.0000 0.8481 0.6230 -0.2045 2
0.0000 0.9953 0.7306 -0.1955 2
0.0000 1.3876 1.0182 0.2113 1
0.0000 1.3396 0.9829 -0.2040 3
0.0000 1.3539 0.9931 0.2659 2
0.0000 1.9233 1.4102 -0.2087 2
0.0000 1.3333 0.9772 0.3213 4
0.0000 2.5745 1.8863 -0.1673 15
0.0000 1.2937 0.9479 0.3703 4
0.0000 2.5764 1.8870 -0.0557 15
0.0000 1.2906 0.9449 0.4286 3
0.0000 2.5777 1.8818 0.0557 15
0.0000 0.6879 0.5020 -0.1966 5
0.0000 2.5588 1.8673 0.1660 15
0.0000 0.8565 0.6248 -0.2061 2
0.0000 1.0073 0.7342 -0.1974 2
0.0000 1.4198 1.0346 0.2157 1
0.0000 1.3525 0.9855 -0.2055 3
0.0000 1.3875 1.0107 0.2719 3
0.0000 1.9135 1.3933 -0.2071 2
0.0000 1.3333 0.9705 0.3206 4
0.0000 2.5791 1.8766 -0.1672 15
0.0000 1.3079 0.9516 0.3734 4
0.0000 2.5762 1.8737 -0.0556 15
0.0000 1.2875 0.9361 0.4265 3
0.0000 0.6881 0.4990 -0.2278 5
0.0000 2.5742 1.8662 0.0555 15
0.0000 0.6896 0.4997 -0.1966 5
0.0000 2.5588 1.8536 0.1656 15
0.0000 0.8872 0.6427 -0.2129 2
0.0000 1.0001 0.7239 -0.1955 2
0.0000 1.4393 1.0415 0.2181 1
0.0000 1.3430 0.9715 -0.2035 4
0.0000 1.4039 1.0151 0.2744 4
0.0000 1.9164 1.3857 -0.2069 2
0.0000 1.3397 0.9684 0.3213 4
0.0000 2.5805 1.8645 -0.1668 16
0.0000 1.3080 0.9448 0.3725 4
0.0000 2.5794 1.8624 -0.0555 15
0.0000 1.2845 0.9271 0.4245 3
0.0000 2.5694 1.8490 0.0553 15
0.0000 0.6533 0.4700 -0.1858 6
0.0000 2.5685 1.8470 0.1658 16
0.0000 0.8639 0.6212 -0.2068 2
0.0000 1.0058 0.7228 -0.1962 2
0.0000 1.4881 1.0689 0.2250 1
0.0000 1.3529 0.9714 -0.2045 3
0.0000 1.4218 1.0206 0.2772 9
0.0000 1.9099 1.3709 -0.2057 2
0.0000 1.3351 0.9580 0.3194 5
0.0000 2.5740 1.8462 -0.1660 17
0.0000 1.3129 0.9413 0.3730 4
0.0000 2.5859 1.8534 -0.0555 15
0.0000 1.2909 0.9249 0.4255 3
0.0000 2.5791 1.8423 0.0553 16
0.0000 0.6740 0.4813 -0.1912 6
0.0000 2.5619 1.8288 0.1650 15
0.0000 0.8852 0.6319 -0.2114 2
0.0000 1.0083 0.7192 -0.1962 2
0.0000 1.4466 1.0315 0.2181 1
0.0000 1.3482 0.9609 -0.2033 4
0.0000 1.4238 1.0144 0.2769 11
0.0000 1.9212 1.3689 -0.2064 2
0.0000 1.3449 0.9579 0.3209 4
0.0000 2.5756 1.8337 -0.1657 17
0.0000 1.3146 0.9356 0.3725 4
0.0000 2.5875 1.8409 -0.0554 16
0.0000 1.3004 0.9248 0.4276 3
0.0000 0.6933 0.4918 -0.2278 5
0.0000 2.5839 1.8322 0.0553 15
0.0000 0.7393 0.5240 -0.2092 4
0.0000 2.5650 1.8175 0.1648 16
0.0000 0.8714 0.6175 -0.2076 2
0.0000 0.9979 0.7066 -0.1937 2
0.0000 1.4291 1.0115 0.2150 1
0.0000 1.3531 0.9574 -0.2035 3
0.0000 1.4289 1.0106 0.2772 13
0.0000 1.9357 1.3691 -0.2074 3
0.0000 1.3562 0.9588 0.3228 4
0.0000 2.5787 1.8224 -0.1655 17
0.0000 1.3083 0.9243 0.3698 3
0.0000 2.5808 1.8226 -0.0551 16
0.0000 1.2941 0.9136 0.4245 3
0.0000 2.5853 1.8197 0.0552 16
0.0000 0.6965 0.4900 -0.1966 5
0.0000 2.5681 1.8062 0.1645 17
0.0000 0.8607 0.6054 -0.2045 2
0.0000 1.0166 0.7145 -0.1968 2
0.0000 1.4180 0.9962 0.2128 2
0.0000 1.3581 0.9538 -0.2038 4
0.0000 1.4292 1.0033 0.2766 15
0.0000 1.9242 1.3508 -0.2057 3
0.0000 1.3515 0.9484 0.3209 3
0.0000 2.5883 1.8157 -0.1657 17
0.0000 1.3051 0.9152 0.3680 2
0.0000 2.5855 1.8124 -0.0551 18
0.0000 1.2878 0.9024 0.4214 2
0.0000 2.5818 1.8038 0.0550 16
0.0000 0.6982 0.4876 -0.1966 5
0.0000 2.5744 1.7973 0.1645 17
0.0000 0.8886 0.6204 -0.2107 2
0.0000 1.0126 0.7064 -0.1955 2
0.0000 1.4231 0.9924 0.2130 2
0.0000 1.3647 0.9513 -0.2043 4
0.0000 1.4392 1.0029 0.2778 16
0.0000 1.9354 1.3487 -0.2064 3
0.0000 1.3451 0.9370 0.3187 3
0.0000 2.5979 1.8090 -0.1659 17
0.0000 1.3179 0.9174 0.3707 3
0.0000 2.5902 1.8023 -0.0551 16
0.0000 1.2941 0.9001 0.4224 1
0.0000 0.6984 0.4845 -0.2278 5
0.0000 2.5766 1.7868 0.0547 16
0.0000 0.6807 0.4718 -0.1912 6
0.0000 2.5754 1.7853 0.1642 17
0.0000 0.9004 0.6240 -0.2129 2
0.0000 1.0231 0.7085 -0.1971 2
0.0000 1.4135 0.9784 0.2111 2
0.0000 1.3663 0.9454 -0.2040 3
0.0000 1.4474 1.0015 0.2788 14
0.0000 1.9516 1.3498 -0.2076 3
0.0000 1.3323 0.9211 0.3148 3
0.0000 2.5845 1.7862 -0.1646 17
0.0000 1.3356 0.9227 0.3748 1
0.0000 2.5912 1.7902 -0.0550 18
0.0000 1.2765 0.8816 0.4157 1
0.0000 2.5858 1.7805 0.0548 16
0.0000 0.6790 0.4674 -0.1903 6
0.0000 2.5685 1.7672 0.1634 17
0.0000 0.8767 0.6030 -0.2068 2
0.0000 1.0206 0.7017 -0.1962 2
0.0000 1.4053 0.9658 0.2094 2
0.0000 1.3695 0.9409 -0.2040 3
0.0000 1.4395 0.9886 0.2766 16
0.0000 1.9514 1.3396 -0.2071 3
0.0000 1.3499 0.9267 0.3183 2
0.0000 2.5871 1.7754 -0.1644 17
0.0000 1.3209 0.9062 0.3698 1
0.0000 2.5958 1.7801 -0.0549 16
0.0000 1.2986 0.8902 0.4219 1
0.0000 2.5887 1.7692 0.0547 16
0.0000 0.7193 0.4914 -0.2011 5
0.0000 2.5680 1.7538 0.1630 17
0.0000 0.8852 0.6045 -0.2084 2
0.0000 1.0133 0.6915 -0.1943 2
0.0000 1.4316 0.9766 0.2128 2
0.0000 1.3809 0.9417 -0.2052 4
0.0000 1.4462 0.9858 0.2772 15
0.0000 1.9558 1.3332 -0.2071 3
0.0000 1.3612 0.9275 0.3202 1
0.0000 2.5966 1.7686 -0.1646 18
0.0000 1.3305 0.9059 0.3716 1
0.0000 2.5904 1.7631 -0.0547 18
0.0000 1.3049 0.8878 0.4229 1
0.0000 2.5899 1.7568 0.0546 16
0.0000 0.7048 0.4779 -0.1966 5
0.0000 2.5725 1.7437 0.1629 16
0.0000 0.8873 0.6014 -0.2084 2
0.0000 1.0288 0.6968 -0.1968 2
0.0000 1.4186 0.9605 0.2103 2
0.0000 1.3826 0.9357 -0.2050 3
0.0000 1.4414 0.9752 0.2756 15
0.0000 1.9637 1.3286 -0.2074 3
0.0000 1.3514 0.9140 0.3171 1
0.0000 2.5928 1.7528 -0.1640 18
0.0000 1.3208 0.8925 0.3680 1
0.0000 2.5949 1.7529 -0.0547 16
0.0000 1.2728 0.8595 0.4115 1
0.0000 2.5861 1.7410 0.0544 16
0.0000 0.7065 0.4755 -0.1966 5
0.0000 2.5786 1.7347 0.1629 15
0.0000 0.8731 0.5874 -0.2045 2
0.0000 1.0230 0.6877 -0.1952 2
0.0000 1.4351 0.9643 0.2123 3
0.0000 1.3891 0.9331 -0.2055 3
0.0000 1.4579 0.9790 0.2781 14
0.0000 1.9320 1.2973 -0.2036 3
0.0000 1.3709 0.9202 0.3209 1
0.0000 2.5989 1.7438 -0.1640 17
0.0000 1.3109 0.8792 0.3644 1
0.0000 2.6010 1.7439 -0.0547 16
0.0000 1.2694 0.8507 0.4095 1
0.0000 2.5921 1.7320 0.0544 16
0.0000 0.6758 0.4514 -0.1876 6
0.0000 2.5813 1.7234 0.1627 16
0.0000 0.9046 0.6039 -0.2114 2
0.0000 1.0172 0.6786 -0.1937 2
0.0000 1.4186 0.9461 0.2094 3
0.0000 1.3957 0.9305 -0.2060 3
0.0000 1.4531 0.9684 0.2766 10
0.0000 1.9680 1.3115 -0.2069 2
0.0000 1.3382 0.8914 0.3125 1
0.0000 2.5950 1.7280 -0.1634 17
0.0000 1.3237 0.8811 0.3671 1
0.0000 2.6054 1.7337 -0.0546 18
0.0000 1.3045 0.8677 0.4198 4
0.0000 2.5982 1.7229 0.0544 16
0.0000 0.7261 0.4813 -0.2011 5
0.0000 2.5773 1.7078 0.1620 15
0.0000 0.8968 0.5943 -0.2091 2
0.0000 2.6012 1.7230 0.2730 1
0.0000 1.0228 0.6772 -0.1943 2
0.0000 1.4219 0.9412 0.2094 3
0.0000 1.3757 0.9102 -0.2025 3
0.0000 1.9626 1.2980 -0.2059 2
0.0000 1.3413 0.8868 0.3125 1
0.0000 2.5927 1.7135 -0.1629 17
0.0000 1.3073 0.8636 0.3617 3
0.0000 2.6098 1.7235 -0.0546 16
0.0000 1.2930 0.8536 0.4151 1
0.0000 2.5991 1.7106 0.0543 16
0.0000 0.6887 0.4530 -0.1903 6
0.0000 2.5799 1.6966 0.1618 15
0.0000 0.9153 0.6019 -0.2129 2
0.0000 2.5672 1.6876 0.2688 1
0.0000 1.0186 0.6693 -0.1930 2
0.0000 1.4153 0.9297 0.2079 2
0.0000 1.3856 0.9098 -0.2035 3
0.0000 1.9721 1.2945 -0.2064 2
0.0000 1.3230 0.8681 0.3076 3
0.0000 2.6003 1.7055 -0.1630 17
0.0000 1.3315 0.8729 0.3676 1
0.0000 2.6041 1.7067 -0.0543 18
0.0000 1.3008 0.8522 0.4167 1
0.0000 2.6068 1.7026 0.0543 16
0.0000 0.7131 0.4656 -0.1966 5
0.0000 2.5824 1.6854 0.1616 15
0.0000 0.8977 0.5859 -0.2084 2
0.0000 2.5731 1.6787 0.2688 2
0.0000 1.0341 0.6744 -0.1955 2
0.0000 1.4218 0.9269 0.2084 2
0.0000 1.3954 0.9093 -0.2045 3
0.0000 1.9633 1.2789 -0.2050 3
0.0000 1.3392 0.8720 0.3106 2
0.0000 2.6063 1.6964 -0.1630 17
0.0000 1.3639 0.8874 0.3757 1
0.0000 2.6084 1.6965 -0.0543 18
0.0000 1.3184 0.8572 0.4214 2
0.0000 2.6026 1.6869 0.0541 16
0.0000 0.7147 0.4631 -0.1966 5
0.0000 2.5917 1.6786 0.1618 15
0.0000 0.8799 0.5699 -0.2038 2
0.0000 2.5790 1.6697 0.2688 3
0.0000 1.0365 0.6708 -0.1955 2
0.0000 1.4234 0.9208 0.2082 1
0.0000 1.3902 0.8990 -0.2033 3
0.0000 1.9660 1.2709 -0.2048 2
0.0000 1.3736 0.8876 0.3179 1
0.0000 2.6071 1.6841 -0.1627 15
0.0000 1.3572 0.8763 0.3730 2
0.0000 2.6126 1.6863 -0.0543 19
0.0000 1.3149 0.8484 0.4193 3
0.0000 2.5951 1.6692 0.0539 17
0.0000 0.6671 0.4290 -0.1831 7
0.0000 2.5939 1.6678 0.1616 15
0.0000 0.9117 0.5859 -0.2107 2
0.0000 2.5982 1.6693 0.2702 4
0.0000 1.0388 0.6672 -0.1955 2
0.0000 1.4049 0.9019 0.2050 1
0.0000 1.4032 0.9008 -0.2047 3
0.0000 1.3898 0.8919 0.2616 1
0.0000 1.9638 1.2597 -0.2041 1
0.0000 1.3667 0.8764 0.3156 1
0.0000 1.3912 0.8918 0.3815 4
0.0000 2.6131 1.6744 -0.0542 16
0.0000 1.3356 0.8555 0.4250 1
0.0000 2.6124 1.6681 0.0541 15
0.0000 0.6686 0.4267 -0.1831 7
0.0000 2.5893 1.6527 0.1610 15
0.0000 0.9070 0.5787 -0.2091 2
0.0000 2.6054 1.6617 0.2704 5
0.0000 1.0310 0.6573 -0.1937 2
0.0000 1.4447 0.9207 0.2103 1
0.0000 1.3643 0.8695 -0.1986 1
0.0000 1.5344 0.9775 0.2882 2
0.0000 1.3730 0.8740 0.3164 3
0.0000 2.5855 1.6440 0.8210 4
0.0000 0.7179 0.4552 -0.2278 5
0.0000 0.6798 0.4308 -0.1858 6
0.0000 2.5947 1.6441 0.1610 13
0.0000 0.9089 0.5757 -0.2091 2
0.0000 2.6109 1.6531 0.2704 9
0.0000 1.0499 0.6645 -0.1968 2
0.0000 1.4175 0.8968 0.2060 1
0.0000 1.3605 0.8607 -0.1977 1
0.0000 1.5176 0.9598 0.2844 3
0.0000 1.4373 0.9082 0.3305 4
0.0000 1.5092 0.9533 0.4121 41
0.0000 2.5812 1.6292 0.8179 5
0.0000 0.6978 0.4389 -0.1903 6
0.0000 0.9208 0.5789 -0.2114 2
0.0000 2.6062 1.6380 0.2693 3
0.0000 1.0421 0.6547 -0.1949 2
0.0000 1.4508 0.9111 0.2103 1
0.0000 1.3633 0.8562 -0.1977 2
0.0000 1.5208 0.9547 0.2844 4
0.0000 1.3349 0.8377 -0.1379 1
0.0000 1.4818 0.9296 0.3400 8
0.0000 1.5173 0.9514 0.4135 24
0.0000 2.5751 1.6135 0.8142 6
0.0000 0.7210 0.4502 -0.2278 5
0.0000 0.6994 0.4363 -0.1903 6
0.0000 0.9129 0.5693 -0.2091 2
0.0000 1.0377 0.6467 -0.1937 2
0.0000 1.4575 0.9079 0.2108 1
0.0000 1.3363 0.8321 -0.1933 3
0.0000 1.5429 0.9604 0.2878 5
0.0000 1.3583 0.8454 -0.1400 1
0.0000 1.4869 0.9252 0.3404 9
0.0000 1.5011 0.9332 0.4081 11
0.0000 2.5763 1.6005 0.8127 5
0.0000 0.7226 0.4477 -0.2278 5
0.0000 0.7009 0.4339 -0.1903 6
0.0000 0.9048 0.5599 -0.2068 2
0.0000 1.0434 0.6451 -0.1943 2
0.0000 1.4066 0.8694 0.2030 1
0.0000 1.3611 0.8410 -0.1965 5
0.0000 1.5714 0.9705 0.2925 14
0.0000 1.3358 0.8250 -0.1374 2
0.0000 1.3427 0.8286 -0.0827 1
0.0000 1.5209 0.9382 0.4126 7
0.0000 2.5819 1.5915 0.8127 6
0.0000 0.7241 0.4451 -0.2278 5
0.0000 0.6858 0.4212 -0.1858 6
0.0000 0.9168 0.5629 -0.2091 2
0.0000 1.0523 0.6456 -0.1955 2
0.0000 1.3895 0.8518 -0.2001 2
0.0000 1.5698 0.9619 0.2916 11
0.0000 1.3811 0.8463 -0.1417 1
0.0000 2.5882 1.5854 0.5900 19
0.0000 1.3490 0.8260 -0.0829 1
0.0000 1.5075 0.9227 0.4081 4
0.0000 1.4448 0.8840 -0.0296 1
0.0000 2.5907 1.5845 0.8137 6
0.0000 0.7272 0.4432 -0.1966 5
0.0000 0.8987 0.5475 -0.2045 2
0.0000 1.0478 0.6378 -0.1943 2
0.0000 1.4179 0.8624 -0.2038 3
0.0000 1.5832 0.9626 0.2935 3
0.0000 2.0071 1.2204 -0.2055 2
0.0000 2.5904 1.5743 0.5892 13
0.0000 2.6184 1.5908 -0.1606 3
0.0000 1.5157 0.9205 0.4094 1
0.0000 1.3521 0.8208 -0.0276 1
0.0000 2.5863 1.5694 0.8106 6
0.0000 0.7272 0.4401 -0.2278 5
0.0000 1.4236 0.8611 0.0290 1
0.0000 0.7087 0.4285 -0.1912 6
0.0000 1.3775 0.8330 0.0844 1
0.0000 0.8972 0.5423 -0.2038 2
0.0000 1.4768 0.8923 0.1510 1
0.0000 1.0501 0.6342 -0.1943 2
0.0000 1.4209 0.8575 -0.2038 3
0.0000 1.6541 0.9982 0.3060 1
0.0000 1.9960 1.2041 -0.2039 3
0.0000 2.6412 1.5927 0.5995 2
0.0000 2.6274 1.5837 -0.1608 17
0.0000 2.5939 1.5629 0.6991 8
0.0000 2.6103 1.5728 -0.0532 4
0.0000 2.5882 1.5589 0.8096 6
0.0000 2.6162 1.5707 0.0533 5
0.0000 0.7101 0.4262 -0.1912 6
0.0000 2.6410 1.5844 0.1614 1
0.0000 0.9058 0.5432 -0.2053 2
0.0000 1.0488 0.6287 -0.1937 2
0.0000 1.4220 0.8517 -0.2035 3
0.0000 2.0037 1.1992 -0.2043 3
0.0000 1.6122 0.9649 0.3652 1
0.0000 2.6172 1.5657 -0.1598 16
0.0000 2.5924 1.5503 0.6973 12
0.0000 2.6278 1.5708 -0.0534 16
0.0000 2.5854 1.5449 0.8070 7
0.0000 0.7302 0.4351 -0.2278 5
0.0000 2.6131 1.5565 0.0531 8
0.0000 0.7150 0.4257 -0.1921 6
0.0000 2.6139 1.5557 0.1594 9
0.0000 0.9144 0.5442 -0.2068 2
0.0000 2.6164 1.5566 0.2663 3
0.0000 1.0510 0.6250 -0.1937 2
0.0000 1.4250 0.8467 -0.2035 3
0.0000 2.0008 1.1884 -0.2036 3
0.0000 1.5446 0.9171 0.3492 8
0.0000 2.6175 1.5535 -0.1595 13
0.0000 2.6128 1.5502 0.7014 14
0.0000 2.6264 1.5576 -0.0533 14
0.0000 2.5957 1.5388 0.8086 7
0.0000 2.6082 1.5413 0.0529 13
0.0000 0.7131 0.4212 -0.1912 6
0.0000 2.6004 1.5354 0.1583 14
0.0000 0.9129 0.5390 -0.2061 2
0.0000 2.6269 1.5505 0.2669 16
0.0000 1.0667 0.6294 -0.1962 2
0.0000 1.4585 0.8602 0.2079 1
0.0000 1.4211 0.8377 -0.2025 3
0.0000 2.0066 1.1825 -0.2038 2
0.0000 1.5715 0.9257 0.3545 8
0.0000 2.6195 1.5424 -0.1593 15
0.0000 2.6048 1.5331 0.6978 14
0.0000 2.6473 1.5575 -0.0536 19
0.0000 2.5961 1.5268 0.8070 7
0.0000 2.6239 1.5382 0.0531 15
0.0000 0.6944 0.4069 -0.1858 6
0.0000 2.6075 1.5273 0.1584 16
0.0000 0.8978 0.5259 -0.2023 2
0.0000 2.6375 1.5443 0.2674 15
0.0000 1.0553 0.6177 -0.1937 2
0.0000 1.5061 0.8811 0.2142 1
0.0000 1.4205 0.8308 -0.2021 3
0.0000 2.0297 1.1865 -0.2057 3
0.0000 1.5968 0.9331 0.3595 4
0.0000 2.6248 1.5332 -0.1593 14
0.0000 2.6034 1.5201 0.6960 15
0.0000 2.6269 1.5332 -0.0531 15
0.0000 2.6014 1.5177 0.8070 7
0.0000 2.6362 1.5331 0.0532 16
0.0000 0.7160 0.4162 -0.1912 6
0.0000 2.6145 1.5192 0.1585 17
0.0000 0.9200 0.5346 -0.2068 2
0.0000 2.6153 1.5191 0.2646 16
0.0000 1.0574 0.6140 -0.1937 2
0.0000 1.6019 0.9297 0.2274 1
0.0000 1.4217 0.8248 -0.2018 5
0.0000 2.0131 1.1674 -0.2036 3
0.0000 1.6459 0.9541 0.3698 1
0.0000 2.6319 1.5250 -0.1594 14
0.0000 2.6121 1.5129 0.6969 15
0.0000 2.6183 1.5160 -0.0528 12
0.0000 2.5849 1.4960 0.8003 7
0.0000 2.6259 1.5149 0.0529 16
0.0000 0.6972 0.4021 -0.1858 6
0.0000 2.6195 1.5106 0.1585 16
0.0000 0.9049 0.5216 -0.2030 2
0.0000 2.6206 1.5099 0.2646 16
0.0000 1.0630 0.6122 -0.1943 2
0.0000 1.6395 0.9439 0.2323 1
0.0000 1.4280 0.8218 -0.2023 3
0.0000 2.0068 1.1544 -0.2025 3
0.0000 2.6006 1.4954 0.5831 17
0.0000 2.6268 1.5099 -0.1588 15
0.0000 2.6173 1.5038 0.6969 14
0.0000 2.6459 1.5202 -0.0533 19
0.0000 2.5865 1.4855 0.7992 5
0.0000 0.7377 0.4223 -0.2278 5
0.0000 2.6240 1.5022 0.0528 15
0.0000 0.7391 0.4230 -0.1966 5
0.0000 2.6178 1.4974 0.1581 15
0.0000 0.9237 0.5282 -0.2068 2
0.0000 2.6206 1.4978 0.2641 16
0.0000 1.0479 0.5989 -0.1912 2
0.0000 1.6392 0.9365 0.2318 1
0.0000 1.4411 0.8230 -0.2038 3
0.0000 2.0074 1.1454 -0.2022 3
0.0000 2.5987 1.4829 0.5816 13
0.0000 2.6283 1.4992 -0.1586 14
0.0000 2.6155 1.4913 0.6951 14
0.0000 2.6251 1.4961 -0.0527 15
0.0000 2.5967 1.4794 0.8008 5
0.0000 2.6379 1.4979 0.0530 16
0.0000 0.7576 0.4300 -0.2011 5
0.0000 2.6092 1.4804 0.1572 15
0.0000 0.9460 0.5367 -0.2114 2
0.0000 2.6273 1.4901 0.2643 16
0.0000 1.0843 0.6147 -0.1974 2
0.0000 1.6148 0.9151 0.2279 2
0.0000 1.4301 0.8101 -0.2018 3
0.0000 2.0285 1.1486 -0.2039 3
0.0000 2.6158 1.4806 0.5843 16
0.0000 2.6266 1.4861 -0.1582 15
0.0000 2.6173 1.4802 0.6942 14
0.0000 2.6408 1.4929 -0.0530 15
0.0000 2.6036 1.4712 0.8013 4
0.0000 0.7405 0.4173 -0.2278 5
0.0000 2.6292 1.4809 0.0527 15
0.0000 0.7183 0.4044 -0.1903 6
0.0000 2.6161 1.4723 0.1573 16
0.0000 0.9239 0.5200 -0.2061 2
0.0000 2.6308 1.4799 0.2641 16
0.0000 1.0727 0.6032 -0.1949 2
0.0000 1.6180 0.9095 0.2279 1
0.0000 1.4382 0.8080 -0.2025 3
0.0000 2.0221 1.1357 -0.2029 3
0.0000 2.6278 1.4753 0.5858 16
0.0000 2.6266 1.4740 -0.1578 15
0.0000 2.6123 1.4653 0.6915 15
0.0000 2.6338 1.4768 -0.0527 16
0.0000 2.6003 1.4574 0.7987 4
0.0000 0.7197 0.4019 -0.1903 6
0.0000 2.6229 1.4641 0.1574 15
0.0000 0.9497 0.5301 -0.2114 2
0.0000 2.6220 1.4630 0.2627 15
0.0000 1.0713 0.5975 -0.1943 2
0.0000 1.6801 0.9367 0.2362 1
0.0000 1.4444 0.8050 -0.2030 3
0.0000 2.0121 1.1208 -0.2015 3
0.0000 2.6312 1.4651 0.5854 17
0.0000 2.6387 1.4687 -0.1583 16
0.0000 2.6242 1.4600 0.6933 15
0.0000 2.6302 1.4627 -0.0525 16
0.0000 2.5918 1.4408 0.7946 4
0.0000 2.4733 1.3704 0.0494 1
0.0000 0.7245 0.4013 -0.1912 6
0.0000 2.6263 1.4540 0.1573 16
0.0000 0.9309 0.5154 -0.2068 2
0.0000 1.0838 0.5995 -0.1962 2
0.0000 1.6834 0.9308 0.2362 1
0.0000 1.4420 0.7970 -0.2023 3
0.0000 2.6299 1.4530 0.4759 2
0.0000 2.0177 1.1148 -0.2017 2
0.0000 2.6226 1.4483 0.5823 17
0.0000 2.6403 1.4575 -0.1581 16
0.0000 2.6207 1.4461 0.6910 15
0.0000 2.6335 1.4526 -0.0525 15
0.0000 2.5985 1.4327 0.7951 5
0.0000 2.5061 1.3772 0.0499 1
0.0000 0.7464 0.4100 -0.1966 5
0.0000 2.6208 1.4390 0.1567 3
0.0000 0.9431 0.5178 -0.2091 2
0.0000 1.0790 0.5919 -0.1949 2
0.0000 1.6448 0.9020 0.2303 1
0.0000 1.4587 0.7996 -0.2043 3
0.0000 2.6228 1.4371 0.4737 7
0.0000 2.0268 1.1106 -0.2022 3
0.0000 2.6242 1.4373 0.5816 16
0.0000 2.6313 1.4406 -0.1572 15
0.0000 2.6275 1.4379 0.6915 15
0.0000 2.6386 1.4434 -0.0525 14
0.0000 2.6103 1.4273 0.7972 7
0.0000 0.7273 0.3962 -0.1912 6
0.0000 0.9380 0.5108 -0.2076 2
0.0000 1.6905 0.9201 0.1684 1
0.0000 1.0741 0.5844 -0.1937 2
0.0000 1.6619 0.9038 0.2323 1
0.0000 1.4406 0.7831 -0.2013 3
0.0000 2.6330 1.4308 0.4746 14
0.0000 2.0500 1.1140 -0.2041 2
0.0000 2.6240 1.4253 0.5804 16
0.0000 2.6399 1.4333 -0.1574 13
0.0000 2.6239 1.4241 0.6893 15
0.0000 2.6136 1.4173 0.7966 7
0.0000 0.7492 0.4048 -0.1966 5
0.0000 0.9156 0.4944 -0.2023 2
0.0000 1.6937 0.9142 0.1684 1
0.0000 1.0831 0.5844 -0.1949 2
0.0000 1.6441 0.8867 0.2294 1
0.0000 1.4485 0.7809 -0.2021 3
0.0000 2.6169 1.4108 0.4709 16
0.0000 2.0293 1.0936 -0.2017 2
0.0000 2.6272 1.4152 0.5801 18
0.0000 2.6220 1.4112 0.6875 15
0.0000 2.4265 1.3060 -0.0481 1
0.0000 2.6080 1.4031 0.7935 9
0.0000 0.7162 0.3839 -0.1876 6
0.0000 0.9242 0.4949 -0.2038 2
0.0000 1.6828 0.9008 0.1670 1
0.0000 1.0954 0.5864 -0.1968 1
0.0000 1.6330 0.8738 0.2274 1
0.0000 1.4564 0.7789 -0.2028 3
0.0000 2.6131 1.3970 0.4693 15
0.0000 2.0384 1.0893 -0.2022 2
0.0000 2.6336 1.4074 0.5804 15
0.0000 2.6267 1.4025 0.6875 15
0.0000 2.6010 1.3876 0.7899 10
0.0000 0.7520 0.3997 -0.1966 5
0.0000 1.6827 0.8939 0.0999 1
0.0000 0.9501 0.5048 -0.2091 2
0.0000 1.6506 0.8765 0.1635 1
0.0000 1.0835 0.5751 -0.1943 2
0.0000 2.6198 1.3900 0.3641 12
0.0000 1.4538 0.7711 -0.2021 3
0.0000 2.6371 1.3981 0.4727 16
0.0000 2.0472 1.0853 -0.2027 2
0.0000 2.6229 1.3899 0.5770 17
0.0000 2.6316 1.3933 0.6875 15
0.0000 2.6075 1.3795 0.7904 11
0.0000 1.8220 0.9606 0.0360 1
0.0000 0.7534 0.3970 -0.1966 5
0.0000 1.7034 0.8974 0.1009 1
0.0000 0.9692 0.5106 -0.2129 2
0.0000 2.6373 1.3887 0.2608 10
0.0000 1.1030 0.5806 -0.1974 2
0.0000 2.6141 1.3753 0.3627 14
0.0000 1.4565 0.7660 -0.2021 3
0.0000 2.6420 1.3888 0.4727 16
0.0000 2.6243 1.3789 0.5762 16
0.0000 2.6243 1.3778 0.6843 16
0.0000 2.6140 1.3712 0.7910 14
0.0000 1.7013 0.8894 0.0335 1
0.0000 0.7548 0.3944 -0.1966 5
0.0000 2.6342 1.3760 0.1558 11
0.0000 0.9815 0.5127 -0.2152 2
0.0000 2.6369 1.3768 0.2602 15
0.0000 1.0980 0.5731 -0.1962 2
0.0000 2.6206 1.3671 0.3629 15
0.0000 1.4557 0.7591 -0.2016 3
0.0000 2.6486 1.3805 0.4731 17
0.0000 2.6343 1.3725 0.5774 18
0.0000 2.6222 1.3650 0.6825 16
0.0000 1.7686 0.9203 -0.0348 1
0.0000 2.6171 1.3612 0.7904 16
0.0000 2.3843 1.2359 0.0469 9
0.0000 0.7146 0.3703 -0.1858 6
0.0000 2.6337 1.3640 0.1554 18
0.0000 0.9030 0.4677 -0.1977 2
0.0000 2.6399 1.3666 0.2601 16
0.0000 1.1070 0.5728 -0.1974 2
0.0000 2.6254 1.3580 0.3629 18
0.0000 1.4583 0.7540 -0.2016 3
0.0000 2.6358 1.3622 0.4699 17
0.0000 2.6391 1.3633 0.5774 18
0.0000 2.6200 1.3523 0.6807 16
0.0000 2.6236 1.3530 0.7910 16
0.0000 2.3775 1.2229 0.0467 20
0.0000 0.7158 0.3680 -0.1858 6
0.0000 2.6326 1.3530 0.1551 17
0.0000 0.9569 0.4918 -0.2091 2
0.0000 2.6406 1.3565 0.2597 16
0.0000 1.1159 0.5730 -0.1987 2
0.0000 2.6296 1.3497 0.3629 16
0.0000 1.4677 0.7530 -0.2025 3
0.0000 2.6401 1.3539 0.4699 17
0.0000 2.6364 1.3514 0.5759 17
0.0000 2.6277 1.3458 0.6816 15
0.0000 2.3977 1.2275 -0.0470 2
0.0000 2.6140 1.3377 0.7868 16
0.0000 2.3835 1.2155 0.0467 13
0.0000 0.7379 0.3761 -0.1912 6
0.0000 2.6373 1.3438 0.1551 17
0.0000 0.9691 0.4938 -0.2114 2
0.0000 2.6382 1.3437 0.2590 16
0.0000 1.0932 0.5565 -0.1943 1
0.0000 2.6379 1.3423 0.3634 17
0.0000 1.4703 0.7479 -0.2025 3
0.0000 2.6448 1.3447 0.4699 17
0.0000 2.6323 1.3378 0.5740 18
0.0000 2.4110 1.2248 -0.1417 1
0.0000 2.6289 1.3349 0.6807 15
0.0000 2.4233 1.2300 -0.0474 10
0.0000 2.6101 1.3242 0.7842 16
0.0000 2.3931 1.2099 0.0468 3
0.0000 0.7392 0.3736 -0.1912 6
0.0000 2.6438 1.3355 0.1552 17
0.0000 0.9708 0.4904 -0.2114 2
0.0000 2.6393 1.3327 0.2587 16
0.0000 1.1022 0.5563 -0.1955 1
0.0000 2.6284 1.3260 0.3615 16
0.0000 1.4658 0.7392 -0.2016 3
0.0000 2.6442 1.3328 0.4690 17
0.0000 2.0907 1.0533 -0.2048 2
0.0000 2.6335 1.3268 0.5732 18
0.0000 2.3939 1.2056 -0.1405 1
0.0000 2.6423 1.3301 0.6830 16
0.0000 2.4205 1.2179 -0.0473 29
0.0000 2.6164 1.3159 0.7847 16
0.0000 2.3938 1.1998 0.0467 3
0.0000 0.7614 0.3814 -0.1966 5
0.0000 2.6359 1.3200 0.1545 17
0.0000 0.9937 0.4974 -0.2160 2
0.0000 2.6513 1.3265 0.2594 15
0.0000 1.0936 0.5469 -0.1937 1
0.0000 2.6294 1.3150 0.3610 17
0.0000 1.4595 0.7296 -0.2004 3
0.0000 2.6541 1.3262 0.4699 17
0.0000 2.0730 1.0354 -0.2027 2
0.0000 2.6365 1.3163 0.5728 17
0.0000 2.4072 1.2013 -0.1410 1
0.0000 2.6245 1.3091 0.6771 16
0.0000 2.4390 1.2166 -0.0476 4
0.0000 2.6193 1.3059 0.7842 16
0.0000 2.4053 1.1945 0.0469 7
0.0000 0.7628 0.3787 -0.1966 5
0.0000 2.6336 1.3068 0.1541 17
0.0000 0.9637 0.4782 -0.2091 2
0.0000 2.6542 1.3164 0.2592 16
0.0000 1.1097 0.5501 -0.1962 1
0.0000 2.6342 1.3054 0.3610 17
0.0000 1.4764 0.7313 -0.2023 3
0.0000 2.6413 1.3077 0.4668 17
0.0000 2.1230 1.0511 -0.2073 2
0.0000 2.6464 1.3097 0.5740 18
0.0000 2.4168 1.1955 -0.1413 3
0.0000 2.6325 1.3016 0.6780 16
0.0000 2.4112 1.1917 -0.0469 2
0.0000 2.6361 1.3023 0.7878 16
0.0000 2.4023 1.1826 0.0467 19
0.0000 0.7396 0.3639 -0.1903 6
0.0000 2.6381 1.2976 0.1541 16
0.0000 0.9760 0.4800 -0.2114 2
0.0000 2.6516 1.3036 0.2585 17
0.0000 1.1010 0.5410 -0.1943 2
0.0000 2.6495 1.3014 0.3624 18
0.0000 1.4736 0.7235 -0.2016 3
0.0000 2.6458 1.2985 0.4668 17
0.0000 2.3162 1.1367 -0.2257 8
0.0000 2.6474 1.2987 0.5732 18
0.0000 2.4227 1.1879 -0.1414 4
0.0000 2.6301 1.2890 0.6762 15
0.0000 2.4351 1.1929 -0.0473 2
0.0000 2.6216 1.2837 0.7822 16
0.0000 2.3884 1.1654 0.0464 16
0.0000 0.7654 0.3733 -0.1966 5
0.0000 2.6462 1.2901 0.1543 16
0.0000 0.9953 0.4852 -0.2152 2
0.0000 2.6490 1.2908 0.2578 16
0.0000 1.0815 0.5268 -0.1905 2
0.0000 2.6361 1.2835 0.3600 16
0.0000 1.4726 0.7166 -0.2011 3
0.0000 2.6503 1.2892 0.4668 17
0.0000 2.0891 1.0162 -0.2032 2
0.0000 2.6325 1.2800 0.5690 17
0.0000 2.4340 1.1830 -0.1418 2
0.0000 2.6380 1.2815 0.6771 15
0.0000 2.4482 1.1888 -0.0475 9
0.0000 2.6261 1.2746 0.7822 16
0.0000 0.7652 0.3702 -0.2278 5
0.0000 2.4051 1.1632 0.0466 9
0.0000 0.7667 0.3706 -0.1966 5
0.0000 2.6471 1.2791 0.1541 16
0.0000 0.9687 0.4681 -0.2091 2
0.0000 2.6535 1.2816 0.2578 17
0.0000 1.0869 0.5247 -0.1912 2
0.0000 2.6352 1.2717 0.3593 17
0.0000 1.4804 0.7141 -0.2018 3
0.0000 2.6548 1.2800 0.4668 17
0.0000 2.0872 1.0063 -0.2027 2
0.0000 2.6405 1.2725 0.5698 17
0.0000 2.4148 1.1632 -0.1405 1
0.0000 2.6407 1.2715 0.6767 16
0.0000 2.4542 1.1811 -0.0475 3
0.0000 2.6340 1.2671 0.7832 16
0.0000 0.7664 0.3675 -0.2278 5
0.0000 2.4254 1.1626 0.0469 3
0.0000 0.7434 0.3562 -0.1903 6
0.0000 2.6372 1.2630 0.1532 16
0.0000 0.9916 0.4749 -0.2137 2
0.0000 2.6615 1.2740 0.2582 17
0.0000 1.1137 0.5329 -0.1955 2
0.0000 2.6343 1.2599 0.3585 16
0.0000 1.4829 0.7089 -0.2018 3
0.0000 2.6521 1.2673 0.4655 17
0.0000 2.0745 0.9913 -0.2012 2
0.0000 2.6485 1.2650 0.5705 17
0.0000 2.4404 1.1651 -0.1417 1
0.0000 2.6329 1.2564 0.6735 15
0.0000 2.4565 1.1717 -0.0475 2
0.0000 2.6297 1.2537 0.7806 16
0.0000 2.4366 1.1575 0.0471 1
0.0000 0.6813 0.3235 -0.1741 7
0.0000 2.6343 1.2503 0.1528 16
0.0000 0.9613 0.4563 -0.2068 2
0.0000 2.6659 1.2647 0.2582 16
0.0000 1.0941 0.5188 -0.1918 2
0.0000 2.6441 1.2532 0.3593 17
0.0000 1.4764 0.6995 -0.2006 2
0.0000 2.6458 1.2529 0.4637 17
0.0000 2.0888 0.9892 -0.2022 2
0.0000 2.6547 1.2566 0.5709 16
0.0000 2.4770 1.1719 -0.1436 1
0.0000 2.6355 1.2463 0.6731 14
0.0000 2.4623 1.1639 -0.0475 2
0.0000 2.6375 1.2462 0.7816 16
0.0000 2.4280 1.1430 0.0468 2
0.0000 0.7952 0.3742 -0.2029 5
0.0000 2.6511 1.2475 0.1536 16
0.0000 0.9736 0.4579 -0.2091 2
0.0000 2.6523 1.2470 0.2564 17
0.0000 1.1353 0.5335 -0.1987 2
0.0000 2.6448 1.2423 0.3588 16
0.0000 1.4769 0.6937 -0.2004 3
0.0000 2.6446 1.2416 0.4627 17
0.0000 2.0778 0.9751 -0.2008 2
0.0000 2.6555 1.2456 0.5701 17
0.0000 2.5100 1.1768 -0.1453 1
0.0000 2.6449 1.2401 0.6744 15
0.0000 2.4463 1.1464 -0.0472 3
0.0000 2.6259 1.2301 0.7770 16
0.0000 2.4444 1.1409 0.0471 1
0.0000 0.7717 0.3600 -0.1966 5
0.0000 2.6516 1.2370 0.1533 17
0.0000 0.9751 0.4547 -0.2091 2
0.0000 2.6456 1.2331 0.2554 17
0.0000 1.1048 0.5147 -0.1930 2
0.0000 2.6525 1.2352 0.3593 17
0.0000 1.4954 0.6964 -0.2025 2
0.0000 2.6487 1.2329 0.4627 17
0.0000 2.0883 0.9716 -0.2015 2
0.0000 2.6453 1.2302 0.5671 16
0.0000 2.5139 1.1685 -0.1453 1
0.0000 2.6472 1.2305 0.6740 15
0.0000 2.4863 1.1552 -0.0479 2
0.0000 2.6352 1.2238 0.7785 15
0.0000 2.4410 1.1294 0.0469 1
0.0000 0.7729 0.3575 -0.1966 5
0.0000 2.6523 1.2261 0.1531 16
0.0000 0.9623 0.4449 -0.2061 2
0.0000 2.6714 1.2343 0.2575 17
0.0000 1.1137 0.5144 -0.1943 2
0.0000 2.6404 1.2189 0.3571 17
0.0000 1.4960 0.6903 -0.2023 2
0.0000 2.6584 1.2261 0.4637 17
0.0000 2.0862 0.9618 -0.2010 1
0.0000 2.6476 1.2206 0.5667 18
0.0000 2.6515 1.2212 0.6740 15
0.0000 2.5067 1.1540 -0.0482 2
0.0000 2.6377 1.2138 0.7780 16
0.0000 2.4722 1.1334 0.0475 1
0.0000 0.6856 0.3142 -0.1741 7
0.0000 2.6402 1.2093 0.1522 16
0.0000 1.0068 0.4609 -0.2152 2
0.0000 2.6777 1.2254 0.2576 18
0.0000 1.1120 0.5086 -0.1937 2
0.0000 2.6464 1.2105 0.3573 17
0.0000 1.4732 0.6735 -0.1989 2
0.0000 2.6591 1.2152 0.4630 17
0.0000 2.0932 0.9561 -0.2013 1
0.0000 2.6521 1.2109 0.5667 17
0.0000 2.6382 1.2034 0.6695 14
0.0000 2.4852 1.1336 -0.0477 1
0.0000 2.6402 1.2038 0.7775 16
0.0000 2.5127 1.1409 0.0482 1
0.0000 0.7506 0.3407 -0.1903 6
0.0000 2.6446 1.1997 0.1522 16
0.0000 0.9583 0.4347 -0.2045 2
0.0000 2.6711 1.2111 0.2566 17
0.0000 1.1137 0.5047 -0.1937 2
0.0000 2.6545 1.2024 0.3578 17
0.0000 1.4883 0.6739 -0.2006 2
0.0000 2.6563 1.2022 0.4618 17
0.0000 2.1110 0.9554 -0.2027 1
0.0000 2.6670 1.2065 0.5690 17
0.0000 2.6406 1.1934 0.6690 15
0.0000 2.5131 1.1352 -0.0481 1
0.0000 2.6446 1.1941 0.7775 16
0.0000 2.5604 1.1518 0.0490 1
0.0000 0.7518 0.3380 -0.1903 6
0.0000 2.6488 1.1904 0.1522 16
0.0000 0.9813 0.4410 -0.2091 2
0.0000 2.6535 1.1920 0.2545 16
0.0000 1.1047 0.4960 -0.1918 2
0.0000 2.6568 1.1924 0.3576 17
0.0000 1.4816 0.6646 -0.1994 2
0.0000 2.6533 1.1896 0.4605 18
0.0000 2.0907 0.9374 -0.2005 1
0.0000 2.6587 1.1915 0.5663 16
0.0000 2.6211 1.1741 -0.1505 1
0.0000 2.6483 1.1858 0.6699 15
0.0000 2.6399 1.1809 0.7749 15
0.0000 2.5206 1.1233 0.0482 1
0.0000 2.6527 1.1816 0.1522 16
0.0000 1.0151 0.4520 -0.2160 2
0.0000 2.6558 1.1819 0.2543 18
0.0000 1.0992 0.4889 -0.1905 2
0.0000 2.6574 1.1815 0.3571 16
0.0000 1.5129 0.6723 -0.2033 2
0.0000 2.6482 1.1768 0.4590 16
0.0000 2.0812 0.9244 -0.1992 1
0.0000 2.6556 1.1790 0.5648 16
0.0000 2.6836 1.1909 -0.1539 12
0.0000 2.6507 1.1757 0.6695 13
0.0000 2.5500 1.1311 -0.0487 1
0.0000 2.6438 1.1721 0.7749 11
0.0000 2.5243 1.1149 0.0482 1
0.0000 0.7541 0.3329 -0.1903 6
0.0000 2.6605 1.1740 0.1524 17
0.0000 0.9987 0.4405 -0.2122 2
0.0000 2.6690 1.1766 0.2552 17
0.0000 1.1152 0.4916 -0.1930 2
0.0000 2.6504 1.1678 0.3556 14
0.0000 1.5133 0.6665 -0.2030 2
0.0000 2.6577 1.1700 0.4599 11
0.0000 2.1027 0.9252 -0.2010 1
0.0000 2.6667 1.1734 0.5663 6
0.0000 2.6711 1.1747 -0.1529 17
0.0000 2.6528 1.1661 0.6690 4
0.0000 2.6693 1.1728 -0.0509 10
0.0000 2.6850 1.1792 0.7858 4
0.0000 2.6418 1.1558 0.0503 1
0.0000 0.7553 0.3303 -0.1903 6
0.0000 2.6735 1.1691 0.1529 9
0.0000 0.9966 0.4356 -0.2114 2
0.0000 2.6912 1.1757 0.2569 3
0.0000 1.1206 0.4893 -0.1937 2
0.0000 2.6744 1.1673 0.3583 4
0.0000 1.4956 0.6525 -0.2004 2
0.0000 2.7068 1.1809 0.4677 4
0.0000 2.1076 0.9190 -0.2012 1
0.0000 2.7050 1.1790 0.5736 4
0.0000 2.6752 1.1654 -0.1529 6
0.0000 2.7015 1.1763 0.6803 4
0.0000 2.6878 1.1704 -0.0512 7
0.0000 2.7137 1.1811 0.7930 3
0.0000 2.6236 1.1375 0.0499 1
0.0000 2.6959 1.1678 0.1540 4
0.0000 1.0161 0.4399 -0.2152 2
0.0000 2.7391 1.1853 0.2611 4
0.0000 1.1222 0.4856 -0.1937 2
0.0000 2.7257 1.1789 0.3646 4
0.0000 1.5051 0.6507 -0.2013 3
0.0000 2.7327 1.1808 0.4715 4
0.0000 2.1016 0.9077 -0.2003 1
0.0000 2.7467 1.1864 0.5816 4
0.0000 2.7139 1.1716 -0.1549 4
0.0000 2.7519 1.1874 0.6919 4
0.0000 2.7231 1.1744 -0.0518 4
0.0000 2.7675 1.1930 0.8075 3
0.0000 2.6753 1.1489 0.0508 1
0.0000 2.7459 1.1780 0.1566 3
0.0000 0.9779 0.4195 -0.2068 2
0.0000 2.7650 1.1857 0.2632 4
0.0000 1.1348 0.4864 -0.1955 2
0.0000 2.7663 1.1850 0.3695 4
0.0000 1.5128 0.6478 -0.2021 2
0.0000 2.7767 1.1884 0.4784 4
0.0000 2.1029 0.8996 -0.2001 1
0.0000 2.8032 1.1991 0.5927 4
0.0000 2.7749 1.1864 -0.1582 3
0.0000 2.8008 1.1970 0.7032 4
0.0000 2.7621 1.1798 -0.0524 4
0.0000 2.8072 1.1985 0.8179 2
0.0000 0.7822 0.3327 -0.2278 5
0.0000 2.7824 1.1833 0.0528 2
0.0000 2.8051 1.1919 0.1597 3
0.0000 0.9758 0.4144 -0.2061 2
0.0000 2.8244 1.1989 0.2684 4
0.0000 1.1293 0.4791 -0.1943 2
0.0000 2.8124 1.1932 0.3751 4
0.0000 1.5004 0.6363 -0.2001 2
0.0000 2.8227 1.1964 0.4856 4
0.0000 2.1097 0.8938 -0.2005 1
0.0000 2.8347 1.2003 0.5984 4
0.0000 2.8270 1.1965 -0.1609 3
0.0000 2.8501 1.2057 0.7144 4
0.0000 2.8215 1.1936 -0.0535 4
0.0000 2.8576 1.2083 0.8313 2
0.0000 2.8438 1.1972 0.0539 4
0.0000 0.7849 0.3303 -0.1966 5
0.0000 2.8481 1.1978 0.1619 3
0.0000 1.0026 0.4217 -0.2114 2
0.0000 2.8689 1.2060 0.2723 4
0.0000 1.1237 0.4721 -0.1930 2
0.0000 2.8589 1.2006 0.3807 4
0.0000 1.5101 0.6338 -0.2011 2
0.0000 2.8799 1.2082 0.4946 5
0.0000 2.1203 0.8891 -0.2012 1
0.0000 2.8860 1.2102 0.6083 5
0.0000 2.8643 1.2005 -0.1628 3
0.0000 2.8902 1.2108 0.7234 4
0.0000 2.8664 1.2002 -0.0542 4
0.0000 2.9083 1.2172 0.8448 2
0.0000 0.7846 0.3271 -0.2278 5
0.0000 2.8830 1.2019 0.0545 4
0.0000 0.6961 0.2901 -0.1741 7
0.0000 2.8818 1.2002 0.1636 4
0.0000 0.9679 0.4029 -0.2038 2
0.0000 2.9120 1.2115 0.2759 4
0.0000 1.1290 0.4695 -0.1937 2
0.0000 2.9034 1.2074 0.3861 5
0.0000 1.5123 0.6286 -0.2011 2
0.0000 2.9206 1.2133 0.5009 5
0.0000 2.1124 0.8771 -0.2001 1
0.0000 2.9194 1.2116 0.6144 5
0.0000 2.8982 1.2023 -0.1644 4
0.0000 2.9162 1.2091 0.7288 4
0.0000 2.9131 1.2078 -0.0550 4
0.0000 2.9340 1.2159 0.8510 2
0.0000 2.9297 1.2093 0.0553 4
0.0000 0.7620 0.3144 -0.1903 6
0.0000 2.9155 1.2023 0.1653 5
0.0000 0.9692 0.3997 -0.2038 2
0.0000 2.9491 1.2155 0.2791 4
0.0000 1.1196 0.4612 -0.1918 2
0.0000 2.9277 1.2055 0.3888 4
0.0000 1.4961 0.6157 -0.1986 2
0.0000 2.9467 1.2121 0.5047 4
0.0000 2.1005 0.8641 -0.1987 1
0.0000 2.9579 1.2161 0.6217 5
0.0000 2.9539 1.2139 -0.1674 5
0.0000 2.9761 1.2224 0.7428 14
0.0000 2.9450 1.2090 -0.0556 4
0.0000 2.9883 1.2262 0.8655 9
0.0000 2.9987 1.2256 0.0565 10
0.0000 0.7884 0.3220 -0.1966 5
0.0000 2.9881 1.2200 0.1691 13
0.0000 0.9960 0.4067 -0.2091 2
0.0000 2.9921 1.2211 0.2827 16
0.0000 1.1359 0.4633 -0.1943 2
0.0000 2.9705 1.2110 0.3939 12
0.0000 1.5019 0.6120 -0.1991 2
0.0000 2.1109 0.8597 -0.1994 1
0.0000 2.9912 1.2176 0.6278 27
0.0000 2.9822 1.2134 -0.1687 22
0.0000 2.9894 1.2157 0.7450 22
0.0000 3.0289 1.2311 -0.0571 37
0.0000 3.0086 1.2223 0.8701 6
0.0000 3.0215 1.2226 0.0569 39
0.0000 0.7642 0.3091 -0.1903 6
0.0000 3.0220 1.2216 0.1708 28
0.0000 0.9829 0.3973 -0.2061 2
0.0000 3.0370 1.2270 0.2866 24
0.0000 1.1265 0.4549 -0.1924 2
0.0000 3.0005 1.2111 0.3973 15
0.0000 1.5261 0.6157 -0.2021 2
0.0000 3.0375 1.2248 0.5187 33
0.0000 2.0936 0.8442 -0.1975 1
0.0000 3.0045 1.2109 0.6297 29
0.0000 3.0327 1.2216 -0.1713 28
0.0000 2.9882 1.2031 0.7437 46
0.0000 3.0461 1.2258 -0.0573 22
0.0000 2.9932 1.2039 0.8645 3
0.0000 3.0462 1.2202 0.0573 54
0.0000 0.7472 0.2991 -0.1858 6
0.0000 3.0448 1.2184 0.1719 51
0.0000 1.0098 0.4041 -0.2114 2
0.0000 1.1281 0.4510 -0.1924 2
0.0000 1.5209 0.6074 -0.2011 2
0.0000 3.0455 1.2156 0.5194 56
0.0000 2.1261 0.8487 -0.2003 1
0.0000 2.9960 1.1953 0.6270 46
0.0000 2.9962 1.1947 -0.1690 46
0.0000 3.0304 1.2078 0.7531 65
0.0000 3.0597 1.2188 -0.0575 60
0.0000 3.0225 1.1985 0.0568 43
0.0000 0.7917 0.3138 -0.1966 5
0.0000 3.0154 1.1951 0.1700 54
0.0000 1.0112 0.4006 -0.2114 2
0.0000 3.0381 1.2029 0.2859 66
0.0000 1.1480 0.4543 -0.1955 2
0.0000 3.0181 1.1937 0.3985 75
0.0000 1.5155 0.5994 -0.2001 2
0.0000 3.0330 1.1990 0.5165 58
0.0000 2.1106 0.8339 -0.1985 2
0.0000 3.0275 1.1956 0.6327 68
0.0000 3.0226 1.1931 -0.1703 81
0.0000 3.0108 1.1884 0.7473 55
0.0000 3.0525 1.2043 -0.0573 75
0.0000 3.0284 1.1892 0.0568 60
0.0000 0.7710 0.3026 -0.1912 6
0.0000 3.0174 1.1843 0.1699 56
0.0000 0.9869 0.3872 -0.2061 2
0.0000 3.0328 1.1891 0.2850 64
0.0000 1.1421 0.4476 -0.1943 2
0.0000 3.0221 1.1837 0.3985 55
0.0000 1.5212 0.5958 -0.2006 2
0.0000 3.0222 1.1832 0.5140 59
0.0000 2.1319 0.8342 -0.2003 2
0.0000 3.0205 1.1813 0.6304 60
0.0000 3.0340 1.1860 -0.1707 67
0.0000 3.0238 1.1820 0.7495 59
0.0000 3.0435 1.1890 -0.0570 78
0.0000 3.0178 1.1784 0.8681 55
0.0000 3.0342 1.1799 0.0568 68
0.0000 0.7683 0.2986 -0.1903 6
0.0000 3.0216 1.1738 0.1699 62
0.0000 1.0138 0.3938 -0.2114 2
0.0000 3.0237 1.1740 0.2838 61
0.0000 1.1547 0.4481 -0.1962 1
0.0000 3.0352 1.1773 0.3997 55
0.0000 1.5140 0.5869 -0.1994 2
0.0000 3.0226 1.1712 0.5134 58
0.0000 2.1179 0.8206 -0.1987 2
0.0000 3.0391 1.1769 0.6335 63
0.0000 3.0360 1.1752 -0.1706 63
0.0000 3.0279 1.1714 0.7495 59
0.0000 3.0290 1.1712 -0.0567 73
0.0000 3.0039 1.1609 0.8629 63
0.0000 3.0308 1.1664 0.0567 68
0.0000 0.7694 0.2959 -0.1903 6
0.0000 3.0256 1.1633 0.1699 62
0.0000 1.0042 0.3861 -0.2091 2
0.0000 3.0240 1.1620 0.2834 60
0.0000 1.1378 0.4370 -0.1930 2
0.0000 3.0319 1.1638 0.3988 54
0.0000 1.5179 0.5824 -0.1996 2
0.0000 3.0212 1.1585 0.5125 53
0.0000 2.1189 0.8125 -0.1985 1
0.0000 3.0138 1.1551 0.6274 65
0.0000 3.0364 1.1631 -0.1704 60
0.0000 3.0010 1.1490 0.7419 63
0.0000 3.0293 1.1592 -0.0566 68
0.0000 2.9772 1.1387 0.8541 60
0.0000 0.7943 0.3027 -0.2278 5
0.0000 2.9993 1.1423 0.0560 57
0.0000 0.7522 0.2863 -0.1858 6
0.0000 2.9961 1.1399 0.1680 62
0.0000 1.0055 0.3826 -0.2091 2
0.0000 2.9983 1.1401 0.2806 66
0.0000 1.1208 0.4260 -0.1899 2
0.0000 2.9951 1.1377 0.3934 57
0.0000 1.5181 0.5764 -0.1994 2
0.0000 3.0086 1.1416 0.5097 59
0.0000 2.1292 0.8079 -0.1992 2
0.0000 2.9885 1.1334 0.6213 70
0.0000 2.9956 1.1355 -0.1679 61
0.0000 3.0014 1.1371 0.7410 66
0.0000 3.0015 1.1366 -0.0560 64
0.0000 2.9848 1.1297 0.8551 60
0.0000 2.9996 1.1305 0.0560 63
0.0000 0.7969 0.3002 -0.1966 5
0.0000 2.9907 1.1259 0.1675 65
0.0000 1.0363 0.3901 -0.2152 2
0.0000 3.0097 1.1325 0.2813 64
0.0000 1.1371 0.4276 -0.1924 2
0.0000 2.9935 1.1252 0.3927 59
0.0000 1.5294 0.5745 -0.2006 2
0.0000 3.0125 1.1311 0.5097 59
0.0000 2.1376 0.8026 -0.1998 2
0.0000 2.9998 1.1257 0.6228 70
0.0000 2.9958 1.1237 -0.1677 63
0.0000 2.9980 1.1239 0.7392 64
0.0000 3.0073 1.1268 -0.0561 68
0.0000 2.9978 1.1226 0.8577 66
0.0000 3.0091 1.1221 0.0561 68
0.0000 0.7980 0.2974 -0.1966 5
0.0000 2.9834 1.1113 0.1668 59
0.0000 1.0082 0.3755 -0.2091 2
0.0000 3.0136 1.1220 0.2813 65
0.0000 1.1460 0.4264 -0.1937 2
0.0000 3.0253 1.1251 0.3963 52
0.0000 1.5332 0.5699 -0.2008 2
0.0000 3.0257 1.1241 0.5112 55
0.0000 2.1366 0.7938 -0.1994 2
0.0000 3.0405 1.1289 0.6304 68
0.0000 3.0109 1.1174 -0.1683 61
0.0000 3.0202 1.1202 0.7437 72
0.0000 3.0038 1.1135 -0.0559 68
0.0000 3.0234 1.1202 0.8639 81
0.0000 3.0374 1.1206 0.0565 64
0.0000 0.7076 0.2609 -0.1741 7
0.0000 3.0341 1.1181 0.1695 74
0.0000 1.0095 0.3720 -0.2091 2
0.0000 3.0269 1.1149 0.2822 81
0.0000 1.1364 0.4183 -0.1918 2
0.0000 3.0311 1.1152 0.3966 66
0.0000 1.5222 0.5597 -0.1991 2
0.0000 3.0315 1.1142 0.5115 78
0.0000 2.1263 0.7815 -0.1982 2
0.0000 3.0370 1.1156 0.6289 72
0.0000 3.0411 1.1165 -0.1698 76
0.0000 3.0369 1.1144 0.7468 76
0.0000 3.0471 1.1175 -0.0567 100
0.0000 3.0146 1.1050 0.8603 66
0.0000 3.0375 1.1086 0.0564 80
0.0000 0.7781 0.2838 -0.1912 6
0.0000 3.0455 1.1103 0.1699 74
0.0000 1.0440 0.3806 -0.2160 2
0.0000 3.0345 1.1057 0.2826 69
0.0000 1.1341 0.4130 -0.1912 2
0.0000 3.0443 1.1080 0.3978 57
0.0000 1.5241 0.5544 -0.1991 2
0.0000 3.0409 1.1056 0.5125 62
0.0000 2.1215 0.7713 -0.1975 2
0.0000 3.0372 1.1037 0.6281 77
0.0000 3.0581 1.1106 -0.1705 71
0.0000 3.0426 1.1044 0.7473 69
0.0000 3.0359 1.1014 -0.0564 82
0.0000 3.0166 1.0938 0.8598 64
0.0000 3.0357 1.0959 0.0563 74
0.0000 0.8011 0.2890 -0.1966 5
0.0000 3.0399 1.0962 0.1694 65
0.0000 1.0121 0.3650 -0.2091 2
0.0000 3.0421 1.0964 0.2829 69
0.0000 1.1355 0.4090 -0.1912 2
0.0000 3.0332 1.0920 0.3958 57
0.0000 1.5298 0.5504 -0.1996 2
0.0000 3.0429 1.0943 0.5122 59
0.0000 2.1411 0.7700 -0.1991 1
0.0000 3.0466 1.0950 0.6293 70
0.0000 3.0507 1.0959 -0.1699 66
0.0000 3.0465 1.0938 0.7473 66
0.0000 3.0416 1.0915 -0.0564 70
0.0000 3.0277 1.0859 0.8619 66
0.0000 3.0471 1.0880 0.0565 68
0.0000 0.7653 0.2731 -0.1876 6
0.0000 3.0306 1.0809 0.1686 62
0.0000 1.0133 0.3614 -0.2091 2
0.0000 3.0478 1.0865 0.2831 61
0.0000 1.1444 0.4077 -0.1924 2
0.0000 3.0333 1.0801 0.3953 57
0.0000 1.5205 0.5411 -0.1982 2
0.0000 3.0467 1.0837 0.5122 56
0.0000 2.1625 0.7692 -0.2008 1
0.0000 3.0448 1.0824 0.6281 68
0.0000 3.0413 1.0806 -0.1691 61
0.0000 3.0392 1.0792 0.7446 63
0.0000 3.0416 1.0795 -0.0563 70
0.0000 3.0333 1.0759 0.8624 61
0.0000 3.0452 1.0754 0.0564 66
0.0000 0.7810 0.2756 -0.1912 6
0.0000 3.0325 1.0697 0.1685 65
0.0000 1.0257 0.3618 -0.2114 2
0.0000 3.0478 1.0745 0.2827 61
0.0000 1.1309 0.3985 -0.1899 2
0.0000 3.0482 1.0735 0.3968 55
0.0000 1.5223 0.5358 -0.1982 2
0.0000 3.0393 1.0691 0.5103 57
0.0000 2.1389 0.7524 -0.1984 1
0.0000 3.0523 1.0731 0.6289 68
0.0000 3.0488 1.0713 -0.1694 59
0.0000 3.0467 1.0699 0.7455 60
0.0000 3.0303 1.0636 -0.0561 68
0.0000 3.0443 1.0679 0.8645 61
0.0000 3.0489 1.0647 0.0564 66
0.0000 0.7672 0.2678 -0.1876 6
0.0000 3.0360 1.0596 0.1685 65
0.0000 1.0158 0.3543 -0.2091 2
0.0000 3.0515 1.0638 0.2827 61
0.0000 1.1509 0.4010 -0.1930 2
0.0000 3.0670 1.0680 0.3988 51
0.0000 1.5542 0.5409 -0.2021 2
0.0000 3.0540 1.0629 0.5122 52
0.0000 2.1321 0.7416 -0.1975 1
0.0000 3.0746 1.0689 0.6327 63
0.0000 3.0526 1.0606 -0.1694 61
0.0000 3.0614 1.0631 0.7482 63
0.0000 3.0432 1.0568 -0.0562 75
0.0000 3.0424 1.0559 0.8629 67
0.0000 3.0562 1.0559 0.0564 61
0.0000 0.7865 0.2716 -0.1921 6
0.0000 3.0642 1.0575 0.1699 68
0.0000 1.0171 0.3508 -0.2091 2
0.0000 3.0571 1.0538 0.2829 74
0.0000 1.1448 0.3946 -0.1918 2
0.0000 3.0667 1.0566 0.3983 57
0.0000 1.5410 0.5306 -0.2001 2
0.0000 3.0633 1.0542 0.5131 65
0.0000 2.1290 0.7322 -0.1970 1
0.0000 3.0707 1.0561 0.6312 68
0.0000 3.0674 1.0544 -0.1700 60
0.0000 3.0686 1.0542 0.7491 60
0.0000 3.0658 1.0527 -0.0566 75
0.0000 3.0406 1.0434 0.8613 61
0.0000 3.0580 1.0446 0.0564 68
0.0000 0.7875 0.2688 -0.1921 6
0.0000 3.0620 1.0454 0.1696 65
0.0000 1.0182 0.3474 -0.2091 2
0.0000 3.0625 1.0443 0.2831 64
0.0000 1.1387 0.3881 -0.1905 2
0.0000 3.0666 1.0446 0.3978 57
0.0000 1.5447 0.5259 -0.2004 2
0.0000 3.0649 1.0434 0.5128 58
0.0000 2.1371 0.7271 -0.1975 1
0.0000 3.0669 1.0429 0.6297 65
0.0000 3.0597 1.0398 -0.1694 61
0.0000 3.0704 1.0429 0.7486 59
0.0000 3.0655 1.0412 -0.0565 75
0.0000 3.0477 1.0345 0.8624 60
0.0000 3.0652 1.0357 0.0565 68
0.0000 0.7847 0.2650 -0.1912 6
0.0000 3.0562 1.0315 0.1690 62
0.0000 1.0306 0.3476 -0.2114 2
0.0000 3.0661 1.0336 0.2831 63
0.0000 1.1587 0.3906 -0.1937 1
0.0000 3.0626 1.0319 0.3968 57
0.0000 1.5408 0.5188 -0.1996 2
0.0000 3.0760 1.0352 0.5140 57
0.0000 2.1472 0.7222 -0.1982 1
0.0000 3.0704 1.0327 0.6297 65
0.0000 3.0631 1.0297 -0.1694 60
0.0000 3.0628 1.0290 0.7459 59
0.0000 3.0691 1.0305 -0.0565 75
0.0000 3.0513 1.0239 0.8624 60
0.0000 0.7146 0.2388 -0.2019 7
0.0000 3.0726 1.0263 0.0565 68
0.0000 0.7856 0.2622 -0.1912 6
0.0000 3.0503 1.0177 0.1685 65
0.0000 1.0206 0.3405 -0.2091 2
0.0000 3.0771 1.0260 0.2838 63
0.0000 1.1413 0.3803 -0.1905 2
0.0000 3.0699 1.0224 0.3973 55
0.0000 1.5275 0.5084 -0.1977 2
0.0000 3.0646 1.0195 0.5115 58
0.0000 2.1552 0.7169 -0.1987 1
0.0000 3.0814 1.0244 0.6312 63
0.0000 3.0743 1.0215 -0.1698 61
0.0000 3.0701 1.0195 0.7468 56
0.0000 3.0594 1.0154 -0.0563 73
0.0000 3.0603 1.0151 0.8639 50
0.0000 0.7154 0.2363 -0.2019 7
0.0000 3.0705 1.0137 0.0564 66
0.0000 0.7865 0.2595 -0.1912 6
0.0000 3.0614 1.0095 0.1689 65
0.0000 1.0106 0.3332 -0.2068 2
0.0000 3.0693 1.0115 0.2827 61
0.0000 1.1501 0.3788 -0.1918 1
0.0000 3.0810 1.0142 0.3983 54
0.0000 1.5331 0.5043 -0.1982 2
0.0000 3.0700 1.0094 0.5119 54
0.0000 2.1444 0.7051 -0.1975 1
0.0000 3.0924 1.0161 0.6327 40
0.0000 3.0702 1.0083 -0.1694 60
0.0000 3.0629 1.0047 -0.0563 70
0.0000 3.0740 1.0030 0.0564 50
0.0000 0.8096 0.2640 -0.1966 5
0.0000 3.0744 1.0019 0.1695 37
0.0000 0.9968 0.3248 -0.2038 2
0.0000 3.0766 1.0020 0.2831 24
0.0000 1.1402 0.3711 -0.1899 2
0.0000 3.0921 1.0059 0.3992 27
0.0000 1.5575 0.5063 -0.2011 2
0.0000 3.0961 1.0060 0.5156 39
0.0000 2.1374 0.6945 -0.1966 1
0.0000 3.0885 1.0029 0.6312 18
0.0000 3.0775 0.9988 -0.1696 60
0.0000 5.5592 1.8031 1.3493 9
0.0000 3.0874 1.0008 -0.0567 38
0.0000 5.5429 1.7956 1.5612 5
0.0000 3.0870 0.9953 0.0566 74
0.0000 0.7735 0.2492 -0.1876 6
0.0000 3.0836 0.9930 0.1698 65
0.0000 1.0091 0.3250 -0.2061 2
0.0000 3.0857 0.9931 0.2836 61
0.0000 1.1527 0.3708 -0.1918 2
0.0000 3.0842 0.9914 0.3978 76
0.0000 1.5517 0.4985 -0.2001 2
0.0000 3.1033 0.9964 0.5162 68
0.0000 2.1474 0.6895 -0.1973 1
0.0000 3.0807 0.9885 0.6289 19
0.0000 3.0658 0.9831 -0.1687 63
0.0000 5.5636 1.7831 1.3488 12
0.0000 3.1099 0.9961 -0.0570 78
0.0000 5.5565 1.7786 1.5633 6
0.0000 3.0907 0.9840 0.0566 74
0.0000 0.7892 0.2511 -0.1912 6
0.0000 3.0813 0.9804 0.1695 68
0.0000 1.0365 0.3296 -0.2114 2
0.0000 3.1103 0.9884 0.2855 73
0.0000 1.1466 0.3642 -0.1905 2
0.0000 3.0803 0.9777 0.3968 57
0.0000 1.5459 0.4904 -0.1991 2
0.0000 3.1068 0.9855 0.5162 62
0.0000 2.1613 0.6852 -0.1984 1
0.0000 3.0956 0.9808 0.6312 21
0.0000 3.0656 0.9707 -0.1685 63
0.0000 5.5645 1.7609 1.3475 12
0.0000 3.1171 0.9864 -0.0571 84
0.0000 5.5626 1.7592 1.5633 6
0.0000 3.0977 0.9749 0.0567 74
0.0000 0.8124 0.2555 -0.1966 5
0.0000 3.0809 0.9685 0.1693 68
0.0000 0.9927 0.3119 -0.2023 2
0.0000 3.0966 0.9722 0.2840 65
0.0000 1.1402 0.3580 -0.1893 2
0.0000 3.0949 0.9711 0.3983 55
0.0000 1.5399 0.4829 -0.1982 2
0.0000 3.0895 0.9682 0.5128 58
0.0000 2.1599 0.6765 -0.1980 1
0.0000 3.1063 0.9729 0.6327 20
0.0000 3.0726 0.9617 -0.1687 63
0.0000 5.5573 1.7384 1.3443 9
0.0000 3.0843 0.9642 -0.0564 73
0.0000 5.5651 1.7387 1.5622 6
0.0000 3.0992 0.9635 0.0567 76
0.0000 0.7760 0.2411 -0.1876 6
0.0000 3.0881 0.9589 0.1695 68
0.0000 1.0275 0.3190 -0.2091 2
0.0000 3.0903 0.9590 0.2831 64
0.0000 1.1717 0.3634 -0.1943 1
0.0000 3.1058 0.9626 0.3992 55
0.0000 1.5492 0.4799 -0.1991 2
0.0000 3.0928 0.9574 0.5128 57
0.0000 2.1545 0.6669 -0.1973 1
0.0000 3.0984 0.9585 0.6304 23
0.0000 3.0836 0.9533 -0.1691 63
0.0000 5.5671 1.7201 1.3452 9
0.0000 3.0896 0.9540 -0.0564 79
0.0000 5.5600 1.7158 1.5591 6
0.0000 3.0968 0.9509 0.0565 72
0.0000 0.8141 0.2498 -0.1966 5
0.0000 3.0914 0.9481 0.1695 68
0.0000 1.0286 0.3155 -0.2091 2
0.0000 3.0898 0.9470 0.2827 67
0.0000 1.1503 0.3523 -0.1905 2
0.0000 3.1016 0.9494 0.3983 55
0.0000 1.5471 0.4733 -0.1986 2
0.0000 3.0981 0.9472 0.5131 60
0.0000 2.1721 0.6641 -0.1987 1
0.0000 3.0905 0.9443 0.6281 25
0.0000 3.0831 0.9414 -0.1689 61
0.0000 5.5637 1.6978 1.3430 9
0.0000 3.1024 0.9461 -0.0566 83
0.0000 5.5604 1.6947 1.5576 6
0.0000 3.0924 0.9378 0.0564 74
0.0000 0.7852 0.2379 -0.1894 6
0.0000 3.0946 0.9378 0.1695 68
0.0000 1.0034 0.3039 -0.2038 2
0.0000 3.1007 0.9385 0.2834 66
0.0000 1.1401 0.3449 -0.1887 2
0.0000 3.0935 0.9352 0.3968 55
0.0000 1.5601 0.4713 -0.2001 2
0.0000 3.0993 0.9363 0.5128 58
0.0000 2.1648 0.6536 -0.1978 1
0.0000 3.0881 0.9318 0.6270 29
0.0000 3.0768 0.9278 -0.1684 64
0.0000 5.5733 1.6795 1.3439 12
0.0000 3.0998 0.9341 -0.0565 79
0.0000 5.5716 1.6779 1.5591 5
0.0000 3.1032 0.9298 0.0565 72
0.0000 0.8345 0.2499 -0.2011 5
0.0000 3.0883 0.9242 0.1689 71
0.0000 1.0308 0.3083 -0.2091 2
0.0000 3.1001 0.9266 0.2831 63
0.0000 1.1678 0.3490 -0.1930 2
0.0000 3.0985 0.9255 0.3971 59
0.0000 1.5312 0.4571 -0.1962 2
0.0000 3.1120 0.9283 0.5144 60
0.0000 2.1595 0.6438 -0.1971 1
0.0000 3.1100 0.9271 0.6308 34
0.0000 3.0741 0.9158 -0.1681 63
0.0000 5.5621 1.6560 1.3398 9
0.0000 3.1069 0.9244 -0.0566 79
0.0000 5.5718 1.6568 1.5576 5
0.0000 3.0988 0.9167 0.0564 72
0.0000 0.7905 0.2337 -0.1903 6
0.0000 3.0953 0.9145 0.1691 71
0.0000 1.0318 0.3048 -0.2091 2
0.0000 3.1032 0.9163 0.2831 66
0.0000 1.1614 0.3427 -0.1918 2
0.0000 3.1036 0.9152 0.3973 57
0.0000 1.5481 0.4562 -0.1982 2
0.0000 3.0982 0.9124 0.5115 59
0.0000 2.1540 0.6344 -0.1964 1
0.0000 3.1170 0.9174 0.6316 36
0.0000 3.0830 0.9068 -0.1684 66
0.0000 5.5622 1.6349 1.3385 12
0.0000 3.0986 0.9102 -0.0564 79
0.0000 5.5776 1.6373 1.5576 5
0.0000 3.1096 0.9081 0.0565 72
0.0000 0.7726 0.2255 -0.1858 6
0.0000 3.1004 0.9043 0.1693 68
0.0000 1.0592 0.3089 -0.2145 2
0.0000 3.1026 0.9043 0.2827 65
0.0000 1.1626 0.3386 -0.1918 2
0.0000 3.1067 0.9044 0.3973 56
0.0000 1.5496 0.4508 -0.1982 2
0.0000 3.1013 0.9016 0.5115 56
0.0000 2.1753 0.6324 -0.1982 1
0.0000 3.1239 0.9076 0.6323 36
0.0000 3.0881 0.8966 -0.1685 63
0.0000 5.5791 1.6188 1.3412 12
0.0000 3.0979 0.8983 -0.0563 79
0.0000 5.5777 1.6162 1.5560 6
0.0000 3.1012 0.8940 0.0563 72
0.0000 0.7959 0.2293 -0.1912 6
0.0000 3.1016 0.8929 0.1691 71
0.0000 1.0188 0.2933 -0.2061 2
0.0000 3.1019 0.8924 0.2824 66
0.0000 1.1638 0.3346 -0.1918 2
0.0000 3.1137 0.8946 0.3978 57
0.0000 1.5436 0.4432 -0.1972 2
0.0000 3.1121 0.8930 0.5128 57
0.0000 2.1239 0.6094 -0.1933 1
0.0000 3.1082 0.8913 0.6285 37
0.0000 3.0854 0.8841 -0.1682 64
0.0000 5.5866 1.5998 1.3416 12
0.0000 3.1049 0.8885 -0.0564 75
0.0000 5.5833 1.5968 1.5560 6
0.0000 0.8175 0.2327 -0.2278 5
0.0000 3.1024 0.8826 0.0563 76
0.0000 0.7966 0.2265 -0.1912 6
0.0000 3.1047 0.8821 0.1691 71
0.0000 1.0198 0.2897 -0.2061 2
0.0000 3.1050 0.8815 0.2824 64
0.0000 1.1535 0.3273 -0.1899 2
0.0000 3.0996 0.8789 0.3956 59
0.0000 1.5757 0.4465 -0.2011 2
0.0000 3.1114 0.8810 0.5122 59
0.0000 2.1681 0.6139 -0.1971 1
0.0000 3.1113 0.8804 0.6285 37
0.0000 3.0770 0.8701 -0.1676 68
0.0000 5.5978 1.5819 1.3430 12
0.0000 3.1080 0.8777 -0.0564 79
0.0000 5.5907 1.5778 1.5565 5
0.0000 0.8183 0.2299 -0.2278 5
0.0000 3.1113 0.8734 0.0564 74
0.0000 0.7974 0.2237 -0.1912 6
0.0000 3.0961 0.8685 0.1685 71
0.0000 1.0359 0.2904 -0.2091 2
0.0000 3.1157 0.8728 0.2831 64
0.0000 1.1623 0.3254 -0.1912 2
0.0000 3.1027 0.8680 0.3956 59
0.0000 1.5619 0.4367 -0.1991 2
0.0000 3.1181 0.8718 0.5128 57
0.0000 2.1856 0.6106 -0.1985 1
0.0000 3.1144 0.8695 0.6285 38
0.0000 3.0800 0.8594 -0.1676 66
0.0000 5.5807 1.5561 1.3376 12
0.0000 3.1147 0.8685 -0.0564 75
0.0000 5.5922 1.5582 1.5555 6
0.0000 3.1141 0.8630 0.0564 74
0.0000 0.8207 0.2273 -0.1966 5
0.0000 3.0972 0.8572 0.1684 68
0.0000 1.0521 0.2910 -0.2122 2
0.0000 3.1110 0.8598 0.2824 63
0.0000 1.1633 0.3215 -0.1912 2
0.0000 3.1113 0.8593 0.3963 57
0.0000 1.5481 0.4273 -0.1972 2
0.0000 3.1059 0.8567 0.5103 58
0.0000 2.1762 0.5998 -0.1975 1
0.0000 3.1191 0.8597 0.6289 42
0.0000 3.0867 0.8502 -0.1678 66
0.0000 5.5877 1.5381 1.3380 9
0.0000 3.1023 0.8533 -0.0562 79
0.0000 5.5957 1.5382 1.5550 6
0.0000 3.1171 0.8522 0.0564 72
0.0000 0.8365 0.2285 -0.2002 5
0.0000 1.0379 0.2833 -0.2091 2
0.0000 1.1568 0.3154 -0.1899 2
0.0000 3.1142 0.8485 0.3963 57
0.0000 1.5610 0.4250 -0.1986 2
0.0000 3.1087 0.8464 0.5103 58
0.0000 2.1744 0.5916 -0.1971 1
0.0000 3.1145 0.8468 0.6274 45
0.0000 3.0935 0.8405 -0.1680 66
0.0000 5.5931 1.5186 1.3380 9
0.0000 3.1109 0.8446 -0.0563 83
0.0000 5.5821 1.5145 1.5498 6
0.0000 3.1045 0.8377 0.0561 70
0.0000 0.8222 0.2217 -0.1966 5
0.0000 1.0199 0.2746 -0.2053 2
0.0000 1.1693 0.3146 -0.1918 1
0.0000 3.1151 0.8376 0.3961 59
0.0000 1.5663 0.4209 -0.1991 2
0.0000 3.1154 0.8365 0.5109 56
0.0000 2.1841 0.5860 -0.1978 1
0.0000 3.1078 0.8339 0.6255 47
0.0000 3.0962 0.8302 -0.1680 64
0.0000 5.5943 1.4990 1.3371 9
0.0000 3.1138 0.8338 -0.0563 83
0.0000 5.5799 1.4931 1.5477 6
0.0000 3.1093 0.8273 0.0562 12
0.0000 0.8004 0.2128 -0.1912 6
0.0000 1.8531 0.4924 0.1005 3
0.0000 1.0512 0.2793 -0.2114 2
0.0000 1.8756 0.4980 0.1698 4
0.0000 1.1704 0.3105 -0.1918 2
0.0000 3.1123 0.8252 0.3953 28
0.0000 1.5639 0.4144 -0.1986 2
0.0000 3.1164 0.8251 0.5106 60
0.0000 2.1745 0.5757 -0.1968 1
0.0000 3.1069 0.8220 0.6247 48
0.0000 3.0875 0.8163 -0.1674 68
0.0000 5.5976 1.4790 1.3367 9
0.0000 3.1148 0.8224 -0.0562 77
0.0000 5.5963 1.4765 1.5508 6
0.0000 0.8238 0.2160 -0.1966 5
0.0000 1.8471 0.4839 0.1001 5
0.0000 1.0863 0.2846 -0.2183 2
0.0000 1.8696 0.4894 0.1691 7
0.0000 1.1638 0.3045 -0.1905 2
0.0000 1.5461 0.4039 -0.1962 2
0.0000 3.1288 0.8168 0.5122 57
0.0000 2.1726 0.5671 -0.1964 1
0.0000 3.1231 0.8147 0.6274 55
0.0000 3.0904 0.8056 -0.1674 66
0.0000 5.5933 1.4570 1.3344 6
0.0000 3.1138 0.8105 -0.0562 79
0.0000 5.6089 1.4589 1.5529 3
0.0000 1.9147 0.4952 0.0345 3
0.0000 0.8019 0.2072 -0.1912 6
0.0000 1.8294 0.4724 0.0990 8
0.0000 1.0417 0.2690 -0.2091 2
0.0000 1.8559 0.4789 0.1677 8
0.0000 1.1649 0.3004 -0.1905 1
0.0000 1.8704 0.4820 0.2372 3
0.0000 1.5591 0.4015 -0.1977 2
0.0000 3.1164 0.8019 0.5097 57
0.0000 2.1977 0.5655 -0.1985 1
0.0000 3.1316 0.8052 0.6285 57
0.0000 3.0970 0.7958 -0.1676 68
0.0000 5.5474 1.4243 1.3223 9
0.0000 3.1127 0.7986 -0.0561 87
0.0000 5.5560 1.4245 1.5369 11
0.0000 1.8815 0.4796 0.0339 4
0.0000 0.7799 0.1987 -0.1858 6
0.0000 1.8233 0.4641 0.0986 9
0.0000 1.0616 0.2702 -0.2129 2
0.0000 1.8228 0.4636 0.1646 9
0.0000 1.1813 0.3002 -0.1930 1
0.0000 1.8567 0.4715 0.2352 4
0.0000 1.5681 0.3980 -0.1986 2
0.0000 3.1153 0.7900 0.5090 59
0.0000 2.1707 0.5505 -0.1959 1
0.0000 3.1325 0.7938 0.6281 56
0.0000 3.0959 0.7840 -0.1674 68
0.0000 5.5618 1.4074 1.3245 21
0.0000 3.1116 0.7868 -0.0560 77
0.0000 5.5328 1.3980 1.5291 15
0.0000 1.8464 0.4638 0.0332 7
0.0000 0.8449 0.2121 -0.2011 5
0.0000 1.8094 0.4538 0.0978 12
0.0000 1.0740 0.2694 -0.2152 2
0.0000 1.8186 0.4558 0.1640 12
0.0000 1.1861 0.2971 -0.1937 1
0.0000 1.8525 0.4636 0.2345 8
0.0000 1.5657 0.3915 -0.1982 2
0.0000 3.1257 0.7811 0.5103 58
0.0000 2.1881 0.5468 -0.1973 1
0.0000 3.1200 0.7791 0.6251 56
0.0000 3.1025 0.7741 -0.1676 68
0.0000 5.5667 1.3879 1.3245 21
0.0000 3.1163 0.7764 -0.0561 61
0.0000 5.5527 1.3824 1.5332 17
0.0000 1.8344 0.4540 0.0330 8
0.0000 0.7813 0.1932 -0.1858 6
0.0000 1.8110 0.4475 0.0978 12
0.0000 1.0559 0.2609 -0.2114 2
0.0000 1.8086 0.4466 0.1630 13
0.0000 1.1795 0.2910 -0.1924 1
0.0000 1.8214 0.4491 0.2303 9
0.0000 1.5747 0.3880 -0.1991 2
0.0000 3.1246 0.7692 0.5097 52
0.0000 2.1881 0.5387 -0.1971 1
0.0000 3.1208 0.7677 0.6247 57
0.0000 3.0955 0.7609 -0.1671 72
0.0000 5.5677 1.3676 1.3236 21
0.0000 5.5650 1.3648 1.5353 20
0.0000 0.8258 0.2015 -0.2278 5
0.0000 1.8321 0.4466 0.0329 9
0.0000 0.7820 0.1905 -0.1858 6
0.0000 1.7892 0.4358 0.0965 14
0.0000 1.0606 0.2582 -0.2122 2
0.0000 1.8024 0.4384 0.1623 15
0.0000 1.1498 0.2794 -0.1874 1
0.0000 1.8171 0.4413 0.2296 9
0.0000 1.5529 0.3768 -0.1962 2
0.0000 2.1861 0.5301 -0.1968 1
0.0000 3.1311 0.7586 0.6262 58
0.0000 3.0981 0.7501 -0.1671 72
0.0000 5.5668 1.3467 1.3223 21
0.0000 5.5619 1.3445 1.5332 19
0.0000 1.8199 0.4373 0.0327 10
0.0000 0.8281 0.1988 -0.1966 5
0.0000 1.7790 0.4268 0.0959 15
0.0000 1.0462 0.2508 -0.2091 2
0.0000 1.7981 0.4307 0.1618 16
0.0000 1.1891 0.2848 -0.1937 2
0.0000 1.8070 0.4325 0.2281 11
0.0000 1.5619 0.3735 -0.1972 2
0.0000 2.1995 0.5252 -0.1978 1
0.0000 3.1298 0.7474 0.6255 61
0.0000 3.1025 0.7403 -0.1672 68
0.0000 5.5636 1.3265 1.3205 21
0.0000 1.9102 0.4551 -0.0343 3
0.0000 5.5704 1.3260 1.5343 19
0.0000 1.8292 0.4327 0.0328 13
0.0000 0.8060 0.1905 -0.1912 6
0.0000 1.7765 0.4200 0.0957 16
0.0000 1.0471 0.2473 -0.2091 2
0.0000 1.7801 0.4201 0.1600 16
0.0000 1.1901 0.2807 -0.1937 1
0.0000 1.7911 0.4221 0.2259 12
0.0000 1.5709 0.3699 -0.1982 2
0.0000 1.8670 0.4396 0.3038 4
0.0000 2.1683 0.5102 -0.1949 1
0.0000 3.1343 0.7369 0.6259 65
0.0000 3.1051 0.7294 -0.1672 70
0.0000 5.5758 1.3088 1.3223 21
0.0000 1.8806 0.4414 -0.0337 5
0.0000 5.5634 1.3049 1.5312 15
0.0000 1.8053 0.4208 0.0324 14
0.0000 0.8066 0.1879 -0.1912 6
0.0000 1.7741 0.4128 0.0955 17
0.0000 1.0632 0.2472 -0.2122 2
0.0000 1.7602 0.4090 0.1581 17
0.0000 1.1679 0.2714 -0.1899 2
0.0000 1.7886 0.4152 0.2255 12
0.0000 1.5567 0.3611 -0.1962 2
0.0000 1.8570 0.4304 0.3019 6
0.0000 2.1953 0.5084 -0.1971 1
0.0000 3.1214 0.7229 0.6228 68
0.0000 3.1114 0.7200 -0.1674 70
0.0000 1.8782 0.4340 -0.0336 6
0.0000 1.7932 0.4110 0.0321 16
0.0000 0.8301 0.1901 -0.1966 5
0.0000 1.7737 0.4059 0.0954 18
0.0000 1.0488 0.2400 -0.2091 2
0.0000 1.7752 0.4059 0.1593 17
0.0000 1.1766 0.2688 -0.1912 1
0.0000 1.7863 0.4078 0.2250 15
0.0000 1.5657 0.3572 -0.1972 2
0.0000 1.8586 0.4236 0.3019 7
0.0000 2.1834 0.4977 -0.1959 1
0.0000 3.1279 0.7124 0.6236 70
0.0000 3.0984 0.7051 -0.1665 70
0.0000 11.7226 2.6655 2.7754 3
0.0000 1.8662 0.4240 -0.0334 9
0.0000 10.2900 2.3359 2.8273 2
0.0000 0.8292 0.1872 -0.2278 5
0.0000 1.8005 0.4061 0.0322 16
0.0000 0.8308 0.1872 -0.1966 5
0.0000 1.7458 0.3931 0.0938 18
0.0000 1.0687 0.2407 -0.2129 2
0.0000 1.7727 0.3989 0.1590 17
0.0000 1.1814 0.2656 -0.1918 1
0.0000 1.7761 0.3990 0.2235 16
0.0000 1.5631 0.3508 -0.1967 2
0.0000 1.8427 0.4132 0.2991 8
0.0000 2.1813 0.4892 -0.1956 1
0.0000 3.1303 0.7014 0.6236 70
0.0000 3.1028 0.6947 -0.1666 72
0.0000 11.6843 2.6139 2.7642 3
0.0000 1.8676 0.4175 -0.0334 10
0.0000 10.2943 2.2992 2.8263 2
0.0000 1.7941 0.3981 0.0321 17
0.0000 0.8048 0.1784 -0.1903 6
0.0000 1.7432 0.3865 0.0936 20
0.0000 1.0696 0.2369 -0.2129 2
0.0000 1.7722 0.3922 0.1588 18
0.0000 1.1785 0.2606 -0.1912 1
0.0000 1.7697 0.3910 0.2225 16
0.0000 1.5759 0.3482 -0.1982 2
0.0000 1.8305 0.4041 0.2969 9
0.0000 2.1791 0.4807 -0.1952 1
0.0000 3.1366 0.6913 0.6243 70
0.0000 3.1111 0.6852 -0.1670 68
0.0000 11.7214 2.5814 2.7709 3
0.0000 1.8475 0.4065 -0.0330 11
0.0000 10.3283 2.2708 2.8336 2
0.0000 1.7915 0.3913 0.0320 18
0.0000 0.8054 0.1757 -0.1903 6
0.0000 1.7523 0.3824 0.0940 20
0.0000 1.0320 0.2250 -0.2053 2
0.0000 1.7501 0.3813 0.1567 19
0.0000 1.2025 0.2617 -0.1949 1
0.0000 1.7729 0.3856 0.2228 17
0.0000 1.5654 0.3404 -0.1967 2
0.0000 1.8087 0.3930 0.2932 10
0.0000 2.1807 0.4735 -0.1952 1
0.0000 3.1389 0.6809 0.6243 70
0.0000 3.1289 0.6782 -0.1678 28
0.0000 11.6842 2.5326 2.7601 3
0.0000 1.8274 0.3958 -0.0326 12
0.0000 10.3320 2.2357 2.8325 2
0.0000 1.7771 0.3820 0.0317 18
0.0000 0.8059 0.1731 -0.1903 6
0.0000 1.7478 0.3750 0.0937 21
0.0000 1.0327 0.2216 -0.2053 2
0.0000 1.7494 0.3750 0.1565 19
0.0000 1.1995 0.2569 -0.1943 1
0.0000 1.7742 0.3797 0.2228 17
0.0000 1.5743 0.3366 -0.1977 2
0.0000 1.8178 0.3884 0.2944 10
0.0000 2.2212 0.4746 -0.1987 1
0.0000 3.1296 0.6681 0.6220 68
0.0000 11.6968 2.4926 2.7610 3
0.0000 1.8346 0.3906 -0.0327 15
0.0000 10.3435 2.2005 2.8336 2
0.0000 1.7609 0.3720 0.0314 19
0.0000 0.8332 0.1759 -0.1966 5
0.0000 1.7432 0.3677 0.0934 22
0.0000 1.0873 0.2293 -0.2160 2
0.0000 1.7449 0.3677 0.1560 19
0.0000 1.1772 0.2479 -0.1905 1
0.0000 1.7522 0.3686 0.2199 17
0.0000 1.5755 0.3311 -0.1977 2
0.0000 1.8056 0.3792 0.2922 13
0.0000 2.1877 0.4594 -0.1956 1
0.0000 3.1357 0.6579 0.6228 55
0.0000 1.9254 0.4036 -0.1031 1
0.0000 11.6844 2.4474 2.7561 3
0.0000 1.8399 0.3850 -0.0328 18
0.0000 10.3511 2.1643 2.8336 2
0.0000 1.7621 0.3659 0.0314 20
0.0000 0.7384 0.1532 -0.1741 7
0.0000 1.7288 0.3583 0.0925 23
0.0000 1.0727 0.2223 -0.2129 2
0.0000 1.7500 0.3624 0.1564 20
0.0000 1.2090 0.2502 -0.1955 1
0.0000 1.7476 0.3613 0.2191 20
0.0000 1.5650 0.3232 -0.1962 2
0.0000 1.8127 0.3741 0.2932 14
0.0000 2.1893 0.4518 -0.1956 1
0.0000 3.1265 0.6446 0.6205 11
0.0000 1.9073 0.3929 -0.1021 3
0.0000 11.7273 2.4137 2.7642 3
0.0000 1.8353 0.3774 -0.0327 16
0.0000 10.4059 2.1379 2.8465 1
0.0000 0.8328 0.1700 -0.2278 5
0.0000 1.7634 0.3597 0.0314 21
0.0000 0.8344 0.1701 -0.1966 5
0.0000 1.7262 0.3515 0.0923 23
0.0000 1.0350 0.2108 -0.2053 2
0.0000 1.7513 0.3563 0.1564 20
0.0000 1.1983 0.2436 -0.1937 1
0.0000 1.7470 0.3548 0.2189 20
0.0000 1.5622 0.3170 -0.1957 2
0.0000 1.7869 0.3623 0.2888 13
0.0000 2.2065 0.4473 -0.1970 1
0.0000 1.9008 0.3847 -0.1016 4
0.0000 11.6955 2.3646 2.7548 4
0.0000 1.8249 0.3686 -0.0325 21
0.0000 10.4436 2.1077 2.8548 1
0.0000 1.7627 0.3532 0.0314 21
0.0000 0.8350 0.1672 -0.1966 5
0.0000 1.7274 0.3455 0.0923 22
0.0000 1.0550 0.2110 -0.2091 2
0.0000 1.7310 0.3459 0.1544 21
0.0000 1.1913 0.2378 -0.1924 1
0.0000 1.7462 0.3483 0.2186 22
0.0000 1.5711 0.3131 -0.1967 2
0.0000 1.7804 0.3545 0.2875 14
0.0000 2.1924 0.4365 -0.1956 1
0.0000 1.8909 0.3761 0.3747 3
0.0000 1.8943 0.3765 -0.1012 5
0.0000 11.7037 2.3238 2.7548 3
0.0000 1.7987 0.3568 -0.0320 18
0.0000 10.3921 2.0596 2.8387 1
0.0000 1.7482 0.3439 0.0311 22
0.0000 0.7400 0.1455 -0.1741 7
0.0000 1.7344 0.3406 0.0926 24
0.0000 1.0403 0.2043 -0.2061 2
0.0000 1.7322 0.3399 0.1544 23
0.0000 1.1844 0.2322 -0.1912 1
0.0000 1.7377 0.3403 0.2174 21
0.0000 1.5839 0.3099 -0.1982 2
0.0000 1.7817 0.3483 0.2875 14
0.0000 2.2115 0.4323 -0.1971 1
0.0000 1.8710 0.3654 0.3706 4
0.0000 1.8858 0.3679 -0.1007 7
0.0000 11.7921 2.2986 2.7736 3
0.0000 1.8078 0.3520 -0.0321 17
0.0000 10.4467 2.0325 2.8517 1
0.0000 1.7474 0.3375 0.0311 20
0.0000 0.7903 0.1525 -0.1858 6
0.0000 1.7278 0.3330 0.0922 24
0.0000 1.0718 0.2066 -0.2122 2
0.0000 1.7412 0.3353 0.1551 23
0.0000 1.1969 0.2303 -0.1930 1
0.0000 1.7350 0.3335 0.2169 21
0.0000 1.5966 0.3066 -0.1996 2
0.0000 1.7751 0.3405 0.2863 15
0.0000 2.2131 0.4242 -0.1971 1
0.0000 1.8665 0.3577 0.3694 5
0.0000 1.8812 0.3602 -0.1004 8
0.0000 11.7273 2.2435 2.7566 4
0.0000 1.8031 0.3446 -0.0320 18
0.0000 10.4385 1.9931 2.8475 1
0.0000 1.7565 0.3328 0.0312 23
0.0000 0.8367 0.1584 -0.1966 5
0.0000 1.7230 0.3259 0.0919 26
0.0000 1.0919 0.2063 -0.2160 2
0.0000 1.7385 0.3282 0.1548 23
0.0000 1.2016 0.2266 -0.1937 1
0.0000 1.7303 0.3263 0.2162 23
0.0000 1.5665 0.2951 -0.1957 2
0.0000 1.7705 0.3333 0.2853 15
0.0000 2.2126 0.4161 -0.1970 1
0.0000 1.8639 0.3502 0.3686 6
0.0000 1.8766 0.3522 -0.1001 9
0.0000 11.6971 2.1933 2.7476 4
0.0000 1.8043 0.3383 -0.0320 18
0.0000 10.4264 1.9531 2.8424 1
0.0000 1.7498 0.3249 0.0311 24
0.0000 0.8105 0.1504 -0.1903 6
0.0000 1.7242 0.3199 0.0919 28
0.0000 1.0347 0.1918 -0.2045 2
0.0000 1.7299 0.3203 0.1539 28
0.0000 1.2024 0.2224 -0.1937 1
0.0000 1.7334 0.3203 0.2164 25
0.0000 1.5753 0.2911 -0.1967 2
0.0000 1.7600 0.3249 0.2835 18
0.0000 2.2180 0.4091 -0.1973 1
0.0000 1.8477 0.3405 0.3652 7
0.0000 1.8641 0.3431 -0.0993 9
0.0000 11.7101 2.1555 2.7489 4
0.0000 1.7838 0.3280 -0.0317 20
0.0000 10.4541 1.9206 2.8480 1
0.0000 1.7509 0.3191 0.0311 23
0.0000 0.7420 0.1351 -0.1741 7
0.0000 1.7213 0.3134 0.0917 29
0.0000 1.0585 0.1926 -0.2091 2
0.0000 1.7211 0.3128 0.1530 28
0.0000 1.1875 0.2156 -0.1912 1
0.0000 1.7306 0.3139 0.2160 29
0.0000 1.5802 0.2866 -0.1972 2
0.0000 1.7688 0.3205 0.2847 19
0.0000 2.1899 0.3964 -0.1947 1
0.0000 1.8392 0.3326 0.3633 8
0.0000 1.8652 0.3369 -0.0993 9
0.0000 11.7229 2.1177 2.7503 4
0.0000 1.7790 0.3211 -0.0316 18
0.0000 10.4604 1.8859 2.8480 2
0.0000 1.7382 0.3109 0.0308 21
0.0000 0.8153 0.1457 -0.1912 6
0.0000 1.7224 0.3074 0.0917 29
0.0000 1.0591 0.1890 -0.2091 2
0.0000 1.7202 0.3067 0.1529 29
0.0000 1.1727 0.2089 -0.1887 1
0.0000 1.7394 0.3095 0.2169 25
0.0000 1.6007 0.2846 -0.1996 2
0.0000 1.7699 0.3143 0.2847 19
0.0000 2.1893 0.3888 -0.1945 1
0.0000 1.8210 0.3230 0.3595 9
0.0000 1.8545 0.3287 -0.0987 11
0.0000 11.7302 2.0768 2.7503 4
0.0000 1.7880 0.3162 -0.0317 20
0.0000 10.4650 1.8490 2.8475 1
0.0000 0.8372 0.1469 -0.2278 5
0.0000 1.7353 0.3041 0.0308 27
0.0000 0.8388 0.1469 -0.1966 5
0.0000 1.7254 0.3018 0.0918 30
0.0000 1.0211 0.1786 -0.2015 2
0.0000 1.7252 0.3014 0.1532 32
0.0000 1.2084 0.2109 -0.1943 1
0.0000 1.7170 0.2994 0.2140 29
0.0000 1.5841 0.2759 -0.1974 2
0.0000 1.7710 0.3081 0.2847 19
0.0000 2.2043 0.3835 -0.1958 1
0.0000 1.8317 0.3184 0.3614 8
0.0000 1.8399 0.3195 -0.0979 11
0.0000 11.7412 2.0365 2.7512 4
0.0000 1.7930 0.3107 -0.0318 21
0.0000 10.4695 1.8122 2.8470 5
0.0000 1.7422 0.2991 0.0309 25
0.0000 0.8393 0.1439 -0.1966 5
0.0000 1.7009 0.2913 0.0904 32
0.0000 1.0759 0.1843 -0.2122 2
0.0000 1.7223 0.2947 0.1529 34
0.0000 1.1819 0.2020 -0.1899 1
0.0000 1.7161 0.2930 0.2138 29
0.0000 1.5752 0.2687 -0.1962 2
0.0000 1.7682 0.3013 0.2841 20
0.0000 2.1979 0.3741 -0.1951 1
0.0000 1.8309 0.3116 0.3610 9
0.0000 1.8351 0.3120 -0.0976 11
0.0000 11.7733 1.9998 2.7570 3
0.0000 1.7882 0.3034 -0.0317 21
0.0000 10.4929 1.7785 2.8517 1
0.0000 1.7413 0.2926 0.0308 28
0.0000 0.8398 0.1410 -0.1966 5
0.0000 1.7019 0.2854 0.0904 33
0.0000 1.0378 0.1739 -0.2045 2
0.0000 1.7234 0.2884 0.1529 32
0.0000 1.2099 0.2023 -0.1943 2
0.0000 1.7269 0.2887 0.2150 29
0.0000 1.5918 0.2658 -0.1982 2
0.0000 1.7536 0.2925 0.2816 21
0.0000 2.1992 0.3664 -0.1951 1
0.0000 1.8320 0.3049 0.3610 10
0.0000 1.8402 0.3060 -0.0978 11
0.0000 11.7670 1.9544 2.7539 3
0.0000 1.7754 0.2949 -0.0314 24
0.0000 10.4933 1.7409 2.8501 3
0.0000 1.7404 0.2859 0.0308 25
0.0000 0.7442 0.1221 -0.1741 7
0.0000 1.7029 0.2795 0.0904 36
0.0000 1.0423 0.1709 -0.2053 2
0.0000 1.7067 0.2795 0.1513 34
0.0000 1.2223 0.1999 -0.1962 1
0.0000 1.7260 0.2820 0.2147 30
0.0000 1.5967 0.2606 -0.1986 2
0.0000 1.7527 0.2861 0.2813 21
0.0000 2.2044 0.3594 -0.1954 1
0.0000 1.8292 0.2979 0.3602 10
0.0000 1.8373 0.2989 -0.0976 11
0.0000 11.7853 1.9151 2.7566 3
0.0000 1.7725 0.2880 -0.0313 23
0.0000 10.5108 1.7061 2.8532 1
0.0000 1.7275 0.2779 0.0305 26
0.0000 0.7946 0.1277 -0.1858 6
0.0000 1.7097 0.2745 0.0908 37
0.0000 1.0429 0.1672 -0.2053 2
0.0000 1.7155 0.2748 0.1520 36
0.0000 1.1879 0.1903 -0.1905 1
0.0000 1.7269 0.2763 0.2147 29
0.0000 1.5976 0.2553 -0.1986 2
0.0000 1.7556 0.2803 0.2816 20
0.0000 2.1977 0.3504 -0.1947 1
0.0000 1.8069 0.2881 0.3557 12
0.0000 1.8383 0.2928 -0.0976 12
0.0000 11.7801 1.8742 2.7539 3
0.0000 1.7853 0.2837 -0.0316 25
0.0000 10.4785 1.6634 2.8429 2
0.0000 1.7344 0.2728 0.0306 28
0.0000 0.8143 0.1280 -0.1903 6
0.0000 1.7048 0.2676 0.0904 38
0.0000 1.0784 0.1693 -0.2122 2
0.0000 1.7184 0.2694 0.1522 37
0.0000 1.1885 0.1861 -0.1905 1
0.0000 1.7082 0.2672 0.2123 29
0.0000 1.6200 0.2531 -0.2013 2
0.0000 1.7605 0.2747 0.2822 20
0.0000 2.2108 0.3446 -0.1958 1
0.0000 1.8157 0.2830 0.3572 12
0.0000 1.8195 0.2833 -0.0965 13
0.0000 11.8039 1.8358 2.7579 3
0.0000 1.7843 0.2772 -0.0315 22
0.0000 10.4995 1.6292 2.8470 3
0.0000 1.7353 0.2668 0.0306 29
0.0000 0.7454 0.1145 -0.1741 7
0.0000 1.6978 0.2604 0.0900 39
0.0000 1.0440 0.1599 -0.2053 2
0.0000 1.7272 0.2643 0.1529 37
0.0000 1.2048 0.1841 -0.1930 1
0.0000 1.7131 0.2618 0.2128 30
0.0000 1.6072 0.2454 -0.1996 2
0.0000 1.7595 0.2683 0.2819 20
0.0000 2.2100 0.3366 -0.1956 1
0.0000 1.8186 0.2767 0.3576 14
0.0000 1.8206 0.2766 -0.0965 13
0.0000 11.8009 1.7910 2.7557 3
0.0000 1.7833 0.2707 -0.0315 22
0.0000 10.5147 1.5940 2.8496 1
0.0000 1.7324 0.2598 0.0306 29
0.0000 0.7458 0.1117 -0.1741 7
0.0000 1.7007 0.2545 0.0901 40
0.0000 1.0640 0.1592 -0.2091 2
0.0000 1.7203 0.2571 0.1522 38
0.0000 1.1898 0.1776 -0.1905 1
0.0000 1.7219 0.2567 0.2138 32
0.0000 1.6081 0.2395 -0.1996 2
0.0000 1.7468 0.2598 0.2797 21
0.0000 2.2112 0.3285 -0.1956 1
0.0000 1.8196 0.2703 0.3576 13
0.0000 1.8215 0.2703 -0.0965 13
0.0000 11.8013 1.7490 2.7543 3
0.0000 1.7724 0.2624 -0.0313 24
0.0000 1.7372 0.2544 0.0306 29
0.0000 0.7462 0.1091 -0.1741 7
0.0000 1.7036 0.2488 0.0902 46
0.0000 1.0840 0.1581 -0.2129 2
0.0000 1.7094 0.2491 0.1511 43
0.0000 1.2139 0.1767 -0.1943 1
0.0000 1.7247 0.2510 0.2140 33
0.0000 1.6010 0.2327 -0.1986 2
0.0000 1.7477 0.2537 0.2797 21
0.0000 2.2005 0.3191 -0.1945 1
0.0000 1.8167 0.2631 0.3568 14
0.0000 1.8265 0.2642 -0.0967 12
0.0000 11.8096 1.7060 2.7548 3
0.0000 1.7634 0.2547 -0.0311 24
0.0000 3.2122 0.4635 0.8696 2
0.0000 1.7301 0.2475 0.0305 30
0.0000 0.8430 0.1204 -0.1966 5
0.0000 1.7064 0.2435 0.0903 51
0.0000 1.0962 0.1564 -0.2152 2
0.0000 1.7121 0.2440 0.1513 44
0.0000 1.1910 0.1695 -0.1905 1
0.0000 1.7256 0.2453 0.2140 34
0.0000 1.6136 0.2291 -0.2001 2
0.0000 1.7485 0.2479 0.2797 22
0.0000 2.2114 0.3135 -0.1954 1
0.0000 1.8020 0.2552 0.3538 14
0.0000 1.8293 0.2587 -0.0968 13
0.0000 11.8361 1.6719 2.7597 3
0.0000 1.7702 0.2497 -0.0312 24
0.0000 3.2195 0.4536 0.8712 9
0.0000 1.7231 0.2403 0.0304 30
0.0000 0.8203 0.1143 -0.1912 6
0.0000 1.7131 0.2383 0.0906 54
0.0000 1.0656 0.1482 -0.2091 2
0.0000 1.7189 0.2388 0.1518 49
0.0000 1.2033 0.1670 -0.1924 1
0.0000 1.7185 0.2382 0.2130 33
0.0000 1.6340 0.2262 -0.2025 2
0.0000 1.7572 0.2429 0.2810 23
0.0000 2.2045 0.3047 -0.1947 1
0.0000 1.7989 0.2483 0.3530 14
0.0000 1.8064 0.2491 -0.0956 14
0.0000 11.8245 1.6282 2.7557 3
0.0000 1.7829 0.2452 -0.0314 24
0.0000 3.2172 0.4419 0.8701 10
0.0000 0.8423 0.1146 -0.2278 5
0.0000 1.7239 0.2343 0.0304 33
0.0000 0.8439 0.1145 -0.1966 5
0.0000 1.7040 0.2313 0.0901 63
0.0000 1.0817 0.1466 -0.2122 2
0.0000 1.7138 0.2320 0.1513 48
0.0000 1.2078 0.1633 -0.1930 1
0.0000 1.7076 0.2306 0.2116 33
0.0000 1.6309 0.2199 -0.2021 2
0.0000 1.7580 0.2371 0.2810 22
0.0000 2.0002 0.2694 -0.1766 2
0.0000 1.8076 0.2431 0.3545 14
0.0000 1.8013 0.2419 -0.0953 13
0.0000 11.8938 1.5954 2.7705 3
0.0000 1.7818 0.2390 -0.0314 26
0.0000 3.2321 0.4330 0.8738 7
0.0000 1.7346 0.2299 0.0305 34
0.0000 0.8172 0.1082 -0.1903 6
0.0000 1.6989 0.2246 0.0898 60
0.0000 1.0978 0.1449 -0.2152 2
0.0000 1.7185 0.2266 0.1517 55
0.0000 1.2162 0.1603 -0.1943 1
0.0000 1.7142 0.2257 0.2123 37
0.0000 1.6316 0.2145 -0.2021 2
0.0000 1.7451 0.2291 0.2788 23
0.0000 2.0031 0.2627 -0.1768 2
0.0000 1.8103 0.2374 0.3549 15
0.0000 1.8081 0.2368 -0.0956 13
0.0000 11.8372 1.5479 2.7561 3
0.0000 1.7667 0.2307 -0.0311 26
0.0000 3.2278 0.4209 0.8722 6
0.0000 1.7354 0.2238 0.0305 34
0.0000 0.7982 0.1028 -0.1858 6
0.0000 1.7036 0.2191 0.0900 66
0.0000 1.0826 0.1393 -0.2122 2
0.0000 1.7094 0.2196 0.1508 57
0.0000 1.2246 0.1571 -0.1955 1
0.0000 1.7209 0.2205 0.2130 36
0.0000 1.6323 0.2088 -0.2021 2
0.0000 1.7478 0.2233 0.2791 22
0.0000 1.9803 0.2530 -0.1747 2
0.0000 1.8053 0.2303 0.3538 16
0.0000 1.8089 0.2304 -0.0956 14
0.0000 11.9431 1.5193 2.7795 1
0.0000 1.7655 0.2243 -0.0311 27
0.0000 3.2331 0.4102 0.8733 6
0.0000 1.7282 0.2168 0.0304 34
0.0000 0.8218 0.1029 -0.1912 6
0.0000 1.7123 0.2142 0.0904 79
0.0000 1.0559 0.1321 -0.2068 2
0.0000 1.7121 0.2139 0.1510 64
0.0000 1.2134 0.1513 -0.1937 1
0.0000 1.7217 0.2144 0.2130 36
0.0000 1.6173 0.2012 -0.2001 2
0.0000 1.7506 0.2174 0.2794 23
0.0000 1.9693 0.2446 -0.1736 2
0.0000 1.7886 0.2218 0.3503 15
0.0000 1.8176 0.2251 -0.0960 14
0.0000 1.7742 0.2191 -0.0312 28
0.0000 3.2192 0.3970 0.8691 5
0.0000 1.7289 0.2108 0.0304 34
0.0000 0.8221 0.1001 -0.1912 6
0.0000 1.7170 0.2087 0.0906 86
0.0000 1.0602 0.1289 -0.2076 2
0.0000 1.7109 0.2076 0.1508 70
0.0000 1.1982 0.1452 -0.1912 1
0.0000 1.7106 0.2070 0.2116 34
0.0000 1.6180 0.1955 -0.2001 2
0.0000 1.7513 0.2113 0.2794 27
0.0000 1.9899 0.2401 -0.1754 3
0.0000 1.8010 0.2170 0.3526 15
0.0000 1.8065 0.2173 -0.0954 14
0.0000 3.1441 0.3777 0.7311 2
0.0000 1.7690 0.2122 -0.0311 26
0.0000 3.1362 0.3756 0.8463 4
0.0000 1.7336 0.2052 0.0305 34
0.0000 0.7490 0.0885 -0.1741 7
0.0000 1.6979 0.2004 0.0896 81
0.0000 1.0646 0.1256 -0.2084 2
0.0000 1.7195 0.2026 0.1515 74
0.0000 1.2026 0.1415 -0.1918 1
0.0000 1.7113 0.2010 0.2116 34
0.0000 1.6187 0.1899 -0.2001 2
0.0000 1.7599 0.2061 0.2806 28
0.0000 2.0264 0.2373 -0.1785 4
0.0000 1.7979 0.2102 0.3519 15
0.0000 1.8112 0.2115 -0.0956 14
0.0000 1.7797 0.2072 -0.0313 28
0.0000 1.7343 0.1991 0.0305 36
0.0000 0.7996 0.0917 -0.1858 6
0.0000 1.6946 0.1940 0.0894 91
0.0000 1.0377 0.1188 -0.2030 2
0.0000 1.7241 0.1971 0.1518 66
0.0000 1.1952 0.1364 -0.1905 1
0.0000 1.7238 0.1964 0.2130 34
0.0000 1.6114 0.1833 -0.1991 2
0.0000 1.7488 0.1986 0.2788 27
0.0000 2.0410 0.2318 -0.1797 8
0.0000 1.8005 0.2042 0.3522 16
0.0000 1.8139 0.2054 -0.0957 13
0.0000 1.7645 0.1992 -0.0310 28
0.0000 3.1061 0.3500 0.8375 45
0.0000 1.7390 0.1935 0.0305 34
0.0000 0.8231 0.0915 -0.1912 6
0.0000 1.6953 0.1881 0.0894 93
0.0000 1.0654 0.1182 -0.2084 2
0.0000 1.7050 0.1888 0.1501 74
0.0000 1.2154 0.1344 -0.1937 1
0.0000 1.7225 0.1902 0.2128 36
0.0000 1.6397 0.1807 -0.2025 2
0.0000 1.7416 0.1917 0.2775 30
0.0000 2.0497 0.2256 -0.1804 30
0.0000 1.8071 0.1985 0.3534 15
0.0000 1.8166 0.1993 -0.0958 14
0.0000 3.1285 0.3426 0.7266 55
0.0000 1.7712 0.1937 -0.0311 28
0.0000 3.1284 0.3415 0.8432 68
0.0000 1.7317 0.1866 0.0304 35
0.0000 0.7498 0.0807 -0.1741 7
0.0000 1.7038 0.1833 0.0898 91
0.0000 1.0502 0.1128 -0.2053 2
0.0000 1.7057 0.1829 0.1501 70
0.0000 1.1883 0.1272 -0.1893 1
0.0000 1.7291 0.1848 0.2135 34
0.0000 1.6482 0.1761 -0.2035 2
0.0000 1.7501 0.1867 0.2788 28
0.0000 2.0030 0.2133 -0.1762 35
0.0000 1.8000 0.1914 0.3519 15
0.0000 1.8173 0.1929 -0.0958 15
0.0000 3.1451 0.3339 0.7302 62
0.0000 1.7778 0.1884 -0.0312 28
0.0000 3.1065 0.3287 0.8370 59
0.0000 1.7283 0.1804 0.0303 36
0.0000 0.8664 0.0903 -0.2011 5
0.0000 1.7004 0.1772 0.0896 83
0.0000 1.0310 0.1073 -0.2015 2
0.0000 1.7182 0.1785 0.1511 66
0.0000 1.1848 0.1229 -0.1887 1
0.0000 1.7139 0.1774 0.2116 33
0.0000 1.6527 0.1711 -0.2040 2
0.0000 1.7586 0.1817 0.2800 24
0.0000 1.9957 0.2059 -0.1755 6
0.0000 1.8006 0.1854 0.3519 15
0.0000 1.8259 0.1877 -0.0962 15
0.0000 3.1462 0.3235 0.7302 62
0.0000 1.7844 0.1831 -0.0313 28
0.0000 3.1325 0.3210 0.8438 59
0.0000 1.7369 0.1755 0.0305 34
0.0000 0.8240 0.0831 -0.1912 6
0.0000 1.6971 0.1709 0.0894 81
0.0000 1.0509 0.1058 -0.2053 2
0.0000 1.7267 0.1736 0.1518 66
0.0000 1.2127 0.1217 -0.1930 1
0.0000 1.7184 0.1721 0.2121 33
0.0000 1.6493 0.1649 -0.2035 2
0.0000 1.7612 0.1758 0.2803 22
0.0000 1.9865 0.1983 -0.1747 3
0.0000 1.8032 0.1797 0.3522 16
0.0000 1.8265 0.1817 -0.0962 16
0.0000 3.1241 0.3102 0.7248 54
0.0000 1.7969 0.1781 -0.0315 27
0.0000 3.1279 0.3094 0.8422 57
0.0000 1.7415 0.1698 0.0305 35
0.0000 0.8088 0.0787 -0.1876 6
0.0000 1.6957 0.1648 0.0893 73
0.0000 1.0220 0.0993 -0.1996 2
0.0000 1.7213 0.1670 0.1513 60
0.0000 1.1777 0.1140 -0.1874 1
0.0000 1.7230 0.1665 0.2125 33
0.0000 1.6459 0.1588 -0.2030 2
0.0000 1.7461 0.1681 0.2778 22
0.0000 2.0050 0.1931 -0.1762 2
0.0000 1.8175 0.1747 0.3549 15
0.0000 1.8311 0.1757 -0.0964 15
0.0000 3.1251 0.2993 0.7248 57
0.0000 1.7697 0.1692 -0.0310 28
0.0000 3.1270 0.2983 0.8417 59
0.0000 1.7460 0.1641 0.0306 34
0.0000 0.8246 0.0774 -0.1912 6
0.0000 1.7082 0.1600 0.0899 65
0.0000 1.0419 0.0976 -0.2034 2
0.0000 1.7179 0.1606 0.1510 53
0.0000 1.2293 0.1147 -0.1955 1
0.0000 1.7275 0.1609 0.2130 33
0.0000 1.6465 0.1530 -0.2030 2
0.0000 1.7506 0.1624 0.2785 22
0.0000 2.0136 0.1868 -0.1769 1
0.0000 1.8141 0.1680 0.3541 15
0.0000 1.8356 0.1696 -0.0966 16
0.0000 3.1300 0.2887 0.7257 62
0.0000 1.7722 0.1632 -0.0311 28
0.0000 3.1242 0.2871 0.8406 59
0.0000 1.7386 0.1573 0.0305 33
0.0000 0.8249 0.0745 -0.1912 6
0.0000 1.7087 0.1540 0.0899 57
0.0000 1.0402 0.0938 -0.2030 2
0.0000 1.7205 0.1548 0.1511 51
0.0000 1.2218 0.1097 -0.1943 1
0.0000 1.7280 0.1548 0.2130 32
0.0000 1.6431 0.1469 -0.2025 2
0.0000 1.7590 0.1570 0.2797 22
0.0000 1.9706 0.1759 -0.1731 1
0.0000 1.8030 0.1606 0.3519 15
0.0000 1.8442 0.1639 -0.0970 15
0.0000 3.1310 0.2778 0.7257 59
0.0000 1.7828 0.1579 -0.0312 28
0.0000 3.1232 0.2760 0.8401 58
0.0000 1.7352 0.1509 0.0304 34
0.0000 0.8018 0.0696 -0.1858 6
0.0000 1.7152 0.1489 0.0902 55
0.0000 1.0327 0.0894 -0.2015 2
0.0000 1.7250 0.1491 0.1515 49
0.0000 1.1907 0.1027 -0.1893 1
0.0000 1.7226 0.1483 0.2123 31
0.0000 1.6317 0.1402 -0.2011 2
0.0000 1.7674 0.1518 0.2810 22
0.0000 2.0050 0.1719 -0.1761 1
0.0000 1.8035 0.1543 0.3519 15
0.0000 1.8328 0.1565 -0.0964 15
0.0000 3.1417 0.2677 0.7279 59
0.0000 1.7892 0.1524 -0.0313 28
0.0000 3.1280 0.2660 0.8412 57
0.0000 1.7436 0.1458 0.0305 34
0.0000 0.8486 0.0708 -0.1966 5
0.0000 1.7038 0.1419 0.0896 48
0.0000 1.0448 0.0868 -0.2038 2
0.0000 1.7275 0.1432 0.1517 44
0.0000 1.1871 0.0984 -0.1887 1
0.0000 1.7192 0.1422 0.2118 32
0.0000 1.6124 0.1331 -0.1986 2
0.0000 1.7699 0.1458 0.2813 20
0.0000 2.0294 0.1668 -0.1781 1
0.0000 1.8138 0.1491 0.3538 14
0.0000 1.8393 0.1509 -0.0967 15
0.0000 3.1387 0.2569 0.7270 66
0.0000 1.7977 0.1469 -0.0315 25
0.0000 3.1404 0.2560 0.8443 67
0.0000 1.7481 0.1400 0.0306 31
0.0000 0.8256 0.0660 -0.1912 6
0.0000 1.7082 0.1362 0.0898 45
0.0000 1.0646 0.0849 -0.2076 2
0.0000 1.7299 0.1377 0.1518 40
0.0000 1.2032 0.0955 -0.1912 1
0.0000 1.7296 0.1370 0.2130 33
0.0000 1.6247 0.1284 -0.2001 2
0.0000 1.7605 0.1389 0.2797 21
0.0000 2.1630 0.1702 -0.1898 1
0.0000 1.8261 0.1437 0.3560 13
0.0000 1.8418 0.1446 -0.0968 15
0.0000 3.1434 0.2463 0.7279 61
0.0000 1.7803 0.1392 -0.0312 26
0.0000 3.1509 0.2458 0.8469 60
0.0000 1.7466 0.1338 0.0306 31
0.0000 0.8219 0.0628 -0.1903 6
0.0000 1.7107 0.1304 0.0899 42
0.0000 1.0610 0.0807 -0.2068 2
0.0000 1.7264 0.1310 0.1515 39
0.0000 1.1996 0.0908 -0.1905 1
0.0000 1.7320 0.1311 0.2133 32
0.0000 1.6093 0.1216 -0.1982 2
0.0000 1.7531 0.1321 0.2785 21
0.0000 2.2192 0.1669 -0.1947 2
0.0000 1.8227 0.1367 0.3553 15
0.0000 1.8563 0.1389 -0.0976 13
0.0000 3.1560 0.2356 0.7306 61
0.0000 1.7788 0.1328 -0.0311 24
0.0000 3.1344 0.2335 0.8422 58
0.0000 1.7391 0.1268 0.0304 29
0.0000 0.8027 0.0584 -0.1858 6
0.0000 1.7191 0.1250 0.0903 40
0.0000 1.0574 0.0767 -0.2061 2
0.0000 1.7209 0.1246 0.1510 36
0.0000 1.1999 0.0866 -0.1905 1
0.0000 1.7364 0.1251 0.2138 32
0.0000 1.6335 0.1174 -0.2011 2
0.0000 1.7713 0.1273 0.2813 21
0.0000 2.2218 0.1593 -0.1949 2
0.0000 1.8231 0.1304 0.3553 14
0.0000 1.8607 0.1327 -0.0978 12
0.0000 3.1607 0.2249 0.7315 64
0.0000 1.7892 0.1273 -0.0313 28
0.0000 3.1352 0.2225 0.8422 58
0.0000 1.7435 0.1213 0.0305 30
0.0000 0.8029 0.0557 -0.1858 6
0.0000 1.7195 0.1190 0.0903 37
0.0000 1.0851 0.0749 -0.2114 2
0.0000 1.7333 0.1194 0.1520 36
0.0000 1.1765 0.0810 -0.1868 1
0.0000 1.7289 0.1188 0.2128 31
0.0000 1.6141 0.1106 -0.1986 2
0.0000 1.7855 0.1220 0.2835 19
0.0000 2.2064 0.1504 -0.1935 2
0.0000 1.8236 0.1243 0.3553 14
0.0000 1.8532 0.1260 -0.0973 12
0.0000 3.1672 0.2148 0.7329 59
0.0000 1.7976 0.1216 -0.0314 26
0.0000 3.1476 0.2124 0.8453 51
0.0000 1.7539 0.1159 0.0307 28
0.0000 0.8031 0.0529 -0.1858 6
0.0000 1.7159 0.1131 0.0901 36
0.0000 1.0853 0.0713 -0.2114 2
0.0000 1.7336 0.1136 0.1520 33
0.0000 1.1926 0.0780 -0.1893 2
0.0000 1.7293 0.1127 0.2128 32
0.0000 1.6026 0.1042 -0.1972 2
0.0000 1.7820 0.1159 0.2828 19
0.0000 2.2129 0.1435 -0.1940 2
0.0000 1.8436 0.1192 0.3591 13
0.0000 1.8576 0.1198 -0.0976 12
0.0000 1.8140 0.1167 -0.0317 26
0.0000 1.7623 0.1106 0.0308 26
0.0000 0.8266 0.0517 -0.1912 6
0.0000 1.7183 0.1072 0.0902 33
0.0000 1.0581 0.0658 -0.2061 2
0.0000 1.7479 0.1084 0.1532 31
0.0000 1.1849 0.0735 -0.1880 2
0.0000 1.7376 0.1075 0.2138 31
0.0000 1.6227 0.1001 -0.1996 2
0.0000 1.7705 0.1089 0.2810 19
0.0000 2.2173 0.1360 -0.1944 2
0.0000 1.8498 0.1135 0.3602 13
0.0000 1.8500 0.1132 -0.0971 12
0.0000 11.9392 0.7281 2.7615 3
0.0000 1.7884 0.1088 -0.0313 24
0.0000 10.6018 0.6429 2.8460 2
0.0000 1.7627 0.1041 0.0308 26
0.0000 0.8034 0.0473 -0.1858 6
0.0000 1.7227 0.1011 0.0904 32
0.0000 1.0348 0.0608 -0.2015 2
0.0000 1.7304 0.1013 0.1517 34
0.0000 1.2207 0.0712 -0.1937 2
0.0000 1.7499 0.1018 0.2152 29
0.0000 1.6032 0.0930 -0.1972 2
0.0000 1.7749 0.1026 0.2816 19
0.0000 2.2039 0.1275 -0.1931 2
0.0000 1.8424 0.1062 0.3587 12
0.0000 1.8624 0.1071 -0.0978 11
0.0000 11.9165 0.6829 2.7557 4
0.0000 1.7948 0.1025 -0.0314 23
0.0000 10.5887 0.6031 2.8418 2
0.0000 1.7510 0.0973 0.0306 21
0.0000 0.8269 0.0458 -0.1912 6
0.0000 1.7310 0.0956 0.0909 33
0.0000 1.0742 0.0593 -0.2091 2
0.0000 1.7367 0.0956 0.1522 32
0.0000 1.2012 0.0659 -0.1905 2
0.0000 1.7522 0.0958 0.2155 27
0.0000 1.6036 0.0874 -0.1972 2
0.0000 1.7831 0.0969 0.2828 19
0.0000 2.2202 0.1206 -0.1945 2
0.0000 1.8388 0.0996 0.3580 12
0.0000 1.8627 0.1006 -0.0978 11
0.0000 11.9266 0.6417 2.7575 4
0.0000 1.8051 0.0968 -0.0316 22
0.0000 10.5946 0.5664 2.8429 2
0.0000 1.7554 0.0914 0.0307 22
0.0000 0.8505 0.0441 -0.1966 5
0.0000 1.7393 0.0899 0.0913 33
0.0000 1.0744 0.0556 -0.2091 2
0.0000 1.7569 0.0905 0.1539 30
0.0000 1.1975 0.0615 -0.1899 2
0.0000 1.7406 0.0891 0.2140 25
0.0000 1.5959 0.0814 -0.1962 2
0.0000 1.7953 0.0913 0.2847 19
0.0000 2.2147 0.1126 -0.1940 2
0.0000 1.8509 0.0938 0.3602 12
0.0000 1.8571 0.0938 -0.0974 11
0.0000 11.9249 0.5999 2.7566 3
0.0000 1.8095 0.0907 -0.0316 20
0.0000 10.6197 0.5305 2.8491 2
0.0000 1.7597 0.0854 0.0308 22
0.0000 0.7922 0.0383 -0.1831 7
0.0000 1.7296 0.0834 0.0908 30
0.0000 1.0668 0.0514 -0.2076 2
0.0000 1.7513 0.0841 0.1534 27
0.0000 1.1937 0.0571 -0.1893 2
0.0000 1.7409 0.0830 0.2140 25
0.0000 1.6041 0.0762 -0.1972 2
0.0000 1.8015 0.0853 0.2856 18
0.0000 2.2071 0.1045 -0.1933 2
0.0000 1.8571 0.0876 0.3614 11
0.0000 1.8694 0.0878 -0.0981 11
0.0000 11.9269 0.5583 2.7566 4
0.0000 1.8197 0.0849 -0.0318 21
0.0000 10.6215 0.4935 2.8491 2
0.0000 1.7699 0.0798 0.0309 20
0.0000 0.8274 0.0371 -0.1912 6
0.0000 1.7359 0.0779 0.0911 31
0.0000 1.0395 0.0465 -0.2023 2
0.0000 1.7555 0.0782 0.1537 26
0.0000 1.2176 0.0540 -0.1930 2
0.0000 1.7591 0.0777 0.2162 22
0.0000 1.6044 0.0706 -0.1972 2
0.0000 1.7939 0.0790 0.2844 19
0.0000 2.2134 0.0970 -0.1938 2
0.0000 1.8692 0.0816 0.3637 8
0.0000 1.8776 0.0817 -0.0985 10
0.0000 11.9365 0.5170 2.7584 4
0.0000 1.8080 0.0783 -0.0316 20
0.0000 10.6385 0.4589 2.8532 2
0.0000 1.7822 0.0744 0.0311 21
0.0000 0.8275 0.0344 -0.1912 6
0.0000 1.7421 0.0721 0.0914 28
0.0000 1.0239 0.0422 -0.1992 2
0.0000 1.7518 0.0719 0.1534 26
0.0000 1.2059 0.0495 -0.1912 1
0.0000 1.7613 0.0720 0.2164 25
0.0000 1.6046 0.0653 -0.1972 2
0.0000 1.8001 0.0729 0.2853 18
0.0000 2.2058 0.0890 -0.1931 2
0.0000 1.8832 0.0760 0.3664 8
0.0000 1.8979 0.0762 -0.0995 9
0.0000 11.9499 0.4779 2.7610 4
0.0000 1.8063 0.0719 -0.0316 18
0.0000 10.6207 0.4210 2.8480 2
0.0000 0.8494 0.0326 -0.2278 5
0.0000 1.7704 0.0677 0.0309 21
0.0000 0.8510 0.0324 -0.1966 5
0.0000 1.7543 0.0665 0.0920 24
0.0000 1.0319 0.0391 -0.2007 2
0.0000 1.7540 0.0662 0.1536 28
0.0000 1.1943 0.0448 -0.1893 2
0.0000 1.7675 0.0660 0.2172 21
0.0000 1.6088 0.0598 -0.1977 2
0.0000 1.8062 0.0669 0.2863 18
0.0000 2.2140 0.0820 -0.1938 2
0.0000 1.8815 0.0693 0.3660 7
0.0000 1.8961 0.0695 -0.0994 8
0.0000 11.9515 0.4362 2.7610 4
0.0000 1.8305 0.0665 -0.0320 20
0.0000 10.6260 0.3841 2.8491 2
0.0000 1.7707 0.0615 0.0309 21
0.0000 0.8511 0.0294 -0.1966 5
0.0000 1.7605 0.0606 0.0923 22
0.0000 1.0595 0.0364 -0.2061 2
0.0000 1.7722 0.0606 0.1551 25
0.0000 1.2102 0.0412 -0.1918 2
0.0000 1.7598 0.0596 0.2162 24
0.0000 1.6050 0.0541 -0.1972 2
0.0000 1.8124 0.0608 0.2872 15
0.0000 2.2163 0.0743 -0.1940 2
0.0000 1.8856 0.0629 0.3667 6
0.0000 1.8904 0.0627 -0.0991 8
0.0000 11.9607 0.3947 2.7628 4
0.0000 1.8327 0.0602 -0.0320 17
0.0000 10.6523 0.3478 2.8558 1
0.0000 1.7809 0.0557 0.0311 22
0.0000 0.8122 0.0252 -0.1876 6
0.0000 1.7528 0.0542 0.0919 22
0.0000 1.0597 0.0327 -0.2061 2
0.0000 1.7764 0.0546 0.1555 24
0.0000 1.1985 0.0366 -0.1899 1
0.0000 1.7699 0.0538 0.2174 20
0.0000 1.5933 0.0481 -0.1957 2
0.0000 1.8244 0.0548 0.2891 14
0.0000 2.2106 0.0664 -0.1935 1
0.0000 1.9015 0.0568 0.3698 5
0.0000 1.9006 0.0564 -0.0996 6
0.0000 11.9503 0.3526 2.7601 4
0.0000 1.8329 0.0538 -0.0320 17
0.0000 10.6245 0.3098 2.8480 2
0.0000 0.8497 0.0237 -0.2278 5
0.0000 1.7990 0.0499 0.0314 19
0.0000 0.8279 0.0228 -0.1912 6
0.0000 1.7569 0.0482 0.0921 22
0.0000 1.0558 0.0289 -0.2053 2
0.0000 1.7746 0.0483 0.1553 23
0.0000 1.1868 0.0321 -0.1880 2
0.0000 1.7661 0.0475 0.2169 20
0.0000 1.5855 0.0423 -0.1947 2
0.0000 1.8286 0.0485 0.2897 14
0.0000 2.2247 0.0590 -0.1947 2
0.0000 1.9115 0.0504 0.3717 4
0.0000 1.9187 0.0502 -0.1006 5
0.0000 11.9476 0.3108 2.7592 3
0.0000 1.8311 0.0473 -0.0320 17
0.0000 10.6256 0.2727 2.8480 2
0.0000 1.7992 0.0437 0.0314 20
0.0000 0.8280 0.0199 -0.1912 6
0.0000 1.7651 0.0422 0.0925 22
0.0000 1.0756 0.0257 -0.2091 2
0.0000 1.7727 0.0421 0.1551 19
0.0000 1.2185 0.0287 -0.1930 2
0.0000 1.7861 0.0418 0.2194 20
0.0000 1.5976 0.0371 -0.1962 2
0.0000 1.8169 0.0419 0.2878 13
0.0000 2.1970 0.0506 -0.1923 1
0.0000 1.9254 0.0440 0.3744 2
0.0000 1.9309 0.0438 -0.1012 4
0.0000 1.8373 0.0411 -0.0321 17
0.0000 5.7265 0.1270 1.5348 1
0.0000 0.8498 0.0178 -0.2278 5
0.0000 1.7953 0.0373 0.0313 19
0.0000 0.8514 0.0175 -0.1966 5
0.0000 1.7692 0.0361 0.0927 20
0.0000 1.0442 0.0213 -0.2030 2
0.0000 1.7749 0.0359 0.1553 20
0.0000 1.1909 0.0239 -0.1887 2
0.0000 1.7902 0.0356 0.2199 17
0.0000 1.5858 0.0313 -0.1947 2
0.0000 1.8288 0.0358 0.2897 11
0.0000 2.2052 0.0431 -0.1930 2
0.0000 1.9410 0.0373 -0.1017 3
0.0000 5.7088 0.1086 1.3182 12
0.0000 1.8474 0.0348 -0.0323 16
0.0000 5.6941 0.1064 1.5260 15
0.0000 0.8499 0.0148 -0.2278 5
0.0000 1.7975 0.0311 0.0314 18
0.0000 0.8281 0.0142 -0.1912 6
0.0000 1.7833 0.0302 0.0935 21
0.0000 1.0404 0.0176 -0.2023 2
0.0000 1.7790 0.0298 0.1557 19
0.0000 1.1831 0.0196 -0.1874 2
0.0000 1.7883 0.0293 0.2196 17
0.0000 1.6097 0.0261 -0.1977 1
0.0000 1.8369 0.0295 0.2910 12
0.0000 2.2093 0.0355 -0.1933 2
0.0000 1.9351 0.0304 -0.1014 2
0.0000 5.7189 0.0888 1.3205 21
0.0000 1.8635 0.0286 -0.0325 16
0.0000 5.7060 0.0866 1.5291 19
0.0000 0.8499 0.0119 -0.2278 5
0.0000 1.8136 0.0250 0.0317 18
0.0000 0.8125 0.0111 -0.1876 6
0.0000 1.7714 0.0238 0.0928 19
0.0000 1.1072 0.0149 -0.2152 2
0.0000 1.7910 0.0238 0.1567 18
0.0000 1.1871 0.0155 -0.1880 2
0.0000 1.7944 0.0232 0.2203 17
0.0000 1.5661 0.0200 -0.1923 2
0.0000 1.8449 0.0232 0.2922 11
0.0000 2.1994 0.0276 -0.1924 2
0.0000 3.1881 0.0395 0.6197 59
0.0000 5.7152 0.0688 1.3196 21
0.0000 1.8576 0.0220 -0.0324 16
0.0000 5.7218 0.0669 1.5332 20
0.0000 0.8500 0.0089 -0.2278 5
0.0000 1.8196 0.0187 0.0318 17
0.0000 0.8516 0.0086 -0.1966 5
0.0000 1.7755 0.0180 0.0931 19
0.0000 1.0758 0.0107 -0.2091 2
0.0000 1.7990 0.0176 0.1574 18
0.0000 1.1950 0.0115 -0.1893 2
0.0000 1.8123 0.0171 0.2225 16
0.0000 1.5979 0.0148 -0.1962 2
0.0000 1.8429 0.0170 0.2919 11
0.0000 2.2174 0.0201 -0.1940 2
0.0000 3.2078 0.0286 0.6236 72
0.0000 3.1855 0.0278 -0.1670 46
0.0000 5.7174 0.0489 1.3200 24
0.0000 1.8716 0.0160 -0.0327 13
0.0000 5.7277 0.0480 1.5348 20
0.0000 1.8277 0.0128 0.0319 17
0.0000 0.8516 0.0058 -0.1966 5
0.0000 1.7875 0.0119 0.0937 17
0.0000 1.0601 0.0068 -0.2061 2
0.0000 1.7891 0.0112 0.1565 17
0.0000 1.2030 0.0076 -0.1905 2
0.0000 1.8143 0.0111 0.2228 16
0.0000 1.5940 0.0095 -0.1957 2
0.0000 1.8568 0.0107 0.2941 9
0.0000 2.2016 0.0123 -0.1926 2
0.0000 3.2040 0.0179 0.6228 72
0.0000 3.2095 0.0174 -0.1682 81
0.0000 5.7292 0.0300 1.3227 24
0.0000 1.8777 0.0095 -0.0328 12
0.0000 5.7066 0.0279 1.5291 19
0.0000 1.8297 0.0064 0.0319 16
0.0000 0.8126 0.0027 -0.1876 6
0.0000 1.7975 0.0060 0.0942 18
0.0000 1.0602 0.0033 -0.2061 2
0.0000 1.8011 0.0053 0.1576 17
0.0000 1.1911 0.0033 -0.1887 2
0.0000 1.8283 0.0048 0.2245 15
0.0000 1.5881 0.0039 -0.1950 2
0.0000 1.8687 0.0046 0.2960 9
0.0000 2.2016 0.0050 -0.1926 2
0.0000 3.2001 0.0067 0.6220 72
0.0000 3.2156 0.0062 -0.1685 82
0.0000 5.7312 0.0100 1.3232 24
0.0000 1.8857 0.0033 -0.0329 10
0.0000 5.7125 0.0090 1.5307 20
0.0000 0.7534 0.0001 -0.2019 7
0.0000 1.8257 0.0003 0.0319 16
0.0000 0.8516 -0.0000 -0.1966 5
0.0000 1.8035 -0.0003 0.0945 17
0.0000 1.0484 -0.0004 -0.2038 2
0.0000 1.8151 -0.0010 0.1588 16
0.0000 1.1872 -0.0006 -0.1880 2
0.0000 1.8243 -0.0013 0.2240 15
0.0000 1.5960 -0.0014 -0.1960 2
0.0000 1.8944 -0.0020 0.3000 7
0.0000 2.2135 -0.0027 -0.1937 2
0.0000 3.2119 -0.0039 0.6243 78
0.0000 3.2056 -0.0045 -0.1680 70
0.0000 5.7195 -0.0090 1.3205 12
0.0000 1.9077 -0.0033 -0.0333 9
0.0000 5.7202 -0.0110 1.5327 6
0.0000 1.8497 -0.0065 0.0323 16
0.0000 0.8672 -0.0032 -0.2002 5
0.0000 1.7955 -0.0069 0.0941 16
0.0000 1.0601 -0.0041 -0.2061 2
0.0000 1.8270 -0.0073 0.1598 16
0.0000 1.2030 -0.0050 -0.1905 2
0.0000 1.8362 -0.0080 0.2255 14
0.0000 1.5861 -0.0072 -0.1947 2
0.0000 1.9161 -0.0090 0.3035 7
0.0000 2.2056 -0.0104 -0.1930 2
0.0000 3.2079 -0.0157 0.6236 78
0.0000 3.2116 -0.0163 -0.1683 72
0.0000 12.0021 -0.0628 2.7709 4
0.0000 1.9177 -0.0104 -0.0335 9
0.0000 10.6289 -0.0594 2.8480 2
0.0000 1.8637 -0.0130 0.0325 15
0.0000 0.8126 -0.0058 -0.1876 6
0.0000 1.8115 -0.0133 0.0949 16
0.0000 1.0326 -0.0076 -0.2007 2
0.0000 1.8329 -0.0138 0.1604 15
0.0000 1.1911 -0.0091 -0.1887 2
0.0000 1.8540 -0.0146 0.2277 14
0.0000 1.5622 -0.0125 -0.1918 2
0.0000 1.9101 -0.0157 0.3025 5
0.0000 2.2155 -0.0182 -0.1938 2
0.0000 3.2196 -0.0270 0.6259 75
0.0000 3.2255 -0.0276 -0.1690 68
0.0000 12.0018 -0.1047 2.7709 4
0.0000 1.9176 -0.0171 -0.0335 7
0.0000 10.6286 -0.0965 2.8480 2
0.0000 1.8696 -0.0196 0.0326 14
0.0000 0.8282 -0.0088 -0.1912 6
0.0000 1.8234 -0.0197 0.0956 17
0.0000 1.0444 -0.0113 -0.2030 2
0.0000 1.8209 -0.0200 0.1593 15
0.0000 1.1950 -0.0133 -0.1893 1
0.0000 1.8659 -0.0212 0.2291 13
0.0000 1.5860 -0.0183 -0.1947 2
0.0000 1.9338 -0.0226 0.3063 2
0.0000 2.2074 -0.0258 -0.1931 2
0.0000 3.2195 -0.0382 0.6259 81
0.0000 3.2273 -0.0389 -0.1691 72
0.0000 12.0209 -0.1469 2.7754 4
0.0000 1.9456 -0.0241 -0.0340 5
0.0000 10.6359 -0.1337 2.8501 2
0.0000 1.8715 -0.0261 0.0327 13
0.0000 0.8242 -0.0117 -0.1903 6
0.0000 1.8333 -0.0262 0.0961 15
0.0000 1.0600 -0.0152 -0.2061 2
0.0000 1.8408 -0.0267 0.1611 15
0.0000 1.1989 -0.0176 -0.1899 2
0.0000 1.8757 -0.0278 0.2303 11
0.0000 1.5859 -0.0238 -0.1947 2
0.0000 2.1934 -0.0333 -0.1919 2
0.0000 3.2056 -0.0492 0.6232 74
0.0000 3.2312 -0.0502 -0.1694 76
0.0000 12.0281 -0.1890 2.7772 4
0.0000 1.9575 -0.0311 -0.0342 3
0.0000 10.6470 -0.1710 2.8532 2
0.0000 1.8814 -0.0328 0.0328 13
0.0000 0.8281 -0.0146 -0.1912 6
0.0000 1.8452 -0.0329 0.0967 15
0.0000 1.1110 -0.0198 -0.2160 2
0.0000 1.8546 -0.0333 0.1623 13
0.0000 1.1791 -0.0214 -0.1868 1
0.0000 1.8816 -0.0345 0.2311 9
0.0000 1.5977 -0.0296 -0.1962 2
0.0000 3.1778 -0.0594 0.5034 43
0.0000 2.1952 -0.0410 -0.1921 2
0.0000 3.2113 -0.0605 0.6243 77
0.0000 3.2410 -0.0617 -0.1699 76
0.0000 12.0352 -0.2311 2.7790 4
0.0000 10.6541 -0.2083 2.8553 2
0.0000 1.8993 -0.0398 0.0332 11
0.0000 0.8124 -0.0172 -0.1876 6
0.0000 1.8510 -0.0394 0.0970 14
0.0000 1.0560 -0.0225 -0.2053 2
0.0000 1.8684 -0.0401 0.1635 12
0.0000 1.2027 -0.0260 -0.1905 2
0.0000 1.8973 -0.0414 0.2330 7
0.0000 1.5798 -0.0347 -0.1940 2
0.0000 3.2131 -0.0712 0.5090 58
0.0000 2.2090 -0.0490 -0.1933 2
0.0000 3.2268 -0.0721 0.6274 77
0.0000 3.2367 -0.0729 -0.1697 78
0.0000 12.0304 -0.2730 2.7781 4
0.0000 3.2467 -0.0742 -0.0567 70
0.0000 10.6668 -0.2458 2.8589 1
0.0000 1.9191 -0.0469 0.0335 9
0.0000 0.8513 -0.0210 -0.1966 5
0.0000 1.8549 -0.0457 0.0972 13
0.0000 1.0559 -0.0262 -0.2053 2
0.0000 1.8902 -0.0472 0.1654 10
0.0000 1.1829 -0.0297 -0.1874 2
0.0000 1.9190 -0.0486 0.2357 6
0.0000 1.5796 -0.0400 -0.1940 2
0.0000 3.2089 -0.0818 0.5084 58
0.0000 2.2108 -0.0567 -0.1935 2
0.0000 3.2383 -0.0837 0.6297 75
0.0000 3.2444 -0.0844 -0.1701 76
0.0000 12.0333 -0.3130 2.7790 4
0.0000 3.2344 -0.0847 -0.0565 97
0.0000 10.6659 -0.2812 2.8589 1
0.0000 1.9510 -0.0542 0.0341 7
0.0000 0.8045 -0.0225 -0.1858 6
0.0000 1.8787 -0.0525 0.0985 10
0.0000 1.0754 -0.0302 -0.2091 2
0.0000 1.8960 -0.0536 0.1659 9
0.0000 1.2065 -0.0343 -0.1912 2
0.0000 1.9386 -0.0555 0.2381 3
0.0000 1.5795 -0.0452 -0.1940 2
0.0000 3.2067 -0.0924 0.5081 55
0.0000 2.1967 -0.0637 -0.1923 2
0.0000 3.2262 -0.0941 0.6274 77
0.0000 3.2481 -0.0953 -0.1703 76
0.0000 12.0458 -0.3533 2.7822 6
0.0000 3.2341 -0.0954 -0.0565 78
0.0000 10.6669 -0.3166 2.8594 2
0.0000 0.8496 -0.0263 -0.2278 5
0.0000 1.9468 -0.0605 0.0340 3
0.0000 0.8278 -0.0259 -0.1912 6
0.0000 1.8985 -0.0597 0.0995 8
0.0000 1.0557 -0.0332 -0.2053 2
0.0000 1.9078 -0.0603 0.1670 7
0.0000 1.1827 -0.0376 -0.1874 2
0.0000 1.5734 -0.0505 -0.1933 2
0.0000 3.2241 -0.1041 0.5109 57
0.0000 2.1805 -0.0704 -0.1909 2
0.0000 3.2259 -0.1048 0.6274 75
0.0000 3.2598 -0.1064 -0.1709 74
0.0000 12.0543 -0.3957 2.7844 4
0.0000 3.2198 -0.1062 -0.0562 75
0.0000 10.6290 -0.3526 2.8496 1
0.0000 0.8121 -0.0282 -0.1876 6
0.0000 1.9262 -0.0673 0.1010 5
0.0000 1.0948 -0.0382 -0.2129 2
0.0000 1.9434 -0.0682 0.1701 4
0.0000 1.1707 -0.0413 -0.1855 1
0.0000 3.1702 -0.1124 0.3895 29
0.0000 1.5791 -0.0562 -0.1940 2
0.0000 3.2237 -0.1154 0.5109 57
0.0000 2.1962 -0.0786 -0.1923 2
0.0000 3.2255 -0.1160 0.6274 75
0.0000 3.2474 -0.1174 -0.1703 75
0.0000 12.0606 -0.4380 2.7862 4
0.0000 3.2214 -0.1176 -0.0563 73
0.0000 10.6489 -0.3905 2.8553 3
0.0000 0.8120 -0.0311 -0.1876 6
0.0000 1.9319 -0.0742 0.1013 3
0.0000 1.0437 -0.0401 -0.2030 2
0.0000 1.1942 -0.0463 -0.1893 1
0.0000 3.1837 -0.1240 0.3912 41
0.0000 1.5789 -0.0618 -0.1940 2
0.0000 3.2233 -0.1266 0.5109 56
0.0000 2.1959 -0.0863 -0.1923 2
0.0000 3.2251 -0.1273 0.6274 77
0.0000 3.2470 -0.1287 -0.1703 75
0.0000 12.0590 -0.4801 2.7862 4
0.0000 3.2249 -0.1290 -0.0563 70
0.0000 10.6552 -0.4280 2.8574 1
0.0000 0.8493 -0.0352 -0.2278 5
0.0000 3.2247 -0.1340 0.0563 65
0.0000 0.8275 -0.0345 -0.1912 6
0.0000 1.0592 -0.0444 -0.2061 2
0.0000 3.1950 -0.1345 0.2798 40
0.0000 1.2098 -0.0511 -0.1918 1
0.0000 3.2169 -0.1365 0.3953 69
0.0000 1.5827 -0.0674 -0.1945 2
0.0000 3.2228 -0.1379 0.5109 59
0.0000 2.1936 -0.0939 -0.1921 2
0.0000 3.2383 -0.1391 0.6301 74
0.0000 3.2505 -0.1402 -0.1705 71
0.0000 12.0611 -0.5224 2.7871 4
0.0000 3.2125 -0.1397 -0.0561 73
0.0000 10.6537 -0.4651 2.8574 3
0.0000 3.2282 -0.1455 0.0564 70
0.0000 0.8118 -0.0367 -0.1876 6
0.0000 3.2263 -0.1459 0.1693 61
0.0000 1.0748 -0.0488 -0.2091 2
0.0000 3.2064 -0.1462 0.2808 61
0.0000 1.2096 -0.0554 -0.1918 1
0.0000 3.2144 -0.1477 0.3951 51
0.0000 1.5725 -0.0725 -0.1933 2
0.0000 3.2184 -0.1484 0.5103 57
0.0000 2.1933 -0.1015 -0.1921 2
0.0000 3.2378 -0.1504 0.6301 74
0.0000 3.2580 -0.1519 -0.1709 73
0.0000 12.0709 -0.5650 2.7898 4
0.0000 3.2140 -0.1504 -0.0562 75
0.0000 10.6559 -0.5007 2.8584 2
0.0000 3.2197 -0.1558 0.0563 68
0.0000 0.7922 -0.0385 -0.1831 7
0.0000 3.2078 -0.1563 0.1683 66
0.0000 1.0903 -0.0533 -0.2122 2
0.0000 3.2238 -0.1582 0.2824 73
0.0000 1.1818 -0.0580 -0.1874 1
0.0000 3.2239 -0.1588 0.3963 57
0.0000 1.5782 -0.0780 -0.1940 2
0.0000 3.2258 -0.1600 0.5115 58
0.0000 2.1949 -0.1093 -0.1923 2
0.0000 3.2334 -0.1610 0.6293 73
0.0000 3.2615 -0.1629 -0.1711 75
0.0000 12.0943 -0.6063 2.7957 3
0.0000 3.2194 -0.1620 -0.0563 73
0.0000 10.6618 -0.5382 2.8605 2
0.0000 3.2152 -0.1668 0.0562 68
0.0000 0.8271 -0.0431 -0.1912 6
0.0000 3.2232 -0.1684 0.1691 65
0.0000 1.0587 -0.0555 -0.2061 2
0.0000 3.2292 -0.1692 0.2829 67
0.0000 1.1619 -0.0611 -0.1843 1
0.0000 3.2213 -0.1699 0.3961 61
0.0000 1.5680 -0.0830 -0.1928 2
0.0000 3.2311 -0.1716 0.5125 62
0.0000 2.2025 -0.1174 -0.1930 2
0.0000 3.2348 -0.1729 0.6297 75
0.0000 3.2489 -0.1742 -0.1705 75
0.0000 3.2268 -0.1736 -0.0564 73
0.0000 0.8487 -0.0470 -0.2278 5
0.0000 3.2265 -0.1793 0.0564 74
0.0000 0.8503 -0.0474 -0.1966 5
0.0000 3.2185 -0.1799 0.1689 80
0.0000 1.0742 -0.0602 -0.2091 2
0.0000 3.2246 -0.1808 0.2826 78
0.0000 1.1774 -0.0662 -0.1868 1
0.0000 3.2167 -0.1815 0.3956 63
0.0000 1.5697 -0.0889 -0.1930 2
0.0000 3.2344 -0.1837 0.5131 66
0.0000 2.1821 -0.1243 -0.1912 2
0.0000 3.2439 -0.1853 0.6316 84
0.0000 3.2522 -0.1864 -0.1707 73
0.0000 3.2238 -0.1848 0.7455 1
0.0000 3.2402 -0.1863 -0.0567 87
0.0000 3.1900 -0.1839 0.8562 1
0.0000 3.2298 -0.1913 0.0565 70
0.0000 0.8034 -0.0477 -0.1858 6
0.0000 3.2019 -0.1908 0.1681 70
0.0000 1.0857 -0.0647 -0.2114 2
0.0000 3.2299 -0.1930 0.2831 60
0.0000 1.2008 -0.0720 -0.1905 1
0.0000 3.2239 -0.1938 0.3966 27
0.0000 1.5733 -0.0948 -0.1935 2
0.0000 3.2219 -0.1948 0.5112 19
0.0000 2.1976 -0.1329 -0.1926 2
0.0000 3.2555 -0.1980 -0.1709 71
0.0000 3.1920 -0.1947 0.7383 21
0.0000 3.2195 -0.1969 -0.0563 79
0.0000 3.2272 -0.2025 0.0564 41
0.0000 0.8266 -0.0520 -0.1912 6
0.0000 3.1972 -0.2017 0.1679 19
0.0000 1.0581 -0.0668 -0.2061 2
0.0000 3.2053 -0.2028 0.2810 33
0.0000 1.1848 -0.0752 -0.1880 1
0.0000 3.1915 -0.2030 0.3927 39
0.0000 1.5670 -0.1000 -0.1928 3
0.0000 3.2034 -0.2049 0.5084 58
0.0000 2.1911 -0.1402 -0.1921 2
0.0000 3.1916 -0.2047 0.6217 46
0.0000 3.2628 -0.2099 -0.1713 71
0.0000 3.1815 -0.2052 0.7360 33
0.0000 3.2128 -0.2078 -0.0562 23
0.0000 0.8482 -0.0560 -0.2278 5
0.0000 3.2045 -0.2123 0.0561 62
0.0000 0.8264 -0.0549 -0.1912 6
0.0000 3.2005 -0.2126 0.1681 54
0.0000 1.0461 -0.0697 -0.2038 2
0.0000 3.2106 -0.2144 0.2815 69
0.0000 1.1964 -0.0801 -0.1899 1
0.0000 3.1987 -0.2147 0.3936 51
0.0000 1.5845 -0.1064 -0.1950 3
0.0000 3.2146 -0.2163 0.5103 58
0.0000 2.1727 -0.1466 -0.1905 2
0.0000 3.1928 -0.2160 0.6220 51
0.0000 3.2620 -0.2212 -0.1713 68
0.0000 3.1847 -0.2160 0.7369 46
0.0000 3.2400 -0.2203 -0.0567 97
0.0000 3.1898 -0.2175 0.8567 57
0.0000 0.8480 -0.0589 -0.2278 5
0.0000 3.2038 -0.2229 0.0561 70
0.0000 0.8262 -0.0576 -0.1912 6
0.0000 3.2058 -0.2236 0.1684 73
0.0000 1.0850 -0.0759 -0.2114 2
0.0000 3.2039 -0.2246 0.2810 72
0.0000 1.1882 -0.0835 -0.1887 1
0.0000 3.2020 -0.2256 0.3941 66
0.0000 1.5643 -0.1102 -0.1926 3
0.0000 3.2138 -0.2270 0.5103 68
0.0000 2.1842 -0.1546 -0.1916 2
0.0000 3.1842 -0.2260 0.6205 60
0.0000 3.2553 -0.2316 -0.1710 61
0.0000 3.1976 -0.2275 0.7401 65
0.0000 3.2453 -0.2315 -0.0568 100
0.0000 3.1929 -0.2283 0.8577 91
0.0000 3.2110 -0.2341 0.0562 93
0.0000 0.8260 -0.0604 -0.1912 6
0.0000 3.2050 -0.2348 0.1684 90
0.0000 1.0730 -0.0786 -0.2091 2
0.0000 3.2111 -0.2358 0.2817 100
0.0000 1.1919 -0.0877 -0.1893 1
0.0000 3.1913 -0.2355 0.3929 75
0.0000 1.5758 -0.1166 -0.1940 3
0.0000 3.2248 -0.2391 0.5122 93
0.0000 2.1777 -0.1614 -0.1910 2
0.0000 3.2050 -0.2382 0.6247 78
0.0000 3.2565 -0.2426 -0.1711 49
0.0000 3.1871 -0.2380 0.7378 61
0.0000 3.2424 -0.2427 -0.0568 102
0.0000 3.1902 -0.2393 0.8572 66
0.0000 3.2141 -0.2456 0.0563 75
0.0000 0.8647 -0.0662 -0.2002 5
0.0000 3.1942 -0.2452 0.1679 74
0.0000 1.0531 -0.0808 -0.2053 2
0.0000 3.2162 -0.2475 0.2822 72
0.0000 1.1916 -0.0919 -0.1893 1
0.0000 3.2162 -0.2486 0.3961 67
0.0000 1.5675 -0.1214 -0.1930 3
0.0000 3.2161 -0.2497 0.5109 66
0.0000 2.1930 -0.1703 -0.1924 2
0.0000 3.2237 -0.2509 0.6285 51
0.0000 3.2636 -0.2546 -0.1716 42
0.0000 3.1998 -0.2501 0.7410 31
0.0000 3.2037 -0.2510 -0.0561 75
0.0000 3.1874 -0.2503 0.8567 29
0.0000 3.2172 -0.2572 0.0563 56
0.0000 0.8100 -0.0649 -0.1876 6
0.0000 3.1894 -0.2555 0.1677 31
0.0000 1.0411 -0.0836 -0.2030 2
0.0000 3.1895 -0.2566 0.2799 20
0.0000 1.2070 -0.0973 -0.1918 1
0.0000 1.5512 -0.1256 -0.1911 3
0.0000 2.1745 -0.1765 -0.1909 2
0.0000 3.1837 -0.2590 0.6209 6
0.0000 3.2249 -0.2629 -0.1696 33
0.0000 3.1465 -0.2570 0.7288 3
0.0000 3.1969 -0.2611 -0.0560 12
0.0000 3.1346 -0.2566 0.8427 4
0.0000 0.8253 -0.0689 -0.1912 6
0.0000 1.0525 -0.0882 -0.2053 2
0.0000 3.1171 -0.2617 0.2737 4
0.0000 1.1870 -0.0997 -0.1887 1
0.0000 3.1254 -0.2630 0.3851 4
0.0000 1.5627 -0.1318 -0.1926 3
0.0000 3.1277 -0.2643 0.4971 3
0.0000 2.1759 -0.1842 -0.1910 2
0.0000 3.1163 -0.2639 0.6079 3
0.0000 3.1921 -0.2709 -0.1679 64
0.0000 3.0815 -0.2620 0.7140 3
0.0000 3.1481 -0.2682 -0.0551 2
0.0000 3.0759 -0.2626 0.8272 3
0.0000 3.0839 -0.2676 0.0540 3
0.0000 0.8290 -0.0721 -0.1921 6
0.0000 3.0721 -0.2677 0.1616 3
0.0000 1.0522 -0.0917 -0.2053 2
0.0000 3.0864 -0.2695 0.2711 3
0.0000 1.1984 -0.1048 -0.1905 2
0.0000 3.0592 -0.2682 0.3771 3
0.0000 1.5800 -0.1388 -0.1947 3
0.0000 3.0796 -0.2711 0.4896 3
0.0000 2.1772 -0.1916 -0.1912 2
0.0000 3.0860 -0.2722 0.6022 3
0.0000 3.1971 -0.2825 -0.1682 64
0.0000 3.0418 -0.2693 0.7050 2
0.0000 3.0834 -0.2736 -0.0540 2
0.0000 3.0365 -0.2699 0.8168 3
0.0000 3.0432 -0.2748 0.0533 3
0.0000 0.7511 -0.0680 -0.1741 7
0.0000 3.0135 -0.2732 0.1586 3
0.0000 1.0519 -0.0954 -0.2053 2
0.0000 3.0418 -0.2763 0.2672 3
0.0000 1.1744 -0.1069 -0.1868 1
0.0000 3.0108 -0.2745 0.3712 3
0.0000 1.5716 -0.1436 -0.1938 2
0.0000 3.0393 -0.2782 0.4834 3
0.0000 2.1825 -0.1998 -0.1917 2
0.0000 3.0303 -0.2779 0.5915 3
0.0000 3.2021 -0.2942 -0.1685 61
0.0000 2.9748 -0.2739 0.6897 3
0.0000 3.0187 -0.2784 -0.0529 2
0.0000 2.9778 -0.2752 0.8013 2
0.0000 2.9984 -0.2813 0.0526 3
0.0000 0.8013 -0.0753 -0.1858 6
0.0000 2.9648 -0.2792 0.1561 3
0.0000 1.0516 -0.0990 -0.2053 2
0.0000 2.9932 -0.2824 0.2630 3
0.0000 1.1898 -0.1125 -0.1893 1
0.0000 2.9861 -0.2828 0.3683 3
0.0000 1.5573 -0.1478 -0.1921 2
0.0000 2.9871 -0.2839 0.4752 3
0.0000 2.1877 -0.2083 -0.1923 2
0.0000 2.9883 -0.2846 0.5835 3
0.0000 2.9351 -0.2805 0.6807 2
0.0000 2.9958 -0.2869 -0.0525 2
0.0000 2.9307 -0.2812 0.7889 2
0.0000 2.9576 -0.2879 0.0519 3
0.0000 0.8010 -0.0781 -0.1858 6
0.0000 2.9300 -0.2863 0.1543 3
0.0000 1.0434 -0.1021 -0.2038 2
0.0000 2.9446 -0.2887 0.2589 3
0.0000 1.1933 -0.1172 -0.1899 1
0.0000 2.9377 -0.2886 0.3624 3
0.0000 1.5587 -0.1534 -0.1923 2
0.0000 2.9232 -0.2882 0.4652 3
0.0000 2.1790 -0.2152 -0.1916 2
0.0000 2.9501 -0.2919 0.5762 3
0.0000 2.9030 -0.2882 0.6735 2
0.0000 2.9610 -0.2940 -0.0519 2
0.0000 2.8989 -0.2883 0.7806 3
0.0000 2.9187 -0.2949 0.0512 3
0.0000 0.7503 -0.0760 -0.1741 7
0.0000 2.8932 -0.2934 0.1524 3
0.0000 1.0157 -0.1030 -0.1984 2
0.0000 2.8940 -0.2940 0.2545 3
0.0000 1.1732 -0.1194 -0.1868 1
0.0000 2.8892 -0.2945 0.3566 3
0.0000 1.5581 -0.1591 -0.1923 2
0.0000 2.8986 -0.2965 0.4615 3
0.0000 2.1743 -0.2228 -0.1912 1
0.0000 2.8866 -0.2958 0.5640 3
0.0000 3.0915 -0.3173 -0.1629 13
0.0000 2.8632 -0.2944 0.6645 2
0.0000 2.9102 -0.2997 -0.0511 2
0.0000 2.8633 -0.2954 0.7713 2
0.0000 2.8779 -0.3010 0.0505 3
0.0000 0.8470 -0.0887 -0.1966 5
0.0000 2.8643 -0.3005 0.1509 3
0.0000 1.0543 -0.1108 -0.2061 2
0.0000 2.8533 -0.3004 0.2510 3
0.0000 1.1728 -0.1237 -0.1868 1
0.0000 2.8447 -0.3000 0.3512 3
0.0000 1.5734 -0.1662 -0.1943 2
0.0000 2.8543 -0.3020 0.4546 3
0.0000 2.1774 -0.2308 -0.1916 2
0.0000 2.8542 -0.3030 0.5579 3
0.0000 3.0029 -0.3193 -0.1583 8
0.0000 2.8311 -0.3016 0.6573 2
0.0000 2.8554 -0.3041 -0.0501 2
0.0000 2.8123 -0.3000 0.7578 3
0.0000 2.8291 -0.3058 0.0497 3
0.0000 0.8002 -0.0866 -0.1858 6
0.0000 2.8117 -0.3045 0.1482 3
0.0000 1.0696 -0.1160 -0.2091 2
0.0000 2.8245 -0.3068 0.2486 3
0.0000 1.1881 -0.1293 -0.1893 1
0.0000 2.8101 -0.3063 0.3471 3
0.0000 1.5609 -0.1704 -0.1928 3
0.0000 2.8179 -0.3076 0.4490 3
0.0000 2.1786 -0.2382 -0.1917 2
0.0000 2.8181 -0.3086 0.5511 3
0.0000 2.9661 -0.3254 -0.1564 8
0.0000 2.7681 -0.3041 0.6429 3
0.0000 2.8285 -0.3108 -0.0497 2
0.0000 2.7844 -0.3064 0.7506 3
0.0000 2.8102 -0.3132 0.0494 3
0.0000 0.8231 -0.0919 -0.1912 6
0.0000 2.7729 -0.3100 0.1462 3
0.0000 1.0536 -0.1180 -0.2061 2
0.0000 2.7918 -0.3131 0.2458 3
0.0000 1.1798 -0.1323 -0.1880 1
0.0000 2.7696 -0.3112 0.3422 3
0.0000 1.5485 -0.1742 -0.1913 2
0.0000 2.7894 -0.3144 0.4446 3
0.0000 2.1857 -0.2467 -0.1924 2
0.0000 2.7722 -0.3129 0.5423 3
0.0000 2.9591 -0.3345 -0.1561 8
0.0000 2.7419 -0.3105 0.6371 3
0.0000 2.7658 -0.3137 -0.0486 2
0.0000 2.7334 -0.3105 0.7371 4
0.0000 2.7693 -0.3185 0.0487 3
0.0000 0.8189 -0.0943 -0.1903 6
0.0000 2.7421 -0.3158 0.1447 4
0.0000 1.0688 -0.1233 -0.2091 2
0.0000 2.7551 -0.3183 0.2426 4
0.0000 1.1833 -0.1369 -0.1887 2
0.0000 2.7607 -0.3199 0.3412 4
0.0000 1.5716 -0.1824 -0.1943 2
0.0000 2.7471 -0.3188 0.4380 5
0.0000 2.1651 -0.2517 -0.1907 2
0.0000 2.7516 -0.3203 0.5385 9
0.0000 2.9460 -0.3435 -0.1554 8
0.0000 2.7311 -0.3189 0.6348 14
0.0000 2.7608 -0.3224 -0.0485 9
0.0000 2.7345 -0.3236 0.0481 12
0.0000 0.8186 -0.0970 -0.1903 6
0.0000 2.7449 -0.3259 0.1449 17
0.0000 1.0293 -0.1224 -0.2015 2
0.0000 2.7223 -0.3241 0.2399 15
0.0000 1.1593 -0.1380 -0.1849 2
0.0000 1.5414 -0.1841 -0.1906 2
0.0000 2.7087 -0.3240 0.4321 14
0.0000 2.1622 -0.2590 -0.1905 2
0.0000 2.7407 -0.3283 0.5366 18
0.0000 2.9369 -0.3523 -0.1550 10
0.0000 2.7436 -0.3296 0.6380 17
0.0000 2.7656 -0.3327 -0.0486 25
0.0000 2.7082 -0.3263 0.7309 31
0.0000 2.7373 -0.3337 0.0481 33
0.0000 0.7989 -0.0975 -0.1858 6
0.0000 2.7477 -0.3359 0.1451 30
0.0000 1.0679 -0.1306 -0.2091 2
0.0000 2.7410 -0.3356 0.2416 20
0.0000 1.1666 -0.1430 -0.1862 2
0.0000 2.7308 -0.3353 0.3378 19
0.0000 1.5604 -0.1919 -0.1930 2
0.0000 2.7272 -0.3358 0.4352 21
0.0000 2.1871 -0.2693 -0.1928 2
0.0000 2.7376 -0.3376 0.5362 22
0.0000 2.8167 -0.3478 -0.1487 4
0.0000 2.7405 -0.3389 0.6375 21
0.0000 2.7664 -0.3426 -0.0487 22
0.0000 2.7281 -0.3384 0.7366 20
0.0000 2.7381 -0.3435 0.0482 23
0.0000 0.7986 -0.1003 -0.1858 6
0.0000 2.7366 -0.3443 0.1446 24
0.0000 1.0830 -0.1362 -0.2122 2
0.0000 2.7477 -0.3461 0.2423 20
0.0000 1.1739 -0.1481 -0.1874 2
0.0000 2.7356 -0.3456 0.3386 20
0.0000 1.5519 -0.1963 -0.1921 3
0.0000 2.7358 -0.3466 0.4368 20
0.0000 2.2197 -0.2812 -0.1958 2
0.0000 2.7481 -0.3486 0.5385 25
0.0000 2.7335 -0.3477 0.6362 24
0.0000 2.7553 -0.3510 -0.0485 24
0.0000 2.7327 -0.3486 0.7382 19
0.0000 0.7472 -0.0963 -0.2019 7
0.0000 2.7468 -0.3543 0.0483 27
0.0000 0.8446 -0.1091 -0.1966 5
0.0000 2.7354 -0.3538 0.1446 21
0.0000 1.0475 -0.1355 -0.2053 2
0.0000 2.7544 -0.3568 0.2430 21
0.0000 1.1734 -0.1522 -0.1874 2
0.0000 2.7442 -0.3564 0.3398 23
0.0000 1.5433 -0.2007 -0.1911 3
0.0000 2.7345 -0.3561 0.4368 21
0.0000 2.1950 -0.2859 -0.1937 2
0.0000 2.7430 -0.3577 0.5377 20
0.0000 2.7984 -0.3654 -0.1479 37
0.0000 2.7226 -0.3560 0.6339 14
0.0000 2.7422 -0.3591 -0.0483 23
0.0000 2.7314 -0.3581 0.7382 19
0.0000 2.7515 -0.3647 0.0484 23
0.0000 0.7476 -0.0992 -0.1741 7
0.0000 2.7302 -0.3628 0.1443 19
0.0000 1.0509 -0.1397 -0.2061 2
0.0000 2.7492 -0.3658 0.2426 21
0.0000 1.1846 -0.1579 -0.1893 2
0.0000 2.7468 -0.3665 0.3403 25
0.0000 1.5505 -0.2072 -0.1921 3
0.0000 2.7431 -0.3670 0.4383 21
0.0000 2.1585 -0.2888 -0.1905 2
0.0000 2.7515 -0.3686 0.5396 14
0.0000 2.8505 -0.3824 -0.1507 6
0.0000 2.7291 -0.3666 0.6357 9
0.0000 2.7508 -0.3700 -0.0484 21
0.0000 2.7321 -0.3679 0.7387 18
0.0000 2.7364 -0.3724 0.0482 21
0.0000 0.7975 -0.1087 -0.1858 6
0.0000 2.7448 -0.3745 0.1452 21
0.0000 1.0504 -0.1433 -0.2061 2
0.0000 2.7479 -0.3754 0.2426 19
0.0000 1.1684 -0.1598 -0.1868 2
0.0000 2.7416 -0.3756 0.3398 24
0.0000 1.5537 -0.2131 -0.1926 3
0.0000 2.7457 -0.3771 0.4390 16
0.0000 2.1673 -0.2977 -0.1914 2
0.0000 2.7463 -0.3777 0.5388 17
0.0000 2.8314 -0.3899 -0.1498 8
0.0000 2.7239 -0.3756 0.6348 8
0.0000 2.7495 -0.3796 -0.0484 25
0.0000 2.7346 -0.3780 0.7397 18
0.0000 0.8419 -0.1174 -0.2278 5
0.0000 2.7370 -0.3822 0.0482 24
0.0000 0.7469 -0.1044 -0.1741 7
0.0000 2.7474 -0.3847 0.1454 25
0.0000 1.0927 -0.1530 -0.2145 2
0.0000 2.7505 -0.3856 0.2430 21
0.0000 1.1992 -0.1683 -0.1918 2
0.0000 2.7344 -0.3843 0.3390 22
0.0000 1.5549 -0.2188 -0.1928 2
0.0000 2.7541 -0.3880 0.4405 19
0.0000 2.1682 -0.3055 -0.1916 2
0.0000 2.7488 -0.3878 0.5396 22
0.0000 2.7786 -0.3925 -0.1471 7
0.0000 2.7361 -0.3870 0.6380 14
0.0000 2.7581 -0.3906 -0.0486 23
0.0000 2.7333 -0.3875 0.7397 18
0.0000 0.8415 -0.1204 -0.2278 5
0.0000 2.7535 -0.3943 0.0486 21
0.0000 0.8160 -0.1170 -0.1903 6
0.0000 2.7362 -0.3928 0.1449 23
0.0000 1.0649 -0.1529 -0.2091 2
0.0000 2.7570 -0.3963 0.2437 21
0.0000 1.1712 -0.1686 -0.1874 2
0.0000 2.7468 -0.3958 0.3407 24
0.0000 1.5443 -0.2228 -0.1916 3
0.0000 2.7547 -0.3979 0.4408 19
0.0000 2.1770 -0.3145 -0.1924 2
0.0000 2.7494 -0.3977 0.5400 19
0.0000 2.7811 -0.4027 -0.1473 8
0.0000 2.7366 -0.3968 0.6384 18
0.0000 2.7567 -0.4002 -0.0486 23
0.0000 2.7396 -0.3982 0.7418 16
0.0000 2.7541 -0.4042 0.0486 23
0.0000 0.7963 -0.1170 -0.1858 6
0.0000 2.7367 -0.4027 0.1450 24
0.0000 1.0644 -0.1566 -0.2091 2
0.0000 2.7615 -0.4068 0.2442 20
0.0000 1.1901 -0.1755 -0.1905 1
0.0000 2.7513 -0.4063 0.3415 22
0.0000 1.5396 -0.2276 -0.1911 3
0.0000 2.7514 -0.4073 0.4405 17
0.0000 2.1739 -0.3218 -0.1923 2
0.0000 2.7635 -0.4096 0.5430 20
0.0000 2.7916 -0.4142 -0.1479 8
0.0000 2.7410 -0.4072 0.6398 19
0.0000 2.7533 -0.4095 -0.0486 21
0.0000 2.7458 -0.4089 0.7438 15
0.0000 2.7645 -0.4156 0.0488 19
0.0000 0.8151 -0.1227 -0.1903 6
0.0000 2.7433 -0.4129 0.1454 21
0.0000 1.0639 -0.1603 -0.2091 2
0.0000 2.7483 -0.4147 0.2432 19
0.0000 1.1739 -0.1773 -0.1880 1
0.0000 2.7557 -0.4168 0.3422 19
0.0000 1.5624 -0.2363 -0.1940 3
0.0000 2.7519 -0.4167 0.4408 18
0.0000 2.1649 -0.3282 -0.1916 2
0.0000 2.7679 -0.4201 0.5442 21
0.0000 2.7921 -0.4243 -0.1480 8
0.0000 2.7493 -0.4178 0.6420 17
0.0000 2.7559 -0.4192 -0.0487 19
0.0000 2.7425 -0.4177 0.7433 13
0.0000 2.7493 -0.4227 0.0486 17
0.0000 0.8609 -0.1325 -0.2011 5
0.0000 2.7459 -0.4226 0.1456 19
0.0000 1.0439 -0.1609 -0.2053 2
0.0000 2.7567 -0.4253 0.2440 19
0.0000 1.1616 -0.1794 -0.1862 2
0.0000 2.7622 -0.4271 0.3432 18
0.0000 1.5577 -0.2409 -0.1935 3
0.0000 2.7603 -0.4273 0.4424 18
0.0000 2.1461 -0.3326 -0.1900 2
0.0000 2.7549 -0.4275 0.5419 22
0.0000 2.7828 -0.4323 -0.1476 8
0.0000 2.7614 -0.4290 0.6452 18
0.0000 2.7624 -0.4296 -0.0488 15
0.0000 2.7335 -0.4256 0.7413 14
0.0000 2.7597 -0.4336 0.0488 18
0.0000 0.8182 -0.1287 -0.1912 6
0.0000 2.7483 -0.4328 0.1458 19
0.0000 1.0434 -0.1643 -0.2053 2
0.0000 2.7671 -0.4363 0.2451 17
0.0000 1.1727 -0.1851 -0.1880 2
0.0000 2.7549 -0.4353 0.3425 20
0.0000 1.5686 -0.2482 -0.1950 3
0.0000 2.7666 -0.4382 0.4436 18
0.0000 2.1685 -0.3438 -0.1921 2
0.0000 2.7534 -0.4366 0.5419 21
0.0000 2.7714 -0.4399 -0.1471 10
0.0000 2.7656 -0.4395 0.6465 18
0.0000 2.7609 -0.4393 -0.0488 15
0.0000 2.7491 -0.4379 0.7459 13
0.0000 2.7661 -0.4445 0.0489 18
0.0000 0.7908 -0.1272 -0.1849 6
0.0000 2.7349 -0.4405 0.1452 19
0.0000 1.0466 -0.1688 -0.2061 2
0.0000 2.7655 -0.4464 0.2451 18
0.0000 1.1720 -0.1894 -0.1880 2
0.0000 2.7514 -0.4446 0.3422 18
0.0000 1.5599 -0.2524 -0.1940 3
0.0000 2.7709 -0.4488 0.4446 16
0.0000 2.1594 -0.3501 -0.1914 2
0.0000 2.7673 -0.4492 0.5450 22
0.0000 2.7816 -0.4520 -0.1477 9
0.0000 2.7525 -0.4478 0.6438 17
0.0000 2.7652 -0.4498 -0.0489 16
0.0000 2.7495 -0.4478 0.7464 11
0.0000 2.7625 -0.4544 0.0489 19
0.0000 0.8018 -0.1320 -0.1876 6
0.0000 2.7353 -0.4509 0.1453 18
0.0000 1.0189 -0.1680 -0.2007 2
0.0000 2.7718 -0.4574 0.2458 18
0.0000 1.1713 -0.1935 -0.1880 2
0.0000 2.7615 -0.4567 0.3437 18
0.0000 1.5393 -0.2548 -0.1916 3
0.0000 2.7556 -0.4567 0.4424 17
0.0000 2.1602 -0.3580 -0.1916 2
0.0000 2.7677 -0.4592 0.5453 20
0.0000 2.8510 -0.4735 -0.1515 9
0.0000 2.7566 -0.4583 0.6452 16
0.0000 2.7754 -0.4620 -0.0491 21
0.0000 2.7421 -0.4569 0.7449 8
0.0000 2.7687 -0.4653 0.0490 18
0.0000 0.8398 -0.1413 -0.1966 5
0.0000 2.7495 -0.4631 0.1461 18
0.0000 1.0338 -0.1741 -0.2038 2
0.0000 2.7623 -0.4657 0.2451 17
0.0000 1.1862 -0.2002 -0.1905 2
0.0000 2.7638 -0.4670 0.3442 18
0.0000 1.5580 -0.2635 -0.1940 2
0.0000 2.7579 -0.4670 0.4430 17
0.0000 2.1609 -0.3659 -0.1917 2
0.0000 2.7796 -0.4711 0.5480 20
0.0000 2.8848 -0.4895 -0.1533 10
0.0000 2.7608 -0.4689 0.6465 18
0.0000 2.7678 -0.4706 -0.0490 21
0.0000 2.7462 -0.4674 0.7464 5
0.0000 2.7671 -0.4750 0.0490 19
0.0000 0.7817 -0.1343 -0.1831 7
0.0000 2.7557 -0.4740 0.1465 18
0.0000 1.0448 -0.1797 -0.2061 2
0.0000 2.7607 -0.4754 0.2451 17
0.0000 1.1622 -0.2003 -0.1868 2
0.0000 2.7700 -0.4780 0.3451 18
0.0000 1.5375 -0.2656 -0.1916 2
0.0000 2.7679 -0.4786 0.4449 17
0.0000 2.1458 -0.3710 -0.1905 2
0.0000 2.7663 -0.4788 0.5457 22
0.0000 2.9027 -0.5029 -0.1544 10
0.0000 2.7707 -0.4806 0.6492 20
0.0000 2.7780 -0.4823 -0.0492 20
0.0000 2.7446 -0.4770 0.7464 5
0.0000 2.7575 -0.4833 0.0489 19
0.0000 0.8004 -0.1404 -0.1876 6
0.0000 2.7599 -0.4847 0.1469 19
0.0000 1.0596 -0.1861 -0.2091 2
0.0000 2.7688 -0.4867 0.2460 16
0.0000 1.1420 -0.2010 -0.1837 2
0.0000 2.7585 -0.4859 0.3439 20
0.0000 1.5346 -0.2706 -0.1913 2
0.0000 2.7701 -0.4889 0.4455 17
0.0000 2.1543 -0.3803 -0.1914 2
0.0000 2.7646 -0.4885 0.5457 21
0.0000 2.8793 -0.5093 -0.1532 11
0.0000 2.7690 -0.4902 0.6492 19
0.0000 2.7783 -0.4924 -0.0493 19
0.0000 2.7562 -0.4890 0.7501 4
0.0000 0.7417 -0.1325 -0.2019 7
0.0000 2.7736 -0.4960 0.0492 18
0.0000 0.8153 -0.1460 -0.1912 6
0.0000 2.7465 -0.4917 0.1462 18
0.0000 1.0281 -0.1842 -0.2030 2
0.0000 2.7671 -0.4964 0.2460 16
0.0000 1.1568 -0.2077 -0.1862 2
0.0000 2.7568 -0.4955 0.3439 20
0.0000 1.5454 -0.2778 -0.1928 2
0.0000 2.7685 -0.4981 0.4455 18
0.0000 2.1452 -0.3864 -0.1907 2
0.0000 2.7745 -0.5002 0.5480 21
0.0000 2.8873 -0.5211 -0.1538 12
0.0000 2.7673 -0.4994 0.6492 19
0.0000 2.7884 -0.5037 -0.0495 22
0.0000 2.7413 -0.4957 0.7464 3
0.0000 2.7837 -0.5074 0.0494 18
0.0000 0.8148 -0.1487 -0.1912 6
0.0000 2.7488 -0.5015 0.1464 19
0.0000 1.0004 -0.1827 -0.1977 2
0.0000 2.7713 -0.5066 0.2465 17
0.0000 1.1523 -0.2109 -0.1855 2
0.0000 2.7688 -0.5072 0.3456 17
0.0000 1.5465 -0.2833 -0.1930 2
0.0000 2.7668 -0.5073 0.4455 17
0.0000 2.1635 -0.3971 -0.1924 2
0.0000 2.7748 -0.5098 0.5484 20
0.0000 2.8876 -0.5310 -0.1539 12
0.0000 2.7676 -0.5089 0.6497 18
0.0000 2.7631 -0.5086 -0.0490 17
0.0000 2.7795 -0.5121 0.7573 1
0.0000 2.7741 -0.5152 0.0493 18
0.0000 0.8143 -0.1514 -0.1912 6
0.0000 2.7550 -0.5121 0.1469 18
0.0000 1.0307 -0.1918 -0.2038 2
0.0000 2.7696 -0.5158 0.2465 17
0.0000 1.1554 -0.2154 -0.1862 2
0.0000 2.7827 -0.5193 0.3476 18
0.0000 1.5299 -0.2855 -0.1911 2
0.0000 2.7651 -0.5165 0.4455 17
0.0000 2.1328 -0.3987 -0.1898 2
0.0000 2.7866 -0.5215 0.5511 22
0.0000 2.8877 -0.5409 -0.1540 13
0.0000 2.7754 -0.5199 0.6519 20
0.0000 2.7772 -0.5207 -0.0493 19
0.0000 2.7398 -0.5142 0.7470 1
0.0000 2.7685 -0.5236 0.0492 18
0.0000 0.7984 -0.1512 -0.1876 6
0.0000 2.7729 -0.5249 0.1479 21
0.0000 1.0262 -0.1945 -0.2030 2
0.0000 2.7640 -0.5243 0.2461 18
0.0000 1.1508 -0.2185 -0.1855 2
0.0000 2.7751 -0.5274 0.3468 22
0.0000 1.5446 -0.2935 -0.1930 2
0.0000 2.7692 -0.5268 0.4465 18
0.0000 2.1530 -0.4099 -0.1917 2
0.0000 2.7694 -0.5278 0.5480 22
0.0000 2.8820 -0.5498 -0.1538 15
0.0000 2.7795 -0.5302 0.6533 20
0.0000 2.7911 -0.5329 -0.0496 22
0.0000 2.8026 -0.5356 0.7646 1
0.0000 2.7801 -0.5374 0.0494 20
0.0000 0.8131 -0.1573 -0.1912 6
0.0000 2.7747 -0.5368 0.1481 21
0.0000 1.0678 -0.2068 -0.2114 2
0.0000 2.7677 -0.5365 0.2467 19
0.0000 1.1538 -0.2239 -0.1862 2
0.0000 2.7671 -0.5374 0.3461 24
0.0000 1.5317 -0.2974 -0.1916 2
0.0000 2.7806 -0.5405 0.4487 19
0.0000 2.1435 -0.4170 -0.1910 2
0.0000 2.7711 -0.5397 0.5488 22
0.0000 2.8739 -0.5602 -0.1534 16
0.0000 2.7830 -0.5425 0.6546 20
0.0000 2.8008 -0.5464 -0.0498 24
0.0000 2.8384 -0.5543 0.7749 1
0.0000 2.7744 -0.5458 0.0494 24
0.0000 0.7973 -0.1570 -0.1876 6
0.0000 2.7670 -0.5449 0.1478 20
0.0000 1.0671 -0.2103 -0.2114 2
0.0000 2.7776 -0.5480 0.2477 18
0.0000 1.1802 -0.2330 -0.1905 2
0.0000 2.7712 -0.5477 0.3468 22
0.0000 1.5151 -0.2994 -0.1896 2
0.0000 2.7847 -0.5509 0.4496 21
0.0000 2.1421 -0.4241 -0.1910 2
0.0000 2.7828 -0.5515 0.5514 24
0.0000 2.9328 -0.5818 -0.1567 10
0.0000 2.7698 -0.5494 0.6519 22
0.0000 2.7852 -0.5530 -0.0496 25
0.0000 2.7804 -0.5566 0.0495 25
0.0000 0.8541 -0.1711 -0.2011 5
0.0000 2.7651 -0.5545 0.1478 22
0.0000 1.0549 -0.2115 -0.2091 2
0.0000 2.7836 -0.5588 0.2484 20
0.0000 1.1717 -0.2354 -0.1893 2
0.0000 2.7771 -0.5585 0.3478 22
0.0000 1.5004 -0.3020 -0.1879 2
0.0000 2.7692 -0.5579 0.4474 19
0.0000 2.1484 -0.4332 -0.1917 2
0.0000 2.7906 -0.5627 0.5533 22
0.0000 2.9895 -0.6033 -0.1598 8
0.0000 2.7793 -0.5614 0.6546 20
0.0000 2.7754 -0.5611 -0.0494 21
0.0000 2.7922 -0.5691 0.0497 26
0.0000 0.7886 -0.1609 -0.1858 6
0.0000 2.7709 -0.5658 0.1482 23
0.0000 1.0156 -0.2076 -0.2015 2
0.0000 2.7738 -0.5674 0.2477 18
0.0000 1.1631 -0.2381 -0.1880 2
0.0000 2.7888 -0.5709 0.3495 18
0.0000 1.5285 -0.3132 -0.1916 2
0.0000 2.7672 -0.5675 0.4474 19
0.0000 2.1449 -0.4403 -0.1916 2
0.0000 2.7923 -0.5737 0.5541 21
0.0000 2.9286 -0.6022 -0.1567 8
0.0000 2.7810 -0.5724 0.6555 21
0.0000 2.7695 -0.5700 -0.0494 20
0.0000 2.7744 -0.5761 0.0495 22
0.0000 0.8338 -0.1733 -0.1966 5
0.0000 2.7768 -0.5771 0.1486 22
0.0000 1.0341 -0.2151 -0.2053 2
0.0000 2.7757 -0.5778 0.2480 18
0.0000 1.1545 -0.2406 -0.1868 2
0.0000 2.7867 -0.5812 0.3495 18
0.0000 1.5390 -0.3212 -0.1930 2
0.0000 2.7729 -0.5788 0.4487 18
0.0000 2.1297 -0.4449 -0.1903 2
0.0000 2.7807 -0.5814 0.5522 24
0.0000 2.8874 -0.6043 -0.1546 9
0.0000 2.7828 -0.5829 0.6564 20
0.0000 2.7793 -0.5821 -0.0496 21
0.0000 2.9023 -0.6084 0.7946 1
0.0000 2.7783 -0.5865 0.0496 21
0.0000 0.8141 -0.1720 -0.1921 6
0.0000 2.7767 -0.5872 0.1487 21
0.0000 1.0641 -0.2252 -0.2114 2
0.0000 2.7853 -0.5900 0.2491 18
0.0000 1.1460 -0.2427 -0.1855 2
0.0000 2.7847 -0.5904 0.3495 17
0.0000 1.5244 -0.3235 -0.1913 2
0.0000 2.7941 -0.5934 0.4524 17
0.0000 2.1320 -0.4532 -0.1907 2
0.0000 2.7903 -0.5931 0.5545 19
0.0000 2.8522 -0.6068 -0.1528 11
0.0000 2.7904 -0.5941 0.6587 17
0.0000 2.7889 -0.5943 -0.0498 19
0.0000 2.8983 -0.6182 0.7941 2
0.0000 0.8311 -0.1783 -0.2278 5
0.0000 2.7880 -0.5987 0.0498 19
0.0000 0.8135 -0.1749 -0.1921 6
0.0000 2.7668 -0.5952 0.1483 18
0.0000 1.0518 -0.2263 -0.2091 2
0.0000 2.7872 -0.6001 0.2494 18
0.0000 1.1413 -0.2459 -0.1849 2
0.0000 2.7826 -0.6001 0.3495 17
0.0000 1.4980 -0.3233 -0.1882 2
0.0000 2.7862 -0.6019 0.4515 16
0.0000 2.1247 -0.4590 -0.1902 2
0.0000 2.8016 -0.6057 0.5572 18
0.0000 2.8442 -0.6155 -0.1525 13
0.0000 2.7902 -0.6043 0.6591 16
0.0000 2.7947 -0.6058 -0.0499 19
0.0000 3.0094 -0.6528 0.8251 1
0.0000 2.7898 -0.6093 0.0498 18
0.0000 0.8091 -0.1769 -0.1912 6
0.0000 2.7686 -0.6057 0.1485 17
0.0000 1.0510 -0.2299 -0.2091 2
0.0000 2.7871 -0.6102 0.2496 18
0.0000 1.1713 -0.2567 -0.1899 2
0.0000 2.7844 -0.6107 0.3500 18
0.0000 1.5085 -0.3311 -0.1896 2
0.0000 2.7860 -0.6120 0.4518 17
0.0000 2.1250 -0.4668 -0.1903 3
0.0000 2.7995 -0.6155 0.5572 17
0.0000 2.8440 -0.6258 -0.1526 13
0.0000 2.7843 -0.6132 0.6582 19
0.0000 2.7789 -0.6125 -0.0497 18
0.0000 3.1259 -0.6896 0.8577 1
0.0000 2.8013 -0.6221 0.0501 17
0.0000 0.7857 -0.1746 -0.1858 6
0.0000 2.7783 -0.6175 0.1492 17
0.0000 1.0617 -0.2362 -0.2114 2
0.0000 2.7810 -0.6191 0.2493 18
0.0000 1.1549 -0.2573 -0.1874 2
0.0000 2.7900 -0.6221 0.3510 17
0.0000 1.5267 -0.3407 -0.1921 2
0.0000 2.7840 -0.6213 0.4518 17
0.0000 2.1292 -0.4755 -0.1909 3
0.0000 2.7973 -0.6253 0.5572 19
0.0000 2.8359 -0.6344 -0.1523 11
0.0000 2.7821 -0.6229 0.6582 19
0.0000 2.8002 -0.6270 -0.0501 21
0.0000 3.0520 -0.6839 0.8381 1
0.0000 2.7895 -0.6292 0.0499 16
0.0000 0.8079 -0.1824 -0.1912 6
0.0000 2.7800 -0.6280 0.1494 16
0.0000 1.0647 -0.2407 -0.2122 2
0.0000 2.7789 -0.6288 0.2493 18
0.0000 1.1579 -0.2620 -0.1880 2
0.0000 2.7879 -0.6314 0.3510 16
0.0000 1.5236 -0.3453 -0.1918 2
0.0000 2.7837 -0.6314 0.4521 19
0.0000 2.1120 -0.4794 -0.1895 3
0.0000 2.7914 -0.6337 0.5564 20
0.0000 2.8455 -0.6465 -0.1529 10
0.0000 2.7895 -0.6343 0.6605 19
0.0000 2.8117 -0.6398 -0.0503 21
0.0000 3.0496 -0.6945 0.8381 1
0.0000 2.7892 -0.6393 0.0499 18
0.0000 0.8072 -0.1852 -0.1912 6
0.0000 2.7856 -0.6395 0.1498 17
0.0000 1.0180 -0.2337 -0.2030 2
0.0000 2.7904 -0.6411 0.2505 18
0.0000 1.1378 -0.2616 -0.1849 2
0.0000 2.7799 -0.6397 0.3503 16
0.0000 1.5282 -0.3520 -0.1926 2
0.0000 2.7911 -0.6434 0.4537 20
0.0000 2.1220 -0.4891 -0.1905 2
0.0000 2.7911 -0.6439 0.5568 20
0.0000 2.8237 -0.6519 -0.1519 7
0.0000 2.7949 -0.6458 0.6623 19
0.0000 2.8153 -0.6510 -0.0504 22
0.0000 3.0170 -0.6982 0.8298 1
0.0000 2.7987 -0.6518 0.0502 18
0.0000 0.7345 -0.1712 -0.1741 7
0.0000 2.7795 -0.6483 0.1496 16
0.0000 1.0477 -0.2444 -0.2091 2
0.0000 2.7978 -0.6531 0.2514 21
0.0000 1.1445 -0.2674 -0.1862 2
0.0000 2.7815 -0.6504 0.3507 17
0.0000 1.5134 -0.3541 -0.1908 2
0.0000 2.7965 -0.6549 0.4549 19
0.0000 2.1145 -0.4952 -0.1900 2
0.0000 2.8003 -0.6563 0.5591 19
0.0000 2.8137 -0.6599 -0.1515 5
0.0000 2.7832 -0.6533 0.6600 19
0.0000 2.8188 -0.6622 -0.0505 23
0.0000 3.0070 -0.7070 0.8277 1
0.0000 2.8022 -0.6629 0.0503 17
0.0000 0.8021 -0.1899 -0.1903 6
0.0000 2.7812 -0.6585 0.1498 16
0.0000 1.0316 -0.2444 -0.2061 2
0.0000 2.7955 -0.6629 0.2514 18
0.0000 1.1551 -0.2741 -0.1880 2
0.0000 2.7870 -0.6619 0.3517 17
0.0000 1.5083 -0.3585 -0.1904 3
0.0000 2.7905 -0.6632 0.4543 18
0.0000 2.1263 -0.5058 -0.1912 2
0.0000 2.8056 -0.6679 0.5606 19
0.0000 2.8036 -0.6679 -0.1510 8
0.0000 2.7865 -0.6644 0.6614 15
0.0000 2.7855 -0.6641 -0.0500 19
0.0000 2.9821 -0.7115 0.8215 1
0.0000 2.8058 -0.6736 0.0504 18
0.0000 0.8280 -0.1989 -0.1966 5
0.0000 2.7789 -0.6682 0.1498 17
0.0000 0.9964 -0.2398 -0.1992 2
0.0000 2.7912 -0.6722 0.2512 18
0.0000 1.1350 -0.2733 -0.1849 2
0.0000 2.8002 -0.6749 0.3537 19
0.0000 1.5110 -0.3644 -0.1908 2
0.0000 2.7901 -0.6734 0.4546 18
0.0000 2.1149 -0.5109 -0.1903 2
0.0000 2.8034 -0.6772 0.5606 19
0.0000 2.7645 -0.6683 -0.1491 5
0.0000 2.7938 -0.6759 0.6636 16
0.0000 2.7890 -0.6752 -0.0501 16
0.0000 2.9458 -0.7138 0.8122 1
0.0000 2.7976 -0.6820 0.0503 17
0.0000 0.8008 -0.1954 -0.1903 6
0.0000 2.7862 -0.6802 0.1503 19
0.0000 1.0108 -0.2468 -0.2023 2
0.0000 2.7929 -0.6824 0.2515 20
0.0000 1.1494 -0.2810 -0.1874 2
0.0000 2.7998 -0.6851 0.3539 19
0.0000 1.5136 -0.3706 -0.1913 2
0.0000 2.8012 -0.6865 0.4568 20
0.0000 2.0957 -0.5140 -0.1888 3
0.0000 2.8067 -0.6884 0.5617 18
0.0000 2.8047 -0.6889 0.6668 16
0.0000 2.8060 -0.6897 -0.0504 18
0.0000 2.9021 -0.7139 0.8008 1
0.0000 0.8251 -0.2042 -0.2278 5
0.0000 2.7933 -0.6913 0.0502 18
0.0000 0.7888 -0.1954 -0.1876 6
0.0000 2.7974 -0.6933 0.1510 19
0.0000 1.0175 -0.2524 -0.2038 2
0.0000 2.7826 -0.6907 0.2508 6
0.0000 1.1368 -0.2824 -0.1855 2
0.0000 2.7877 -0.6925 0.3527 16
0.0000 1.5123 -0.3759 -0.1913 3
0.0000 2.8083 -0.6986 0.4584 19
0.0000 2.1054 -0.5242 -0.1898 2
0.0000 2.8004 -0.6977 0.5610 19
0.0000 2.8040 -0.6996 0.6672 14
0.0000 2.8133 -0.7020 -0.0506 18
0.0000 2.8902 -0.7217 0.7982 1
0.0000 0.8244 -0.2071 -0.2278 5
0.0000 2.8024 -0.7044 0.0504 18
0.0000 0.8032 -0.2020 -0.1912 6
0.0000 2.7813 -0.7002 0.1503 18
0.0000 1.0281 -0.2588 -0.2061 2
0.0000 2.2585 -0.5690 0.2038 12
0.0000 1.1512 -0.2902 -0.1880 2
0.0000 1.4955 -0.3776 -0.1894 2
0.0000 2.8000 -0.7075 0.4574 16
0.0000 2.1094 -0.5330 -0.1903 2
0.0000 2.8055 -0.7094 0.5625 18
0.0000 2.7978 -0.7085 0.6663 14
0.0000 2.8204 -0.7147 -0.0508 19
0.0000 2.8819 -0.7308 0.7966 1
0.0000 2.8096 -0.7167 0.0506 17
0.0000 0.8025 -0.2048 -0.1912 6
0.0000 2.7885 -0.7123 0.1508 18
0.0000 1.0272 -0.2624 -0.2061 2
0.0000 2.2604 -0.5778 0.2041 11
0.0000 1.1349 -0.2903 -0.1855 2
0.0000 1.5019 -0.3848 -0.1904 3
0.0000 2.2560 -0.5784 0.3689 7
0.0000 2.1017 -0.5389 -0.1898 2
0.0000 2.7574 -0.7075 0.5533 3
0.0000 2.9095 -0.7470 -0.1574 13
0.0000 2.7896 -0.7168 0.6650 15
0.0000 2.8160 -0.7241 -0.0508 21
0.0000 2.8400 -0.7308 0.7858 2
0.0000 2.8090 -0.7270 0.0506 18
0.0000 0.7980 -0.2067 -0.1903 6
0.0000 2.7900 -0.7226 0.1510 17
0.0000 1.0224 -0.2650 -0.2053 2
0.0000 2.2719 -0.5892 0.2053 13
0.0000 1.1453 -0.2973 -0.1874 2
0.0000 2.2480 -0.5839 0.2852 18
0.0000 1.5082 -0.3920 -0.1913 2
0.0000 2.2330 -0.5804 0.3654 13
0.0000 2.1037 -0.5472 -0.1902 2
0.0000 2.2723 -0.5915 0.4564 18
0.0000 2.9088 -0.7577 -0.1575 10
0.0000 2.8116 -0.7329 -0.0507 19
0.0000 2.6899 -0.7017 0.7449 1
0.0000 0.8222 -0.2157 -0.2278 5
0.0000 2.8008 -0.7348 0.0505 17
0.0000 0.7785 -0.2044 -0.1858 6
0.0000 2.7990 -0.7354 0.1517 17
0.0000 1.0215 -0.2686 -0.2053 2
0.0000 2.2871 -0.6017 0.2069 12
0.0000 1.1328 -0.2980 -0.1855 2
0.0000 2.2499 -0.5923 0.2857 16
0.0000 1.5030 -0.3960 -0.1908 2
0.0000 2.2425 -0.5912 0.3673 20
0.0000 2.1037 -0.5550 -0.1903 2
0.0000 2.2723 -0.5995 0.4568 20
0.0000 2.8928 -0.7638 -0.1568 8
0.0000 2.8110 -0.7432 -0.0508 18
0.0000 2.3774 -0.6290 0.6590 4
0.0000 2.8059 -0.7466 0.0507 19
0.0000 0.7288 -0.1940 -0.1741 7
0.0000 2.8042 -0.7472 0.1521 16
0.0000 0.9865 -0.2628 -0.1984 2
0.0000 2.3583 -0.6288 0.2135 10
0.0000 1.1356 -0.3030 -0.1862 2
0.0000 2.2554 -0.6022 0.2866 16
0.0000 1.5074 -0.4028 -0.1916 2
0.0000 2.2537 -0.6026 0.3695 18
0.0000 2.1076 -0.5636 -0.1909 2
0.0000 2.2531 -0.6029 0.4534 20
0.0000 2.8419 -0.7609 -0.1542 9
0.0000 2.2833 -0.6118 0.5457 21
0.0000 2.8141 -0.7546 -0.0509 18
0.0000 2.2969 -0.6163 0.6372 14
0.0000 2.8265 -0.7626 0.0511 18
0.0000 0.7996 -0.2159 -0.1912 6
0.0000 2.8016 -0.7570 0.1521 17
0.0000 0.9969 -0.2694 -0.2007 2
0.0000 2.4522 -0.6630 0.2222 23
0.0000 1.1193 -0.3028 -0.1837 2
0.0000 2.2553 -0.6106 0.2869 9
0.0000 1.4830 -0.4018 -0.1887 2
0.0000 2.2535 -0.6110 0.3698 23
0.0000 2.1076 -0.5714 -0.1910 2
0.0000 2.2548 -0.6118 0.4541 23
0.0000 2.8218 -0.7661 -0.1532 15
0.0000 2.2680 -0.6162 0.5426 17
0.0000 2.8269 -0.7686 -0.0511 17
0.0000 2.2947 -0.6243 0.6372 17
0.0000 2.8238 -0.7725 0.0511 20
0.0000 0.7763 -0.2125 -0.1858 6
0.0000 2.8066 -0.7689 0.1525 21
0.0000 0.9733 -0.2666 -0.1962 2
0.0000 2.4576 -0.6737 0.2229 19
0.0000 1.1335 -0.3109 -0.1862 2
0.0000 2.2474 -0.6169 0.2861 10
0.0000 1.4892 -0.4091 -0.1896 2
0.0000 2.2400 -0.6157 0.3679 21
0.0000 2.1017 -0.5777 -0.1907 2
0.0000 2.2526 -0.6196 0.4541 19
0.0000 2.8172 -0.7755 -0.1531 11
0.0000 2.2677 -0.6246 0.5430 19
0.0000 2.8242 -0.7785 -0.0511 21
0.0000 2.2813 -0.6292 0.6341 15
0.0000 2.8307 -0.7850 0.0513 21
0.0000 0.7267 -0.2017 -0.1741 7
0.0000 2.8097 -0.7802 0.1528 20
0.0000 0.9912 -0.2753 -0.2000 2
0.0000 2.4533 -0.6817 0.2228 27
0.0000 1.1362 -0.3159 -0.1868 2
0.0000 2.2031 -0.6131 0.2808 6
0.0000 1.4859 -0.4137 -0.1894 2
0.0000 2.1826 -0.6082 0.3589 9
0.0000 2.0805 -0.5797 -0.1890 2
0.0000 2.2561 -0.6291 0.4553 19
0.0000 2.5009 -0.6978 -0.1361 2
0.0000 2.2655 -0.6325 0.5430 18
0.0000 2.8254 -0.7894 -0.0512 21
0.0000 2.2698 -0.6346 0.6315 15
0.0000 2.8241 -0.7938 0.0512 21
0.0000 0.7748 -0.2179 -0.1858 6
0.0000 2.8186 -0.7928 0.1534 20
0.0000 1.0016 -0.2819 -0.2023 2
0.0000 2.4528 -0.6908 0.2229 34
0.0000 1.1123 -0.3135 -0.1830 2
0.0000 2.1723 -0.6127 0.2771 9
0.0000 1.4959 -0.4222 -0.1908 2
0.0000 2.1235 -0.5993 0.3495 21
0.0000 2.0880 -0.5897 -0.1898 2
0.0000 2.1538 -0.6086 0.4350 10
0.0000 2.6964 -0.7625 -0.1469 4
0.0000 2.2426 -0.6346 0.5381 13
0.0000 2.8304 -0.8009 -0.0513 19
0.0000 2.2510 -0.6374 0.6269 16
0.0000 2.8253 -0.8043 0.0513 22
0.0000 0.7928 -0.2258 -0.1903 6
0.0000 2.8216 -0.8043 0.1538 21
0.0000 1.0346 -0.2951 -0.2091 2
0.0000 2.4600 -0.7021 0.2238 24
0.0000 1.1340 -0.3237 -0.1868 2
0.0000 2.1359 -0.6100 0.2727 10
0.0000 1.4983 -0.4282 -0.1913 2
0.0000 2.1063 -0.6024 0.3470 26
0.0000 2.0821 -0.5959 -0.1895 2
0.0000 2.1102 -0.6039 0.4266 13
0.0000 2.8187 -0.8072 -0.1537 12
0.0000 2.1600 -0.6190 0.5187 14
0.0000 2.8295 -0.8114 -0.0514 20
0.0000 2.2413 -0.6431 0.6248 11
0.0000 2.8282 -0.8158 0.0514 21
0.0000 0.7246 -0.2091 -0.1741 7
0.0000 2.8151 -0.8125 0.1536 21
0.0000 1.0185 -0.2942 -0.2061 2
0.0000 2.4423 -0.7059 0.2224 13
0.0000 1.1291 -0.3265 -0.1862 2
0.0000 2.0861 -0.6037 0.2667 15
0.0000 1.4854 -0.4301 -0.1899 2
0.0000 2.1099 -0.6110 0.3479 23
0.0000 2.0821 -0.6033 -0.1897 2
0.0000 2.1194 -0.6145 0.4289 20
0.0000 2.8254 -0.8198 -0.1542 18
0.0000 2.1391 -0.6211 0.5142 16
0.0000 2.8441 -0.8257 -0.0517 21
0.0000 2.1705 -0.6306 0.6056 13
0.0000 0.8159 -0.2383 -0.2278 5
0.0000 2.8332 -0.8274 0.0515 20
0.0000 0.7725 -0.2258 -0.1858 6
0.0000 2.8103 -0.8218 0.1534 20
0.0000 0.9911 -0.2900 -0.2007 2
0.0000 2.4379 -0.7138 0.2222 17
0.0000 1.1318 -0.3314 -0.1868 2
0.0000 2.0993 -0.6151 0.2686 18
0.0000 1.4858 -0.4356 -0.1901 2
0.0000 2.1173 -0.6211 0.3495 31
0.0000 2.0857 -0.6123 -0.1902 2
0.0000 2.1268 -0.6243 0.4308 25
0.0000 2.8361 -0.8331 -0.1549 21
0.0000 2.1333 -0.6270 0.5133 24
0.0000 2.8316 -0.8329 -0.0515 20
0.0000 2.1572 -0.6349 0.6025 17
0.0000 2.8380 -0.8396 0.0517 23
0.0000 0.8166 -0.2417 -0.1966 5
0.0000 2.8246 -0.8367 0.1544 21
0.0000 0.9751 -0.2888 -0.1977 2
0.0000 2.4394 -0.7230 0.2226 10
0.0000 1.1193 -0.3320 -0.1849 2
0.0000 2.0991 -0.6230 0.2688 26
0.0000 1.4938 -0.4436 -0.1913 2
0.0000 2.1170 -0.6291 0.3498 28
0.0000 2.0741 -0.6163 -0.1893 2
0.0000 2.1340 -0.6345 0.4328 27
0.0000 2.8370 -0.8441 -0.1551 23
0.0000 2.1423 -0.6378 0.5160 24
0.0000 2.8344 -0.8444 -0.0516 21
0.0000 2.1383 -0.6375 0.5979 20
0.0000 2.8312 -0.8483 0.0516 25
0.0000 0.8157 -0.2446 -0.1966 5
0.0000 2.8141 -0.8443 0.1540 21
0.0000 1.0305 -0.3092 -0.2091 2
0.0000 2.8204 -0.8467 0.2576 22
0.0000 1.1219 -0.3370 -0.1855 2
0.0000 2.0912 -0.6286 0.2681 18
0.0000 1.4999 -0.4511 -0.1923 2
0.0000 2.1186 -0.6376 0.3504 18
0.0000 2.0605 -0.6201 -0.1883 3
0.0000 2.1261 -0.6403 0.4316 27
0.0000 2.8321 -0.8535 -0.1550 22
0.0000 2.1419 -0.6459 0.5165 24
0.0000 2.8372 -0.8561 -0.0517 20
0.0000 2.1416 -0.6466 0.5994 19
0.0000 2.8320 -0.8594 0.0517 19
0.0000 0.7216 -0.2191 -0.1741 7
0.0000 2.8302 -0.8599 0.1550 21
0.0000 1.0294 -0.3128 -0.2091 2
0.0000 2.8308 -0.8606 0.2589 18
0.0000 1.1169 -0.3398 -0.1849 2
0.0000 2.0871 -0.6353 0.2679 20
0.0000 1.4831 -0.4517 -0.1904 2
0.0000 2.1163 -0.6450 0.3504 17
0.0000 2.0468 -0.6242 -0.1872 3
0.0000 2.1276 -0.6489 0.4324 24
0.0000 2.8311 -0.8639 -0.1551 22
0.0000 2.1545 -0.6579 0.5201 20
0.0000 2.8476 -0.8701 -0.0520 22
0.0000 2.1412 -0.6546 0.5999 24
0.0000 0.7879 -0.2422 -0.1903 6
0.0000 2.8157 -0.8662 0.1544 21
0.0000 1.0282 -0.3165 -0.2091 2
0.0000 2.8428 -0.8757 0.2602 20
0.0000 1.1157 -0.3439 -0.1849 2
0.0000 2.0867 -0.6432 0.2681 23
0.0000 1.4758 -0.4551 -0.1896 2
0.0000 2.1273 -0.6565 0.3526 19
0.0000 2.0750 -0.6407 -0.1900 3
0.0000 2.1459 -0.6630 0.4366 19
0.0000 2.8374 -0.8772 -0.1556 22
0.0000 2.1391 -0.6617 0.5169 21
0.0000 2.8465 -0.8806 -0.0520 19
0.0000 2.1518 -0.6661 0.6036 21
0.0000 0.7194 -0.2238 -0.2019 7
0.0000 2.6196 -0.8154 0.0479 1
0.0000 0.7200 -0.2243 -0.1741 7
0.0000 2.8241 -0.8796 0.1550 21
0.0000 0.9747 -0.3038 -0.1984 2
0.0000 2.8436 -0.8868 0.2606 20
0.0000 1.1371 -0.3548 -0.1887 2
0.0000 2.1033 -0.6567 0.2705 26
0.0000 1.4723 -0.4597 -0.1894 2
0.0000 2.1118 -0.6598 0.3504 19
0.0000 2.0861 -0.6521 -0.1912 5
0.0000 2.1567 -0.6746 0.4392 19
0.0000 2.8420 -0.8895 -0.1561 19
0.0000 2.1518 -0.6735 0.5205 20
0.0000 2.8376 -0.8887 -0.0519 5
0.0000 2.1587 -0.6765 0.6062 24
0.0000 2.5806 -0.8127 0.0472 1
0.0000 0.7565 -0.2384 -0.1831 7
0.0000 2.8326 -0.8926 0.1556 21
0.0000 1.0073 -0.3176 -0.2053 2
0.0000 2.8311 -0.8932 0.2597 7
0.0000 1.1208 -0.3538 -0.1862 2
0.0000 2.1144 -0.6679 0.2723 20
0.0000 1.4859 -0.4694 -0.1913 2
0.0000 2.1265 -0.6721 0.3532 16
0.0000 2.0706 -0.6549 -0.1900 3
0.0000 2.1600 -0.6835 0.4404 19
0.0000 2.1402 -0.6777 0.5183 22
0.0000 2.3486 -0.7441 -0.0430 2
0.0000 2.1380 -0.6778 0.6010 19
0.0000 2.5475 -0.8115 0.0467 1
0.0000 0.7185 -0.2290 -0.1741 7
0.0000 2.8390 -0.9055 0.1562 23
0.0000 0.9987 -0.3187 -0.2038 2
0.0000 2.3479 -0.7493 0.2156 3
0.0000 1.1234 -0.3587 -0.1868 2
0.0000 2.1159 -0.6761 0.2727 16
0.0000 1.4729 -0.4709 -0.1899 2
0.0000 2.1317 -0.6819 0.3545 16
0.0000 2.0569 -0.6584 -0.1890 3
0.0000 2.1408 -0.6857 0.4370 25
0.0000 2.1583 -0.6917 0.5232 18
0.0000 2.5192 -0.8079 -0.0462 1
0.0000 2.1485 -0.6894 0.6046 21
0.0000 2.5654 -0.8276 0.0471 2
0.0000 0.8104 -0.2616 -0.1966 5
0.0000 2.8414 -0.9177 0.1565 21
0.0000 1.0125 -0.3272 -0.2068 2
0.0000 2.8210 -0.9117 0.2594 14
0.0000 1.1033 -0.3568 -0.1837 2
0.0000 2.1191 -0.6857 0.2735 16
0.0000 1.4863 -0.4812 -0.1918 2
0.0000 2.1348 -0.6916 0.3554 21
0.0000 2.0469 -0.6635 -0.1883 3
0.0000 2.1401 -0.6941 0.4373 21
0.0000 2.1724 -0.7050 0.5273 18
0.0000 2.5695 -0.8344 -0.0472 3
0.0000 2.1662 -0.7038 0.6103 20
0.0000 2.5186 -0.8227 0.0462 3
0.0000 0.8095 -0.2646 -0.1966 5
0.0000 2.8287 -0.9245 0.1560 20
0.0000 0.9815 -0.3210 -0.2007 2
0.0000 2.8461 -0.9313 0.2620 20
0.0000 1.1095 -0.3633 -0.1849 2
0.0000 2.1071 -0.6903 0.2723 19
0.0000 1.4658 -0.4802 -0.1894 2
0.0000 2.1324 -0.6990 0.3554 21
0.0000 2.0560 -0.6744 -0.1893 3
0.0000 2.1601 -0.7089 0.4419 20
0.0000 2.2163 -0.7278 -0.1223 1
0.0000 2.1625 -0.7102 0.5255 20
0.0000 2.5628 -0.8421 -0.0471 7
0.0000 2.1619 -0.7108 0.6098 11
0.0000 2.4988 -0.8254 0.0459 1
0.0000 0.7161 -0.2367 -0.1741 7
0.0000 2.8180 -0.9314 0.1555 7
0.0000 0.9543 -0.3156 -0.1954 2
0.0000 1.1120 -0.3682 -0.1855 2
0.0000 2.1350 -0.7073 0.2762 16
0.0000 1.4566 -0.4826 -0.1884 2
0.0000 2.1338 -0.7073 0.3560 20
0.0000 2.0575 -0.6824 -0.1897 3
0.0000 2.1764 -0.7223 0.4457 18
0.0000 2.2518 -0.7478 -0.1244 1
0.0000 2.1805 -0.7241 0.5304 13
0.0000 2.5467 -0.8462 -0.0468 8
0.0000 2.1412 -0.7119 0.6046 14
0.0000 2.3614 -0.7887 0.0435 4
0.0000 0.8077 -0.2699 -0.1966 5
0.0000 2.3128 -0.7734 0.1278 3
0.0000 0.9719 -0.3250 -0.1992 2
0.0000 2.2711 -0.7599 0.2095 1
0.0000 1.1220 -0.3756 -0.1874 2
0.0000 2.1458 -0.7188 0.2779 13
0.0000 1.4643 -0.4908 -0.1896 2
0.0000 2.1632 -0.7255 0.3614 12
0.0000 2.0477 -0.6867 -0.1890 3
0.0000 2.1833 -0.7326 0.4476 17
0.0000 2.5977 -0.8722 -0.1436 1
0.0000 2.2130 -0.7435 0.5390 7
0.0000 2.5532 -0.8583 -0.0470 1
0.0000 2.1222 -0.7138 0.5999 19
0.0000 2.4969 -0.8437 0.0460 10
0.0000 0.7144 -0.2415 -0.1741 7
0.0000 2.3233 -0.7859 0.1285 1
0.0000 0.9782 -0.3309 -0.2007 2
0.0000 2.1458 -0.7263 0.1982 3
0.0000 1.1095 -0.3758 -0.1855 2
0.0000 2.1809 -0.7390 0.2827 13
0.0000 1.4645 -0.4966 -0.1899 2
0.0000 2.2354 -0.7584 0.3739 16
0.0000 2.0434 -0.6932 -0.1888 3
0.0000 2.2792 -0.7737 0.4679 23
0.0000 2.5304 -0.8594 -0.1401 1
0.0000 2.1292 -0.7236 0.5192 9
0.0000 2.3609 -0.8028 -0.0435 1
0.0000 2.1160 -0.7199 0.5989 20
0.0000 0.7800 -0.2667 -0.1903 6
0.0000 2.3093 -0.7898 0.1279 1
0.0000 1.0291 -0.3521 -0.2114 2
0.0000 2.1771 -0.7454 0.2013 10
0.0000 1.1269 -0.3860 -0.1887 2
0.0000 2.2065 -0.7563 0.2864 22
0.0000 1.4721 -0.5049 -0.1911 2
0.0000 2.2553 -0.7735 0.3776 17
0.0000 2.0522 -0.7042 -0.1898 3
0.0000 2.2821 -0.7836 0.4690 24
0.0000 2.5425 -0.8735 -0.1409 1
0.0000 2.1138 -0.7266 0.5160 13
0.0000 2.5208 -0.8665 -0.0465 1
0.0000 2.1100 -0.7257 0.5979 16
0.0000 2.4193 -0.8359 0.0447 1
0.0000 0.7607 -0.2630 -0.1858 6
0.0000 2.2896 -0.7919 0.1270 2
0.0000 1.0167 -0.3519 -0.2091 2
0.0000 2.1915 -0.7589 0.2029 13
0.0000 1.1069 -0.3833 -0.1855 2
0.0000 2.2039 -0.7636 0.2864 22
0.0000 1.4592 -0.5059 -0.1896 2
0.0000 2.2582 -0.7833 0.3786 18
0.0000 2.0385 -0.7075 -0.1888 3
0.0000 2.2813 -0.7918 0.4694 29
0.0000 2.5169 -0.8740 -0.1396 1
0.0000 2.1095 -0.7330 0.5156 15
0.0000 2.5291 -0.8792 -0.0467 1
0.0000 2.1093 -0.7337 0.5984 18
0.0000 2.4315 -0.8496 0.0450 1
0.0000 0.7597 -0.2656 -0.1858 6
0.0000 2.2849 -0.7993 0.1269 1
0.0000 0.9896 -0.3462 -0.2038 2
0.0000 2.1965 -0.7688 0.2036 19
0.0000 1.1130 -0.3898 -0.1868 2
0.0000 2.2106 -0.7746 0.2876 23
0.0000 1.4612 -0.5123 -0.1901 2
0.0000 2.2499 -0.7892 0.3776 19
0.0000 2.0248 -0.7103 -0.1877 3
0.0000 2.2952 -0.8056 0.4728 32
0.0000 2.5063 -0.8802 -0.1392 1
0.0000 2.1070 -0.7403 0.5156 12
0.0000 2.5128 -0.8834 -0.0465 2
0.0000 2.1049 -0.7404 0.5979 16
0.0000 2.4926 -0.8807 0.0461 1
0.0000 0.7110 -0.2514 -0.1741 7
0.0000 2.2859 -0.8086 0.1271 1
0.0000 0.9810 -0.3470 -0.2023 2
0.0000 2.1881 -0.7744 0.2031 17
0.0000 1.1210 -0.3970 -0.1883 2
0.0000 2.2042 -0.7810 0.2871 18
0.0000 1.4556 -0.5160 -0.1896 2
0.0000 2.2471 -0.7971 0.3776 19
0.0000 2.0317 -0.7207 -0.1886 3
0.0000 2.2850 -0.8109 0.4713 34
0.0000 2.4957 -0.8862 -0.1388 1
0.0000 2.0989 -0.7457 0.5142 16
0.0000 2.5041 -0.8902 -0.0464 1
0.0000 2.0895 -0.7432 0.5942 20
0.0000 2.3407 -0.8363 0.0434 1
0.0000 0.7579 -0.2709 -0.1858 6
0.0000 2.3207 -0.8300 0.1292 3
0.0000 0.9982 -0.3570 -0.2061 2
0.0000 2.1910 -0.7841 0.2036 18
0.0000 1.0954 -0.3922 -0.1843 2
0.0000 2.2108 -0.7920 0.2883 22
0.0000 1.4501 -0.5198 -0.1891 2
0.0000 2.2406 -0.8036 0.3770 21
0.0000 2.0216 -0.7254 -0.1879 3
0.0000 2.2747 -0.8163 0.4698 34
0.0000 2.4926 -0.8949 -0.1388 1
0.0000 2.0926 -0.7517 0.5133 27
0.0000 2.4934 -0.8962 -0.0462 1
0.0000 2.0887 -0.7512 0.5948 18
0.0000 2.4168 -0.8730 0.0449 12
0.0000 0.7093 -0.2563 -0.1741 7
0.0000 2.8643 -1.0357 0.1596 20
0.0000 1.0006 -0.3620 -0.2068 2
0.0000 2.2163 -0.8023 0.2062 19
0.0000 1.1051 -0.4003 -0.1862 2
0.0000 2.2005 -0.7970 0.2874 16
0.0000 1.4669 -0.5316 -0.1916 2
0.0000 2.2508 -0.8161 0.3792 18
0.0000 2.0190 -0.7325 -0.1879 3
0.0000 2.2662 -0.8226 0.4686 29
0.0000 2.4912 -0.9047 -0.1389 1
0.0000 2.1136 -0.7680 0.5192 31
0.0000 2.4997 -0.9083 -0.0464 2
0.0000 2.0952 -0.7618 0.5974 21
0.0000 0.7984 -0.2916 -0.2278 5
0.0000 2.4530 -0.8962 0.0456 7
0.0000 0.7742 -0.2830 -0.1903 6
0.0000 2.8417 -1.0394 0.1586 19
0.0000 1.0030 -0.3669 -0.2076 2
0.0000 2.2265 -0.8148 0.2074 19
0.0000 1.1148 -0.4082 -0.1880 2
0.0000 2.2069 -0.8085 0.2886 23
0.0000 1.4519 -0.5322 -0.1899 2
0.0000 2.2478 -0.8243 0.3792 26
0.0000 2.0238 -0.7426 -0.1886 3
0.0000 2.2559 -0.8278 0.4671 21
0.0000 2.5086 -0.9210 -0.1401 1
0.0000 2.1091 -0.7747 0.5187 29
0.0000 2.4907 -0.9154 -0.0463 1
0.0000 2.0978 -0.7714 0.5989 16
0.0000 2.4649 -0.9103 0.0459 2
0.0000 0.7074 -0.2614 -0.1741 7
0.0000 2.8493 -1.0534 0.1592 19
0.0000 0.9833 -0.3637 -0.2038 2
0.0000 2.2217 -0.8223 0.2073 20
0.0000 1.0874 -0.4027 -0.1837 2
0.0000 2.2078 -0.8176 0.2891 23
0.0000 1.4482 -0.5366 -0.1896 2
0.0000 2.2356 -0.8288 0.3776 21
0.0000 2.0324 -0.7538 -0.1897 3
0.0000 2.2566 -0.8374 0.4679 12
0.0000 2.5052 -0.9302 -0.1401 1
0.0000 2.1044 -0.7818 0.5183 22
0.0000 2.1060 -0.7828 0.6020 18
0.0000 2.4956 -0.9311 0.0465 2
0.0000 0.7540 -0.2815 -0.1858 6
0.0000 2.8496 -1.0643 0.1594 19
0.0000 0.9711 -0.3627 -0.2015 2
0.0000 2.2079 -0.8251 0.2062 19
0.0000 1.1009 -0.4116 -0.1862 2
0.0000 2.2107 -0.8270 0.2898 26
0.0000 1.4427 -0.5400 -0.1891 2
0.0000 2.2292 -0.8348 0.3770 19
0.0000 2.0226 -0.7574 -0.1890 3
0.0000 2.1859 -0.8190 0.4537 12
0.0000 2.5023 -0.9381 -0.1401 1
0.0000 2.1348 -0.8007 0.5264 18
0.0000 2.4470 -0.9183 -0.0456 1
0.0000 2.1413 -0.8040 0.6129 17
0.0000 2.4567 -0.9264 0.0458 2
0.0000 0.7530 -0.2841 -0.1858 6
0.0000 2.8570 -1.0784 0.1600 21
0.0000 1.0176 -0.3841 -0.2114 2
0.0000 2.1938 -0.8285 0.2052 12
0.0000 1.0847 -0.4099 -0.1837 2
0.0000 2.1910 -0.8284 0.2876 11
0.0000 1.4557 -0.5506 -0.1911 2
0.0000 2.1726 -0.8223 0.3679 13
0.0000 2.0106 -0.7609 -0.1881 2
0.0000 2.1573 -0.8169 0.4484 19
0.0000 2.5177 -0.9539 -0.1411 1
0.0000 2.1375 -0.8102 0.5277 18
0.0000 2.4924 -0.9453 -0.0465 3
0.0000 2.1566 -0.8183 0.6181 19
0.0000 2.4591 -0.9371 0.0459 2
0.0000 0.7047 -0.2687 -0.1741 7
0.0000 2.8719 -1.0955 0.1611 19
0.0000 0.9722 -0.3709 -0.2023 2
0.0000 2.1574 -0.8234 0.2020 15
0.0000 1.0833 -0.4137 -0.1837 2
0.0000 2.1548 -0.8233 0.2832 19
0.0000 1.4500 -0.5543 -0.1906 2
0.0000 2.1495 -0.8221 0.3645 21
0.0000 2.0228 -0.7737 -0.1895 2
0.0000 2.1508 -0.8230 0.4476 17
0.0000 2.5516 -0.9769 -0.1432 1
0.0000 2.1346 -0.8177 0.5277 22
0.0000 2.4928 -0.9554 -0.0466 4
0.0000 2.1555 -0.8266 0.6186 23
0.0000 2.4204 -0.9320 0.0453 8
0.0000 0.7692 -0.2963 -0.1903 6
0.0000 2.8569 -1.1012 0.1605 21
0.0000 0.9599 -0.3700 -0.2000 2
0.0000 2.1582 -0.8324 0.2024 19
0.0000 1.0873 -0.4196 -0.1846 2
0.0000 2.1334 -0.8236 0.2808 16
0.0000 1.4407 -0.5565 -0.1896 2
0.0000 2.1540 -0.8324 0.3657 24
0.0000 2.0034 -0.7742 -0.1879 3
0.0000 2.1497 -0.8312 0.4480 20
0.0000 2.4923 -0.9642 -0.1401 1
0.0000 2.1317 -0.8251 0.5277 18
0.0000 2.4950 -0.9663 -0.0467 4
0.0000 2.1760 -0.8432 0.6253 28
0.0000 0.7922 -0.3081 -0.2278 5
0.0000 2.4320 -0.9462 0.0456 3
0.0000 0.7500 -0.2920 -0.1858 6
0.0000 2.8625 -1.1143 0.1610 20
0.0000 0.9769 -0.3805 -0.2038 2
0.0000 2.1534 -0.8392 0.2022 21
0.0000 1.0914 -0.4255 -0.1855 2
0.0000 2.1379 -0.8339 0.2818 21
0.0000 1.4369 -0.5608 -0.1894 2
0.0000 2.1328 -0.8324 0.3626 29
0.0000 2.0062 -0.7834 -0.1884 3
0.0000 2.1578 -0.8430 0.4503 16
0.0000 2.5820 -1.0093 -0.1453 1
0.0000 2.1143 -0.8269 0.5241 22
0.0000 2.5048 -0.9796 -0.0469 6
0.0000 2.1714 -0.8497 0.6248 21
0.0000 2.4493 -0.9623 0.0459 2
0.0000 0.7563 -0.2973 -0.1876 6
0.0000 2.8623 -1.1258 0.1612 20
0.0000 0.9463 -0.3724 -0.1977 2
0.0000 2.1301 -0.8386 0.2003 20
0.0000 1.0973 -0.4320 -0.1868 2
0.0000 2.1388 -0.8425 0.2822 17
0.0000 1.4535 -0.5728 -0.1918 2
0.0000 2.1335 -0.8413 0.3632 28
0.0000 1.9868 -0.7838 -0.1869 3
0.0000 2.1513 -0.8487 0.4495 19
0.0000 2.1243 -0.8389 0.5273 18
0.0000 2.4884 -0.9832 -0.0467 2
0.0000 2.1667 -0.8565 0.6243 19
0.0000 2.4590 -0.9761 0.0462 1
0.0000 0.7915 -0.3143 -0.1966 5
0.0000 2.8677 -1.1395 0.1617 19
0.0000 0.9633 -0.3828 -0.2015 2
0.0000 2.1255 -0.8450 0.2001 26
0.0000 1.0958 -0.4359 -0.1868 2
0.0000 2.1395 -0.8514 0.2827 21
0.0000 1.4367 -0.5720 -0.1899 2
0.0000 2.1343 -0.8502 0.3639 29
0.0000 1.9824 -0.7897 -0.1867 3
0.0000 2.1557 -0.8592 0.4511 17
0.0000 2.1376 -0.8528 0.5313 16
0.0000 2.5277 -1.0089 -0.0475 1
0.0000 2.1439 -0.8562 0.6186 13
0.0000 2.4945 -1.0003 0.0469 1
0.0000 0.7904 -0.3171 -0.1966 5
0.0000 2.8692 -1.1517 0.1620 18
0.0000 0.9656 -0.3876 -0.2023 2
0.0000 2.1299 -0.8554 0.2008 23
0.0000 1.0723 -0.4308 -0.1830 2
0.0000 2.1218 -0.8530 0.2808 17
0.0000 1.4421 -0.5800 -0.1908 2
0.0000 2.1386 -0.8606 0.3651 28
0.0000 1.9851 -0.7988 -0.1872 3
0.0000 2.1563 -0.8681 0.4518 14
0.0000 2.2009 -0.8865 -0.1244 1
0.0000 2.1852 -0.8807 0.5439 13
0.0000 2.8301 -1.1411 -0.0533 2
0.0000 2.1642 -0.8731 0.6253 13
0.0000 2.5021 -1.0135 0.0471 1
0.0000 0.7531 -0.3052 -0.1876 6
0.0000 2.8671 -1.1624 0.1621 19
0.0000 0.9315 -0.3777 -0.1954 2
0.0000 2.1380 -0.8673 0.2019 27
0.0000 1.0927 -0.4435 -0.1868 2
0.0000 2.1133 -0.8581 0.2801 21
0.0000 1.4363 -0.5835 -0.1904 2
0.0000 2.1374 -0.8688 0.3654 22
0.0000 1.9971 -0.8117 -0.1886 3
0.0000 2.1678 -0.8816 0.4549 15
0.0000 2.2255 -0.9055 -0.1259 6
0.0000 2.2742 -0.9258 0.5669 15
0.0000 2.8928 -1.1782 -0.0545 23
0.0000 2.3365 -0.9521 0.6760 15
0.0000 2.7614 -1.1297 0.0521 1
0.0000 0.7521 -0.3078 -0.1876 6
0.0000 2.8574 -1.1702 0.1618 18
0.0000 0.9447 -0.3869 -0.1984 2
0.0000 2.1257 -0.8710 0.2010 23
0.0000 1.0820 -0.4436 -0.1852 2
0.0000 2.1231 -0.8708 0.2818 18
0.0000 1.4306 -0.5870 -0.1899 2
0.0000 2.1380 -0.8777 0.3661 21
0.0000 1.9961 -0.8195 -0.1888 3
0.0000 2.1811 -0.8958 0.4583 14
0.0000 2.8800 -1.1835 -0.1632 15
0.0000 2.3989 -0.9863 0.5988 16
0.0000 2.8757 -1.1829 -0.0543 20
0.0000 2.3689 -0.9749 0.6864 29
0.0000 2.8572 -1.1806 0.0540 3
0.0000 0.7438 -0.3075 -0.1858 6
0.0000 2.8663 -1.1855 0.1626 18
0.0000 0.9398 -0.3887 -0.1977 2
0.0000 2.1190 -0.8768 0.2006 30
0.0000 1.0695 -0.4428 -0.1833 2
0.0000 2.1219 -0.8789 0.2820 22
0.0000 1.4286 -0.5920 -0.1899 2
0.0000 2.1331 -0.8844 0.3657 18
0.0000 1.9840 -0.8226 -0.1879 3
0.0000 2.1852 -0.9065 0.4598 5
0.0000 2.8888 -1.1989 -0.1639 17
0.0000 2.4063 -0.9992 0.6015 25
0.0000 2.8808 -1.1968 -0.0545 22
0.0000 2.3262 -0.9669 0.6750 22
0.0000 2.8568 -1.1921 0.0540 4
0.0000 0.7643 -0.3191 -0.1912 6
0.0000 2.8805 -1.2032 0.1636 19
0.0000 0.9529 -0.3980 -0.2007 2
0.0000 2.1122 -0.8827 0.2003 22
0.0000 1.0807 -0.4519 -0.1855 2
0.0000 2.1243 -0.8886 0.2827 18
0.0000 1.4375 -0.6016 -0.1913 2
0.0000 2.1428 -0.8972 0.3679 19
0.0000 1.9554 -0.8188 -0.1855 3
0.0000 2.8920 -1.2121 -0.1643 18
0.0000 2.4297 -1.0189 0.6083 39
0.0000 2.8858 -1.2107 -0.0546 23
0.0000 2.2943 -0.9630 0.6667 28
0.0000 2.8766 -1.2122 0.0545 19
0.0000 0.7488 -0.3157 -0.1876 6
0.0000 2.8763 -1.2132 0.1636 19
0.0000 0.9370 -0.3952 -0.1977 2
0.0000 2.1238 -0.8963 0.2017 30
0.0000 1.0792 -0.4556 -0.1855 2
0.0000 2.1194 -0.8953 0.2825 16
0.0000 1.4427 -0.6097 -0.1923 2
0.0000 2.1578 -0.9124 0.3711 14
0.0000 1.9635 -0.8302 -0.1865 3
0.0000 2.9382 -1.2430 0.6201 14
0.0000 2.8767 -1.2175 -0.1637 19
0.0000 2.4351 -1.0311 0.6105 48
0.0000 2.8890 -1.2239 -0.0548 21
0.0000 2.2625 -0.9590 0.6584 28
0.0000 2.8686 -1.2206 0.0544 20
0.0000 0.7369 -0.3137 -0.1849 6
0.0000 2.8702 -1.2225 0.1635 18
0.0000 0.9501 -0.4047 -0.2007 2
0.0000 2.1134 -0.9005 0.2010 21
0.0000 1.0848 -0.4625 -0.1868 2
0.0000 2.1126 -0.9011 0.2820 18
0.0000 1.4259 -0.6085 -0.1904 2
0.0000 1.9826 -0.8465 -0.1886 3
0.0000 2.9230 -1.2486 0.6178 10
0.0000 2.8761 -1.2291 -0.1639 18
0.0000 2.4440 -1.0450 0.6137 57
0.0000 2.8920 -1.2371 -0.0549 20
0.0000 2.1827 -0.9342 0.6362 18
0.0000 2.8809 -1.2377 0.0547 19
0.0000 0.7609 -0.3271 -0.1912 6
0.0000 2.8643 -1.2312 0.1634 17
0.0000 0.9775 -0.4204 -0.2068 2
0.0000 2.1175 -0.9111 0.2017 25
0.0000 1.0868 -0.4678 -0.1874 2
0.0000 2.1313 -0.9179 0.2849 12
0.0000 1.4312 -0.6164 -0.1913 2
0.0000 2.9099 -1.2538 0.5018 2
0.0000 1.9760 -0.8518 -0.1883 3
0.0000 2.8864 -1.2455 -0.1648 19
0.0000 2.4441 -1.0546 0.6146 56
0.0000 2.8842 -1.2451 -0.0548 21
0.0000 2.1920 -0.9468 0.6398 22
0.0000 2.8951 -1.2552 0.0551 19
0.0000 0.7384 -0.3203 -0.1858 6
0.0000 2.8712 -1.2455 0.1640 18
0.0000 0.9545 -0.4142 -0.2023 2
0.0000 2.0962 -0.9102 0.1999 15
0.0000 1.0708 -0.4651 -0.1849 2
0.0000 2.2084 -0.9598 0.2957 15
0.0000 1.4182 -0.6164 -0.1899 2
0.0000 2.9148 -1.2674 0.5034 1
0.0000 1.9732 -0.8584 -0.1883 3
0.0000 2.9162 -1.2692 0.6182 33
0.0000 2.8878 -1.2574 -0.1651 20
0.0000 2.4406 -1.0627 0.6146 56
0.0000 2.8819 -1.2555 -0.0549 20
0.0000 2.1676 -0.9448 0.6336 15
0.0000 2.8799 -1.2600 0.0549 19
0.0000 0.7373 -0.3227 -0.1858 6
0.0000 2.8760 -1.2595 0.1645 18
0.0000 0.9459 -0.4143 -0.2007 2
0.0000 2.1078 -0.9235 0.2013 4
0.0000 1.0584 -0.4639 -0.1830 2
0.0000 2.8960 -1.2700 0.3883 20
0.0000 1.4088 -0.6181 -0.1889 2
0.0000 2.9049 -1.2752 0.5025 1
0.0000 1.9502 -0.8561 -0.1863 2
0.0000 2.9138 -1.2797 0.6186 38
0.0000 2.8964 -1.2726 -0.1658 19
0.0000 2.4405 -1.0728 0.6155 46
0.0000 2.8903 -1.2712 -0.0551 21
0.0000 2.1307 -0.9375 0.6238 16
0.0000 2.8865 -1.2749 0.0551 19
0.0000 0.7362 -0.3253 -0.1858 6
0.0000 2.8807 -1.2736 0.1651 19
0.0000 0.9517 -0.4207 -0.2023 2
0.0000 2.8680 -1.2685 0.2744 16
0.0000 1.0748 -0.4756 -0.1862 2
0.0000 2.8752 -1.2729 0.3861 19
0.0000 1.4320 -0.6343 -0.1923 2
0.0000 2.9149 -1.2917 0.5050 1
0.0000 1.9618 -0.8694 -0.1877 2
0.0000 2.9111 -1.2906 0.6190 23
0.0000 2.8883 -1.2811 -0.1656 18
0.0000 2.4207 -1.0742 0.6114 37
0.0000 2.8987 -1.2869 -0.0554 22
0.0000 2.1380 -0.9497 0.6269 21
0.0000 2.8930 -1.2899 0.0553 19
0.0000 0.7564 -0.3374 -0.1912 6
0.0000 2.8763 -1.2836 0.1651 19
0.0000 0.9574 -0.4272 -0.2038 2
0.0000 2.8945 -1.2923 0.2773 25
0.0000 1.0804 -0.4826 -0.1874 2
0.0000 2.8853 -1.2894 0.3880 18
0.0000 1.4153 -0.6328 -0.1904 2
0.0000 2.9500 -1.3196 0.5119 1
0.0000 1.9606 -0.8770 -0.1879 3
0.0000 2.9389 -1.3152 0.6259 18
0.0000 2.8947 -1.2961 -0.1662 17
0.0000 2.3867 -1.0691 0.6038 27
0.0000 2.8996 -1.2995 -0.0555 23
0.0000 2.1330 -0.9564 0.6263 22
0.0000 2.8958 -1.3032 0.0554 19
0.0000 0.7765 -0.3496 -0.1966 5
0.0000 2.8754 -1.2953 0.1653 19
0.0000 0.9487 -0.4274 -0.2023 2
0.0000 2.8845 -1.3000 0.2768 19
0.0000 1.0643 -0.4799 -0.1849 2
0.0000 2.8844 -1.3011 0.3885 19
0.0000 1.3932 -0.6288 -0.1877 2
0.0000 3.0066 -1.3575 0.5225 3
0.0000 1.9539 -0.8822 -0.1876 2
0.0000 2.9325 -1.3247 0.6255 20
0.0000 2.8975 -1.3095 -0.1666 17
0.0000 2.3670 -1.0702 0.5997 11
0.0000 2.8860 -1.3055 -0.0553 20
0.0000 2.1437 -0.9702 0.6305 19
0.0000 2.8985 -1.3166 0.0556 19
0.0000 0.7398 -0.3362 -0.1876 6
0.0000 2.8818 -1.3103 0.1659 17
0.0000 0.9544 -0.4339 -0.2038 2
0.0000 2.8890 -1.3142 0.2777 18
0.0000 1.0698 -0.4868 -0.1862 2
0.0000 2.8906 -1.3161 0.3900 11
0.0000 1.4127 -0.6435 -0.1906 2
0.0000 2.9929 -1.3639 0.5209 1
0.0000 1.9453 -0.8865 -0.1870 2
0.0000 2.9421 -1.3414 0.6285 13
0.0000 2.9002 -1.3229 -0.1671 14
0.0000 2.1168 -0.9660 0.5372 7
0.0000 2.8941 -1.3214 -0.0555 20
0.0000 2.0981 -0.9584 0.6181 20
0.0000 0.7741 -0.3550 -0.1966 5
0.0000 0.9314 -0.4274 -0.1992 2
0.0000 1.0645 -0.4889 -0.1855 1
0.0000 1.4032 -0.6451 -0.1896 2
0.0000 1.9350 -0.8900 -0.1863 2
0.0000 2.9338 -1.3500 0.6278 4
0.0000 2.1046 -0.9693 0.5349 20
0.0000 2.0597 -0.9495 0.6077 31
0.0000 1.8693 -0.8649 0.0360 1
0.0000 0.7374 -0.3414 -0.1876 6
0.0000 1.7906 -0.8293 0.1034 1
0.0000 0.9299 -0.4307 -0.1992 2
0.0000 1.7807 -0.8250 0.1717 2
0.0000 1.0556 -0.4893 -0.1843 2
0.0000 1.7522 -0.8126 0.2372 3
0.0000 1.4082 -0.6533 -0.1906 2
0.0000 1.7720 -0.8226 0.3094 2
0.0000 1.8704 -0.8682 -0.1804 1
0.0000 2.9523 -1.3710 0.6327 2
0.0000 1.8149 -0.8432 -0.1049 1
0.0000 2.0800 -0.9668 0.5295 31
0.0000 1.7534 -0.8154 -0.0338 1
0.0000 2.0616 -0.9591 0.6093 50
0.0000 1.7775 -0.8300 0.0342 3
0.0000 0.7362 -0.3439 -0.1876 6
0.0000 1.7461 -0.8161 0.1010 3
0.0000 0.9391 -0.4389 -0.2015 2
0.0000 1.7543 -0.8203 0.1694 3
0.0000 1.0575 -0.4947 -0.1849 2
0.0000 1.7548 -0.8213 0.2379 4
0.0000 1.3987 -0.6549 -0.1896 2
0.0000 1.7638 -0.8262 0.3085 4
0.0000 1.7609 -0.8249 -0.1701 3
0.0000 2.9688 -1.3913 0.6373 2
0.0000 1.7632 -0.8267 -0.1021 3
0.0000 2.0801 -0.9757 0.5304 14
0.0000 1.7813 -0.8359 -0.0343 3
0.0000 2.0582 -0.9663 0.6093 70
0.0000 1.7691 -0.8336 0.0341 4
0.0000 0.7421 -0.3498 -0.1894 6
0.0000 1.7306 -0.8162 0.1003 4
0.0000 0.9127 -0.4305 -0.1962 2
0.0000 1.7622 -0.8315 0.1705 4
0.0000 1.0557 -0.4984 -0.1849 2
0.0000 1.7519 -0.8274 0.2379 5
0.0000 1.3892 -0.6564 -0.1887 2
0.0000 1.7466 -0.8256 0.3060 4
0.0000 1.7563 -0.8302 -0.1700 5
0.0000 2.9479 -1.3941 0.6339 1
0.0000 1.7566 -0.8311 -0.1018 4
0.0000 2.0643 -0.9771 0.5273 41
0.0000 1.7567 -0.8319 -0.0339 4
0.0000 2.0618 -0.9768 0.6113 80
0.0000 1.7482 -0.8312 0.0338 4
0.0000 0.7479 -0.3558 -0.1912 6
0.0000 1.7295 -0.8231 0.1004 4
0.0000 0.9325 -0.4438 -0.2007 2
0.0000 1.7341 -0.8257 0.1680 4
0.0000 1.0433 -0.4970 -0.1830 2
0.0000 1.7400 -0.8292 0.2367 5
0.0000 1.3905 -0.6629 -0.1891 2
0.0000 1.7348 -0.8275 0.3044 5
0.0000 1.7426 -0.8312 -0.1689 5
0.0000 1.7736 -0.8464 0.3820 1
0.0000 1.7429 -0.8321 -0.1012 4
0.0000 2.0767 -0.9919 0.5313 58
0.0000 1.7411 -0.8320 -0.0337 5
0.0000 2.0532 -0.9815 0.6098 66
0.0000 1.7380 -0.8338 0.0336 4
0.0000 0.7221 -0.3466 -0.1849 6
0.0000 1.7268 -0.8288 0.1004 4
0.0000 0.9309 -0.4470 -0.2007 2
0.0000 1.7223 -0.8274 0.1672 4
0.0000 1.0451 -0.5023 -0.1837 2
0.0000 1.7354 -0.8344 0.2364 6
0.0000 1.3846 -0.6661 -0.1887 2
0.0000 1.7267 -0.8306 0.3035 5
0.0000 1.7325 -0.8338 -0.1682 13
0.0000 1.7335 -0.8347 0.3740 2
0.0000 1.7400 -0.8382 -0.1012 4
0.0000 2.0680 -0.9966 0.5300 55
0.0000 1.7366 -0.8369 -0.0336 4
0.0000 2.0464 -0.9866 0.6087 66
0.0000 1.7245 -0.8344 0.0334 5
0.0000 0.7209 -0.3490 -0.1849 6
0.0000 1.7131 -0.8296 0.0998 4
0.0000 0.9364 -0.4537 -0.2023 2
0.0000 1.7265 -0.8369 0.1679 5
0.0000 1.0505 -0.5092 -0.1849 2
0.0000 1.7111 -0.8298 0.2335 5
0.0000 1.3824 -0.6706 -0.1887 2
0.0000 1.7167 -0.8332 0.3022 5
0.0000 1.7277 -0.8389 -0.1680 20
0.0000 1.7131 -0.8318 0.3702 2
0.0000 1.7121 -0.8317 -0.0998 5
0.0000 2.0770 -1.0094 0.5331 51
0.0000 1.7282 -0.8403 -0.0335 5
0.0000 2.0517 -0.9980 0.6113 62
0.0000 1.7179 -0.8386 0.0334 4
0.0000 0.7267 -0.3549 -0.1867 6
0.0000 1.6994 -0.8303 0.0991 5
0.0000 0.9349 -0.4568 -0.2023 2
0.0000 1.7291 -0.8452 0.1684 6
0.0000 1.0488 -0.5129 -0.1849 2
0.0000 1.6975 -0.8305 0.2320 6
0.0000 1.3765 -0.6737 -0.1882 2
0.0000 1.7138 -0.8392 0.3022 6
0.0000 1.7232 -0.8438 -0.1679 9
0.0000 1.7049 -0.8352 0.3690 3
0.0000 1.7056 -0.8359 -0.0995 6
0.0000 2.0717 -1.0158 0.5327 40
0.0000 1.7038 -0.8358 -0.0331 5
0.0000 2.0551 -1.0086 0.6134 59
0.0000 1.7114 -0.8429 0.0333 4
0.0000 0.7115 -0.3505 -0.1831 7
0.0000 1.6822 -0.8292 0.0983 5
0.0000 0.9333 -0.4600 -0.2023 2
0.0000 1.7011 -0.8389 0.1659 6
0.0000 1.0470 -0.5165 -0.1849 2
0.0000 1.6911 -0.8347 0.2316 6
0.0000 1.3741 -0.6785 -0.1882 2
0.0000 1.6896 -0.8347 0.2985 5
0.0000 1.7077 -0.8436 -0.1666 5
0.0000 1.6914 -0.8359 0.3667 3
0.0000 1.6901 -0.8357 -0.0988 5
0.0000 2.0751 -1.0265 0.5345 35
0.0000 1.6972 -0.8399 -0.0331 5
0.0000 2.0654 -1.0226 0.6175 52
0.0000 1.6977 -0.8435 0.0331 5
0.0000 0.7486 -0.3721 -0.1930 6
0.0000 1.6721 -0.8315 0.0979 5
0.0000 0.9176 -0.4563 -0.1992 2
0.0000 1.6822 -0.8369 0.1644 6
0.0000 1.0452 -0.5202 -0.1849 2
0.0000 1.6864 -0.8397 0.2313 6
0.0000 1.3753 -0.6851 -0.1887 2
0.0000 1.6796 -0.8370 0.2972 6
0.0000 1.6851 -0.8398 -0.1647 5
0.0000 1.6797 -0.8375 0.3648 4
0.0000 1.6907 -0.8433 -0.0990 5
0.0000 2.0855 -1.0407 0.5381 31
0.0000 1.6836 -0.8405 -0.0328 5
0.0000 2.0480 -1.0229 0.6134 46
0.0000 1.6733 -0.8387 0.0327 4
0.0000 0.7160 -0.3590 -0.1849 6
0.0000 1.6692 -0.8373 0.0979 5
0.0000 0.8879 -0.4454 -0.1931 2
0.0000 1.6650 -0.8356 0.1630 5
0.0000 1.0363 -0.5203 -0.1837 2
0.0000 1.6763 -0.8420 0.2303 6
0.0000 1.3676 -0.6872 -0.1879 2
0.0000 1.6696 -0.8394 0.2960 6
0.0000 1.6680 -0.8385 -0.1633 5
0.0000 1.6557 -0.8327 0.3602 4
0.0000 1.6682 -0.8394 -0.0979 5
0.0000 1.6699 -0.8410 -0.0326 5
0.0000 2.0513 -1.0335 0.6155 39
0.0000 1.6668 -0.8427 0.0326 5
0.0000 0.7251 -0.3668 -0.1876 6
0.0000 1.6609 -0.8404 0.0976 5
0.0000 0.9600 -0.4858 -0.2091 2
0.0000 1.6549 -0.8378 0.1623 4
0.0000 1.0450 -0.5293 -0.1855 2
0.0000 1.6521 -0.8371 0.2274 6
0.0000 1.3722 -0.6956 -0.1889 2
0.0000 1.6667 -0.8452 0.2960 6
0.0000 1.6668 -0.8452 -0.1635 4
0.0000 1.6493 -0.8367 0.3595 4
0.0000 1.6599 -0.8425 -0.0976 5
0.0000 2.9191 -1.4822 0.7558 9
0.0000 1.6670 -0.8468 -0.0326 5
0.0000 2.0684 -1.0512 0.6217 36
0.0000 1.6567 -0.8449 0.0325 6
0.0000 0.7377 -0.3764 -0.1912 6
0.0000 1.6402 -0.8372 0.0965 5
0.0000 0.9338 -0.4766 -0.2038 2
0.0000 1.6591 -0.8472 0.1630 4
0.0000 1.0396 -0.5311 -0.1849 2
0.0000 1.6439 -0.8401 0.2267 5
0.0000 1.3769 -0.7040 -0.1899 2
0.0000 1.6496 -0.8438 0.2935 5
0.0000 1.6496 -0.8438 -0.1621 4
0.0000 1.6324 -0.8353 0.3564 4
0.0000 1.6463 -0.8428 -0.0969 4
0.0000 2.8879 -1.4791 0.7491 11
0.0000 1.6604 -0.8508 -0.0326 6
0.0000 2.0888 -1.0707 0.6289 31
0.0000 1.6395 -0.8433 0.0322 5
0.0000 0.7052 -0.3629 -0.1831 7
0.0000 1.6267 -0.8371 0.0959 5
0.0000 0.9251 -0.4763 -0.2023 2
0.0000 1.6367 -0.8429 0.1611 5
0.0000 1.0378 -0.5347 -0.1849 2
0.0000 1.6392 -0.8450 0.2264 6
0.0000 1.3673 -0.7051 -0.1889 2
0.0000 1.6293 -0.8402 0.2903 5
0.0000 1.6361 -0.8441 -0.1611 5
0.0000 1.6260 -0.8392 0.3557 4
0.0000 1.6398 -0.8467 -0.0967 4
0.0000 1.6398 -0.8471 -0.0322 6
0.0000 2.1762 -1.1246 0.6564 48
0.0000 1.6421 -0.8515 0.0323 6
0.0000 0.7213 -0.3742 -0.1876 6
0.0000 1.6203 -0.8409 0.0957 6
0.0000 0.9304 -0.4831 -0.2038 2
0.0000 1.6231 -0.8431 0.1600 6
0.0000 1.0500 -0.5454 -0.1874 2
0.0000 1.6240 -0.8440 0.2247 6
0.0000 1.3544 -0.7042 -0.1874 2
0.0000 1.6123 -0.8386 0.2878 5
0.0000 1.6225 -0.8443 -0.1600 4
0.0000 1.6249 -0.8455 0.3560 4
0.0000 1.6228 -0.8448 -0.0959 4
0.0000 3.3341 -1.7364 0.8679 1
0.0000 1.6298 -0.8491 -0.0321 6
0.0000 2.1705 -1.1313 0.6558 52
0.0000 1.6143 -0.8443 0.0318 7
0.0000 0.7338 -0.3840 -0.1912 6
0.0000 1.6173 -0.8466 0.0957 7
0.0000 0.9288 -0.4862 -0.2038 2
0.0000 1.6079 -0.8420 0.1588 6
0.0000 1.0271 -0.5381 -0.1837 2
0.0000 1.6158 -0.8469 0.2240 7
0.0000 1.3731 -0.7200 -0.1904 2
0.0000 1.6076 -0.8433 0.2875 6
0.0000 1.6143 -0.8471 -0.1595 5
0.0000 1.6063 -0.8430 0.3526 4
0.0000 1.6234 -0.8523 -0.0961 5
0.0000 3.4039 -1.7878 0.8877 1
0.0000 1.6162 -0.8492 -0.0319 6
0.0000 2.1631 -1.1371 0.6548 52
0.0000 1.6113 -0.8499 0.0318 7
0.0000 0.6911 -0.3647 -0.1804 7
0.0000 1.6108 -0.8504 0.0955 7
0.0000 0.9270 -0.4896 -0.2038 2
0.0000 1.6031 -0.8470 0.1586 7
0.0000 1.0321 -0.5456 -0.1849 2
0.0000 1.5971 -0.8442 0.2218 6
0.0000 1.3705 -0.7247 -0.1904 2
0.0000 1.6064 -0.8498 0.2878 5
0.0000 1.5954 -0.8444 -0.1579 4
0.0000 1.5928 -0.8433 0.3503 5
0.0000 1.6008 -0.8479 -0.0949 6
0.0000 1.6061 -0.8511 -0.0317 7
0.0000 2.1762 -1.1537 0.6600 50
0.0000 1.5994 -0.8511 0.0316 6
0.0000 0.7001 -0.3727 -0.1831 7
0.0000 1.5761 -0.8391 0.0936 6
0.0000 0.9045 -0.4818 -0.1992 2
0.0000 1.5896 -0.8470 0.1576 6
0.0000 1.0442 -0.5566 -0.1874 2
0.0000 1.5887 -0.8472 0.2211 7
0.0000 1.3644 -0.7279 -0.1899 2
0.0000 1.5895 -0.8480 0.2853 6
0.0000 1.5960 -0.8518 -0.1583 5
0.0000 1.5846 -0.8461 0.3492 5
0.0000 1.5926 -0.8507 -0.0946 6
0.0000 1.6014 -0.8558 -0.0317 7
0.0000 2.1739 -1.1622 0.6605 30
0.0000 1.5877 -0.8517 0.0314 6
0.0000 0.6989 -0.3750 -0.1831 7
0.0000 1.5696 -0.8427 0.0934 5
0.0000 0.8890 -0.4775 -0.1962 2
0.0000 1.5936 -0.8563 0.1583 6
0.0000 1.0180 -0.5470 -0.1830 2
0.0000 1.5736 -0.8459 0.2194 7
0.0000 1.3515 -0.7268 -0.1884 2
0.0000 1.5778 -0.8489 0.2838 6
0.0000 1.6000 -0.8612 -0.1590 6
0.0000 1.5853 -0.8532 0.3499 6
0.0000 1.5844 -0.8531 -0.0943 6
0.0000 1.5861 -0.8547 -0.0314 6
0.0000 2.1868 -1.1790 0.6657 22
0.0000 1.5777 -0.8534 0.0313 6
0.0000 0.7284 -0.3942 -0.1912 6
0.0000 1.5667 -0.8482 0.0934 6
0.0000 0.9012 -0.4879 -0.1992 2
0.0000 1.5715 -0.8511 0.1564 6
0.0000 1.0265 -0.5562 -0.1849 2
0.0000 1.5672 -0.8495 0.2189 7
0.0000 1.3664 -0.7409 -0.1908 2
0.0000 1.5505 -0.8412 0.2794 7
0.0000 1.5779 -0.8560 -0.1571 5
0.0000 1.5754 -0.8550 0.3484 6
0.0000 1.5744 -0.8548 -0.0939 6
0.0000 1.5725 -0.8545 -0.0312 6
0.0000 2.1861 -1.1884 0.6667 20
0.0000 1.5536 -0.8474 0.0309 6
0.0000 0.7065 -0.3855 -0.1858 6
0.0000 1.5602 -0.8517 0.0932 6
0.0000 0.9271 -0.5061 -0.2053 2
0.0000 1.5598 -0.8518 0.1555 7
0.0000 1.0384 -0.5673 -0.1874 2
0.0000 1.5642 -0.8550 0.2189 6
0.0000 1.3672 -0.7476 -0.1913 2
0.0000 1.5597 -0.8532 0.2816 6
0.0000 1.5574 -0.8520 -0.1553 5
0.0000 1.5466 -0.8464 0.3427 6
0.0000 1.5679 -0.8584 -0.0937 6
0.0000 1.5696 -0.8600 -0.0312 6
0.0000 2.1938 -1.2025 0.6703 20
0.0000 1.5559 -0.8557 0.0310 5
0.0000 0.7461 -0.4105 -0.1966 5
0.0000 1.5415 -0.8485 0.0922 5
0.0000 0.9288 -0.5112 -0.2061 2
0.0000 1.5498 -0.8534 0.1548 5
0.0000 1.0156 -0.5595 -0.1837 2
0.0000 1.5543 -0.8566 0.2179 6
0.0000 1.3577 -0.7485 -0.1904 2
0.0000 1.5515 -0.8558 0.2806 5
0.0000 1.5510 -0.8555 -0.1550 5
0.0000 1.5367 -0.8480 0.3412 6
0.0000 1.5492 -0.8552 -0.0927 5
0.0000 1.6769 -0.9261 0.4423 1
0.0000 1.5630 -0.8636 -0.0312 6
0.0000 2.2048 -1.2186 0.6750 19
0.0000 1.5389 -0.8534 0.0307 4
0.0000 0.7242 -0.4018 -0.1912 6
0.0000 1.5298 -0.8490 0.0917 5
0.0000 0.9407 -0.5221 -0.2091 2
0.0000 1.5468 -0.8588 0.1548 5
0.0000 1.0309 -0.5726 -0.1868 2
0.0000 1.5287 -0.8495 0.2147 6
0.0000 1.3377 -0.7436 -0.1879 2
0.0000 1.5468 -0.8602 0.2803 5
0.0000 1.5427 -0.8580 -0.1544 4
0.0000 1.5389 -0.8562 0.3423 7
0.0000 1.5375 -0.8557 -0.0922 5
0.0000 1.5548 -0.8661 -0.0311 5
0.0000 2.2157 -1.2348 0.6797 18
0.0000 1.5290 -0.8549 0.0306 4
0.0000 0.7194 -0.4024 -0.1903 6
0.0000 1.5146 -0.8475 0.0910 5
0.0000 0.9115 -0.5100 -0.2030 2
0.0000 1.5351 -0.8594 0.1539 5
0.0000 1.0255 -0.5743 -0.1862 2
0.0000 1.5292 -0.8567 0.2152 6
0.0000 1.3455 -0.7541 -0.1894 2
0.0000 1.5266 -0.8560 0.2772 5
0.0000 1.5293 -0.8575 -0.1534 4
0.0000 1.5239 -0.8548 0.3396 6
0.0000 1.5345 -0.8611 -0.0922 5
0.0000 1.5343 -0.8617 -0.0307 5
0.0000 2.2265 -1.2510 0.6843 18
0.0000 1.5242 -0.8592 0.0305 6
0.0000 0.7010 -0.3953 -0.1858 6
0.0000 1.5134 -0.8538 0.0911 5
0.0000 0.8926 -0.5036 -0.1992 2
0.0000 1.5182 -0.8569 0.1525 5
0.0000 1.0269 -0.5798 -0.1868 2
0.0000 1.5193 -0.8582 0.2142 6
0.0000 1.3342 -0.7539 -0.1882 2
0.0000 1.5064 -0.8516 0.2741 5
0.0000 1.5228 -0.8609 -0.1530 5
0.0000 1.5192 -0.8592 0.3393 7
0.0000 1.5263 -0.8635 -0.0919 5
0.0000 1.5156 -0.8582 -0.0304 6
0.0000 2.2289 -1.2626 0.6864 7
0.0000 1.5143 -0.8606 0.0304 6
0.0000 0.7200 -0.4093 -0.1912 6
0.0000 1.5017 -0.8541 0.0905 6
0.0000 0.8737 -0.4970 -0.1954 2
0.0000 1.5187 -0.8641 0.1529 6
0.0000 1.0180 -0.5795 -0.1855 2
0.0000 1.5111 -0.8605 0.2135 7
0.0000 1.3419 -0.7645 -0.1896 2
0.0000 1.5137 -0.8627 0.2760 6
0.0000 1.5077 -0.8593 -0.1518 5
0.0000 1.4974 -0.8538 0.3351 6
0.0000 1.5146 -0.8639 -0.0914 6
0.0000 1.5196 -0.8675 -0.0305 8
0.0000 3.3199 -1.8959 1.0244 1
0.0000 1.4939 -0.8559 0.0301 6
0.0000 0.6983 -0.4002 -0.1858 6
0.0000 1.5022 -0.8614 0.0908 7
0.0000 0.9333 -0.5352 -0.2091 2
0.0000 1.5070 -0.8645 0.1520 7
0.0000 1.0126 -0.5811 -0.1849 2
0.0000 1.4909 -0.8559 0.2111 9
0.0000 1.3392 -0.7692 -0.1896 3
0.0000 1.5055 -0.8650 0.2750 7
0.0000 1.5064 -0.8655 -0.1520 6
0.0000 1.4910 -0.8570 0.3343 7
0.0000 1.4925 -0.8582 -0.0902 6
0.0000 1.5760 -0.9066 0.4198 1
0.0000 1.5079 -0.8678 -0.0304 8
0.0000 3.3367 -1.9210 1.0317 1
0.0000 1.4911 -0.8609 0.0301 6
0.0000 0.7374 -0.4259 -0.1966 5
0.0000 1.4734 -0.8513 0.0892 7
0.0000 0.9315 -0.5383 -0.2091 2
0.0000 1.5024 -0.8685 0.1518 7
0.0000 1.0038 -0.5805 -0.1837 2
0.0000 1.4863 -0.8598 0.2108 10
0.0000 1.3264 -0.7676 -0.1882 3
0.0000 1.4907 -0.8631 0.2728 7
0.0000 1.4966 -0.8665 -0.1513 5
0.0000 1.4780 -0.8561 0.3320 8
0.0000 1.4879 -0.8622 -0.0901 5
0.0000 1.4929 -0.8657 -0.0301 7
0.0000 3.3353 -1.9350 1.0332 1
0.0000 1.4898 -0.8671 0.0301 6
0.0000 0.6517 -0.3795 -0.1741 7
0.0000 1.4704 -0.8565 0.0892 7
0.0000 0.9297 -0.5415 -0.2091 2
0.0000 1.4925 -0.8697 0.1511 8
0.0000 1.0120 -0.5899 -0.1855 2
0.0000 1.4782 -0.8620 0.2101 9
0.0000 1.3237 -0.7723 -0.1882 3
0.0000 1.4826 -0.8653 0.2719 9
0.0000 1.4936 -0.8717 -0.1513 5
0.0000 1.4818 -0.8652 0.3335 8
0.0000 1.4814 -0.8653 -0.0899 5
0.0000 1.5698 -0.9173 0.4198 1
0.0000 1.4864 -0.8689 -0.0301 7
0.0000 3.3519 -1.9603 1.0405 1
0.0000 1.4816 -0.8692 0.0300 6
0.0000 0.6504 -0.3817 -0.1741 7
0.0000 1.4622 -0.8586 0.0889 7
0.0000 0.8973 -0.5269 -0.2023 2
0.0000 1.4671 -0.8618 0.1489 7
0.0000 1.0167 -0.5975 -0.1868 2
0.0000 1.4683 -0.8632 0.2091 7
0.0000 1.3210 -0.7769 -0.1882 3
0.0000 1.4676 -0.8635 0.2697 7
0.0000 1.4631 -0.8608 -0.1485 5
0.0000 1.4771 -0.8694 0.3332 7
0.0000 1.4732 -0.8675 -0.0896 7
0.0000 1.4730 -0.8680 -0.0298 10
0.0000 3.3467 -1.9729 1.0410 1
0.0000 1.4630 -0.8652 0.0297 6
0.0000 0.6927 -0.4098 -0.1858 6
0.0000 1.4575 -0.8627 0.0888 7
0.0000 0.8954 -0.5300 -0.2023 2
0.0000 1.4555 -0.8618 0.1480 8
0.0000 1.0011 -0.5930 -0.1843 2
0.0000 1.4636 -0.8673 0.2089 7
0.0000 1.3114 -0.7774 -0.1872 3
0.0000 1.4595 -0.8656 0.2688 7
0.0000 1.4549 -0.8628 -0.1480 5
0.0000 1.4538 -0.8625 0.3286 8
0.0000 1.4668 -0.8706 -0.0894 6
0.0000 1.4700 -0.8732 -0.0298 10
0.0000 3.3265 -1.9767 1.0368 1
0.0000 1.4566 -0.8683 0.0296 6
0.0000 0.6912 -0.4122 -0.1858 6
0.0000 1.4459 -0.8626 0.0882 7
0.0000 0.9071 -0.5412 -0.2053 2
0.0000 1.4594 -0.8710 0.1487 8
0.0000 1.0058 -0.6005 -0.1855 2
0.0000 1.4469 -0.8642 0.2069 9
0.0000 1.3138 -0.7851 -0.1879 3
0.0000 1.4683 -0.8777 0.2709 7
0.0000 1.4622 -0.8740 -0.1490 5
0.0000 1.4575 -0.8716 0.3301 8
0.0000 1.4500 -0.8675 -0.0886 6
0.0000 1.4566 -0.8721 -0.0296 7
0.0000 3.3428 -2.0022 1.0441 1
0.0000 1.4518 -0.8723 0.0296 6
0.0000 0.7098 -0.4267 -0.1912 6
0.0000 1.4275 -0.8584 0.0873 7
0.0000 0.8951 -0.5382 -0.2030 2
0.0000 1.4426 -0.8679 0.1473 8
0.0000 1.0155 -0.6111 -0.1877 2
0.0000 1.4337 -0.8631 0.2055 9
0.0000 1.3162 -0.7927 -0.1887 3
0.0000 1.4433 -0.8696 0.2669 7
0.0000 1.4506 -0.8740 -0.1482 5
0.0000 1.4443 -0.8706 0.3278 7
0.0000 1.4401 -0.8684 -0.0881 6
0.0000 1.4570 -0.8793 -0.0297 7
0.0000 3.3457 -2.0199 1.0472 1
0.0000 1.4402 -0.8722 0.0294 7
0.0000 0.6883 -0.4170 -0.1858 6
0.0000 1.4228 -0.8623 0.0872 7
0.0000 0.9201 -0.5576 -0.2091 2
0.0000 1.4464 -0.8770 0.1480 8
0.0000 1.0134 -0.6147 -0.1877 2
0.0000 1.4289 -0.8671 0.2052 9
0.0000 1.3134 -0.7973 -0.1887 3
0.0000 1.4335 -0.8705 0.2656 7
0.0000 1.4492 -0.8801 -0.1483 5
0.0000 1.4363 -0.8726 0.3267 8
0.0000 1.4354 -0.8724 -0.0880 7
0.0000 1.4385 -0.8750 -0.0294 10
0.0000 3.3386 -2.0315 1.0472 1
0.0000 1.4337 -0.8752 0.0293 6
0.0000 0.7068 -0.4316 -0.1912 6
0.0000 1.4181 -0.8663 0.0871 6
0.0000 0.8779 -0.5363 -0.2000 2
0.0000 1.4230 -0.8696 0.1459 8
0.0000 1.0045 -0.6141 -0.1865 2
0.0000 1.4225 -0.8700 0.2047 7
0.0000 1.3038 -0.7977 -0.1877 3
0.0000 1.4153 -0.8662 0.2628 7
0.0000 1.4257 -0.8727 -0.1462 6
0.0000 1.4332 -0.8776 0.3267 8
0.0000 1.4289 -0.8753 -0.0878 6
0.0000 1.4321 -0.8779 -0.0293 9
0.0000 3.3282 -2.0411 1.0461 1
0.0000 1.4171 -0.8718 0.0290 6
0.0000 0.6921 -0.4259 -0.1876 6
0.0000 1.4048 -0.8649 0.0865 6
0.0000 0.9028 -0.5558 -0.2061 2
0.0000 1.4148 -0.8714 0.1454 7
0.0000 0.9973 -0.6145 -0.1855 2
0.0000 1.4060 -0.8666 0.2028 6
0.0000 1.3095 -0.8075 -0.1889 3
0.0000 1.4189 -0.8753 0.2641 7
0.0000 1.4278 -0.8808 -0.1468 9
0.0000 1.4184 -0.8754 0.3240 7
0.0000 1.4208 -0.8771 -0.0875 7
0.0000 1.5038 -0.9288 0.4081 1
0.0000 1.4239 -0.8798 -0.0292 10
0.0000 3.3244 -2.0548 1.0472 1
0.0000 1.4106 -0.8746 0.0290 6
0.0000 0.7038 -0.4366 -0.1912 6
0.0000 1.4052 -0.8719 0.0867 5
0.0000 0.8875 -0.5507 -0.2030 2
0.0000 1.4050 -0.8722 0.1447 7
0.0000 1.0052 -0.6242 -0.1874 2
0.0000 1.3979 -0.8684 0.2021 7
0.0000 1.2999 -0.8079 -0.1879 3
0.0000 1.4025 -0.8719 0.2616 7
0.0000 1.4112 -0.8773 -0.1454 7
0.0000 1.4054 -0.8741 0.3217 7
0.0000 1.3923 -0.8663 -0.0859 7
0.0000 1.4443 -0.8990 0.3928 1
0.0000 1.4208 -0.8847 -0.0292 9
0.0000 3.3369 -2.0786 1.0534 1
0.0000 1.4025 -0.8764 0.0289 7
0.0000 0.6825 -0.4266 -0.1858 6
0.0000 1.3887 -0.8681 0.0858 5
0.0000 0.9222 -0.5767 -0.2114 2
0.0000 1.4036 -0.8781 0.1449 9
0.0000 1.0030 -0.6277 -0.1874 2
0.0000 1.3915 -0.8712 0.2016 7
0.0000 1.3038 -0.8166 -0.1889 3
0.0000 1.4029 -0.8787 0.2622 7
0.0000 1.4165 -0.8876 -0.1462 7
0.0000 1.4007 -0.8779 0.3213 7
0.0000 1.3926 -0.8732 -0.0861 6
0.0000 1.4214 -0.8916 0.3874 1
0.0000 1.4094 -0.8841 -0.0290 9
0.0000 3.3054 -2.0743 1.0456 1
0.0000 1.4012 -0.8821 0.0289 6
0.0000 0.6613 -0.4164 -0.1804 7
0.0000 1.3705 -0.8634 0.0849 7
0.0000 0.8604 -0.5422 -0.1977 2
0.0000 1.3989 -0.8819 0.1447 7
0.0000 1.0043 -0.6332 -0.1880 2
0.0000 1.3835 -0.8726 0.2008 7
0.0000 1.3011 -0.8209 -0.1889 3
0.0000 1.3798 -0.8709 0.2584 7
0.0000 1.4033 -0.8861 -0.1452 7
0.0000 1.3894 -0.8773 0.3194 7
0.0000 1.3914 -0.8789 -0.0862 6
0.0000 1.3706 -0.8661 0.3743 1
0.0000 1.3843 -0.8751 -0.0286 8
0.0000 3.2867 -2.0786 1.0420 1
0.0000 1.3846 -0.8784 0.0286 7
0.0000 0.6993 -0.4438 -0.1912 6
0.0000 1.3693 -0.8690 0.0850 7
0.0000 0.8652 -0.5493 -0.1992 2
0.0000 1.3724 -0.8716 0.1422 7
0.0000 0.9954 -0.6324 -0.1868 2
0.0000 1.3805 -0.8774 0.2008 7
0.0000 1.2915 -0.8212 -0.1879 3
0.0000 1.3769 -0.8755 0.2584 7
0.0000 1.3634 -0.8672 -0.1414 5
0.0000 1.3847 -0.8811 0.3190 8
0.0000 1.3782 -0.8773 -0.0856 6
0.0000 1.3659 -0.8699 0.3739 2
0.0000 1.3899 -0.8851 -0.0288 9
0.0000 2.8871 -1.8393 0.9173 3
0.0000 1.3767 -0.8797 0.0285 7
0.0000 0.6978 -0.4461 -0.1912 6
0.0000 1.3713 -0.8770 0.0853 9
0.0000 0.8699 -0.5565 -0.2007 2
0.0000 1.3660 -0.8743 0.1419 7
0.0000 0.9966 -0.6378 -0.1874 2
0.0000 1.3742 -0.8799 0.2004 7
0.0000 1.2955 -0.8298 -0.1889 3
0.0000 1.3738 -0.8803 0.2584 8
0.0000 1.3721 -0.8795 -0.1426 7
0.0000 1.3586 -0.8709 0.3137 9
0.0000 1.3719 -0.8797 -0.0854 7
0.0000 1.3450 -0.8628 0.3689 2
0.0000 1.3716 -0.8802 -0.0284 11
0.0000 2.9067 -1.8661 0.9255 3
0.0000 1.3635 -0.8780 0.0283 7
0.0000 0.6962 -0.4485 -0.1912 6
0.0000 1.3632 -0.8785 0.0850 9
0.0000 0.8680 -0.5594 -0.2007 2
0.0000 1.3631 -0.8788 0.1419 9
0.0000 0.9745 -0.6285 -0.1837 2
0.0000 1.3561 -0.8750 0.1982 9
0.0000 1.2876 -0.8311 -0.1882 3
0.0000 1.3625 -0.8797 0.2569 8
0.0000 1.3724 -0.8865 -0.1429 7
0.0000 1.3523 -0.8735 0.3129 8
0.0000 1.3537 -0.8748 -0.0845 8
0.0000 1.3354 -0.8633 0.3671 3
0.0000 1.3635 -0.8817 -0.0283 11
0.0000 2.9261 -1.8930 0.9338 7
0.0000 1.3587 -0.8817 0.0283 7
0.0000 0.6947 -0.4510 -0.1912 6
0.0000 1.3467 -0.8746 0.0842 9
0.0000 0.8561 -0.5562 -0.1984 2
0.0000 1.3599 -0.8838 0.1419 7
0.0000 0.9920 -0.6450 -0.1874 2
0.0000 1.3514 -0.8786 0.1979 9
0.0000 1.2847 -0.8356 -0.1882 3
0.0000 1.3544 -0.8812 0.2559 8
0.0000 1.3576 -0.8836 -0.1417 7
0.0000 1.3622 -0.8870 0.3160 8
0.0000 1.3505 -0.8797 -0.0845 8
0.0000 1.3355 -0.8703 0.3680 4
0.0000 1.3621 -0.8876 -0.0284 13
0.0000 2.9244 -1.9064 0.9354 16
0.0000 1.3471 -0.8812 0.0281 7
0.0000 0.7126 -0.4663 -0.1966 5
0.0000 1.3437 -0.8793 0.0842 7
0.0000 0.8771 -0.5742 -0.2038 2
0.0000 1.3534 -0.8863 0.1415 7
0.0000 0.9832 -0.6441 -0.1862 2
0.0000 1.3432 -0.8803 0.1972 7
0.0000 1.2799 -0.8392 -0.1879 3
0.0000 1.3447 -0.8816 0.2547 8
0.0000 1.3578 -0.8906 -0.1421 7
0.0000 1.3476 -0.8842 0.3133 7
0.0000 1.3441 -0.8822 -0.0843 7
0.0000 1.3292 -0.8728 0.3671 4
0.0000 1.3389 -0.8792 -0.0280 11
0.0000 1.3475 -0.8879 0.0282 7
0.0000 0.7110 -0.4687 -0.1966 5
0.0000 1.3323 -0.8785 0.0836 7
0.0000 0.8424 -0.5556 -0.1962 2
0.0000 1.3337 -0.8801 0.1398 7
0.0000 0.9942 -0.6561 -0.1887 2
0.0000 1.3303 -0.8782 0.1957 7
0.0000 1.2854 -0.8489 -0.1891 3
0.0000 1.3400 -0.8852 0.2544 8
0.0000 1.3347 -0.8821 -0.1400 5
0.0000 1.3447 -0.8887 0.3133 7
0.0000 1.3445 -0.8889 -0.0845 7
0.0000 1.3133 -0.8686 0.3635 4
0.0000 1.3308 -0.8805 -0.0279 10
0.0000 1.6947 -1.1217 0.5446 2
0.0000 1.3261 -0.8804 0.0278 7
0.0000 0.6899 -0.4582 -0.1912 6
0.0000 1.3242 -0.8798 0.0833 7
0.0000 0.8536 -0.5671 -0.1992 2
0.0000 1.3241 -0.8801 0.1391 6
0.0000 0.9787 -0.6508 -0.1862 2
0.0000 1.3256 -0.8817 0.1955 7
0.0000 1.2742 -0.8479 -0.1879 3
0.0000 1.3287 -0.8844 0.2528 7
0.0000 1.3200 -0.8790 -0.1388 6
0.0000 1.3269 -0.8836 0.3099 7
0.0000 1.3364 -0.8903 -0.0842 7
0.0000 1.3087 -0.8721 0.3631 4
0.0000 1.3278 -0.8852 -0.0279 10
0.0000 1.6876 -1.1255 0.5435 4
0.0000 1.3114 -0.8772 0.0275 7
0.0000 0.6592 -0.4411 -0.1831 7
0.0000 1.3228 -0.8855 0.0834 7
0.0000 0.8450 -0.5659 -0.1977 2
0.0000 1.3259 -0.8883 0.1396 6
0.0000 0.9632 -0.6456 -0.1837 2
0.0000 1.3110 -0.8786 0.1938 8
0.0000 1.2828 -0.8600 -0.1896 3
0.0000 1.3190 -0.8847 0.2515 7
0.0000 1.3186 -0.8847 -0.1389 6
0.0000 1.3171 -0.8841 0.3083 7
0.0000 1.3199 -0.8863 -0.0833 6
0.0000 1.3022 -0.8747 0.3622 4
0.0000 1.3263 -0.8909 -0.0279 8
0.0000 1.6852 -1.1324 0.5440 6
0.0000 1.3132 -0.8854 0.0276 6
0.0000 0.6737 -0.4544 -0.1876 6
0.0000 1.3013 -0.8781 0.0823 6
0.0000 0.8463 -0.5710 -0.1984 2
0.0000 1.3195 -0.8907 0.1393 6
0.0000 0.9708 -0.6555 -0.1855 2
0.0000 1.3061 -0.8823 0.1935 7
0.0000 1.2648 -0.8547 -0.1874 3
0.0000 1.3190 -0.8917 0.2522 7
0.0000 1.3139 -0.8882 -0.1388 5
0.0000 1.3173 -0.8909 0.3091 7
0.0000 1.3069 -0.8841 -0.0827 6
0.0000 1.2895 -0.8727 0.3595 4
0.0000 1.3197 -0.8935 -0.0278 8
0.0000 1.6763 -1.1354 0.5425 8
0.0000 1.3084 -0.8889 0.0276 6
0.0000 0.6850 -0.4655 -0.1912 6
0.0000 1.2883 -0.8759 0.0816 5
0.0000 0.8410 -0.5718 -0.1977 2
0.0000 1.3081 -0.8896 0.1384 6
0.0000 0.9685 -0.6589 -0.1855 2
0.0000 1.2997 -0.8846 0.1930 7
0.0000 1.2602 -0.8580 -0.1872 3
0.0000 1.3028 -0.8874 0.2497 7
0.0000 1.3141 -0.8950 -0.1391 6
0.0000 1.2979 -0.8844 0.3053 6
0.0000 1.3038 -0.8887 -0.0827 6
0.0000 1.2864 -0.8772 0.3595 5
0.0000 1.3034 -0.8891 -0.0275 8
0.0000 1.6755 -1.1434 0.5435 8
0.0000 1.2970 -0.8878 0.0274 6
0.0000 0.6544 -0.4481 -0.1831 7
0.0000 1.2919 -0.8849 0.0821 6
0.0000 0.8390 -0.5747 -0.1977 2
0.0000 1.3001 -0.8908 0.1379 6
0.0000 0.9727 -0.6668 -0.1868 2
0.0000 1.3015 -0.8925 0.1938 7
0.0000 1.2752 -0.8748 -0.1899 3
0.0000 1.3014 -0.8931 0.2500 6
0.0000 1.2863 -0.8827 -0.1365 6
0.0000 1.2965 -0.8900 0.3057 6
0.0000 1.2974 -0.8910 -0.0825 6
0.0000 1.2866 -0.8839 0.3604 5
0.0000 1.2986 -0.8925 -0.0275 10
0.0000 1.6556 -1.1383 0.5383 8
0.0000 1.2906 -0.8900 0.0274 4
0.0000 0.6625 -0.4570 -0.1858 6
0.0000 1.2838 -0.8860 0.0817 4
0.0000 0.8548 -0.5899 -0.2019 2
0.0000 1.2822 -0.8852 0.1363 4
0.0000 0.9541 -0.6589 -0.1837 2
0.0000 1.2935 -0.8937 0.1930 5
0.0000 1.2721 -0.8792 -0.1899 3
0.0000 1.2885 -0.8909 0.2481 5
0.0000 1.2865 -0.8895 -0.1368 5
0.0000 1.2853 -0.8890 0.3038 4
0.0000 1.3024 -0.9012 -0.0830 5
0.0000 1.2851 -0.8895 0.3608 5
0.0000 1.2922 -0.8948 -0.0274 7
0.0000 1.6389 -1.1352 0.5342 8
0.0000 1.2875 -0.8945 0.0274 4
0.0000 0.6609 -0.4593 -0.1858 6
0.0000 1.2907 -0.8971 0.0824 4
0.0000 0.8430 -0.5861 -0.1996 2
0.0000 1.2922 -0.8987 0.1377 4
0.0000 0.9680 -0.6735 -0.1868 2
0.0000 1.2887 -0.8970 0.1928 5
0.0000 1.2594 -0.8766 -0.1884 3
0.0000 1.2953 -0.9019 0.2500 5
0.0000 1.2850 -0.8951 -0.1370 3
0.0000 1.2934 -0.9013 0.3064 6
0.0000 1.2813 -0.8932 -0.0819 5
0.0000 1.2885 -0.8982 0.3626 5
0.0000 1.2958 -0.9036 -0.0276 7
0.0000 1.6383 -1.1429 0.5352 8
0.0000 1.3042 -0.9125 0.0278 5
0.0000 0.6498 -0.4548 -0.1831 7
0.0000 1.2796 -0.8956 0.0819 5
0.0000 0.8668 -0.6070 -0.2057 2
0.0000 1.2941 -0.9065 0.1382 7
0.0000 0.9496 -0.6654 -0.1837 2
0.0000 1.2874 -0.9024 0.1930 8
0.0000 1.2451 -0.8728 -0.1867 3
0.0000 1.2939 -0.9073 0.2503 8
0.0000 1.2918 -0.9062 -0.1381 5
0.0000 1.2985 -0.9112 0.3083 9
0.0000 1.2897 -0.9054 -0.0826 7
0.0000 1.2791 -0.8980 0.3608 4
0.0000 1.3010 -0.9137 -0.0277 8
0.0000 1.6266 -1.1428 0.5326 7
0.0000 1.3061 -0.9203 0.0279 10
0.0000 0.6769 -0.4772 -0.1912 6
0.0000 1.2944 -0.9127 0.0830 10
0.0000 0.8454 -0.5964 -0.2011 2
0.0000 1.3008 -0.9176 0.1393 9
0.0000 0.9635 -0.6800 -0.1868 2
0.0000 1.3055 -0.9216 0.1962 9
0.0000 1.2453 -0.8795 -0.1872 3
0.0000 1.2875 -0.9096 0.2497 10
0.0000 1.3033 -0.9211 -0.1396 10
0.0000 1.3065 -0.9237 0.3110 8
0.0000 1.2947 -0.9157 -0.0831 10
0.0000 1.2856 -0.9092 0.3635 6
0.0000 1.2961 -0.9170 -0.0277 15
0.0000 1.6289 -1.1529 0.5347 7
0.0000 1.3060 -0.9274 0.0280 9
0.0000 0.6561 -0.4661 -0.1858 6
0.0000 1.2910 -0.9175 0.0830 7
0.0000 0.8209 -0.5836 -0.1958 2
0.0000 1.2942 -0.9201 0.1389 9
0.0000 0.9514 -0.6766 -0.1849 2
0.0000 1.2989 -0.9241 0.1957 7
0.0000 1.2583 -0.8955 -0.1896 3
0.0000 1.2954 -0.9223 0.2519 8
0.0000 1.2934 -0.9212 -0.1389 11
0.0000 1.3063 -0.9308 0.3118 8
0.0000 1.3027 -0.9286 -0.0838 10
0.0000 1.2854 -0.9162 0.3644 4
0.0000 1.2993 -0.9264 -0.0279 14
0.0000 1.6011 -1.1420 0.5270 6
0.0000 1.2960 -0.9275 0.0278 7
0.0000 0.6734 -0.4821 -0.1912 6
0.0000 1.2911 -0.9243 0.0832 9
0.0000 0.8571 -0.6139 -0.2049 2
0.0000 1.2973 -0.9295 0.1396 9
0.0000 0.9650 -0.6916 -0.1880 2
0.0000 1.2971 -0.9300 0.1960 7
0.0000 1.2422 -0.8907 -0.1877 3
0.0000 1.3050 -0.9360 0.2544 8
0.0000 1.3015 -0.9339 -0.1401 9
0.0000 1.3046 -0.9365 0.3122 8
0.0000 1.3044 -0.9366 -0.0842 8
0.0000 1.3012 -0.9343 0.3698 4
0.0000 1.3074 -0.9391 -0.0281 13
0.0000 1.5939 -1.1454 0.5259 5
0.0000 0.6897 -0.4969 -0.2278 5
0.0000 1.2930 -0.9318 0.0278 9
0.0000 0.6592 -0.4752 -0.1876 6
0.0000 1.2977 -0.9356 0.0838 9
0.0000 0.8423 -0.6075 -0.2019 2
0.0000 1.3023 -0.9396 0.1405 7
0.0000 0.9466 -0.6832 -0.1849 2
0.0000 1.2956 -0.9354 0.1962 9
0.0000 1.2425 -0.8971 -0.1882 3
0.0000 1.3051 -0.9427 0.2550 8
0.0000 1.3016 -0.9405 -0.1405 7
0.0000 1.2952 -0.9362 0.3106 8
0.0000 1.2915 -0.9339 -0.0835 8
0.0000 1.2933 -0.9352 0.3685 4
0.0000 1.3011 -0.9411 -0.0280 11
0.0000 1.5979 -1.1563 0.5285 4
0.0000 1.3077 -0.9490 0.0282 7
0.0000 0.6702 -0.4866 -0.1912 6
0.0000 1.2880 -0.9354 0.0834 9
0.0000 0.8276 -0.6011 -0.1988 2
0.0000 1.3056 -0.9486 0.1412 7
0.0000 0.9380 -0.6817 -0.1837 2
0.0000 1.2925 -0.9397 0.1962 9
0.0000 1.2329 -0.8968 -0.1872 3
0.0000 1.3082 -0.9519 0.2562 8
0.0000 1.2985 -0.9448 -0.1405 6
0.0000 1.3111 -0.9543 0.3152 8
0.0000 1.2981 -0.9452 -0.0842 7
0.0000 1.2853 -0.9363 0.3671 4
0.0000 1.3058 -0.9515 -0.0282 13
0.0000 1.5845 -1.1550 0.5254 4
0.0000 1.3043 -0.9536 0.0282 7
0.0000 0.6559 -0.4797 -0.1876 6
0.0000 1.2879 -0.9423 0.0836 9
0.0000 0.8287 -0.6063 -0.1996 2
0.0000 1.3055 -0.9555 0.1415 7
0.0000 0.9420 -0.6897 -0.1849 2
0.0000 1.3036 -0.9548 0.1984 9
0.0000 1.2202 -0.8940 -0.1857 3
0.0000 1.2969 -0.9506 0.2547 7
0.0000 1.3048 -0.9564 -0.1415 7
0.0000 1.3157 -0.9647 0.3171 7
0.0000 1.3029 -0.9557 -0.0847 7
0.0000 1.2868 -0.9442 0.3685 3
0.0000 1.2961 -0.9514 -0.0281 11
0.0000 1.5820 -1.1617 0.5259 3
0.0000 1.3075 -0.9629 0.0283 10
0.0000 0.6386 -0.4704 -0.1831 7
0.0000 1.3057 -0.9619 0.0850 10
0.0000 0.7981 -0.5882 -0.1927 2
0.0000 1.2974 -0.9565 0.1410 7
0.0000 0.9491 -0.7000 -0.1868 2
0.0000 1.3035 -0.9617 0.1989 7
0.0000 1.2266 -0.9053 -0.1872 3
0.0000 1.3001 -0.9596 0.2559 7
0.0000 1.2967 -0.9574 -0.1410 6
0.0000 1.3076 -0.9658 0.3160 8
0.0000 1.2995 -0.9602 -0.0847 8
0.0000 1.3023 -0.9626 0.3739 3
0.0000 1.3058 -0.9652 -0.0283 13
0.0000 1.5704 -1.1612 0.5233 3
0.0000 1.3043 -0.9672 0.0283 11
0.0000 0.6433 -0.4772 -0.1849 6
0.0000 1.3023 -0.9665 0.0850 11
0.0000 0.8339 -0.6191 -0.2019 2
0.0000 1.2988 -0.9646 0.1415 9
0.0000 0.9404 -0.6984 -0.1855 2
0.0000 1.3050 -0.9696 0.1996 10
0.0000 1.2141 -0.9023 -0.1857 3
0.0000 1.3015 -0.9676 0.2569 8
0.0000 1.2981 -0.9655 -0.1415 7
0.0000 1.3122 -0.9760 0.3179 8
0.0000 1.3027 -0.9693 -0.0851 10
0.0000 1.3006 -0.9681 0.3743 2
0.0000 1.3120 -0.9769 -0.0286 13
0.0000 1.5679 -1.1678 0.5238 3
0.0000 1.3041 -0.9742 0.0284 10
0.0000 0.6041 -0.4514 -0.1741 7
0.0000 1.3053 -0.9758 0.0854 10
0.0000 0.8381 -0.6265 -0.2034 2
0.0000 1.3052 -0.9760 0.1426 9
0.0000 0.9285 -0.6946 -0.1837 2
0.0000 1.3032 -0.9753 0.1999 10
0.0000 1.2141 -0.9089 -0.1862 3
0.0000 1.3092 -0.9805 0.2591 10
0.0000 1.3125 -0.9829 -0.1435 10
0.0000 1.3151 -0.9853 0.3194 9
0.0000 1.2930 -0.9690 -0.0847 10
0.0000 1.3097 -0.9819 0.3779 2
0.0000 1.3198 -0.9899 -0.0288 14
0.0000 1.5793 -1.1849 0.5290 3
0.0000 1.3103 -0.9859 0.0286 11
0.0000 0.6492 -0.4887 -0.1876 6
0.0000 1.2955 -0.9756 0.0850 10
0.0000 0.8171 -0.6153 -0.1988 2
0.0000 1.3113 -0.9878 0.1436 9
0.0000 0.9197 -0.6931 -0.1824 2
0.0000 1.3062 -0.9846 0.2008 11
0.0000 1.2141 -0.9155 -0.1867 3
0.0000 1.3105 -0.9886 0.2600 11
0.0000 1.3170 -0.9935 -0.1443 7
0.0000 1.3101 -0.9887 0.3190 10
0.0000 1.2944 -0.9771 -0.0850 8
0.0000 1.3141 -0.9924 0.3802 1
0.0000 1.3211 -0.9981 -0.0289 13
0.0000 1.5628 -1.1811 0.5249 2
0.0000 1.3180 -0.9989 0.0289 9
0.0000 0.6600 -0.5004 -0.1912 6
0.0000 1.2921 -0.9801 0.0850 10
0.0000 0.8212 -0.6229 -0.2003 2
0.0000 1.3110 -0.9948 0.1440 9
0.0000 0.9393 -0.7130 -0.1868 2
0.0000 1.3185 -1.0012 0.2033 10
0.0000 1.2045 -0.9150 -0.1857 3
0.0000 1.3117 -0.9967 0.2609 10
0.0000 1.3133 -0.9983 -0.1443 7
0.0000 1.3129 -0.9980 0.3206 10
0.0000 1.3052 -0.9925 -0.0859 8
0.0000 1.3354 -1.0158 0.3874 1
0.0000 1.3097 -0.9966 -0.0287 13
0.0000 1.5679 -1.1935 0.5280 2
0.0000 1.3208 -1.0084 0.0290 9
0.0000 0.6396 -0.4885 -0.1858 6
0.0000 1.3014 -0.9943 0.0858 10
0.0000 0.8189 -0.6259 -0.2003 2
0.0000 1.3042 -0.9971 0.1436 9
0.0000 0.9210 -0.7044 -0.1837 2
0.0000 1.3182 -1.0082 0.2038 10
0.0000 1.2076 -0.9240 -0.1867 3
0.0000 1.3114 -1.0037 0.2616 10
0.0000 1.3114 -1.0041 -0.1445 9
0.0000 1.3123 -1.0052 0.3213 10
0.0000 1.2984 -0.9949 -0.0857 10
0.0000 1.3657 -1.0468 0.3973 1
0.0000 1.3046 -1.0000 -0.0287 13
0.0000 1.5606 -1.1967 0.5270 3
0.0000 1.3044 -1.0035 0.0287 9
0.0000 0.6378 -0.4908 -0.1858 6
0.0000 1.3104 -1.0088 0.0867 10
0.0000 0.8230 -0.6335 -0.2019 2
0.0000 1.3007 -1.0017 0.1436 9
0.0000 0.9280 -0.7149 -0.1855 2
0.0000 1.3208 -1.0179 0.2047 10
0.0000 1.2137 -0.9357 -0.1882 3
0.0000 1.3093 -1.0097 0.2619 10
0.0000 1.3111 -1.0111 -0.1449 9
0.0000 1.3088 -1.0097 0.3213 10
0.0000 1.3092 -1.0104 -0.0867 8
0.0000 1.3805 -1.0659 0.4027 1
0.0000 1.3104 -1.0121 -0.0289 13
0.0000 1.5624 -1.2071 0.5290 3
0.0000 1.3104 -1.0154 0.0289 9
0.0000 0.6269 -0.4859 -0.1831 7
0.0000 1.3053 -1.0121 0.0866 9
0.0000 0.8099 -0.6280 -0.1992 2
0.0000 1.3082 -1.0148 0.1449 10
0.0000 0.9145 -0.7096 -0.1833 2
0.0000 1.3047 -1.0127 0.2028 10
0.0000 1.2088 -0.9387 -0.1879 3
0.0000 1.3120 -1.0191 0.2631 9
0.0000 1.3091 -1.0169 -0.1450 9
0.0000 1.3115 -1.0191 0.3228 9
0.0000 1.3041 -1.0137 -0.0866 8
0.0000 1.4353 -1.1161 0.4198 1
0.0000 1.3195 -1.0265 -0.0292 12
0.0000 1.5612 -1.2149 0.5301 3
0.0000 1.3132 -1.0248 0.0291 7
0.0000 0.6528 -0.5097 -0.1912 6
0.0000 1.3051 -1.0189 0.0868 9
0.0000 0.8139 -0.6356 -0.2007 2
0.0000 1.3078 -1.0218 0.1452 10
0.0000 0.9105 -0.7116 -0.1830 2
0.0000 1.3105 -1.0246 0.2043 10
0.0000 1.1915 -0.9319 -0.1857 3
0.0000 1.3086 -1.0235 0.2631 9
0.0000 1.3181 -1.0313 -0.1464 7
0.0000 1.3126 -1.0273 0.3240 9
0.0000 1.3021 -1.0195 -0.0867 8
0.0000 1.4314 -1.1211 0.4198 1
0.0000 1.3177 -1.0321 -0.0292 12
0.0000 1.5572 -1.2201 0.5301 3
0.0000 1.3160 -1.0341 0.0292 7
0.0000 0.6327 -0.4974 -0.1858 6
0.0000 1.3015 -1.0235 0.0868 9
0.0000 0.8116 -0.6385 -0.2007 2
0.0000 1.3246 -1.0424 0.1475 9
0.0000 0.9206 -0.7244 -0.1855 2
0.0000 1.3133 -1.0339 0.2052 10
0.0000 1.1900 -0.9371 -0.1860 3
0.0000 1.3081 -1.0305 0.2637 9
0.0000 1.3208 -1.0408 -0.1471 7
0.0000 1.3215 -1.0414 0.3270 8
0.0000 1.3050 -1.0288 -0.0871 7
0.0000 1.4827 -1.1693 0.4360 1
0.0000 1.3125 -1.0354 -0.0292 10
0.0000 1.5559 -1.2279 0.5311 2
0.0000 1.3156 -1.0412 0.0293 8
0.0000 0.6493 -0.5141 -0.1912 6
0.0000 1.3011 -1.0305 0.0870 9
0.0000 0.8157 -0.6460 -0.2023 2
0.0000 1.3071 -1.0356 0.1459 8
0.0000 0.9366 -0.7423 -0.1893 2
0.0000 1.3253 -1.0508 0.2077 10
0.0000 1.1882 -0.9425 -0.1862 3
0.0000 1.3107 -1.0400 0.2650 10
0.0000 1.3126 -1.0415 -0.1466 6
0.0000 1.3240 -1.0509 0.3286 8
0.0000 1.3108 -1.0408 -0.0877 7
0.0000 1.5000 -1.1914 0.4423 1
0.0000 1.3120 -1.0425 -0.0293 12
0.0000 1.5456 -1.2285 0.5290 3
0.0000 1.3104 -1.0445 0.0293 8
0.0000 0.6201 -0.4945 -0.1831 7
0.0000 1.3131 -1.0475 0.0880 10
0.0000 0.8073 -0.6440 -0.2007 2
0.0000 1.3066 -1.0427 0.1462 8
0.0000 0.9155 -0.7308 -0.1855 2
0.0000 1.3216 -1.0554 0.2077 9
0.0000 1.1911 -0.9516 -0.1872 3
0.0000 1.3240 -1.0581 0.2684 10
0.0000 1.3136 -1.0498 -0.1471 7
0.0000 1.3111 -1.0481 0.3263 9
0.0000 1.3134 -1.0503 -0.0881 8
0.0000 1.3162 -1.0533 -0.0294 12
0.0000 1.5292 -1.2243 0.5249 3
0.0000 1.3145 -1.0554 0.0294 7
0.0000 0.6275 -0.5040 -0.1858 6
0.0000 1.3174 -1.0581 0.0886 7
0.0000 0.7958 -0.6394 -0.1984 2
0.0000 1.3154 -1.0572 0.1476 8
0.0000 0.9037 -0.7266 -0.1837 2
0.0000 1.3164 -1.0588 0.2074 9
0.0000 1.1940 -0.9607 -0.1882 3
0.0000 1.3236 -1.0650 0.2691 9
0.0000 1.3193 -1.0619 -0.1482 7
0.0000 1.3182 -1.0613 0.3290 8
0.0000 1.3144 -1.0587 -0.0884 10
0.0000 1.5220 -1.2263 0.4513 1
0.0000 1.3204 -1.0639 -0.0296 12
0.0000 1.5402 -1.2414 0.5301 3
0.0000 1.3172 -1.0648 0.0296 8
0.0000 0.6076 -0.4914 -0.1804 7
0.0000 1.2966 -1.0488 0.0874 9
0.0000 0.8241 -0.6669 -0.2061 2
0.0000 1.3271 -1.0743 0.1494 8
0.0000 0.9059 -0.7333 -0.1846 2
0.0000 1.3159 -1.0656 0.2079 9
0.0000 1.1769 -0.9534 -0.1860 3
0.0000 1.3214 -1.0708 0.2694 7
0.0000 1.3233 -1.0727 -0.1490 9
0.0000 1.3177 -1.0682 0.3297 8
0.0000 1.3108 -1.0630 -0.0884 10
0.0000 1.6057 -1.3026 0.4773 3
0.0000 1.3260 -1.0761 -0.0298 12
0.0000 1.5358 -1.2468 0.5301 3
0.0000 1.3197 -1.0744 0.0297 7
0.0000 0.6301 -0.5132 -0.1876 6
0.0000 1.3024 -1.0607 0.0880 9
0.0000 0.8006 -0.6523 -0.2007 2
0.0000 1.3220 -1.0775 0.1492 8
0.0000 0.9002 -0.7340 -0.1840 2
0.0000 1.3184 -1.0752 0.2089 9
0.0000 1.1690 -0.9537 -0.1852 3
0.0000 1.3163 -1.0739 0.2691 7
0.0000 1.3290 -1.0847 -0.1501 9
0.0000 1.3231 -1.0802 0.3320 8
0.0000 1.3210 -1.0789 -0.0894 10
0.0000 1.5951 -1.3033 0.4755 7
0.0000 1.3163 -1.0754 -0.0297 12
0.0000 1.5377 -1.2568 0.5321 3
0.0000 1.3239 -1.0851 0.0299 7
0.0000 0.6133 -0.5029 -0.1831 7
0.0000 1.3033 -1.0690 0.0883 6
0.0000 0.7710 -0.6326 -0.1939 2
0.0000 1.3136 -1.0783 0.1487 8
0.0000 0.8902 -0.7307 -0.1824 2
0.0000 1.3178 -1.0821 0.2094 7
0.0000 1.1765 -0.9664 -0.1869 3
0.0000 1.3217 -1.0860 0.2709 9
0.0000 1.3190 -1.0842 -0.1494 10
0.0000 1.3286 -1.0921 0.3343 8
0.0000 1.3236 -1.0884 -0.0898 9
0.0000 1.5938 -1.3110 0.4764 8
0.0000 1.3187 -1.0851 -0.0298 12
0.0000 1.5303 -1.2597 0.5311 3
0.0000 1.3168 -1.0874 0.0298 7
0.0000 0.6115 -0.5051 -0.1831 7
0.0000 1.3086 -1.0815 0.0890 7
0.0000 0.7960 -0.6578 -0.2007 2
0.0000 1.3160 -1.0879 0.1494 8
0.0000 0.8875 -0.7339 -0.1824 2
0.0000 1.3231 -1.0945 0.2108 7
0.0000 1.1745 -0.9720 -0.1872 3
0.0000 1.3268 -1.0984 0.2728 7
0.0000 1.3214 -1.0939 -0.1501 10
0.0000 1.3140 -1.0882 0.3316 7
0.0000 1.3242 -1.0971 -0.0901 9
0.0000 1.5875 -1.3156 0.4760 8
0.0000 1.3224 -1.0963 -0.0300 12
0.0000 1.5257 -1.2653 0.5311 4
0.0000 1.3145 -1.0933 0.0298 7
0.0000 0.6007 -0.4998 -0.1804 7
0.0000 1.3110 -1.0911 0.0894 7
0.0000 0.7756 -0.6455 -0.1962 2
0.0000 1.3245 -1.1027 0.1508 8
0.0000 0.8910 -0.7421 -0.1837 2
0.0000 1.3162 -1.0966 0.2103 10
0.0000 1.1803 -0.9837 -0.1887 3
0.0000 1.3291 -1.1081 0.2741 9
0.0000 1.3237 -1.1036 -0.1508 10
0.0000 1.3177 -1.0990 0.3335 8
0.0000 1.3189 -1.1004 -0.0900 9
0.0000 1.5814 -1.3199 0.4755 8
0.0000 1.3247 -1.1060 -0.0301 12
0.0000 1.5227 -1.2718 0.5316 4
0.0000 1.3168 -1.1030 0.0300 7
0.0000 0.6079 -0.5094 -0.1831 7
0.0000 1.3041 -1.0931 0.0892 9
0.0000 0.8155 -0.6836 -0.2068 2
0.0000 1.3282 -1.1137 0.1517 8
0.0000 0.8975 -0.7528 -0.1855 2
0.0000 1.3169 -1.1050 0.2111 10
0.0000 1.1647 -0.9776 -0.1867 3
0.0000 1.3267 -1.1140 0.2744 9
0.0000 1.3334 -1.1200 -0.1523 7
0.0000 1.3214 -1.1100 0.3354 9
0.0000 1.3196 -1.1089 -0.0903 9
0.0000 1.5693 -1.3191 0.4733 9
0.0000 1.3224 -1.1120 -0.0302 12
0.0000 1.5272 -1.2846 0.5347 4
0.0000 1.3176 -1.1115 0.0301 8
0.0000 0.5764 -0.4864 -0.1741 7
0.0000 1.3140 -1.1093 0.0901 10
0.0000 0.7770 -0.6561 -0.1977 2
0.0000 1.3302 -1.1237 0.1523 8
0.0000 0.8826 -0.7459 -0.1830 2
0.0000 1.3221 -1.1173 0.2125 10
0.0000 1.1521 -0.9740 -0.1852 3
0.0000 1.3243 -1.1199 0.2747 9
0.0000 1.3325 -1.1272 -0.1527 9
0.0000 1.3233 -1.1199 0.3370 8
0.0000 1.3277 -1.1240 -0.0912 9
0.0000 1.5555 -1.3173 0.4706 8
0.0000 1.3230 -1.1204 -0.0303 11
0.0000 1.5241 -1.2912 0.5352 5
0.0000 1.3180 -1.1202 0.0302 8
0.0000 0.6132 -0.5213 -0.1858 6
0.0000 1.3132 -1.1164 0.0903 10
0.0000 0.7448 -0.6334 -0.1900 2
0.0000 1.3263 -1.1284 0.1523 8
0.0000 0.8845 -0.7528 -0.1840 2
0.0000 1.3241 -1.1273 0.2135 10
0.0000 1.1576 -0.9859 -0.1867 3
0.0000 1.3249 -1.1284 0.2756 9
0.0000 1.3194 -1.1241 -0.1517 7
0.0000 1.3328 -1.1359 0.3404 8
0.0000 1.3299 -1.1338 -0.0916 9
0.0000 1.5480 -1.3202 0.4697 8
0.0000 1.3191 -1.1251 -0.0303 11
0.0000 1.5079 -1.2865 0.5311 5
0.0000 1.3128 -1.1232 0.0302 8
0.0000 0.6100 -0.5221 -0.1854 6
0.0000 1.3169 -1.1275 0.0909 9
0.0000 0.7724 -0.6615 -0.1977 2
0.0000 1.3239 -1.1343 0.1525 8
0.0000 0.8820 -0.7557 -0.1840 2
0.0000 1.3264 -1.1368 0.2145 10
0.0000 1.1664 -1.0001 -0.1887 3
0.0000 1.3285 -1.1394 0.2772 9
0.0000 1.3201 -1.1326 -0.1522 7
0.0000 1.3261 -1.1378 0.3396 8
0.0000 1.3322 -1.1434 -0.0920 9
0.0000 1.5421 -1.3241 0.4692 8
0.0000 1.3258 -1.1388 -0.0305 11
0.0000 1.5019 -1.2905 0.5306 5
0.0000 1.3149 -1.1330 0.0303 7
0.0000 0.5993 -0.5166 -0.1827 7
0.0000 1.3235 -1.1412 0.0916 9
0.0000 0.7523 -0.6487 -0.1931 2
0.0000 1.3292 -1.1465 0.1536 8
0.0000 0.8704 -0.7511 -0.1821 2
0.0000 1.3239 -1.1427 0.2147 7
0.0000 1.1539 -0.9964 -0.1872 3
0.0000 1.3349 -1.1531 0.2794 7
0.0000 1.3238 -1.1435 -0.1530 7
0.0000 1.3236 -1.1437 0.3400 7
0.0000 1.3206 -1.1415 -0.0915 9
0.0000 1.5375 -1.3294 0.4692 8
0.0000 1.3249 -1.1460 -0.0306 9
0.0000 1.4988 -1.2970 0.5311 5
0.0000 1.3200 -1.1455 0.0305 7
0.0000 0.5975 -0.5186 -0.1827 7
0.0000 1.3150 -1.1419 0.0913 9
0.0000 0.7649 -0.6642 -0.1969 2
0.0000 1.3297 -1.1550 0.1541 8
0.0000 0.8857 -0.7696 -0.1858 2
0.0000 1.3214 -1.1487 0.2150 7
0.0000 1.1384 -0.9900 -0.1852 3
0.0000 1.3354 -1.1616 0.2803 7
0.0000 1.3273 -1.1547 -0.1539 7
0.0000 1.3240 -1.1522 0.3412 8
0.0000 1.3242 -1.1527 -0.0920 9
0.0000 1.5166 -1.3207 0.4643 12
0.0000 1.3299 -1.1585 -0.0308 9
0.0000 1.4958 -1.3035 0.5316 6
0.0000 1.3326 -1.1645 0.0309 7
0.0000 0.6045 -0.5284 -0.1854 6
0.0000 1.3142 -1.1489 0.0915 7
0.0000 0.7567 -0.6617 -0.1954 2
0.0000 1.3376 -1.1702 0.1555 7
0.0000 0.8726 -0.7636 -0.1837 2
0.0000 1.3323 -1.1663 0.2174 9
0.0000 1.1409 -0.9992 -0.1862 3
0.0000 1.3300 -1.1648 0.2800 7
0.0000 1.3278 -1.1632 -0.1544 6
0.0000 1.3303 -1.1658 0.3438 7
0.0000 1.3306 -1.1665 -0.0927 7
0.0000 1.5150 -1.3286 0.4652 10
0.0000 1.3245 -1.1616 -0.0308 9
0.0000 1.4856 -1.3033 0.5295 8
0.0000 1.3347 -1.1742 0.0310 7
0.0000 0.5939 -0.5227 -0.1827 7
0.0000 1.3162 -1.1588 0.0919 6
0.0000 0.7573 -0.6669 -0.1962 2
0.0000 1.3260 -1.1682 0.1546 7
0.0000 0.8745 -0.7704 -0.1846 2
0.0000 1.3299 -1.1721 0.2177 7
0.0000 1.1406 -1.0056 -0.1867 3
0.0000 1.3334 -1.1759 0.2816 7
0.0000 1.3222 -1.1665 -0.1543 6
0.0000 1.3382 -1.1806 0.3469 7
0.0000 1.3342 -1.1775 -0.0933 7
0.0000 1.5062 -1.3297 0.4638 8
0.0000 1.3250 -1.1702 -0.0309 8
0.0000 1.4782 -1.3059 0.5285 9
0.0000 1.3231 -1.1723 0.0309 6
0.0000 0.5629 -0.4989 -0.1737 7
0.0000 1.3286 -1.1779 0.0931 8
0.0000 0.7756 -0.6877 -0.2015 2
0.0000 1.3237 -1.1740 0.1548 7
0.0000 0.8467 -0.7512 -0.1793 2
0.0000 1.3332 -1.1833 0.2189 7
0.0000 1.1341 -1.0069 -0.1862 3
0.0000 1.3293 -1.1806 0.2816 7
0.0000 1.3199 -1.1722 -0.1544 6
0.0000 1.3356 -1.1866 0.3473 7
0.0000 1.3361 -1.1875 -0.0937 9
0.0000 1.4942 -1.3285 0.4616 9
0.0000 1.3298 -1.1828 -0.0311 8
0.0000 1.4678 -1.3059 0.5264 11
0.0000 1.3250 -1.1822 0.0310 7
0.0000 0.5612 -0.5009 -0.1737 7
0.0000 1.3245 -1.1825 0.0931 8
0.0000 0.7410 -0.6616 -0.1931 2
0.0000 1.3329 -1.1905 0.1564 7
0.0000 0.8676 -0.7752 -0.1843 2
0.0000 1.3247 -1.1840 0.2181 9
0.0000 1.1395 -1.0188 -0.1877 3
0.0000 1.3369 -1.1958 0.2841 7
0.0000 1.3276 -1.1875 -0.1558 6
0.0000 1.3358 -1.1952 0.3484 7
0.0000 1.3290 -1.1895 -0.0935 7
0.0000 1.4910 -1.3350 0.4620 8
0.0000 1.3391 -1.1994 -0.0314 9
0.0000 1.4676 -1.3149 0.5280 13
0.0000 1.3372 -1.2015 0.0314 7
0.0000 1.3218 -1.1885 0.0932 7
0.0000 0.7475 -0.6721 -0.1954 2
0.0000 1.3362 -1.2018 0.1572 7
0.0000 0.8649 -0.7782 -0.1843 2
0.0000 1.3353 -1.2019 0.2206 8
0.0000 1.1300 -1.0175 -0.1867 3
0.0000 1.3415 -1.2083 0.2860 6
0.0000 1.3368 -1.2041 -0.1574 7
0.0000 1.3360 -1.2038 0.3496 7
0.0000 1.3293 -1.1981 -0.0938 7
0.0000 1.4704 -1.3259 0.4571 8
0.0000 1.3349 -1.2041 -0.0314 8
0.0000 1.4558 -1.3136 0.5254 15
0.0000 1.3375 -1.2102 0.0315 7
0.0000 1.3265 -1.2011 0.0938 9
0.0000 0.7684 -0.6958 -0.2015 2
0.0000 1.3349 -1.2092 0.1576 8
0.0000 0.8578 -0.7773 -0.1833 2
0.0000 1.3384 -1.2132 0.2218 9
0.0000 1.1176 -1.0134 -0.1852 3
0.0000 1.3315 -1.2077 0.2847 7
0.0000 1.3400 -1.2154 -0.1583 6
0.0000 1.3449 -1.2203 0.3530 7
0.0000 1.3325 -1.2095 -0.0943 7
0.0000 1.4658 -1.3310 0.4571 8
0.0000 1.3277 -1.2060 -0.0313 8
0.0000 1.4498 -1.3174 0.5249 15
0.0000 1.3406 -1.2216 0.0317 9
0.0000 1.3282 -1.2112 0.0942 10
0.0000 0.7428 -0.6773 -0.1954 2
0.0000 1.3336 -1.2165 0.1579 8
0.0000 0.8653 -0.7896 -0.1855 2
0.0000 1.3400 -1.2232 0.2228 9
0.0000 1.1141 -1.0173 -0.1852 3
0.0000 1.3345 -1.2190 0.2863 7
0.0000 1.3254 -1.2107 -0.1571 6
0.0000 1.3435 -1.2277 0.3538 7
0.0000 1.3341 -1.2195 -0.0947 7
0.0000 1.4626 -1.3374 0.4576 8
0.0000 1.3309 -1.2174 -0.0315 8
0.0000 1.4352 -1.3133 0.5213 15
0.0000 1.3319 -1.2222 0.0316 9
0.0000 1.3328 -1.2239 0.0948 9
0.0000 0.7606 -0.6985 -0.2007 2
0.0000 1.3338 -1.2252 0.1584 8
0.0000 0.8494 -0.7806 -0.1827 2
0.0000 1.3475 -1.2386 0.2247 9
0.0000 1.1135 -1.0239 -0.1857 3
0.0000 1.3288 -1.2223 0.2860 9
0.0000 1.3344 -1.2275 -0.1586 7
0.0000 1.3349 -1.2284 0.3526 6
0.0000 1.3328 -1.2269 -0.0949 6
0.0000 1.4522 -1.3372 0.4558 8
0.0000 1.3384 -1.2329 -0.0318 10
0.0000 1.4278 -1.3157 0.5202 15
0.0000 1.3335 -1.2323 0.0317 9
0.0000 0.5524 -0.5106 -0.1737 7
0.0000 1.3332 -1.2324 0.0951 10
0.0000 0.7553 -0.6984 -0.2000 2
0.0000 1.3383 -1.2379 0.1595 8
0.0000 0.8366 -0.7741 -0.1805 2
0.0000 1.3373 -1.2379 0.2238 9
0.0000 1.1055 -1.0237 -0.1850 3
0.0000 1.3378 -1.2388 0.2888 7
0.0000 1.3418 -1.2429 -0.1600 7
0.0000 1.3392 -1.2410 0.3549 5
0.0000 1.3227 -1.2261 -0.0945 6
0.0000 1.4475 -1.3423 0.4558 8
0.0000 1.3475 -1.2496 -0.0321 10
0.0000 1.4262 -1.3230 0.5213 15
0.0000 1.3426 -1.2490 0.0320 9
0.0000 0.5507 -0.5124 -0.1737 7
0.0000 1.3259 -1.2343 0.0949 9
0.0000 0.7615 -0.7091 -0.2023 2
0.0000 1.3441 -1.2521 0.1607 7
0.0000 0.8383 -0.7809 -0.1815 2
0.0000 1.3361 -1.2451 0.2242 8
0.0000 1.1021 -1.0274 -0.1850 3
0.0000 1.3407 -1.2502 0.2903 7
0.0000 1.3389 -1.2490 -0.1602 6
0.0000 1.3365 -1.2468 0.3553 5
0.0000 1.3317 -1.2427 -0.0955 6
0.0000 1.4259 -1.3311 0.4504 8
0.0000 1.3431 -1.2543 -0.0321 10
0.0000 1.4188 -1.3253 0.5202 15
0.0000 1.3383 -1.2536 0.0320 7
0.0000 1.3304 -1.2471 0.0956 8
0.0000 0.7276 -0.6821 -0.1939 2
0.0000 1.3429 -1.2593 0.1611 7
0.0000 0.8515 -0.7987 -0.1849 2
0.0000 1.3433 -1.2606 0.2262 7
0.0000 1.0884 -1.0217 -0.1833 3
0.0000 1.3377 -1.2562 0.2907 7
0.0000 1.3345 -1.2536 -0.1602 6
0.0000 1.3479 -1.2662 0.3595 5
0.0000 1.3347 -1.2542 -0.0960 6
0.0000 1.4270 -1.3414 0.4522 11
0.0000 1.3402 -1.2603 -0.0321 8
0.0000 1.4071 -1.3237 0.5176 16
0.0000 1.3411 -1.2652 0.0322 7
0.0000 1.3318 -1.2572 0.0960 8
0.0000 0.7394 -0.6982 -0.1977 2
0.0000 1.3412 -1.2669 0.1614 7
0.0000 0.8456 -0.7991 -0.1843 2
0.0000 1.3490 -1.2748 0.2279 8
0.0000 1.0906 -1.0309 -0.1843 3
0.0000 1.3348 -1.2622 0.2910 7
0.0000 1.3301 -1.2583 -0.1602 5
0.0000 1.3476 -1.2752 0.3606 5
0.0000 1.3330 -1.2618 -0.0962 6
0.0000 1.4220 -1.3466 0.4522 15
0.0000 1.3358 -1.2650 -0.0321 10
0.0000 1.3969 -1.3233 0.5156 16
0.0000 1.3365 -1.2701 0.0322 7
0.0000 1.3390 -1.2729 0.0968 5
0.0000 0.7369 -0.7008 -0.1977 2
0.0000 1.3512 -1.2853 0.1632 4
0.0000 0.8500 -0.8089 -0.1858 2
0.0000 1.3731 -1.3071 0.2328 4
0.0000 1.0999 -1.0471 -0.1865 3
0.0000 1.3633 -1.2982 0.2982 5
0.0000 1.3243 -1.2616 -0.1600 5
0.0000 1.3658 -1.3016 0.3667 6
0.0000 1.3430 -1.2803 -0.0972 4
0.0000 1.4190 -1.3527 0.4526 19
0.0000 1.3415 -1.2793 -0.0324 6
0.0000 1.3797 -1.3161 0.5109 15
0.0000 1.3583 -1.2994 0.0328 4
0.0000 0.5449 -0.5214 -0.1741 7
0.0000 1.3795 -1.3201 0.1001 7
0.0000 0.6552 -0.6272 -0.1763 4
0.0000 1.4030 -1.3436 0.1700 9
0.0000 0.8345 -0.7994 -0.1830 2
0.0000 1.0864 -1.0411 -0.1848 3
0.0000 1.3960 -1.3383 0.3063 14
0.0000 1.3517 -1.2963 -0.1639 4
0.0000 1.3604 -1.3055 -0.0988 4
0.0000 1.4131 -1.3560 0.4522 24
0.0000 1.3690 -1.3142 -0.0331 5
0.0000 1.3823 -1.3274 0.5135 15
0.0000 1.4145 -1.3621 0.0343 17
0.0000 0.7040 -0.6784 -0.1900 2
0.0000 1.3899 -1.3399 0.1689 23
0.0000 0.8318 -0.8022 -0.1830 2
0.0000 1.0844 -1.0461 -0.1850 3
0.0000 1.3831 -1.3347 0.3044 26
0.0000 1.4019 -1.3533 -0.1705 11
0.0000 1.4080 -1.3597 0.3805 41
0.0000 1.4063 -1.3585 -0.1025 11
0.0000 1.3960 -1.3485 0.4481 22
0.0000 1.4150 -1.3674 -0.0343 17
0.0000 1.3778 -1.3320 0.5135 16
0.0000 1.3898 -1.3473 0.0338 39
0.0000 1.3826 -1.3417 0.1686 37
0.0000 0.8320 -0.8077 -0.1837 2
0.0000 1.4027 -1.3622 0.2401 50
0.0000 1.0738 -1.0427 -0.1838 3
0.0000 1.3857 -1.3461 0.3060 36
0.0000 1.4003 -1.3608 -0.1708 12
0.0000 1.4049 -1.3657 0.3809 27
0.0000 1.3975 -1.3590 -0.1022 18
0.0000 1.3887 -1.3504 0.4472 15
0.0000 1.4061 -1.3679 -0.0342 39
0.0000 1.3706 -1.3338 0.5125 14
0.0000 1.4056 -1.3736 0.1030 100
0.0000 1.3920 -1.3607 0.1703 37
0.0000 0.8262 -0.8080 -0.1830 2
0.0000 1.4034 -1.3729 0.2411 24
0.0000 1.0698 -1.0469 -0.1838 3
0.0000 1.3961 -1.3667 0.3094 19
0.0000 1.3879 -1.3592 -0.1700 9
0.0000 1.4041 -1.3750 0.3820 14
0.0000 1.3896 -1.3613 -0.1020 56
0.0000 1.3946 -1.3667 0.4508 12
0.0000 1.3909 -1.3635 -0.0340 93
0.0000 1.3517 -1.3256 0.5073 10
0.0000 1.3887 -1.3656 0.0340 44
0.0000 1.3880 -1.3659 0.1021 29
0.0000 1.3870 -1.3658 0.1703 17
0.0000 0.8317 -0.8193 -0.1849 2
0.0000 1.3958 -1.3750 0.2406 13
0.0000 1.0718 -1.0562 -0.1848 3
0.0000 1.3983 -1.3785 0.3110 11
0.0000 1.3605 -1.3416 -0.1672 4
0.0000 1.4032 -1.3843 0.3831 11
0.0000 1.3974 -1.3790 -0.1029 24
0.0000 1.4035 -1.3855 0.4553 7
0.0000 1.4032 -1.3852 -0.0344 37
0.0000 1.3512 -1.3343 0.5088 5
0.0000 1.3951 -1.3820 0.0343 11
0.0000 1.3844 -1.3724 0.1022 14
0.0000 1.4006 -1.3889 0.1726 12
0.0000 0.8316 -0.8250 -0.1855 1
0.0000 1.3978 -1.3871 0.2418 9
0.0000 1.0693 -1.0615 -0.1850 2
0.0000 1.4045 -1.3947 0.3135 8
0.0000 1.3628 -1.3534 -0.1680 3
0.0000 1.4068 -1.3975 0.3854 8
0.0000 1.4069 -1.3986 0.4580 7
0.0000 1.3981 -1.3903 -0.0344 9
0.0000 1.3518 -1.3447 0.5109 7
0.0000 1.4101 -1.4066 0.0348 2
0.0000 1.3895 -1.3871 0.1029 9
0.0000 1.4084 -1.4064 0.1741 8
0.0000 0.8371 -0.8362 -0.1874 1
0.0000 1.4014 -1.4004 0.2433 9
0.0000 1.0459 -1.0456 -0.1816 2
0.0000 1.4108 -1.4108 0.3160 7
0.0000 1.3454 -1.3454 -0.1665 1
0.0000 1.4144 -1.4149 0.3889 8
0.0000 1.3680 -1.3690 -0.1014 1
0.0000 1.4020 -1.4035 0.4580 8
0.0000 1.3791 -1.3810 -0.0341 3
0.0000 1.3566 -1.3590 0.5145 7
0.0000 2.6368 -2.6488 0.0652 22
0.0000 1.3877 -1.3945 0.1031 5
0.0000 1.4119 -1.4198 0.1752 8
0.0000 0.8203 -0.8252 -0.1843 1
0.0000 1.4077 -1.4165 0.2452 9
0.0000 1.0479 -1.0548 -0.1826 2
0.0000 1.4075 -1.4168 0.3163 7
0.0000 1.3379 -1.3473 -0.1661 1
0.0000 1.4108 -1.4212 0.3893 8
0.0000 2.3424 -2.3605 -0.1743 1
0.0000 1.4109 -1.4222 0.4625 4
0.0000 2.6378 -2.6590 -0.0654 20
0.0000 1.3549 -1.3662 0.5156 4
0.0000 2.6266 -2.6561 0.0652 43
0.0000 1.3954 -1.4121 0.1040 6
0.0000 1.4056 -1.4233 0.1750 8
0.0000 0.8286 -0.8391 -0.1868 1
0.0000 1.4169 -1.4353 0.2476 9
0.0000 1.0695 -1.0837 -0.1869 2
0.0000 1.4039 -1.4232 0.3166 7
0.0000 1.3332 -1.3520 -0.1661 1
0.0000 1.4171 -1.4370 0.3923 8
0.0000 2.2995 -2.3326 -0.1717 1
0.0000 1.5853 -1.6087 0.5214 2
0.0000 2.6397 -2.6796 -0.0657 48
0.0000 1.3447 -1.3655 0.5135 3
0.0000 2.6285 -2.6766 0.0655 56
0.0000 1.4017 -1.4284 0.1049 6
0.0000 1.4064 -1.4337 0.1757 8
0.0000 0.8202 -0.8364 -0.1855 1
0.0000 1.4160 -1.4445 0.2484 7
0.0000 1.0573 -1.0790 -0.1855 1
0.0000 1.4058 -1.4351 0.3182 7
0.0000 1.2950 -1.3224 -0.1619 1
0.0000 1.4217 -1.4518 0.3950 8
0.0000 2.2872 -2.3364 -0.1713 3
0.0000 1.6219 -1.6574 0.5354 2
0.0000 2.6177 -2.6759 -0.0653 61
0.0000 1.3615 -1.3922 0.5218 4
0.0000 2.5898 -2.6557 0.0647 45
0.0000 1.3995 -1.4361 0.1051 6
0.0000 1.4081 -1.4460 0.1766 6
0.0000 1.3958 -1.4338 0.2457 6
0.0000 1.0923 -1.1225 -0.1923 1
0.0000 1.4132 -1.4527 0.3210 6
0.0000 1.3224 -1.3598 -0.1659 1
0.0000 1.4095 -1.4499 0.3931 7
0.0000 2.2758 -2.3419 -0.1711 3
0.0000 1.5439 -1.5893 0.5115 2
0.0000 2.6042 -2.6808 -0.0652 63
0.0000 1.3862 -1.4275 0.5332 4
0.0000 2.5828 -2.6681 0.0648 46
0.0000 1.3903 -1.4367 0.1048 8
0.0000 1.4141 -1.4623 0.1780 6
0.0000 1.4098 -1.4589 0.2491 6
0.0000 1.4219 -1.4719 0.3241 6
0.0000 1.3190 -1.3658 -0.1661 1
0.0000 1.4235 -1.4746 0.3984 7
0.0000 2.2662 -2.3484 -0.1710 3
0.0000 1.4112 -1.4628 0.4692 5
0.0000 2.5865 -2.6812 -0.0650 55
0.0000 1.3946 -1.4462 0.5383 4
0.0000 2.5684 -2.6709 0.0647 45
0.0000 1.4005 -1.4574 0.1059 8
0.0000 1.4118 -1.4701 0.1783 6
0.0000 1.4118 -1.4707 0.2503 6
0.0000 1.4085 -1.4683 0.3223 7
0.0000 1.3142 -1.3704 -0.1661 1
0.0000 1.4268 -1.4878 0.4007 8
0.0000 2.2556 -2.3530 -0.1708 3
0.0000 1.4157 -1.4773 0.4724 7
0.0000 2.5647 -2.6772 -0.0647 56
0.0000 1.3883 -1.4497 0.5378 4
0.0000 2.5508 -2.6711 0.0645 46
0.0000 1.4023 -1.4695 0.1065 8
0.0000 1.4014 -1.4690 0.1776 6
0.0000 1.4135 -1.4828 0.2515 6
0.0000 1.4061 -1.4760 0.3229 6
0.0000 1.4270 -1.4985 0.4022 7
0.0000 2.2598 -2.3739 -0.1718 4
0.0000 1.4200 -1.4922 0.4755 7
0.0000 2.5484 -2.6789 -0.0645 57
0.0000 1.3819 -1.4531 0.5373 3
0.0000 2.5318 -2.6699 0.0642 47
0.0000 1.4027 -1.4802 0.1069 8
0.0000 1.4017 -1.4797 0.1783 6
0.0000 1.4111 -1.4906 0.2520 6
0.0000 1.4118 -1.4924 0.3254 6
0.0000 1.4164 -1.4978 0.4007 6
0.0000 2.2474 -2.3774 -0.1715 4
0.0000 1.4268 -1.5099 0.4796 7
0.0000 2.5391 -2.6878 -0.0645 60
0.0000 1.3794 -1.4607 0.5383 3
0.0000 2.5198 -2.6758 0.0642 49
0.0000 1.4016 -1.4894 0.1072 8
0.0000 1.4157 -1.5049 0.1808 6
0.0000 1.4059 -1.4955 0.2520 6
0.0000 1.4242 -1.5161 0.3295 7
0.0000 1.4152 -1.5070 0.4018 7
0.0000 2.2405 -2.3867 -0.1716 3
0.0000 1.4295 -1.5234 0.4823 7
0.0000 2.5214 -2.6879 -0.0643 60
0.0000 1.3664 -1.4571 0.5352 3
0.0000 2.5090 -2.6831 0.0641 51
0.0000 1.3964 -1.4943 0.1072 8
0.0000 1.4077 -1.5069 0.1804 6
0.0000 1.4101 -1.5106 0.2537 6
0.0000 1.4202 -1.5225 0.3298 6
0.0000 1.4220 -1.5249 0.4053 6
0.0000 2.2226 -2.3843 -0.1708 4
0.0000 1.4269 -1.5312 0.4832 7
0.0000 2.5121 -2.6967 -0.0643 60
0.0000 1.3718 -1.4732 0.5394 3
0.0000 2.4956 -2.6874 0.0640 49
0.0000 1.3898 -1.4977 0.1071 8
0.0000 1.4173 -1.5279 0.1823 6
0.0000 1.4143 -1.5257 0.2554 6
0.0000 1.4122 -1.5245 0.3291 6
0.0000 1.4260 -1.5399 0.4079 6
0.0000 2.2197 -2.3979 -0.1712 4
0.0000 1.4202 -1.5347 0.4827 7
0.0000 2.4890 -2.6907 -0.0640 60
0.0000 1.3693 -1.4808 0.5404 2
0.0000 2.4821 -2.6917 0.0639 51
0.0000 1.3981 -1.5172 0.1081 7
0.0000 1.4093 -1.5299 0.1820 6
0.0000 1.4116 -1.5335 0.2559 7
0.0000 1.4176 -1.5411 0.3316 6
0.0000 1.4299 -1.5550 0.4106 6
0.0000 2.2099 -2.4041 -0.1711 4
0.0000 1.4320 -1.5583 0.4886 7
0.0000 2.4729 -2.6921 -0.0638 62
0.0000 1.3720 -1.4941 0.5435 2
0.0000 2.4592 -2.6856 0.0636 51
0.0000 1.3995 -1.5295 0.1086 7
0.0000 1.4133 -1.5451 0.1832 5
0.0000 1.4224 -1.5560 0.2589 7
0.0000 1.4215 -1.5562 0.3338 6
0.0000 1.4244 -1.5600 0.4106 6
0.0000 2.1961 -2.4059 -0.1707 3
0.0000 1.4304 -1.5676 0.4899 8
0.0000 2.4621 -2.6992 -0.0638 57
0.0000 1.3537 -1.4846 0.5383 2
0.0000 2.4417 -2.6853 0.0634 54
0.0000 1.4022 -1.5432 0.1093 6
0.0000 1.4146 -1.5574 0.1841 4
0.0000 1.4129 -1.5566 0.2581 6
0.0000 1.4227 -1.5685 0.3354 6
0.0000 1.4282 -1.5751 0.4133 7
0.0000 2.1850 -2.4106 -0.1705 4
0.0000 1.4394 -1.5885 0.4949 8
0.0000 2.4513 -2.7063 -0.0637 62
0.0000 1.3589 -1.5008 0.5425 2
0.0000 2.4297 -2.6908 0.0633 51
0.0000 1.3931 -1.5434 0.1090 5
0.0000 1.4199 -1.5742 0.1855 5
0.0000 1.4128 -1.5674 0.2591 6
0.0000 1.4307 -1.5879 0.3385 5
0.0000 1.4332 -1.5917 0.4163 7
0.0000 2.1753 -2.4167 -0.1704 3
0.0000 1.4364 -1.5964 0.4958 7
0.0000 2.4330 -2.7040 -0.0635 60
0.0000 1.3513 -1.5024 0.5414 2
0.0000 2.4154 -2.6929 0.0631 46
0.0000 1.4010 -1.5631 0.1100 5
0.0000 1.4263 -1.5925 0.1870 5
0.0000 1.4274 -1.5943 0.2628 6
0.0000 1.4252 -1.5929 0.3385 5
0.0000 1.4397 -1.6097 0.4198 8
0.0000 2.1712 -2.4284 -0.1707 3
0.0000 1.4415 -1.6128 0.4994 7
0.0000 2.4089 -2.6961 -0.0631 56
0.0000 1.3538 -1.5157 0.5446 2
0.0000 2.4006 -2.6954 0.0630 46
0.0000 1.4012 -1.5737 0.1104 5
0.0000 1.4144 -1.5897 0.1862 5
0.0000 1.4271 -1.6052 0.2637 6
0.0000 1.4304 -1.6094 0.3410 5
0.0000 1.4484 -1.6308 0.4240 7
0.0000 2.1720 -2.4464 -0.1715 3
0.0000 1.4449 -1.6280 0.5025 8
0.0000 2.3920 -2.6951 -0.0629 51
0.0000 1.3513 -1.5231 0.5456 2
0.0000 2.3771 -2.6868 0.0626 41
0.0000 1.4062 -1.5906 0.1113 5
0.0000 1.4194 -1.6066 0.1876 6
0.0000 1.4336 -1.6233 0.2659 6
0.0000 1.4339 -1.6247 0.3432 5
0.0000 1.4326 -1.6238 0.4209 7
0.0000 2.1600 -2.4491 -0.1711 3
0.0000 1.4511 -1.6460 0.5066 8
0.0000 2.3772 -2.6974 -0.0628 48
0.0000 1.3230 -1.5017 0.5363 2
0.0000 2.3651 -2.6921 0.0625 34
0.0000 1.4062 -1.6012 0.1117 5
0.0000 1.4233 -1.6218 0.1888 4
0.0000 1.4267 -1.6268 0.2657 6
0.0000 1.4363 -1.6384 0.3451 5
0.0000 1.4399 -1.6436 0.4247 7
0.0000 2.1448 -2.4491 -0.1706 3
0.0000 1.4505 -1.6569 0.5084 7
0.0000 2.3657 -2.7023 -0.0627 45
0.0000 1.3282 -1.5177 0.5404 2
0.0000 2.3601 -2.7045 0.0627 30
0.0000 1.4085 -1.6152 0.1123 4
0.0000 1.4281 -1.6388 0.1902 4
0.0000 1.4330 -1.6450 0.2679 6
0.0000 1.4410 -1.6553 0.3476 4
0.0000 1.4473 -1.6632 0.4286 7
0.0000 2.1419 -2.4623 -0.1710 3
0.0000 1.4475 -1.6646 0.5093 7
0.0000 2.3496 -2.7030 -0.0625 40
0.0000 1.3229 -1.5224 0.5404 2
0.0000 2.3462 -2.7086 0.0625 21
0.0000 1.4078 -1.6264 0.1127 4
0.0000 1.4276 -1.6498 0.1909 4
0.0000 1.4425 -1.6682 0.2708 6
0.0000 1.4375 -1.6636 0.3482 4
0.0000 1.4528 -1.6818 0.4320 6
0.0000 2.1394 -2.4777 -0.1716 2
0.0000 1.4567 -1.6876 0.5147 7
0.0000 2.3358 -2.7070 -0.0624 36
0.0000 1.3224 -1.5331 0.5425 2
0.0000 2.3289 -2.7076 0.0623 18
0.0000 1.4204 -1.6525 0.1142 4
0.0000 1.4309 -1.6653 0.1921 4
0.0000 1.4406 -1.6778 0.2715 5
0.0000 1.4420 -1.6806 0.3507 5
0.0000 1.4597 -1.7018 0.4358 6
0.0000 2.1164 -2.4684 -0.1704 2
0.0000 1.4622 -1.7060 0.5187 7
0.0000 2.3237 -2.7121 -0.0623 26
0.0000 1.2994 -1.5171 0.5352 3
0.0000 2.3130 -2.7082 0.0622 15
0.0000 1.4198 -1.6635 0.1146 4
0.0000 1.4276 -1.6733 0.1924 4
0.0000 1.4437 -1.6934 0.2732 6
0.0000 1.4450 -1.6961 0.3529 4
0.0000 1.4524 -1.7054 0.4354 6
0.0000 2.0884 -2.4530 -0.1688 1
0.0000 1.4651 -1.7215 0.5219 7
0.0000 2.3117 -2.7172 -0.0623 23
0.0000 1.2991 -1.5275 0.5373 2
0.0000 2.3061 -2.7193 0.0622 12
0.0000 1.4269 -1.6837 0.1157 4
0.0000 1.4373 -1.6966 0.1945 4
0.0000 1.4468 -1.7090 0.2749 5
0.0000 1.4531 -1.7177 0.3564 4
0.0000 1.4591 -1.7254 0.4392 6
0.0000 2.0888 -2.4709 -0.1696 1
0.0000 1.4717 -1.7415 0.5264 8
0.0000 2.3022 -2.7252 -0.0623 18
0.0000 1.2988 -1.5380 0.5394 3
0.0000 2.2914 -2.7212 0.0621 11
0.0000 1.4261 -1.6948 0.1161 4
0.0000 1.4441 -1.7168 0.1963 4
0.0000 1.4472 -1.7217 0.2762 4
0.0000 1.4560 -1.7334 0.3585 4
0.0000 1.4670 -1.7471 0.4434 5
0.0000 2.0571 -2.4507 -0.1677 1
0.0000 1.4631 -1.7436 0.5255 7
0.0000 2.2926 -2.7332 -0.0623 16
0.0000 1.2884 -1.5366 0.5373 3
0.0000 2.2794 -2.7261 0.0620 13
0.0000 1.4202 -1.6997 0.1161 4
0.0000 1.4509 -1.7371 0.1980 4
0.0000 1.4501 -1.7374 0.2779 4
0.0000 1.4500 -1.7385 0.3585 4
0.0000 1.4710 -1.7642 0.4465 5
0.0000 2.0741 -2.4885 -0.1698 1
0.0000 1.4645 -1.7577 0.5282 7
0.0000 2.2780 -2.7351 -0.0621 12
0.0000 1.2942 -1.5544 0.5420 4
0.0000 2.2571 -2.7186 0.0617 16
0.0000 1.4347 -1.7293 0.1178 4
0.0000 1.4423 -1.7391 0.1977 4
0.0000 1.4529 -1.7531 0.2796 4
0.0000 1.4515 -1.7526 0.3604 4
0.0000 1.4748 -1.7815 0.4495 5
0.0000 2.0629 -2.4927 -0.1696 1
0.0000 1.4745 -1.7823 0.5340 7
0.0000 2.2569 -2.7291 -0.0618 13
0.0000 1.2887 -1.5589 0.5420 6
0.0000 2.2361 -2.7126 0.0614 19
0.0000 1.4337 -1.7404 0.1182 4
0.0000 1.4514 -1.7626 0.1998 4
0.0000 1.4556 -1.7689 0.2813 4
0.0000 1.4679 -1.7852 0.3661 4
0.0000 1.4686 -1.7866 0.4495 5
0.0000 2.0592 -2.5060 -0.1700 1
0.0000 1.4769 -1.7980 0.5372 7
0.0000 2.2436 -2.7324 -0.0617 15
0.0000 1.2894 -1.5709 0.5446 6
0.0000 2.2140 -2.7049 0.0610 19
0.0000 1.4444 -1.7653 0.1195 4
0.0000 1.4503 -1.7738 0.2005 4
0.0000 1.4594 -1.7863 0.2832 4
0.0000 1.4782 -1.8099 0.3701 4
0.0000 1.4673 -1.7978 0.4511 5
0.0000 2.0454 -2.5070 -0.1696 1
0.0000 1.4718 -1.8046 0.5376 5
0.0000 2.2244 -2.7274 -0.0614 18
0.0000 1.3013 -1.5961 0.5518 6
0.0000 2.2025 -2.7092 0.0609 23
0.0000 1.4306 -1.7610 0.1189 4
0.0000 1.4541 -1.7912 0.2019 4
0.0000 1.4635 -1.8034 0.2852 4
0.0000 1.4707 -1.8135 0.3698 4
0.0000 1.4799 -1.8255 0.4568 5
0.0000 2.0232 -2.4967 -0.1684 1
0.0000 1.4646 -1.8080 0.5372 4
0.0000 2.2124 -2.7320 -0.0614 21
0.0000 1.3018 -1.6082 0.5544 6
0.0000 2.1905 -2.7137 0.0609 32
0.0000 1.4383 -1.7831 0.1201 4
0.0000 1.4632 -1.8147 0.2039 4
0.0000 1.4697 -1.8240 0.2876 4
0.0000 1.4742 -1.8310 0.3723 4
0.0000 1.4784 -1.8368 0.4583 5
0.0000 2.0321 -2.5256 -0.1699 1
0.0000 1.4681 -1.8253 0.5408 3
0.0000 2.1953 -2.7304 -0.0612 26
0.0000 1.3083 -1.6277 0.5596 6
0.0000 2.1760 -2.7151 0.0607 34
0.0000 1.4433 -1.8021 0.1210 4
0.0000 1.4569 -1.8198 0.2039 4
0.0000 1.4707 -1.8384 0.2891 4
0.0000 1.4740 -1.8438 0.3739 4
0.0000 1.4842 -1.8573 0.4621 4
0.0000 2.0220 -2.5311 -0.1698 2
0.0000 1.4641 -1.8334 0.5417 3
0.0000 2.1820 -2.7333 -0.0610 33
0.0000 1.3002 -1.6293 0.5585 5
0.0000 2.1615 -2.7164 0.0606 38
0.0000 1.4472 -1.8194 0.1218 4
0.0000 1.4679 -1.8467 0.2064 4
0.0000 1.4779 -1.8606 0.2918 4
0.0000 1.4826 -1.8673 0.3776 4
0.0000 1.4790 -1.8640 0.4625 4
0.0000 2.0044 -2.5272 -0.1690 2
0.0000 1.4589 -1.8400 0.5421 3
0.0000 2.1742 -2.7421 -0.0611 41
0.0000 1.3008 -1.6412 0.5611 3
0.0000 2.1475 -2.7173 0.0605 38
0.0000 1.4532 -1.8401 0.1229 4
0.0000 1.4737 -1.8674 0.2081 4
0.0000 1.4791 -1.8749 0.2932 4
0.0000 1.4883 -1.8879 0.3808 4
0.0000 1.4837 -1.8828 0.4660 3
0.0000 1.9899 -2.5259 -0.1685 2
0.0000 1.4504 -1.8418 0.5412 2
0.0000 2.1534 -2.7356 -0.0608 47
0.0000 1.3118 -1.6669 0.5684 3
0.0000 2.1405 -2.7279 0.0605 37
0.0000 1.4558 -1.8559 0.1236 4
0.0000 1.4774 -1.8849 0.2095 4
0.0000 1.4787 -1.8878 0.2944 4
0.0000 1.4906 -1.9037 0.3830 4
0.0000 1.4941 -1.9096 0.4713 3
0.0000 1.9798 -2.5313 -0.1684 2
0.0000 1.4368 -1.8376 0.5385 2
0.0000 2.1419 -2.7395 -0.0607 49
0.0000 1.3360 -1.7093 0.5813 1
0.0000 2.1327 -2.7366 0.0606 35
0.0000 1.4542 -1.8673 0.1240 4
0.0000 1.4806 -1.9026 0.2109 4
0.0000 1.4834 -1.9068 0.2966 4
0.0000 1.4827 -1.9074 0.3826 4
0.0000 1.4950 -1.9238 0.4736 2
0.0000 1.9665 -2.5315 -0.1680 2
0.0000 1.4414 -1.8563 0.5426 1
0.0000 2.1201 -2.7312 -0.0604 49
0.0000 1.3939 -1.7964 0.6093 1
0.0000 2.1133 -2.7314 0.0603 31
0.0000 1.4574 -1.8850 0.1249 4
0.0000 1.4743 -1.9075 0.2109 4
0.0000 1.4876 -1.9261 0.2988 4
0.0000 1.4857 -1.9250 0.3851 4
0.0000 1.5014 -1.9461 0.4778 2
0.0000 1.9503 -2.5289 -0.1674 1
0.0000 1.4421 -1.8705 0.5453 1
0.0000 2.0995 -2.7243 -0.0600 39
0.0000 2.0952 -2.7276 0.0600 20
0.0000 1.4606 -1.9028 0.1257 4
0.0000 1.4797 -1.9284 0.2127 4
0.0000 1.4930 -1.9471 0.3013 4
0.0000 1.4898 -1.9443 0.3880 3
0.0000 1.5042 -1.9638 0.4808 2
0.0000 1.9451 -2.5405 -0.1677 1
0.0000 1.4486 -1.8926 0.5502 1
0.0000 2.0937 -2.7364 -0.0601 27
0.0000 2.0772 -2.7238 0.0598 11
0.0000 1.4684 -1.9269 0.1270 4
0.0000 1.4875 -1.9526 0.2148 4
0.0000 1.4838 -1.9491 0.3008 4
0.0000 1.4997 -1.9715 0.3923 3
0.0000 1.5104 -1.9863 0.4850 1
0.0000 1.9193 -2.5250 -0.1662 1
0.0000 1.4537 -1.9131 0.5547 1
0.0000 2.0805 -2.7389 -0.0600 14
0.0000 2.0774 -2.7438 0.0601 4
0.0000 1.4653 -1.9368 0.1273 4
0.0000 1.4927 -1.9737 0.2165 4
0.0000 1.4901 -1.9717 0.3035 4
0.0000 1.5036 -1.9909 0.3952 3
0.0000 1.5366 -2.0354 0.4957 1
0.0000 1.4377 -1.9058 0.5511 1
0.0000 2.0733 -2.7494 -0.0601 5
0.0000 2.0594 -2.7398 0.0598 2
0.0000 1.4682 -1.9547 0.1281 4
0.0000 1.4906 -1.9852 0.2172 3
0.0000 1.4975 -1.9959 0.3064 4
0.0000 1.4919 -1.9899 0.3939 3
0.0000 1.5648 -2.0879 0.5072 1
0.0000 1.4403 -1.9232 0.5547 1
0.0000 2.0613 -2.7534 -0.0600 2
0.0000 2.0605 -2.7614 0.0601 1
0.0000 1.4733 -1.9758 0.1292 4
0.0000 1.4824 -1.9888 0.2170 3
0.0000 1.5036 -2.0187 0.3091 3
0.0000 1.5061 -2.0236 0.3995 2
0.0000 1.5575 -2.0933 0.5072 1
0.0000 1.4336 -1.9283 0.5547 1
0.0000 2.0326 -2.7349 -0.0595 1
0.0000 2.0497 -2.7670 0.0601 1
0.0000 1.4794 -1.9986 0.1303 3
0.0000 1.4897 -2.0132 0.2191 2
0.0000 1.5071 -2.0383 0.3113 3
0.0000 1.5131 -2.0479 0.4033 2
0.0000 1.4269 -1.9332 0.5547 1
0.0000 2.0456 -2.7725 -0.0601 1
0.0000 2.0495 -2.7870 0.0604 1
0.0000 1.4807 -2.0150 0.1310 3
0.0000 1.4968 -2.0377 0.2212 2
0.0000 1.5024 -2.0467 0.3117 3
0.0000 1.5364 -2.0946 0.4114 2
0.0000 2.0642 -2.8184 -0.0610 1
0.0000 2.0398 -2.7942 0.0604 1
0.0000 1.4796 -2.0282 0.1316 3
0.0000 1.5073 -2.0670 0.2238 2
0.0000 1.5081 -2.0696 0.3144 2
0.0000 1.5302 -2.1015 0.4117 1
0.0000 2.0544 -2.8256 -0.0610 1
0.0000 2.0300 -2.8013 0.0604 1
0.0000 1.4736 -2.0350 0.1317 3
0.0000 1.5188 -2.0981 0.2266 1
0.0000 1.5241 -2.1070 0.3193 2
0.0000 1.5252 -2.1100 0.4124 1
0.0000 1.4922 -2.0758 0.1340 1
0.0000 1.5882 -2.2102 0.2381 1
0.0000 1.5573 -2.1688 0.3278 1
0.0000 0.7148 -1.0118 0.2408 1
0.0000 0.6698 -0.9488 0.2681 1
0.0000 0.6663 -0.9476 0.0607 1
0.0000 0.6506 -0.9260 0.0990 1
0.0000 0.6387 -0.9112 0.2569 4
0.0000 0.6515 -0.9328 0.0199 2
0.0000 0.6334 -0.9073 0.0580 4
0.0000 0.6484 -0.9312 0.2206 4
0.0000 0.6458 -0.9278 -0.0592 1
0.0000 0.6461 -0.9317 0.0198 5
0.0000 0.6291 -0.9078 0.0579 5
0.0000 0.6476 -0.9353 0.0995 8
0.0000 0.6327 -0.9191 0.0195 7
0.0000 0.6338 -0.9215 0.0586 12
0.0000 0.6261 -0.9164 0.0194 8
0.0000 0.6340 -0.9287 0.0589 26
0.0000 0.6276 -0.9218 0.2168 19
0.0000 0.6249 -0.9220 0.0194 23
0.0000 0.6128 -0.9044 0.0573 22
0.0000 0.6311 -0.9321 0.0985 11
0.0000 0.6266 -0.9272 0.2175 9
0.0000 0.6104 -0.9036 -0.0572 7
0.0000 0.6275 -0.9324 0.0196 2
0.0000 0.6163 -0.9165 0.0579 5
0.0000 0.6312 -0.9393 0.0990 5
0.0000 0.6322 -0.9423 0.2206 6
0.0000 0.6375 -0.9545 0.0200 1
0.0000 0.6176 -0.9253 0.0583 4
0.0000 0.6430 -0.9700 0.0203 1
0.0000 0.6154 -0.9291 0.0584 4
0.0000 0.6440 -0.9790 0.0205 2
0.0000 0.6296 -0.9717 0.0202 7
0.0000 0.6210 -0.9589 0.0599 5
0.0000 0.6270 -0.9899 0.0205 5
