0.0000 1.7576 0.9240 0.0347 1
0.0000 0.7280 0.3825 -0.1899 6
0.0000 0.9507 0.4994 -0.2087 2
0.0000 2.6425 1.3874 0.2611 15
0.0000 1.1020 0.5783 -0.1971 2
0.0000 2.6246 1.3768 0.3639 16
0.0000 1.4539 0.7624 -0.2016 3
0.0000 2.6314 1.3792 0.4706 17
0.0000 2.6399 1.3830 0.5793 17
0.0000 2.6157 1.3692 0.6816 16
0.0000 2.6191 1.3698 0.7920 15
0.0000 0.7777 0.4052 -0.2025 5
0.0000 2.6306 1.3700 0.1554 14
0.0000 0.9629 0.5015 -0.2110 2
0.0000 2.6262 1.3671 0.2590 14
0.0000 1.1005 0.5726 -0.1965 2
0.0000 2.6311 1.3685 0.3641 15
0.0000 1.4460 0.7518 -0.2001 3
0.0000 2.6345 1.3691 0.4702 17
0.0000 2.6395 1.3711 0.5782 18
0.0000 2.6170 1.3582 0.6807 16
0.0000 1.6792 0.8712 -0.0330 1
0.0000 2.6119 1.3545 0.7884 16
0.0000 2.3663 1.2229 0.0465 20
0.0000 0.7306 0.3774 -0.1899 6
0.0000 2.6475 1.3677 0.1562 18
0.0000 0.9647 0.4981 -0.2110 2
0.0000 2.6345 1.3597 0.2594 16
0.0000 1.0884 0.5615 -0.1940 2
0.0000 2.6412 1.3620 0.3649 17
0.0000 1.4680 0.7567 -0.2028 3
0.0000 2.6355 1.3585 0.4696 17
0.0000 2.6303 1.3547 0.5751 18
0.0000 1.7527 0.9023 -0.1033 1
0.0000 2.6373 1.3571 0.6848 17
0.0000 2.3933 1.2316 -0.0470 1
0.0000 2.6147 1.3449 0.7878 16
0.0000 2.3668 1.2132 0.0464 19
0.0000 0.7145 0.3661 -0.1854 6
0.0000 2.6363 1.3502 0.1552 16
0.0000 0.9664 0.4947 -0.2110 2
0.0000 2.6445 1.3533 0.2599 16
0.0000 1.0868 0.5561 -0.1934 1
0.0000 2.6262 1.3433 0.3622 16
0.0000 1.4741 0.7537 -0.2033 3
0.0000 2.6385 1.3484 0.4693 17
0.0000 1.7619 0.9000 -0.1731 1
0.0000 2.6365 1.3468 0.5755 17
0.0000 2.6348 1.3448 0.6830 15
0.0000 2.4047 1.2268 -0.0471 3
0.0000 2.6176 1.3349 0.7873 16
0.0000 0.7560 0.3844 -0.2272 5
0.0000 2.3959 1.2176 0.0469 6
0.0000 0.7575 0.3848 -0.1962 5
0.0000 2.6303 1.3356 0.1546 16
0.0000 0.9680 0.4915 -0.2110 2
0.0000 2.6490 1.3445 0.2599 16
0.0000 1.0957 0.5559 -0.1946 1
0.0000 2.6203 1.3288 0.3607 17
0.0000 1.4678 0.7440 -0.2021 3
0.0000 2.6449 1.3401 0.4696 17
0.0000 2.0492 1.0383 -0.2010 1
0.0000 2.6272 1.3305 0.5724 17
0.0000 2.4074 1.2187 -0.1414 1
0.0000 2.6308 1.3312 0.6807 16
0.0000 2.4161 1.2221 -0.0473 5
0.0000 2.6205 1.3249 0.7868 18
0.0000 2.3984 1.2084 0.0469 3
0.0000 0.7171 0.3611 -0.1854 6
0.0000 2.6260 1.3219 0.1541 16
0.0000 0.9592 0.4829 -0.2087 2
0.0000 2.6501 1.3334 0.2595 16
0.0000 1.0871 0.5467 -0.1927 1
0.0000 2.6338 1.3241 0.3620 17
0.0000 1.4687 0.7380 -0.2018 3
0.0000 2.6355 1.3238 0.4671 17
0.0000 2.0884 1.0490 -0.2045 2
0.0000 2.6388 1.3249 0.5740 18
0.0000 2.4081 1.2085 -0.1412 1
0.0000 2.6285 1.3185 0.6789 16
0.0000 2.4079 1.2073 -0.0470 14
0.0000 2.6200 1.3131 0.7853 16
0.0000 2.4097 1.2036 0.0470 3
0.0000 2.6378 1.3163 0.1545 17
0.0000 0.9609 0.4795 -0.2087 2
0.0000 2.6423 1.3180 0.2583 16
0.0000 1.1102 0.5535 -0.1965 2
0.0000 2.6455 1.3184 0.3629 17
0.0000 1.4552 0.7249 -0.1996 3
0.0000 2.6330 1.3110 0.4659 17
0.0000 2.0671 1.0293 -0.2020 2
0.0000 2.6417 1.3148 0.5736 18
0.0000 2.4051 1.1965 -0.1408 2
0.0000 2.6365 1.3111 0.6798 16
0.0000 2.4156 1.2007 -0.0471 4
0.0000 2.6159 1.2997 0.7827 16
0.0000 2.3888 1.1827 0.0465 11
0.0000 2.6406 1.3062 0.1544 17
0.0000 0.9520 0.4709 -0.2065 2
0.0000 2.6522 1.3114 0.2589 17
0.0000 1.0909 0.5391 -0.1927 1
0.0000 2.6358 1.3021 0.3610 18
0.0000 1.4578 0.7198 -0.1996 3
0.0000 2.6411 1.3036 0.4665 17
0.0000 2.1904 1.0811 -0.2137 3
0.0000 2.6410 1.3029 0.5724 18
0.0000 2.4236 1.1952 -0.1416 4
0.0000 2.6341 1.2984 0.6780 16
0.0000 2.4485 1.2064 -0.0476 2
0.0000 2.6169 1.2888 0.7816 16
0.0000 2.3912 1.1735 0.0465 16
0.0000 2.6397 1.2943 0.1541 16
0.0000 0.9642 0.4728 -0.2087 2
0.0000 2.6568 1.3021 0.2589 17
0.0000 1.0821 0.5301 -0.1909 2
0.0000 2.6332 1.2894 0.3600 17
0.0000 1.4852 0.7270 -0.2030 3
0.0000 2.6456 1.2944 0.4665 17
0.0000 2.2138 1.0831 -0.2156 3
0.0000 2.6349 1.2885 0.5701 18
0.0000 2.4170 1.1815 -0.1410 3
0.0000 2.6404 1.2901 0.6785 15
0.0000 2.4311 1.1873 -0.0472 3
0.0000 2.6301 1.2839 0.7842 16
0.0000 2.3952 1.1651 0.0465 16
0.0000 0.7396 0.3596 -0.1899 6
0.0000 2.6316 1.2790 0.1533 16
0.0000 0.9906 0.4814 -0.2141 2
0.0000 2.6541 1.2893 0.2582 16
0.0000 1.1124 0.5401 -0.1959 2
0.0000 2.6288 1.2759 0.3588 16
0.0000 1.4681 0.7122 -0.2004 3
0.0000 2.6501 1.2851 0.4665 17
0.0000 2.0993 1.0180 -0.2041 2
0.0000 2.6376 1.2785 0.5698 17
0.0000 2.4049 1.1652 -0.1401 1
0.0000 2.6291 1.2732 0.6744 15
0.0000 2.4497 1.1858 -0.0475 4
0.0000 2.6276 1.2714 0.7822 16
0.0000 2.4065 1.1602 0.0466 6
0.0000 0.7900 0.3807 -0.2025 5
0.0000 2.6361 1.2698 0.1533 17
0.0000 0.9852 0.4746 -0.2126 2
0.0000 2.6640 1.2827 0.2587 16
0.0000 1.1000 0.5294 -0.1934 2
0.0000 2.6368 1.2684 0.3593 16
0.0000 1.4759 0.7097 -0.2011 3
0.0000 2.6386 1.2682 0.4637 17
0.0000 2.0920 1.0055 -0.2031 2
0.0000 2.6491 1.2727 0.5713 17
0.0000 2.4324 1.1680 -0.1414 1
0.0000 2.6318 1.2632 0.6740 16
0.0000 2.4556 1.1781 -0.0475 3
0.0000 2.6373 1.2647 0.7837 16
0.0000 2.4196 1.1561 0.0468 2
0.0000 0.7421 0.3544 -0.1899 6
0.0000 2.6369 1.2589 0.1531 16
0.0000 0.9691 0.4627 -0.2087 2
0.0000 2.6487 1.2639 0.2568 16
0.0000 1.1054 0.5273 -0.1940 2
0.0000 2.6448 1.2609 0.3598 16
0.0000 1.4820 0.7062 -0.2016 3
0.0000 2.6394 1.2572 0.4630 16
0.0000 2.0614 0.9819 -0.1998 2
0.0000 2.6536 1.2634 0.5713 17
0.0000 2.4401 1.1612 -0.1416 1
0.0000 2.6362 1.2540 0.6740 15
0.0000 2.4760 1.1773 -0.0479 2
0.0000 2.6294 1.2497 0.7801 16
0.0000 0.7664 0.3631 -0.2272 5
0.0000 2.4308 1.1511 0.0469 1
0.0000 2.6431 1.2505 0.1532 16
0.0000 0.9920 0.4694 -0.2133 2
0.0000 2.6585 1.2572 0.2573 16
0.0000 1.0965 0.5183 -0.1921 2
0.0000 2.6510 1.2525 0.3600 16
0.0000 1.4809 0.6994 -0.2011 3
0.0000 2.6509 1.2514 0.4643 16
0.0000 2.0828 0.9832 -0.2015 2
0.0000 2.6438 1.2474 0.5682 17
0.0000 2.4622 1.1612 -0.1427 1
0.0000 2.6476 1.2481 0.6758 15
0.0000 2.4620 1.1601 -0.0475 2
0.0000 2.6303 1.2388 0.7790 16
0.0000 2.4240 1.1375 0.0467 1
0.0000 0.7445 0.3492 -0.1899 6
0.0000 2.6529 1.2438 0.1536 16
0.0000 0.9723 0.4559 -0.2087 2
0.0000 2.6683 1.2505 0.2578 17
0.0000 1.1019 0.5162 -0.1927 2
0.0000 2.6356 1.2340 0.3573 16
0.0000 1.4833 0.6942 -0.2011 3
0.0000 2.6553 1.2421 0.4643 16
0.0000 2.0862 0.9759 -0.2015 2
0.0000 2.6392 1.2341 0.5663 16
0.0000 2.5096 1.1729 -0.1452 1
0.0000 2.6413 1.2339 0.6731 15
0.0000 2.4660 1.1515 -0.0475 2
0.0000 2.6346 1.2297 0.7790 16
0.0000 2.4424 1.1358 0.0470 1
0.0000 0.7457 0.3466 -0.1899 6
0.0000 2.6352 1.2249 0.1523 16
0.0000 0.9882 0.4591 -0.2118 2
0.0000 2.6672 1.2386 0.2573 16
0.0000 1.1001 0.5107 -0.1921 2
0.0000 2.6434 1.2265 0.3578 16
0.0000 1.4785 0.6857 -0.2001 3
0.0000 2.6576 1.2325 0.4640 16
0.0000 2.0860 0.9670 -0.2012 2
0.0000 2.6453 1.2257 0.5667 15
0.0000 2.6332 1.2190 0.6699 15
0.0000 2.4789 1.1475 -0.0477 1
0.0000 2.6404 1.2217 0.7796 16
0.0000 2.4589 1.1336 0.0473 1
0.0000 0.7717 0.3556 -0.1962 5
0.0000 2.6431 1.2174 0.1525 16
0.0000 0.9755 0.4491 -0.2087 2
0.0000 2.6643 1.2260 0.2566 17
0.0000 1.1054 0.5087 -0.1927 2
0.0000 2.6421 1.2152 0.3571 17
0.0000 1.4862 0.6833 -0.2008 2
0.0000 2.6511 1.2183 0.4621 17
0.0000 2.0894 0.9597 -0.2012 1
0.0000 2.6493 1.2169 0.5667 18
0.0000 2.6426 1.2127 0.6713 15
0.0000 2.4865 1.1405 -0.0477 1
0.0000 2.6429 1.2117 0.7790 16
0.0000 2.4901 1.1374 0.0478 1
0.0000 0.7977 0.3642 -0.2025 5
0.0000 2.6510 1.2098 0.1527 17
0.0000 0.9913 0.4524 -0.2118 2
0.0000 2.6592 1.2130 0.2557 17
0.0000 1.1252 0.5130 -0.1959 2
0.0000 2.6517 1.2085 0.3578 16
0.0000 1.4831 0.6756 -0.2001 2
0.0000 2.6518 1.2074 0.4615 18
0.0000 2.0998 0.9560 -0.2019 1
0.0000 2.6554 1.2084 0.5671 16
0.0000 2.6486 1.2042 0.6717 15
0.0000 2.4832 1.1285 -0.0476 1
0.0000 2.6313 1.1953 0.7744 16
0.0000 2.5123 1.1370 0.0481 1
0.0000 0.7315 0.3309 -0.1854 6
0.0000 2.6516 1.1989 0.1525 16
0.0000 0.9785 0.4424 -0.2087 2
0.0000 2.6635 1.2037 0.2557 17
0.0000 1.1125 0.5026 -0.1934 2
0.0000 2.6577 1.2000 0.3581 17
0.0000 1.4909 0.6729 -0.2008 2
0.0000 2.6632 1.2013 0.4627 17
0.0000 2.0759 0.9364 -0.1992 1
0.0000 2.6542 1.1967 0.5659 17
0.0000 2.6545 1.1958 0.6722 15
0.0000 2.5126 1.1313 -0.0481 1
0.0000 2.6407 1.1885 0.7759 15
0.0000 2.5162 1.1282 0.0481 1
0.0000 0.7505 0.3363 -0.1899 6
0.0000 2.6576 1.1905 0.1526 17
0.0000 0.9442 0.4230 -0.2011 2
0.0000 2.6658 1.1936 0.2555 17
0.0000 1.1107 0.4971 -0.1927 1
0.0000 2.6456 1.1834 0.3559 16
0.0000 1.4914 0.6668 -0.2006 2
0.0000 2.6529 1.1856 0.4602 17
0.0000 2.0900 0.9340 -0.2003 1
0.0000 2.6494 1.1835 0.5640 16
0.0000 2.6371 1.1774 -0.1514 2
0.0000 2.6622 1.1881 0.6731 15
0.0000 2.5494 1.1372 -0.0487 1
0.0000 2.6431 1.1784 0.7754 14
0.0000 2.5567 1.1356 0.0488 1
0.0000 0.7516 0.3337 -0.1899 6
0.0000 2.6507 1.1763 0.1520 17
0.0000 1.0139 0.4499 -0.2156 2
0.0000 2.6736 1.1859 0.2559 16
0.0000 1.1088 0.4916 -0.1921 2
0.0000 2.6479 1.1734 0.3556 16
0.0000 1.4919 0.6608 -0.2004 2
0.0000 2.6606 1.1779 0.4609 16
0.0000 2.0896 0.9251 -0.1999 1
0.0000 2.6535 1.1742 0.5640 15
0.0000 2.6704 1.1811 -0.1530 16
0.0000 2.6521 1.1725 0.6695 7
0.0000 2.5845 1.1421 -0.0493 2
0.0000 2.6684 1.1786 0.7816 4
0.0000 2.5680 1.1299 0.0490 1
0.0000 0.8027 0.3530 -0.2025 5
0.0000 2.6512 1.1654 0.1518 16
0.0000 0.9975 0.4385 -0.2118 2
0.0000 2.6704 1.1734 0.2552 16
0.0000 1.1177 0.4909 -0.1934 2
0.0000 2.6593 1.1673 0.3566 5
0.0000 1.4942 0.6556 -0.2004 2
0.0000 2.6593 1.1662 0.4599 5
0.0000 2.1221 0.9306 -0.2027 1
0.0000 2.6810 1.1752 0.5690 4
0.0000 2.6800 1.1742 -0.1533 16
0.0000 2.6705 1.1695 0.6731 4
0.0000 2.6636 1.1659 -0.0508 13
0.0000 2.6831 1.1739 0.7847 3
0.0000 2.6196 1.1417 0.0499 1
0.0000 2.6864 1.1697 0.1536 4
0.0000 0.9846 0.4287 -0.2087 2
0.0000 2.7038 1.1768 0.2580 4
0.0000 1.1086 0.4823 -0.1915 2
0.0000 2.7088 1.1778 0.3627 4
0.0000 1.5038 0.6536 -0.2013 2
0.0000 2.6996 1.1727 0.4662 4
0.0000 2.0796 0.9034 -0.1984 1
0.0000 2.7265 1.1838 0.5778 4
0.0000 2.6914 1.1680 -0.1538 4
0.0000 2.7210 1.1803 0.6848 4
0.0000 2.7098 1.1749 -0.0516 4
0.0000 2.7262 1.1814 0.7961 3
0.0000 2.6235 1.1326 0.0499 1
0.0000 2.7161 1.1714 0.1550 4
0.0000 0.9969 0.4300 -0.2110 2
0.0000 2.7463 1.1839 0.2616 4
0.0000 1.1175 0.4815 -0.1927 2
0.0000 2.7549 1.1864 0.3683 4
0.0000 1.5152 0.6522 -0.2025 2
0.0000 2.7509 1.1836 0.4743 4
0.0000 2.1010 0.9040 -0.2001 1
0.0000 2.7486 1.1820 0.5816 4
0.0000 2.7395 1.1776 -0.1563 4
0.0000 2.7699 1.1900 0.6960 4
0.0000 2.7451 1.1788 -0.0521 4
0.0000 2.7658 1.1871 0.8065 3
0.0000 0.7797 0.3336 -0.2272 5
0.0000 2.6937 1.1517 0.0511 1
0.0000 2.7734 1.1847 0.1581 3
0.0000 0.9876 0.4218 -0.2087 2
0.0000 2.7944 1.1930 0.2658 4
0.0000 1.1337 0.4838 -0.1952 2
0.0000 2.7791 1.1854 0.3710 4
0.0000 1.5047 0.6415 -0.2008 2
0.0000 2.8059 1.1956 0.4831 4
0.0000 2.1225 0.9045 -0.2019 1
0.0000 2.8123 1.1978 0.5942 4
0.0000 2.7896 1.1876 -0.1589 3
0.0000 2.8171 1.1987 0.7068 4
0.0000 2.7824 1.1833 -0.0528 3
0.0000 2.8268 1.2017 0.8230 2
0.0000 2.8155 1.1922 0.0534 4
0.0000 0.6927 0.2932 -0.1737 7
0.0000 2.8178 1.1926 0.1604 3
0.0000 0.9999 0.4230 -0.2110 2
0.0000 2.8536 1.2066 0.2711 4
0.0000 1.1463 0.4845 -0.1971 2
0.0000 2.8198 1.1911 0.3758 4
0.0000 1.4849 0.6272 -0.1979 2
0.0000 2.8498 1.2032 0.4900 4
0.0000 2.1146 0.8924 -0.2008 1
0.0000 2.8581 1.2055 0.6030 4
0.0000 2.8379 1.1964 -0.1614 4
0.0000 2.8515 1.2022 0.7144 4
0.0000 2.8508 1.2013 -0.0540 4
0.0000 2.8913 1.2178 0.8406 2
0.0000 2.8674 1.2030 0.0543 4
0.0000 0.8734 0.3662 -0.2187 3
0.0000 2.8475 1.1941 0.1618 4
0.0000 0.9904 0.4151 -0.2087 2
0.0000 2.8851 1.2086 0.2737 4
0.0000 1.1297 0.4730 -0.1940 2
0.0000 2.8768 1.2040 0.3829 4
0.0000 1.5016 0.6284 -0.1999 1
0.0000 2.8739 1.2022 0.4934 5
0.0000 2.1176 0.8854 -0.2008 1
0.0000 2.9074 1.2150 0.6125 6
0.0000 2.8805 1.2032 -0.1636 4
0.0000 2.8951 1.2093 0.7243 4
0.0000 2.8713 1.1988 -0.0543 4
0.0000 2.9453 1.2290 0.8551 2
0.0000 2.9065 1.2081 0.0549 4
0.0000 0.8098 0.3364 -0.2025 5
0.0000 2.8923 1.2010 0.1641 4
0.0000 1.0172 0.4224 -0.2141 2
0.0000 2.9020 1.2044 0.2749 4
0.0000 1.1203 0.4647 -0.1921 2
0.0000 2.9119 1.2074 0.3871 4
0.0000 1.5111 0.6262 -0.2008 2
0.0000 2.9127 1.2065 0.4993 4
0.0000 2.1132 0.8753 -0.2001 1
0.0000 2.9404 1.2174 0.6186 5
0.0000 2.9233 1.2097 -0.1658 4
0.0000 2.9497 1.2200 0.7369 4
0.0000 2.9106 1.2032 -0.0550 4
0.0000 2.9460 1.2173 0.8541 3
0.0000 2.9328 1.2070 0.0554 4
0.0000 0.9660 0.3974 -0.2411 2
0.0000 2.9592 1.2167 0.1677 7
0.0000 0.9678 0.3979 -0.2034 2
0.0000 2.9651 1.2185 0.2805 7
0.0000 1.1292 0.4638 -0.1934 2
0.0000 2.9474 1.2100 0.3912 4
0.0000 1.4986 0.6149 -0.1989 2
0.0000 2.9681 1.2173 0.5081 6
0.0000 2.1088 0.8649 -0.1994 1
0.0000 2.9791 1.2212 0.6259 9
0.0000 2.9848 1.2229 -0.1690 8
0.0000 2.9851 1.2219 -0.0563 9
0.0000 2.9878 1.2223 0.8650 9
0.0000 3.0074 1.2255 0.0567 20
0.0000 0.7616 0.3102 -0.1899 6
0.0000 3.0116 1.2259 0.1704 20
0.0000 0.9801 0.3990 -0.2057 2
0.0000 1.1235 0.4569 -0.1921 2
0.0000 1.5007 0.6097 -0.1989 2
0.0000 2.1303 0.8650 -0.2012 1
0.0000 2.9798 1.2087 -0.1685 28
0.0000 3.0232 1.2257 0.7531 46
0.0000 3.0468 1.2347 -0.0574 42
0.0000 3.0172 1.2172 0.0568 18
0.0000 0.7880 0.3177 -0.1962 5
0.0000 3.0195 1.2169 0.1706 34
0.0000 0.9815 0.3956 -0.2057 2
0.0000 3.0364 1.2231 0.2864 39
0.0000 1.1141 0.4486 -0.1902 2
0.0000 2.9963 1.2057 0.3966 26
0.0000 1.5084 0.6067 -0.1996 2
0.0000 2.1000 0.8442 -0.1980 1
0.0000 3.0076 1.2085 0.6301 46
0.0000 3.0247 1.2147 -0.1708 46
0.0000 3.0148 1.2101 0.7500 65
0.0000 3.0585 1.2270 -0.0575 39
0.0000 2.9980 1.2022 0.8655 19
0.0000 3.0456 1.2163 0.0572 54
0.0000 0.7891 0.3150 -0.1962 5
0.0000 3.0293 1.2086 0.1709 51
0.0000 0.9829 0.3921 -0.2057 2
0.0000 3.0518 1.2169 0.2874 60
0.0000 1.1340 0.4520 -0.1934 2
0.0000 3.0060 1.1974 0.3973 41
0.0000 1.4902 0.5933 -0.1969 2
0.0000 3.0302 1.2059 0.5165 54
0.0000 2.1344 0.8494 -0.2010 1
0.0000 3.0283 1.2045 0.6335 68
0.0000 3.0252 1.2027 -0.1706 81
0.0000 3.0063 1.1945 0.7468 57
0.0000 3.0517 1.2119 -0.0573 60
0.0000 3.0182 1.1932 0.0567 43
0.0000 0.7467 0.2950 -0.1854 6
0.0000 3.0150 1.1907 0.1699 66
0.0000 1.0098 0.3988 -0.2110 2
0.0000 3.0282 1.1953 0.2848 69
0.0000 1.1283 0.4451 -0.1921 2
0.0000 3.0305 1.1950 0.4000 69
0.0000 1.5144 0.5968 -0.1999 2
0.0000 3.0271 1.1924 0.5153 65
0.0000 2.1151 0.8332 -0.1989 1
0.0000 3.0215 1.1896 0.6312 63
0.0000 3.0331 1.1936 -0.1708 70
0.0000 3.0268 1.1904 0.7509 57
0.0000 3.0410 1.1954 -0.0570 75
0.0000 2.9884 1.1741 0.8603 40
0.0000 3.0242 1.1834 0.0567 60
0.0000 0.7477 0.2924 -0.1854 6
0.0000 3.0210 1.1809 0.1700 60
0.0000 1.0331 0.4038 -0.2156 2
0.0000 3.0249 1.1818 0.2841 64
0.0000 1.1335 0.4426 -0.1927 2
0.0000 3.0254 1.1808 0.3988 53
0.0000 1.5128 0.5901 -0.1994 2
0.0000 3.0330 1.1825 0.5156 59
0.0000 2.1032 0.8200 -0.1975 1
0.0000 3.0293 1.1805 0.6320 65
0.0000 3.0317 1.1808 -0.1705 61
0.0000 3.0382 1.1827 0.7527 56
0.0000 3.0489 1.1862 -0.0571 84
0.0000 3.0086 1.1700 0.8650 55
0.0000 3.0283 1.1728 0.0567 64
0.0000 0.7669 0.2969 -0.1899 6
0.0000 3.0288 1.1717 0.1702 62
0.0000 1.0125 0.3917 -0.2110 2
0.0000 3.0290 1.1712 0.2841 65
0.0000 1.1350 0.4387 -0.1927 2
0.0000 3.0239 1.1680 0.3980 56
0.0000 1.5167 0.5855 -0.1996 2
0.0000 3.0261 1.1677 0.5137 58
0.0000 2.1358 0.8241 -0.2003 1
0.0000 3.0297 1.1685 0.6312 63
0.0000 3.0246 1.1659 -0.1699 58
0.0000 3.0277 1.1665 0.7491 59
0.0000 3.0325 1.1677 -0.0567 73
0.0000 2.9929 1.1519 0.8593 54
0.0000 3.0287 1.1608 0.0566 66
0.0000 0.7680 0.2942 -0.1899 6
0.0000 3.0140 1.1546 0.1691 62
0.0000 0.9882 0.3784 -0.2057 2
0.0000 3.0257 1.1578 0.2834 55
0.0000 1.1181 0.4276 -0.1896 2
0.0000 2.9946 1.1447 0.3936 54
0.0000 1.5132 0.5781 -0.1989 2
0.0000 3.0115 1.1506 0.5106 56
0.0000 2.1200 0.8096 -0.1985 1
0.0000 3.0044 1.1467 0.6251 68
0.0000 3.0212 1.1525 -0.1695 56
0.0000 2.9899 1.1399 0.7387 66
0.0000 3.0232 1.1526 -0.0565 64
0.0000 2.9858 1.1378 0.8562 59
0.0000 0.7929 0.3009 -0.2272 5
0.0000 2.9989 1.1380 0.0560 66
0.0000 0.7689 0.2916 -0.1899 6
0.0000 2.9844 1.1313 0.1673 62
0.0000 1.0153 0.3846 -0.2110 2
0.0000 2.9980 1.1352 0.2805 60
0.0000 1.1454 0.4337 -0.1940 2
0.0000 2.9947 1.1334 0.3932 57
0.0000 1.5039 0.5689 -0.1974 2
0.0000 2.9989 1.1338 0.5078 60
0.0000 2.1247 0.8029 -0.1987 2
0.0000 3.0045 1.1353 0.6243 68
0.0000 3.0026 1.1340 -0.1682 61
0.0000 2.9973 1.1314 0.7396 64
0.0000 2.9898 1.1280 -0.0558 64
0.0000 2.9826 1.1246 0.8541 61
0.0000 3.0066 1.1289 0.0561 64
0.0000 0.7699 0.2889 -0.1899 6
0.0000 2.9883 1.1209 0.1673 62
0.0000 0.9908 0.3716 -0.2057 2
0.0000 2.9980 1.1239 0.2801 60
0.0000 1.1469 0.4297 -0.1940 2
0.0000 3.0060 1.1257 0.3941 56
0.0000 1.5282 0.5720 -0.2004 2
0.0000 3.0047 1.1240 0.5081 59
0.0000 2.1217 0.7937 -0.1982 2
0.0000 3.0195 1.1290 0.6266 68
0.0000 3.0103 1.1249 -0.1684 61
0.0000 3.0250 1.1298 0.7455 59
0.0000 2.9919 1.1168 -0.0557 61
0.0000 3.0064 1.1216 0.8598 63
0.0000 0.7949 0.2955 -0.2272 5
0.0000 3.0030 1.1156 0.0559 64
0.0000 0.8221 0.3052 -0.2025 5
0.0000 3.0147 1.1188 0.1685 57
0.0000 1.0179 0.3777 -0.2110 2
0.0000 3.0169 1.1190 0.2815 54
0.0000 1.1521 0.4271 -0.1946 2
0.0000 3.0360 1.1249 0.3975 57
0.0000 1.5228 0.5639 -0.1994 2
0.0000 3.0326 1.1224 0.5122 70
0.0000 2.1245 0.7863 -0.1982 2
0.0000 3.0234 1.1184 0.6266 76
0.0000 3.0367 1.1227 -0.1697 59
0.0000 3.0307 1.1199 0.7459 72
0.0000 3.0258 1.1175 -0.0563 68
0.0000 3.0139 1.1125 0.8608 76
0.0000 3.0331 1.1148 0.0564 83
0.0000 0.7427 0.2728 -0.1827 7
0.0000 3.0317 1.1130 0.1693 80
0.0000 0.9934 0.3647 -0.2057 2
0.0000 3.0451 1.1174 0.2838 94
0.0000 1.1461 0.4203 -0.1934 2
0.0000 3.0306 1.1108 0.3963 63
0.0000 1.5284 0.5599 -0.1999 2
0.0000 3.0403 1.1132 0.5128 70
0.0000 2.1235 0.7775 -0.1978 2
0.0000 3.0421 1.1132 0.6297 81
0.0000 3.0293 1.1080 -0.1690 76
0.0000 3.0383 1.1106 0.7468 72
0.0000 3.0578 1.1172 -0.0568 100
0.0000 3.0160 1.1013 0.8603 63
0.0000 3.0426 1.1062 0.0565 75
0.0000 0.7729 0.2809 -0.1899 6
0.0000 3.0206 1.0970 0.1684 70
0.0000 1.0242 0.3720 -0.2118 2
0.0000 3.0396 1.1033 0.2829 66
0.0000 1.1439 0.4150 -0.1927 2
0.0000 3.0344 1.1003 0.3963 59
0.0000 1.5136 0.5485 -0.1977 2
0.0000 3.0478 1.1039 0.5134 60
0.0000 2.1524 0.7796 -0.2003 1
0.0000 3.0478 1.1033 0.6301 73
0.0000 3.0426 1.1008 -0.1696 71
0.0000 3.0330 1.0967 0.7446 65
0.0000 3.0504 1.1024 -0.0566 77
0.0000 3.0325 1.0954 0.8639 64
0.0000 3.0465 1.0956 0.0565 75
0.0000 0.7739 0.2782 -0.1899 6
0.0000 3.0112 1.0817 0.1677 63
0.0000 1.0254 0.3684 -0.2118 2
0.0000 3.0472 1.0941 0.2833 65
0.0000 1.1639 0.4177 -0.1959 2
0.0000 3.0401 1.0903 0.3966 56
0.0000 1.5211 0.5452 -0.1984 2
0.0000 3.0387 1.0886 0.5112 57
0.0000 2.1645 0.7754 -0.2012 1
0.0000 3.0479 1.0913 0.6293 73
0.0000 3.0539 1.0929 -0.1700 68
0.0000 3.0423 1.0881 0.7459 63
0.0000 3.0316 1.0837 -0.0562 75
0.0000 3.0363 1.0848 0.8639 63
0.0000 3.0446 1.0830 0.0564 68
0.0000 0.7785 0.2768 -0.1908 6
0.0000 3.0319 1.0772 0.1686 65
0.0000 1.0008 0.3556 -0.2065 2
0.0000 3.0397 1.0794 0.2822 64
0.0000 1.1542 0.4096 -0.1940 2
0.0000 3.0439 1.0797 0.3966 56
0.0000 1.5305 0.5426 -0.1994 2
0.0000 3.0387 1.0767 0.5106 59
0.0000 2.1353 0.7566 -0.1982 1
0.0000 3.0554 1.0820 0.6301 70
0.0000 3.0445 1.0775 -0.1693 60
0.0000 3.0424 1.0762 0.7450 63
0.0000 3.0373 1.0738 -0.0562 68
0.0000 3.0255 1.0690 0.8598 63
0.0000 3.0371 1.0683 0.0562 66
0.0000 0.7574 0.2663 -0.1854 6
0.0000 3.0356 1.0666 0.1686 65
0.0000 1.0021 0.3521 -0.2065 2
0.0000 3.0359 1.0661 0.2815 65
0.0000 1.1444 0.4017 -0.1921 2
0.0000 3.0477 1.0691 0.3966 57
0.0000 1.5436 0.5412 -0.2008 2
0.0000 3.0462 1.0674 0.5112 56
0.0000 2.1210 0.7432 -0.1966 1
0.0000 3.0536 1.0694 0.6289 63
0.0000 3.0558 1.0695 -0.1697 58
0.0000 3.0645 1.0720 0.7495 55
0.0000 3.0372 1.0618 -0.0562 73
0.0000 3.0365 1.0610 0.8619 58
0.0000 0.8010 0.2788 -0.2272 5
0.0000 3.0484 1.0604 0.0563 64
0.0000 0.7584 0.2636 -0.1854 6
0.0000 3.0450 1.0580 0.1689 57
0.0000 0.9959 0.3460 -0.2049 2
0.0000 3.0604 1.0627 0.2834 56
0.0000 1.1608 0.4029 -0.1946 2
0.0000 3.0533 1.0591 0.3968 59
0.0000 1.5417 0.5345 -0.2004 2
0.0000 3.0630 1.0612 0.5134 60
0.0000 2.1367 0.7403 -0.1978 1
0.0000 3.0536 1.0574 0.6281 70
0.0000 3.0557 1.0575 -0.1695 56
0.0000 3.0682 1.0613 0.7495 60
0.0000 3.0542 1.0558 -0.0564 64
0.0000 3.0475 1.0529 0.8639 66
0.0000 3.0653 1.0543 0.0566 74
0.0000 0.7814 0.2686 -0.1908 6
0.0000 3.0600 1.0513 0.1696 74
0.0000 1.0156 0.3489 -0.2087 2
0.0000 3.0659 1.0527 0.2836 72
0.0000 1.1510 0.3950 -0.1927 2
0.0000 3.0569 1.0484 0.3968 59
0.0000 1.5286 0.5239 -0.1984 2
0.0000 3.0704 1.0518 0.5140 60
0.0000 2.1506 0.7367 -0.1989 1
0.0000 3.0684 1.0506 0.6304 66
0.0000 3.0575 1.0462 -0.1694 66
0.0000 3.0609 1.0468 0.7468 63
0.0000 3.0730 1.0503 -0.0567 87
0.0000 3.0566 1.0441 0.8655 61
0.0000 3.0651 1.0423 0.0565 68
0.0000 0.8045 0.2734 -0.1962 5
0.0000 3.0561 1.0380 0.1691 68
0.0000 1.0020 0.3403 -0.2057 2
0.0000 3.0696 1.0420 0.2836 61
0.0000 1.1299 0.3833 -0.1890 2
0.0000 3.0587 1.0371 0.3966 57
0.0000 1.5191 0.5148 -0.1969 2
0.0000 3.0591 1.0360 0.5115 60
0.0000 2.1513 0.7286 -0.1987 1
0.0000 3.0758 1.0411 0.6312 63
0.0000 3.0668 1.0375 -0.1697 61
0.0000 3.0571 1.0336 0.7450 60
0.0000 3.0596 1.0338 -0.0564 70
0.0000 3.0584 1.0328 0.8650 63
0.0000 3.0688 1.0316 0.0565 68
0.0000 0.7685 0.2582 -0.1872 6
0.0000 3.0597 1.0273 0.1691 62
0.0000 1.0292 0.3456 -0.2110 2
0.0000 3.0581 1.0262 0.2822 65
0.0000 1.1649 0.3907 -0.1946 2
0.0000 3.0698 1.0289 0.3975 56
0.0000 1.5134 0.5070 -0.1960 2
0.0000 3.0608 1.0247 0.5112 56
0.0000 2.1519 0.7204 -0.1985 1
0.0000 3.0794 1.0304 0.6312 63
0.0000 3.0666 1.0255 -0.1695 61
0.0000 3.0662 1.0248 0.7464 59
0.0000 3.0594 1.0219 -0.0563 73
0.0000 3.0474 1.0173 0.8608 63
0.0000 3.0610 1.0171 0.0563 70
0.0000 0.8322 0.2764 -0.2025 5
0.0000 3.0652 1.0173 0.1693 65
0.0000 0.9913 0.3290 -0.2030 2
0.0000 3.0654 1.0168 0.2826 64
0.0000 1.1550 0.3829 -0.1927 2
0.0000 3.0696 1.0170 0.3971 57
0.0000 1.5415 0.5104 -0.1994 2
0.0000 3.0756 1.0178 0.5131 59
0.0000 2.1507 0.7117 -0.1982 1
0.0000 3.0718 1.0159 0.6289 65
0.0000 3.0702 1.0148 -0.1695 60
0.0000 3.0754 1.0159 0.7477 41
0.0000 3.0705 1.0137 -0.0564 70
0.0000 3.0454 1.0048 0.8593 21
0.0000 3.0624 1.0063 0.0563 66
0.0000 0.7850 0.2578 -0.1908 6
0.0000 3.0666 1.0065 0.1691 57
0.0000 1.0036 0.3294 -0.2053 2
0.0000 3.0783 1.0097 0.2834 55
0.0000 1.1338 0.3717 -0.1890 2
0.0000 3.0824 1.0099 0.3983 39
0.0000 1.5432 0.5053 -0.1994 2
0.0000 3.0902 1.0112 0.5150 39
0.0000 2.1454 0.7021 -0.1975 1
0.0000 3.0714 1.0045 0.6281 20
0.0000 3.0660 1.0021 -0.1690 61
0.0000 3.0738 1.0035 -0.0564 59
0.0000 5.5611 1.8144 1.5674 4
0.0000 3.0906 1.0036 0.0567 27
0.0000 0.7414 0.2406 -0.1800 7
0.0000 3.0739 0.9970 0.1694 27
0.0000 1.0309 0.3343 -0.2107 2
0.0000 3.0969 1.0039 0.2848 43
0.0000 1.1538 0.3738 -0.1921 2
0.0000 3.0765 0.9961 0.3971 59
0.0000 1.5449 0.4999 -0.1994 2
0.0000 3.1069 1.0047 0.5172 66
0.0000 2.1630 0.6995 -0.1989 1
0.0000 3.0955 1.0004 0.6323 19
0.0000 3.0656 0.9902 -0.1688 63
0.0000 5.5431 1.7893 1.3448 9
0.0000 3.0830 0.9946 -0.0565 66
0.0000 5.5564 1.7915 1.5643 6
0.0000 0.8075 0.2593 -0.2272 5
0.0000 3.0789 0.9879 0.0564 47
0.0000 0.8091 0.2595 -0.1962 5
0.0000 3.0774 0.9863 0.1694 73
0.0000 0.9946 0.3188 -0.2030 2
0.0000 3.1023 0.9937 0.2850 72
0.0000 1.1551 0.3698 -0.1921 2
0.0000 3.0913 0.9889 0.3985 56
0.0000 1.5505 0.4957 -0.1999 2
0.0000 3.0897 0.9872 0.5137 59
0.0000 2.1693 0.6931 -0.1992 1
0.0000 3.1027 0.9908 0.6331 20
0.0000 3.0729 0.9807 -0.1690 63
0.0000 5.5605 1.7735 1.3475 12
0.0000 3.0922 0.9857 -0.0567 91
0.0000 5.5589 1.7709 1.5633 6
0.0000 3.0938 0.9808 0.0567 65
0.0000 0.7728 0.2449 -0.1872 6
0.0000 3.0827 0.9761 0.1695 65
0.0000 1.0481 0.3319 -0.2137 2
0.0000 3.0868 0.9768 0.2833 65
0.0000 1.1640 0.3681 -0.1934 2
0.0000 3.0947 0.9781 0.3985 57
0.0000 1.5370 0.4855 -0.1979 2
0.0000 3.0856 0.9741 0.5125 58
0.0000 2.1261 0.6712 -0.1951 1
0.0000 3.1080 0.9805 0.6335 20
0.0000 3.0725 0.9687 -0.1688 63
0.0000 5.5648 1.7535 1.3470 9
0.0000 3.0823 0.9707 -0.0564 79
0.0000 5.5503 1.7468 1.5591 6
0.0000 0.8093 0.2536 -0.2272 5
0.0000 3.0895 0.9676 0.0565 74
0.0000 0.8406 0.2631 -0.2034 5
0.0000 3.0878 0.9665 0.1696 68
0.0000 1.0231 0.3200 -0.2084 2
0.0000 3.0940 0.9672 0.2836 65
0.0000 1.1615 0.3629 -0.1927 2
0.0000 3.0981 0.9673 0.3985 56
0.0000 1.5539 0.4849 -0.1999 2
0.0000 3.1001 0.9674 0.5144 58
0.0000 2.1322 0.6649 -0.1954 1
0.0000 3.0908 0.9633 0.6293 21
0.0000 3.0835 0.9604 -0.1693 61
0.0000 5.5690 1.7335 1.3466 12
0.0000 3.0931 0.9628 -0.0565 77
0.0000 5.5561 1.7284 1.5591 6
0.0000 3.0889 0.9562 0.0564 74
0.0000 0.7931 0.2453 -0.1917 6
0.0000 3.0969 0.9575 0.1699 71
0.0000 1.0242 0.3164 -0.2084 2
0.0000 3.0973 0.9564 0.2836 63
0.0000 1.1476 0.3544 -0.1902 2
0.0000 3.0937 0.9547 0.3975 57
0.0000 1.5593 0.4809 -0.2004 2
0.0000 3.0978 0.9548 0.5134 55
0.0000 2.1669 0.6674 -0.1984 1
0.0000 3.0902 0.9519 0.6285 27
0.0000 3.0714 0.9455 -0.1684 63
0.0000 5.5636 1.7116 1.3439 12
0.0000 3.1003 0.9532 -0.0566 77
0.0000 5.5621 1.7090 1.5591 6
0.0000 3.0999 0.9477 0.0566 74
0.0000 0.7902 0.2414 -0.1908 6
0.0000 3.0869 0.9426 0.1691 68
0.0000 1.0252 0.3130 -0.2084 2
0.0000 3.1005 0.9461 0.2836 65
0.0000 1.1412 0.3480 -0.1890 2
0.0000 3.0932 0.9427 0.3971 56
0.0000 1.5458 0.4708 -0.1984 2
0.0000 3.1068 0.9457 0.5144 58
0.0000 2.1634 0.6585 -0.1978 1
0.0000 3.1029 0.9439 0.6304 27
0.0000 3.0727 0.9342 -0.1683 64
0.0000 5.5602 1.6893 1.3416 12
0.0000 3.1036 0.9424 -0.0566 79
0.0000 5.5680 1.6896 1.5591 5
0.0000 3.1070 0.9381 0.0567 70
0.0000 0.7948 0.2398 -0.1917 6
0.0000 3.0863 0.9306 0.1689 68
0.0000 1.0263 0.3095 -0.2084 2
0.0000 3.1076 0.9365 0.2840 64
0.0000 1.1424 0.3441 -0.1890 2
0.0000 3.1003 0.9331 0.3975 57
0.0000 1.5436 0.4643 -0.1979 2
0.0000 3.0987 0.9314 0.5125 58
0.0000 2.1771 0.6544 -0.1989 1
0.0000 3.0987 0.9308 0.6289 29
0.0000 3.0741 0.9228 -0.1682 63
0.0000 5.5586 1.6677 1.3398 9
0.0000 3.1050 0.9309 -0.0566 91
0.0000 5.5739 1.6701 1.5591 5
0.0000 3.1102 0.9272 0.0567 68
0.0000 0.7881 0.2348 -0.1899 6
0.0000 3.0876 0.9193 0.1688 71
0.0000 1.0086 0.3003 -0.2045 2
0.0000 3.0994 0.9222 0.2829 66
0.0000 1.1550 0.3434 -0.1909 2
0.0000 3.1112 0.9245 0.3985 55
0.0000 1.5680 0.4657 -0.2008 2
0.0000 3.0982 0.9195 0.5119 56
0.0000 2.1564 0.6400 -0.1968 1
0.0000 3.1188 0.9250 0.6323 33
0.0000 3.0849 0.9144 -0.1686 63
0.0000 5.5756 1.6516 1.3425 12
0.0000 3.0967 0.9167 -0.0564 83
0.0000 5.5723 1.6485 1.5571 4
0.0000 3.0981 0.9118 0.0564 72
0.0000 0.7889 0.2321 -0.1899 6
0.0000 3.0966 0.9102 0.1691 68
0.0000 1.0284 0.3023 -0.2084 2
0.0000 3.0911 0.9080 0.2819 66
0.0000 1.1524 0.3383 -0.1902 2
0.0000 3.1087 0.9120 0.3978 59
0.0000 1.5487 0.4540 -0.1982 2
0.0000 3.1013 0.9087 0.5119 57
0.0000 2.1472 0.6291 -0.1958 1
0.0000 3.1051 0.9092 0.6289 34
0.0000 3.0862 0.9030 -0.1685 64
0.0000 5.5794 1.6315 1.3421 12
0.0000 3.0979 0.9053 -0.0563 77
0.0000 5.5650 1.6252 1.5534 5
0.0000 3.0974 0.8999 0.0563 74
0.0000 0.7935 0.2304 -0.1908 6
0.0000 3.1055 0.9011 0.1695 71
0.0000 1.0596 0.3075 -0.2145 2
0.0000 3.1019 0.8994 0.2826 65
0.0000 1.1688 0.3387 -0.1927 2
0.0000 3.0966 0.8967 0.3958 61
0.0000 1.5598 0.4514 -0.1994 2
0.0000 3.1121 0.9000 0.5131 59
0.0000 2.1800 0.6305 -0.1985 1
0.0000 3.1082 0.8983 0.6289 34
0.0000 3.0778 0.8889 -0.1679 64
0.0000 5.5776 1.6099 1.3403 12
0.0000 3.1088 0.8967 -0.0565 79
0.0000 5.5818 1.6090 1.5565 5
0.0000 0.8152 0.2339 -0.2272 5
0.0000 3.1082 0.8913 0.0564 72
0.0000 0.8168 0.2341 -0.1962 5
0.0000 3.0952 0.8864 0.1687 74
0.0000 1.0607 0.3038 -0.2145 2
0.0000 3.1088 0.8897 0.2829 64
0.0000 1.1661 0.3335 -0.1921 2
0.0000 3.0959 0.8848 0.3953 59
0.0000 1.5461 0.4416 -0.1974 2
0.0000 3.1114 0.8881 0.5125 57
0.0000 2.2090 0.6305 -0.2010 1
0.0000 3.1113 0.8875 0.6289 36
0.0000 3.0809 0.8782 -0.1679 64
0.0000 5.5757 1.5883 1.3385 9
0.0000 3.1080 0.8848 -0.0564 79
0.0000 5.5874 1.5895 1.5565 6
0.0000 3.1113 0.8804 0.0564 72
0.0000 0.8363 0.2365 -0.2007 5
0.0000 3.0923 0.8745 0.1684 71
0.0000 1.0429 0.2947 -0.2107 2
0.0000 3.1119 0.8788 0.2829 64
0.0000 1.1749 0.3316 -0.1934 2
0.0000 3.1066 0.8761 0.3963 59
0.0000 1.5514 0.4375 -0.1979 2
0.0000 3.1029 0.8745 0.5106 57
0.0000 2.1537 0.6066 -0.1958 1
0.0000 3.1220 0.8787 0.6304 37
0.0000 3.0878 0.8685 -0.1681 64
0.0000 5.5884 1.5719 1.3403 12
0.0000 3.0994 0.8712 -0.0562 77
0.0000 5.5908 1.5704 1.5560 6
0.0000 3.1142 0.8701 0.0564 74
0.0000 0.7921 0.2212 -0.1899 6
0.0000 3.0991 0.8653 0.1686 71
0.0000 1.0438 0.2913 -0.2107 2
0.0000 3.1033 0.8653 0.2819 66
0.0000 1.1722 0.3266 -0.1927 2
0.0000 3.1095 0.8658 0.3963 59
0.0000 1.5758 0.4388 -0.2008 2
0.0000 3.1058 0.8642 0.5106 59
0.0000 2.1749 0.6048 -0.1975 1
0.0000 3.1173 0.8663 0.6289 39
0.0000 3.0868 0.8572 -0.1679 66
0.0000 5.5880 1.5518 1.3389 12
0.0000 3.1023 0.8609 -0.0562 79
0.0000 5.5810 1.5478 1.5519 6
0.0000 3.1055 0.8566 0.0562 72
0.0000 0.7966 0.2196 -0.1908 6
0.0000 3.1098 0.8566 0.1690 71
0.0000 1.0183 0.2805 -0.2053 2
0.0000 3.1023 0.8539 0.2815 66
0.0000 1.1694 0.3217 -0.1921 2
0.0000 3.1142 0.8560 0.3966 57
0.0000 1.5543 0.4270 -0.1979 2
0.0000 3.1069 0.8529 0.5103 54
0.0000 2.1692 0.5955 -0.1968 1
0.0000 3.1069 0.8523 0.6262 43
0.0000 3.0973 0.8491 -0.1683 64
0.0000 5.5877 1.5307 1.3376 12
0.0000 3.1091 0.8511 -0.0563 79
0.0000 5.5790 1.5262 1.5498 6
0.0000 3.1047 0.8447 0.0562 72
0.0000 0.7973 0.2168 -0.1908 6
0.0000 3.1089 0.8447 0.1688 71
0.0000 1.0155 0.2759 -0.2045 2
0.0000 3.1168 0.8462 0.2826 63
0.0000 1.1706 0.3176 -0.1921 2
0.0000 3.1076 0.8426 0.3953 59
0.0000 1.5750 0.4267 -0.2004 2
0.0000 3.1213 0.8451 0.5122 62
0.0000 2.1943 0.5941 -0.1989 1
0.0000 3.1080 0.8409 0.6259 46
0.0000 3.0810 0.8330 -0.1673 68
0.0000 5.5874 1.5097 1.3362 9
0.0000 3.1121 0.8403 -0.0563 77
0.0000 5.5917 1.5088 1.5519 6
0.0000 3.1153 0.8359 0.0563 74
0.0000 0.7755 0.2079 -0.1854 6
0.0000 3.1041 0.8317 0.1684 71
0.0000 1.0354 0.2774 -0.2084 2
0.0000 3.1198 0.8354 0.2826 63
0.0000 1.1488 0.3074 -0.1883 2
0.0000 3.1105 0.8317 0.3953 59
0.0000 1.5458 0.4130 -0.1965 2
0.0000 3.1185 0.8327 0.5112 57
0.0000 2.1617 0.5772 -0.1958 1
0.0000 3.1147 0.8311 0.6266 46
0.0000 3.0839 0.8223 -0.1673 66
0.0000 5.5945 1.4907 1.3367 12
0.0000 3.1150 0.8294 -0.0563 77
0.0000 5.5932 1.4882 1.5508 6
0.0000 3.1143 0.8240 0.0562 72
0.0000 0.7988 0.2112 -0.1908 6
0.0000 3.0973 0.8183 0.1679 74
0.0000 1.0098 0.2668 -0.2030 2
0.0000 3.1188 0.8234 0.2822 63
0.0000 1.1613 0.3064 -0.1902 1
0.0000 3.1115 0.8204 0.3951 57
0.0000 1.5549 0.4097 -0.1974 2
0.0000 3.1138 0.8198 0.5100 59
0.0000 2.1907 0.5768 -0.1982 1
0.0000 3.1176 0.8202 0.6266 48
0.0000 3.0867 0.8115 -0.1673 66
0.0000 5.5827 1.4667 1.3326 9
0.0000 3.1121 0.8170 -0.0562 83
0.0000 5.6002 1.4692 1.5514 5
0.0000 3.1269 0.8157 0.0564 76
0.0000 0.7995 0.2084 -0.1908 6
0.0000 3.0981 0.8076 0.1678 70
0.0000 1.0373 0.2702 -0.2084 2
0.0000 3.1178 0.8115 0.2819 66
0.0000 1.1585 0.3013 -0.1896 2
0.0000 3.1220 0.8115 0.3961 57
0.0000 1.5717 0.4082 -0.1994 2
0.0000 3.1126 0.8085 0.5094 57
0.0000 2.1773 0.5651 -0.1968 1
0.0000 3.1261 0.8108 0.6278 52
0.0000 3.0973 0.8027 -0.1677 68
0.0000 5.6199 1.4555 1.3403 3
0.0000 3.1089 0.8052 -0.0561 79
0.0000 5.5415 1.4342 1.5338 1
0.0000 3.1141 0.8013 0.0561 76
0.0000 0.7776 0.1999 -0.1854 6
0.0000 3.0931 0.7948 0.1674 68
0.0000 1.0383 0.2666 -0.2084 2
0.0000 3.1129 0.7987 0.2812 66
0.0000 1.1519 0.2955 -0.1883 1
0.0000 3.1209 0.8001 0.3956 57
0.0000 1.5615 0.4000 -0.1979 2
0.0000 3.1193 0.7986 0.5100 58
0.0000 2.1792 0.5575 -0.1968 1
0.0000 3.1174 0.7975 0.6255 55
0.0000 3.0922 0.7905 -0.1673 70
0.0000 5.5643 1.4214 1.3259 15
0.0000 3.1195 0.7963 -0.0562 87
0.0000 5.5390 1.4129 1.5317 15
0.0000 3.1052 0.7875 0.0559 76
0.0000 0.7972 0.2020 -0.1899 6
0.0000 3.1075 0.7869 0.1680 72
0.0000 1.0391 0.2631 -0.2084 2
0.0000 3.1155 0.7884 0.2812 65
0.0000 1.1682 0.2954 -0.1909 1
0.0000 3.1102 0.7858 0.3939 59
0.0000 1.5629 0.3946 -0.1979 2
0.0000 3.1259 0.7886 0.5106 58
0.0000 2.1869 0.5517 -0.1973 1
0.0000 3.1125 0.7847 0.6239 55
0.0000 3.0910 0.7787 -0.1671 70
0.0000 5.5673 1.4015 1.3254 21
0.0000 3.1222 0.7854 -0.0562 79
0.0000 5.5533 1.3959 1.5343 17
0.0000 3.1215 0.7800 0.0562 74
0.0000 0.8432 0.2106 -0.2007 5
0.0000 3.1025 0.7741 0.1676 70
0.0000 1.0515 0.2624 -0.2107 2
0.0000 3.1221 0.7784 0.2815 65
0.0000 1.1769 0.2932 -0.1921 2
0.0000 3.1129 0.7750 0.3939 61
0.0000 1.5604 0.3882 -0.1974 2
0.0000 3.1286 0.7777 0.5106 58
0.0000 2.1830 0.5427 -0.1968 1
0.0000 3.1286 0.7771 0.6266 58
0.0000 3.0976 0.7689 -0.1673 68
0.0000 5.5570 1.3783 1.3218 21
0.0000 3.1230 0.7740 -0.0562 83
0.0000 5.5618 1.3774 1.5353 19
0.0000 3.1242 0.7691 0.0562 74
0.0000 0.8023 0.1974 -0.1908 6
0.0000 3.0935 0.7604 0.1670 68
0.0000 1.0715 0.2634 -0.2145 2
0.0000 3.1287 0.7685 0.2819 63
0.0000 1.1856 0.2910 -0.1934 2
0.0000 3.1214 0.7655 0.3946 57
0.0000 1.5540 0.3808 -0.1965 2
0.0000 3.1198 0.7640 0.5087 59
0.0000 2.1636 0.5298 -0.1949 1
0.0000 3.1351 0.7672 0.6274 57
0.0000 3.0964 0.7571 -0.1671 68
0.0000 5.5599 1.3584 1.3214 21
0.0000 3.1140 0.7603 -0.0560 83
0.0000 5.5666 1.3580 1.5353 17
0.0000 3.1250 0.7577 0.0561 76
0.0000 0.7992 0.1937 -0.1899 6
0.0000 3.0981 0.7501 0.1671 65
0.0000 1.0228 0.2476 -0.2045 2
0.0000 3.1197 0.7547 0.2808 66
0.0000 1.1674 0.2822 -0.1902 1
0.0000 3.1279 0.7556 0.3951 57
0.0000 1.5708 0.3791 -0.1984 2
0.0000 3.1263 0.7540 0.5094 59
0.0000 2.1809 0.5260 -0.1963 1
0.0000 3.1378 0.7562 0.6274 61
0.0000 3.1029 0.7472 -0.1673 70
0.0000 5.5722 1.3408 1.3232 21
0.0000 3.1167 0.7494 -0.0560 83
0.0000 5.5638 1.3368 1.5332 19
0.0000 3.1198 0.7450 0.0560 76
0.0000 0.8037 0.1918 -0.1908 6
0.0000 1.0236 0.2440 -0.2045 2
0.0000 3.1224 0.7439 0.2808 67
0.0000 1.1607 0.2763 -0.1890 1
0.0000 3.1286 0.7442 0.3949 59
0.0000 1.5721 0.3737 -0.1984 2
0.0000 3.1270 0.7426 0.5090 60
0.0000 2.1905 0.5202 -0.1970 1
0.0000 3.1194 0.7403 0.6232 63
0.0000 3.1055 0.7364 -0.1673 70
0.0000 5.5655 1.3187 1.3205 21
0.0000 3.1212 0.7390 -0.0560 79
0.0000 5.5572 1.3147 1.5301 19
0.0000 3.1185 0.7332 0.0559 63
0.0000 0.7816 0.1836 -0.1854 6
0.0000 2.3625 0.5545 0.1272 3
0.0000 1.0245 0.2405 -0.2045 2
0.0000 3.1288 0.7339 0.2812 47
0.0000 1.1809 0.2768 -0.1921 2
0.0000 3.1099 0.7283 0.3922 57
0.0000 1.5618 0.3654 -0.1969 2
0.0000 3.1315 0.7322 0.5094 59
0.0000 2.1768 0.5090 -0.1956 1
0.0000 3.1258 0.7303 0.6239 66
0.0000 3.1042 0.7246 -0.1671 70
0.0000 5.5681 1.2988 1.3200 9
0.0000 3.1335 0.7303 -0.0562 91
0.0000 5.5636 1.2957 1.5307 4
0.0000 0.8278 0.1914 -0.1962 5
0.0000 2.3508 0.5431 0.1264 5
0.0000 1.0597 0.2449 -0.2114 2
0.0000 1.1780 0.2717 -0.1915 1
0.0000 3.1201 0.7192 0.3932 57
0.0000 1.5553 0.3582 -0.1960 2
0.0000 3.1340 0.7212 0.5094 58
0.0000 2.1980 0.5054 -0.1973 1
0.0000 3.1283 0.7193 0.6239 68
0.0000 3.1047 0.7134 -0.1670 72
0.0000 11.6695 2.6791 2.7642 3
0.0000 3.1302 0.7181 -0.0561 87
0.0000 10.2813 2.3566 2.8263 2
0.0000 2.3865 0.5435 0.0427 3
0.0000 0.7829 0.1782 -0.1854 6
0.0000 2.3332 0.5305 0.1254 9
0.0000 1.0606 0.2410 -0.2114 2
0.0000 2.3801 0.5403 0.2135 4
0.0000 1.1636 0.2639 -0.1890 1
0.0000 3.1284 0.7096 0.3939 59
0.0000 1.5488 0.3510 -0.1950 2
0.0000 3.1384 0.7107 0.5097 60
0.0000 2.1920 0.4960 -0.1966 1
0.0000 3.1309 0.7079 0.6239 68
0.0000 3.1073 0.7020 -0.1670 72
0.0000 11.6678 2.6337 2.7615 3
0.0000 3.1229 0.7049 -0.0559 91
0.0000 10.3158 2.3267 2.8336 2
0.0000 2.3670 0.5300 0.0423 6
0.0000 0.7721 0.1727 -0.1827 7
0.0000 2.3253 0.5202 0.1249 10
0.0000 1.0270 0.2296 -0.2045 2
0.0000 2.3314 0.5207 0.2090 7
0.0000 1.1838 0.2642 -0.1921 1
0.0000 3.1310 0.6981 0.3939 59
0.0000 1.5656 0.3488 -0.1969 2
0.0000 3.1235 0.6959 0.5068 59
0.0000 2.1898 0.4875 -0.1963 1
0.0000 3.1295 0.6961 0.6232 68
0.0000 3.1137 0.6920 -0.1672 72
0.0000 11.6941 2.5968 2.7655 3
0.0000 3.1273 0.6945 -0.0559 87
0.0000 10.3088 2.2873 2.8294 2
0.0000 2.3453 0.5169 0.0419 8
0.0000 0.8564 0.1886 -0.2025 5
0.0000 2.3095 0.5082 0.1239 13
0.0000 1.0661 0.2344 -0.2122 2
0.0000 2.3177 0.5091 0.2076 7
0.0000 1.1731 0.2577 -0.1902 1
0.0000 3.1391 0.6890 0.3946 55
0.0000 1.5861 0.3479 -0.1994 2
0.0000 3.1414 0.6884 0.5094 57
0.0000 2.1954 0.4807 -0.1966 1
0.0000 3.1280 0.6849 0.6224 70
0.0000 3.1140 0.6812 -0.1671 70
0.0000 11.6664 2.5501 2.7570 3
0.0000 3.1258 0.6827 -0.0558 79
0.0000 10.3280 2.2538 2.8325 2
0.0000 2.3256 0.5041 0.0415 10
0.0000 0.7847 0.1699 -0.1854 6
0.0000 2.2898 0.4955 0.1228 15
0.0000 1.0784 0.2334 -0.2145 2
0.0000 2.3135 0.5002 0.2071 9
0.0000 1.1701 0.2528 -0.1896 1
0.0000 1.5679 0.3381 -0.1969 2
0.0000 3.1399 0.6766 0.5087 58
0.0000 2.2106 0.4763 -0.1978 1
0.0000 3.1303 0.6739 0.6224 70
0.0000 3.1105 0.6691 -0.1667 72
0.0000 11.7286 2.5208 2.7696 3
0.0000 3.1380 0.6739 -0.0560 27
0.0000 10.3358 2.2177 2.8325 2
0.0000 2.3176 0.4939 0.0414 11
0.0000 0.8310 0.1769 -0.1962 5
0.0000 2.2700 0.4829 0.1216 14
0.0000 1.0312 0.2194 -0.2049 2
0.0000 2.3094 0.4909 0.2066 10
0.0000 1.1980 0.2544 -0.1940 1
0.0000 2.3807 0.5052 0.2988 3
0.0000 1.5574 0.3302 -0.1955 2
0.0000 3.1500 0.6673 0.5100 58
0.0000 2.1967 0.4653 -0.1964 1
0.0000 3.1365 0.6638 0.6232 70
0.0000 3.1050 0.6566 -0.1663 74
0.0000 11.6763 2.4670 2.7552 4
0.0000 10.3473 2.1824 2.8336 2
0.0000 2.3095 0.4837 0.0412 12
0.0000 0.8049 0.1685 -0.1899 6
0.0000 2.2619 0.4729 0.1211 15
0.0000 1.0281 0.2150 -0.2042 2
0.0000 2.2974 0.4800 0.2053 14
0.0000 1.1757 0.2454 -0.1902 1
0.0000 2.3533 0.4908 0.2952 4
0.0000 1.5586 0.3248 -0.1955 2
0.0000 3.1407 0.6538 0.5081 59
0.0000 2.1963 0.4572 -0.1963 1
0.0000 3.1427 0.6537 0.6239 70
0.0000 3.1190 0.6482 -0.1670 72
0.0000 11.7001 2.4294 2.7588 3
0.0000 2.3868 0.4952 -0.0425 4
0.0000 10.3662 2.1486 2.8367 2
0.0000 2.2955 0.4725 0.0409 14
0.0000 0.8322 0.1711 -0.1962 5
0.0000 2.2577 0.4638 0.1208 16
0.0000 1.0673 0.2193 -0.2118 2
0.0000 2.2874 0.4695 0.2043 15
0.0000 1.1882 0.2437 -0.1921 1
0.0000 2.3433 0.4802 0.2937 6
0.0000 1.5714 0.3217 -0.1969 2
0.0000 3.1352 0.6413 0.5068 59
0.0000 2.2096 0.4520 -0.1973 1
0.0000 3.1449 0.6427 0.6239 70
0.0000 3.1212 0.6373 -0.1670 74
0.0000 11.7124 2.3893 2.7597 3
0.0000 2.3631 0.4816 -0.0421 5
0.0000 10.4096 2.1198 2.8465 1
0.0000 2.2756 0.4601 0.0405 13
0.0000 0.7373 0.1489 -0.1737 7
0.0000 2.2514 0.4548 0.1204 16
0.0000 1.0681 0.2156 -0.2118 2
0.0000 2.2773 0.4592 0.2032 15
0.0000 1.1658 0.2348 -0.1883 1
0.0000 2.3353 0.4700 0.2925 8
0.0000 1.5608 0.3139 -0.1955 2
0.0000 3.1451 0.6324 0.5081 59
0.0000 2.1760 0.4372 -0.1942 1
0.0000 3.1356 0.6294 0.6217 70
0.0000 3.1234 0.6264 -0.1670 72
0.0000 11.6824 2.3407 2.7507 4
0.0000 2.3529 0.4714 -0.0419 8
0.0000 10.3825 2.0784 2.8372 1
0.0000 2.2595 0.4490 0.0402 14
0.0000 0.8066 0.1602 -0.1899 6
0.0000 2.2432 0.4450 0.1198 16
0.0000 1.0881 0.2156 -0.2156 2
0.0000 2.2730 0.4501 0.2027 16
0.0000 1.2092 0.2394 -0.1952 1
0.0000 2.3154 0.4580 0.2898 10
0.0000 1.5852 0.3133 -0.1984 2
0.0000 3.1472 0.6215 0.5081 57
0.0000 2.2069 0.4354 -0.1968 1
0.0000 3.1377 0.6190 0.6217 72
0.0000 3.1137 0.6137 -0.1663 72
0.0000 11.7360 2.3110 2.7615 3
0.0000 2.3447 0.4613 -0.0417 9
0.0000 10.4162 2.0474 2.8444 1
0.0000 2.2708 0.4431 0.0404 15
0.0000 0.8072 0.1573 -0.1899 6
0.0000 2.2270 0.4337 0.1189 17
0.0000 1.0541 0.2053 -0.2087 2
0.0000 2.2608 0.4399 0.2015 16
0.0000 1.2022 0.2337 -0.1940 1
0.0000 2.3053 0.4477 0.2883 11
0.0000 1.5707 0.3047 -0.1965 2
0.0000 3.1455 0.6097 0.5075 58
0.0000 2.2161 0.4296 -0.1975 2
0.0000 3.1475 0.6095 0.6232 72
0.0000 3.1198 0.6036 -0.1665 76
0.0000 11.8110 2.2830 2.7772 3
0.0000 2.3443 0.4527 -0.0417 10
0.0000 10.4499 2.0161 2.8517 1
0.0000 2.2743 0.4355 0.0404 16
0.0000 0.8115 0.1553 -0.1908 6
0.0000 2.2227 0.4248 0.1186 17
0.0000 1.0702 0.2045 -0.2118 2
0.0000 2.2623 0.4320 0.2015 16
0.0000 1.1681 0.2228 -0.1883 1
0.0000 2.3049 0.4393 0.2881 12
0.0000 1.5561 0.2963 -0.1945 2
0.0000 3.1457 0.5984 0.5072 60
0.0000 2.2117 0.4207 -0.1970 1
0.0000 3.1458 0.5978 0.6224 72
0.0000 3.1258 0.5935 -0.1667 84
0.0000 11.7097 2.2210 2.7516 4
0.0000 2.3243 0.4404 -0.0413 10
0.0000 10.4530 1.9789 2.8506 1
0.0000 2.2601 0.4246 0.0401 18
0.0000 0.9308 0.1747 -0.2187 3
0.0000 2.2261 0.4174 0.1187 18
0.0000 1.0362 0.1943 -0.2049 2
0.0000 2.2501 0.4215 0.2003 17
0.0000 1.2000 0.2246 -0.1934 1
0.0000 2.2947 0.4290 0.2866 13
0.0000 1.5728 0.2938 -0.1965 2
0.0000 3.1497 0.5877 0.5075 58
0.0000 2.1936 0.4093 -0.1952 1
0.0000 3.1498 0.5872 0.6228 72
0.0000 3.1278 0.5825 -0.1667 89
0.0000 11.7059 2.1780 2.7489 4
0.0000 2.3160 0.4305 -0.0411 11
0.0000 10.4504 1.9406 2.8480 2
0.0000 2.2478 0.4142 0.0399 17
0.0000 0.8356 0.1538 -0.1962 5
0.0000 2.2354 0.4111 0.1191 21
0.0000 1.0330 0.1900 -0.2042 2
0.0000 2.2320 0.4100 0.1985 17
0.0000 1.1696 0.2147 -0.1883 1
0.0000 2.2903 0.4199 0.2859 13
0.0000 1.5777 0.2890 -0.1969 2
0.0000 3.1517 0.5767 0.5075 52
0.0000 2.2166 0.4056 -0.1971 1
0.0000 3.1363 0.5734 0.6197 72
0.0000 3.1338 0.5723 -0.1670 84
0.0000 11.7211 2.1385 2.7507 4
0.0000 2.3116 0.4213 -0.0410 12
0.0000 10.4096 1.8955 2.8351 1
0.0000 2.2473 0.4060 0.0399 18
0.0000 0.8630 0.1557 -0.2025 5
0.0000 2.2289 0.4022 0.1187 21
0.0000 1.0375 0.1871 -0.2049 2
0.0000 2.2412 0.4037 0.1992 18
0.0000 1.1626 0.2092 -0.1871 1
0.0000 2.2664 0.4074 0.2827 14
0.0000 1.5709 0.2821 -0.1960 2
0.0000 3.1536 0.5663 0.5075 18
0.0000 2.2160 0.3975 -0.1970 1
0.0000 3.1403 0.5628 0.6201 73
0.0000 3.1181 0.5582 -0.1660 53
0.0000 11.7247 2.0969 2.7498 4
0.0000 2.3051 0.4123 -0.0409 13
0.0000 10.4672 1.8701 2.8491 2
0.0000 2.2525 0.3992 0.0399 18
0.0000 2.2145 0.3917 0.1179 19
0.0000 1.0575 0.1869 -0.2087 2
0.0000 2.2407 0.3955 0.1991 18
0.0000 1.1789 0.2081 -0.1896 1
0.0000 2.2638 0.3992 0.2822 14
0.0000 1.5757 0.2776 -0.1965 2
0.0000 2.2037 0.3874 -0.1958 1
0.0000 3.1479 0.5534 0.6213 77
0.0000 3.1297 0.5496 -0.1665 15
0.0000 11.7239 2.0567 2.7480 4
0.0000 2.3026 0.4035 -0.0408 14
0.0000 10.4565 1.8306 2.8444 1
0.0000 2.2382 0.3886 0.0397 18
0.0000 0.7411 0.1286 -0.1737 7
0.0000 2.2100 0.3829 0.1175 22
0.0000 1.0581 0.1833 -0.2087 2
0.0000 2.2420 0.3881 0.1991 18
0.0000 1.2068 0.2087 -0.1940 1
0.0000 2.2652 0.3913 0.2822 15
0.0000 1.5767 0.2721 -0.1965 2
0.0000 2.3730 0.4090 0.3814 3
0.0000 2.2206 0.3828 -0.1971 2
0.0000 3.1518 0.5427 0.6217 73
0.0000 11.7406 2.0174 2.7503 3
0.0000 2.2882 0.3928 -0.0405 15
0.0000 10.4800 1.7970 2.8491 2
0.0000 2.2395 0.3808 0.0397 18
0.0000 0.8108 0.1377 -0.1899 6
0.0000 2.2133 0.3755 0.1177 24
0.0000 1.0781 0.1829 -0.2126 2
0.0000 2.2335 0.3786 0.1982 21
0.0000 1.1803 0.1998 -0.1896 2
0.0000 2.2626 0.3827 0.2818 15
0.0000 1.5835 0.2675 -0.1972 2
0.0000 2.3588 0.3981 0.3789 4
0.0000 2.2023 0.3717 -0.1954 1
0.0000 3.1556 0.5320 0.6220 75
0.0000 2.4107 0.4060 -0.1281 3
0.0000 11.8052 1.9861 2.7637 3
0.0000 2.2876 0.3844 -0.0405 15
0.0000 10.4862 1.7604 2.8491 2
0.0000 2.2349 0.3720 0.0395 19
0.0000 0.7420 0.1234 -0.1737 7
0.0000 2.2146 0.3678 0.1177 25
0.0000 1.0090 0.1676 -0.1988 2
0.0000 2.2210 0.3685 0.1970 18
0.0000 1.1927 0.1977 -0.1915 1
0.0000 2.2640 0.3748 0.2818 14
0.0000 1.5785 0.2610 -0.1965 2
0.0000 2.3524 0.3886 0.3776 5
0.0000 2.2075 0.3647 -0.1958 1
0.0000 3.1574 0.5210 0.6220 75
0.0000 2.3944 0.3947 -0.1272 4
0.0000 11.7698 1.9379 2.7539 3
0.0000 2.2909 0.3768 -0.0405 16
0.0000 10.4751 1.7210 2.8444 1
0.0000 0.8370 0.1365 -0.2272 5
0.0000 2.2283 0.3629 0.0394 20
0.0000 0.8117 0.1320 -0.1899 6
0.0000 2.2159 0.3601 0.1177 24
0.0000 1.0794 0.1754 -0.2126 2
0.0000 2.2164 0.3598 0.1964 18
0.0000 1.1894 0.1929 -0.1909 1
0.0000 2.2457 0.3637 0.2793 15
0.0000 1.5873 0.2568 -0.1974 2
0.0000 2.3576 0.3810 0.3783 5
0.0000 2.2206 0.3589 -0.1968 1
0.0000 3.1456 0.5078 0.6194 74
0.0000 2.3740 0.3828 -0.1260 4
0.0000 11.8553 1.9095 2.7723 3
0.0000 2.2902 0.3685 -0.0405 16
0.0000 10.4982 1.6872 2.8491 3
0.0000 2.2296 0.3551 0.0394 24
0.0000 0.7929 0.1262 -0.1854 6
0.0000 2.1954 0.3489 0.1165 28
0.0000 1.0800 0.1716 -0.2126 2
0.0000 2.2236 0.3530 0.1970 18
0.0000 1.1901 0.1887 -0.1909 2
0.0000 2.2391 0.3546 0.2783 15
0.0000 1.5764 0.2494 -0.1960 2
0.0000 2.3433 0.3703 0.3758 7
0.0000 2.2159 0.3502 -0.1963 1
0.0000 3.1610 0.4990 0.6220 77
0.0000 2.3754 0.3745 -0.1260 6
0.0000 11.7561 1.8515 2.7476 3
0.0000 2.2934 0.3608 -0.0405 16
0.0000 10.4792 1.6466 2.8424 1
0.0000 2.2367 0.3483 0.0395 26
0.0000 0.8396 0.1306 -0.1962 5
0.0000 2.1946 0.3409 0.1164 30
0.0000 1.0612 0.1648 -0.2087 2
0.0000 2.2208 0.3446 0.1966 20
0.0000 1.1791 0.1827 -0.1890 1
0.0000 2.2462 0.3477 0.2791 16
0.0000 1.5753 0.2436 -0.1957 2
0.0000 2.3251 0.3591 0.3726 7
0.0000 2.2290 0.3443 -0.1973 1
0.0000 3.1627 0.4879 0.6220 75
0.0000 2.3727 0.3656 -0.1258 5
0.0000 11.8838 1.8291 2.7759 3
0.0000 2.2789 0.3503 -0.0402 17
0.0000 10.5078 1.6136 2.8486 4
0.0000 2.2340 0.3398 0.0394 27
0.0000 0.7437 0.1130 -0.1737 7
0.0000 2.1978 0.3336 0.1165 32
0.0000 1.0773 0.1635 -0.2118 2
0.0000 2.2063 0.3345 0.1952 18
0.0000 1.2109 0.1834 -0.1940 1
0.0000 2.2434 0.3393 0.2786 16
0.0000 1.5781 0.2384 -0.1960 2
0.0000 2.3244 0.3507 0.3723 7
0.0000 2.2164 0.3344 -0.1961 2
0.0000 3.1663 0.4772 0.6224 74
0.0000 2.3621 0.3555 -0.1252 7
0.0000 11.7803 1.7711 2.7503 3
0.0000 2.2722 0.3412 -0.0401 17
0.0000 10.5478 1.5820 2.8579 1
0.0000 2.2252 0.3306 0.0393 28
0.0000 0.8404 0.1247 -0.1962 5
0.0000 2.1970 0.3256 0.1164 32
0.0000 1.0817 0.1603 -0.2126 2
0.0000 2.2094 0.3270 0.1954 19
0.0000 1.1881 0.1757 -0.1902 1
0.0000 2.2387 0.3306 0.2779 17
0.0000 1.5907 0.2346 -0.1974 2
0.0000 2.3412 0.3449 0.3748 8
0.0000 2.2195 0.3270 -0.1963 1
0.0000 3.1485 0.4633 0.6186 74
0.0000 2.3712 0.3485 -0.1256 8
0.0000 11.9040 1.7472 2.7777 3
0.0000 2.2714 0.3330 -0.0401 18
0.0000 2.2105 0.3205 0.0390 29
0.0000 0.7444 0.1078 -0.1737 7
0.0000 2.1960 0.3180 0.1163 35
0.0000 1.0318 0.1492 -0.2026 2
0.0000 2.2145 0.3199 0.1958 21
0.0000 1.1731 0.1693 -0.1877 1
0.0000 2.2300 0.3214 0.2766 16
0.0000 1.5915 0.2293 -0.1974 2
0.0000 2.3326 0.3357 0.3733 8
0.0000 2.2344 0.3212 -0.1975 1
0.0000 3.1618 0.4539 0.6209 74
0.0000 2.3527 0.3373 -0.1246 8
0.0000 11.7959 1.6914 2.7512 3
0.0000 2.2784 0.3263 -0.0402 18
0.0000 3.2185 0.4604 0.8712 6
0.0000 0.8397 0.1191 -0.2272 5
0.0000 2.2274 0.3154 0.0393 30
0.0000 0.8143 0.1152 -0.1899 6
0.0000 2.1832 0.3088 0.1156 38
0.0000 1.0633 0.1502 -0.2087 2
0.0000 2.2214 0.3134 0.1963 24
0.0000 1.2088 0.1703 -0.1934 1
0.0000 2.2252 0.3131 0.2759 16
0.0000 1.6040 0.2257 -0.1989 2
0.0000 2.3259 0.3269 0.3720 9
0.0000 2.2493 0.3157 -0.1987 2
0.0000 3.1672 0.4440 0.6217 73
0.0000 2.3498 0.3290 -0.1244 8
0.0000 11.8516 1.6593 2.7628 3
0.0000 2.2795 0.3187 -0.0402 20
0.0000 3.2086 0.4481 0.8681 11
0.0000 2.2166 0.3064 0.0391 32
0.0000 0.7451 0.1029 -0.1737 7
0.0000 2.1863 0.3014 0.1157 41
0.0000 1.0950 0.1510 -0.2149 2
0.0000 2.2165 0.3052 0.1958 25
0.0000 1.2094 0.1663 -0.1934 1
0.0000 2.2321 0.3066 0.2766 16
0.0000 1.5694 0.2153 -0.1945 1
0.0000 2.3172 0.3174 0.3704 9
0.0000 2.2424 0.3072 -0.1980 2
0.0000 3.1706 0.4338 0.6220 78
0.0000 2.3509 0.3212 -0.1244 8
0.0000 11.8168 1.6124 2.7534 3
0.0000 2.2608 0.3081 -0.0398 20
0.0000 3.2369 0.4405 0.8753 10
0.0000 2.2256 0.2997 0.0392 33
0.0000 0.8150 0.1096 -0.1899 6
0.0000 2.1992 0.2954 0.1163 48
0.0000 1.0760 0.1445 -0.2110 2
0.0000 2.2077 0.2961 0.1949 28
0.0000 1.2061 0.1616 -0.1927 1
0.0000 2.2371 0.2993 0.2771 17
0.0000 1.5820 0.2114 -0.1960 1
0.0000 2.3163 0.3091 0.3701 10
0.0000 2.2375 0.2986 -0.1975 2
0.0000 3.1721 0.4227 0.6220 77
0.0000 2.3560 0.3135 -0.1246 10
0.0000 11.8706 1.5776 2.7646 3
0.0000 2.2697 0.3012 -0.0400 21
0.0000 3.2327 0.4285 0.8738 6
0.0000 2.2068 0.2894 0.0388 33
0.0000 0.7458 0.0977 -0.1737 7
0.0000 2.1923 0.2867 0.1159 53
0.0000 1.0960 0.1433 -0.2149 2
0.0000 2.2068 0.2882 0.1947 28
0.0000 1.1870 0.1548 -0.1896 1
0.0000 2.2303 0.2905 0.2762 17
0.0000 1.5866 0.2063 -0.1965 2
0.0000 2.3154 0.3007 0.3698 10
0.0000 2.2367 0.2901 -0.1973 2
0.0000 3.1579 0.4096 0.6190 75
0.0000 2.3531 0.3048 -0.1244 10
0.0000 11.8316 1.5304 2.7543 3
0.0000 2.2807 0.2946 -0.0401 22
0.0000 3.2227 0.4157 0.8707 5
0.0000 2.2137 0.2824 0.0390 34
0.0000 0.8428 0.1074 -0.1962 5
0.0000 2.1992 0.2798 0.1162 68
0.0000 1.0770 0.1368 -0.2110 2
0.0000 2.2098 0.2803 0.1949 30
0.0000 1.2033 0.1524 -0.1921 1
0.0000 2.2313 0.2827 0.2762 17
0.0000 1.5834 0.2003 -0.1960 1
0.0000 2.3282 0.2941 0.3717 11
0.0000 2.2713 0.2865 -0.2003 2
0.0000 3.1594 0.3980 0.6190 78
0.0000 2.3383 0.2942 -0.1235 11
0.0000 2.2797 0.2864 -0.0401 21
0.0000 3.2299 0.4052 0.8722 6
0.0000 2.2147 0.2743 0.0390 34
0.0000 0.7852 0.0971 -0.1827 7
0.0000 2.1884 0.2702 0.1156 74
0.0000 1.0775 0.1331 -0.2110 2
0.0000 2.2147 0.2731 0.1952 34
0.0000 1.1959 0.1473 -0.1909 1
0.0000 2.2323 0.2745 0.2762 18
0.0000 1.5881 0.1950 -0.1965 2
0.0000 2.3293 0.2856 0.3717 11
0.0000 2.2683 0.2781 -0.1999 2
0.0000 3.1705 0.3882 0.6209 84
0.0000 2.3433 0.2865 -0.1237 10
0.0000 2.2808 0.2780 -0.0401 21
0.0000 3.2236 0.3924 0.8701 4
0.0000 2.2137 0.2663 0.0389 36
0.0000 0.8436 0.1013 -0.1962 5
0.0000 2.1913 0.2628 0.1157 87
0.0000 1.0429 0.1251 -0.2042 2
0.0000 2.2156 0.2654 0.1952 32
0.0000 1.1847 0.1417 -0.1890 1
0.0000 2.2411 0.2676 0.2771 18
0.0000 1.5690 0.1871 -0.1940 2
0.0000 2.3067 0.2747 0.3679 11
0.0000 2.2732 0.2707 -0.2003 2
0.0000 3.1699 0.3769 0.6205 22
0.0000 2.3443 0.2783 -0.1237 11
0.0000 3.1331 0.3714 0.7284 8
0.0000 2.2678 0.2684 -0.0399 22
0.0000 2.2146 0.2586 0.0389 37
0.0000 0.8439 0.0984 -0.1962 5
0.0000 2.1882 0.2547 0.1155 99
0.0000 1.0316 0.1201 -0.2019 2
0.0000 2.1987 0.2556 0.1937 34
0.0000 1.1969 0.1389 -0.1909 1
0.0000 2.2460 0.2603 0.2776 17
0.0000 1.5894 0.1839 -0.1965 2
0.0000 2.3155 0.2675 0.3692 11
0.0000 2.2900 0.2646 -0.2017 2
0.0000 3.1283 0.3609 0.6121 45
0.0000 2.3552 0.2713 -0.1242 11
0.0000 2.2687 0.2605 -0.0399 22
0.0000 3.0939 0.3547 0.8344 45
0.0000 2.2155 0.2509 0.0389 37
0.0000 0.8210 0.0928 -0.1908 6
0.0000 2.1950 0.2478 0.1158 100
0.0000 1.0515 0.1187 -0.2057 2
0.0000 2.2016 0.2481 0.1938 35
0.0000 1.1660 0.1312 -0.1858 1
0.0000 2.2429 0.2520 0.2771 18
0.0000 1.5940 0.1788 -0.1969 1
0.0000 2.3204 0.2599 0.3698 11
0.0000 2.3463 0.2628 -0.2066 4
0.0000 3.1413 0.3512 0.6144 63
0.0000 2.3601 0.2635 -0.1245 11
0.0000 3.1182 0.3476 0.7243 34
0.0000 2.2557 0.2510 -0.0396 21
0.0000 3.1354 0.3484 0.8453 68
0.0000 2.2124 0.2427 0.0388 38
0.0000 0.8214 0.0900 -0.1908 6
0.0000 2.1999 0.2405 0.1160 100
0.0000 1.0441 0.1142 -0.2042 2
0.0000 2.2084 0.2411 0.1944 34
0.0000 1.2175 0.1327 -0.1940 1
0.0000 2.2320 0.2429 0.2757 18
0.0000 1.6025 0.1741 -0.1979 1
0.0000 2.3174 0.2513 0.3692 11
0.0000 2.3234 0.2520 -0.2045 3
0.0000 3.1464 0.3407 0.6152 72
0.0000 2.3411 0.2531 -0.1234 11
0.0000 3.1387 0.3388 0.7288 53
0.0000 2.2566 0.2432 -0.0396 21
0.0000 3.1213 0.3358 0.8412 60
0.0000 2.2212 0.2358 0.0390 36
0.0000 0.8217 0.0871 -0.1908 6
0.0000 2.1749 0.2301 0.1146 100
0.0000 1.0406 0.1101 -0.2034 2
0.0000 2.2092 0.2334 0.1944 34
0.0000 1.1983 0.1264 -0.1909 1
0.0000 2.2407 0.2359 0.2766 17
0.0000 1.5991 0.1681 -0.1974 1
0.0000 2.3221 0.2437 0.3698 10
0.0000 2.2847 0.2397 -0.2010 2
0.0000 3.1514 0.3301 0.6159 74
0.0000 2.3420 0.2449 -0.1234 12
0.0000 3.1399 0.3278 0.7288 62
0.0000 2.2694 0.2365 -0.0398 20
0.0000 3.1282 0.3255 0.8427 61
0.0000 2.2180 0.2276 0.0389 37
0.0000 0.7871 0.0806 -0.1827 7
0.0000 2.1776 0.2231 0.1147 100
0.0000 1.0254 0.1049 -0.2003 2
0.0000 2.2160 0.2263 0.1949 34
0.0000 1.2106 0.1234 -0.1927 1
0.0000 2.2415 0.2281 0.2766 17
0.0000 1.5641 0.1592 -0.1930 1
0.0000 2.3229 0.2360 0.3698 10
0.0000 2.2558 0.2287 -0.1984 2
0.0000 3.1506 0.3189 0.6155 73
0.0000 2.3468 0.2371 -0.1236 11
0.0000 3.1371 0.3170 0.7279 49
0.0000 2.2542 0.2274 -0.0395 21
0.0000 3.1331 0.3155 0.8438 45
0.0000 2.2227 0.2207 0.0390 38
0.0000 0.7485 0.0742 -0.1737 7
0.0000 2.1863 0.2167 0.1151 61
0.0000 1.0355 0.1024 -0.2023 2
0.0000 2.2088 0.2181 0.1942 31
0.0000 1.1952 0.1178 -0.1902 1
0.0000 2.2502 0.2214 0.2776 17
0.0000 1.5844 0.1559 -0.1955 2
0.0000 2.3178 0.2277 0.3689 10
0.0000 2.2387 0.2195 -0.1968 1
0.0000 3.1341 0.3067 0.6121 68
0.0000 2.3555 0.2301 -0.1240 11
0.0000 3.1304 0.3058 0.7261 57
0.0000 2.2669 0.2211 -0.0398 21
0.0000 3.0995 0.3017 0.8344 51
0.0000 2.2195 0.2129 0.0389 37
0.0000 0.8225 0.0788 -0.1908 6
0.0000 2.2049 0.2108 0.1161 71
0.0000 1.0378 0.0992 -0.2026 2
0.0000 2.2055 0.2104 0.1938 33
0.0000 1.2153 0.1157 -0.1934 1
0.0000 2.2548 0.2143 0.2781 17
0.0000 1.6047 0.1523 -0.1979 2
0.0000 2.3304 0.2207 0.3707 10
0.0000 2.2454 0.2123 -0.1973 2
0.0000 3.1273 0.2956 0.6106 61
0.0000 2.3642 0.2231 -0.1245 11
0.0000 3.1431 0.2960 0.7288 61
0.0000 2.2677 0.2132 -0.0398 19
0.0000 3.1217 0.2929 0.8401 58
0.0000 2.2222 0.2054 0.0390 35
0.0000 0.7995 0.0737 -0.1854 6
0.0000 2.2076 0.2032 0.1162 55
0.0000 1.0538 0.0968 -0.2057 2
0.0000 2.2182 0.2034 0.1949 31
0.0000 1.2039 0.1102 -0.1915 1
0.0000 2.2437 0.2054 0.2766 17
0.0000 1.6131 0.1474 -0.1989 2
0.0000 2.3312 0.2126 0.3707 9
0.0000 2.2560 0.2053 -0.1982 2
0.0000 3.1322 0.2845 0.6114 70
0.0000 2.3531 0.2133 -0.1238 11
0.0000 3.1364 0.2838 0.7270 59
0.0000 2.2724 0.2056 -0.0398 21
0.0000 3.1265 0.2823 0.8412 58
0.0000 2.2269 0.1976 0.0390 35
0.0000 0.8230 0.0729 -0.1908 6
0.0000 2.1885 0.1934 0.1151 51
0.0000 1.0541 0.0931 -0.2057 2
0.0000 2.2228 0.1960 0.1952 30
0.0000 1.1885 0.1046 -0.1890 1
0.0000 2.2444 0.1972 0.2766 18
0.0000 1.5622 0.1370 -0.1926 2
0.0000 2.3398 0.2047 0.3720 9
0.0000 2.2587 0.1976 -0.1984 2
0.0000 3.1371 0.2739 0.6121 70
0.0000 2.3558 0.2053 -0.1239 10
0.0000 3.1296 0.2721 0.7252 59
0.0000 2.2771 0.1976 -0.0399 20
0.0000 3.1276 0.2709 0.8412 58
0.0000 2.2276 0.1898 0.0390 34
0.0000 0.7495 0.0637 -0.1737 7
0.0000 2.1891 0.1857 0.1151 45
0.0000 1.0153 0.0861 -0.1981 2
0.0000 2.2275 0.1886 0.1956 28
0.0000 1.1850 0.1001 -0.1883 2
0.0000 2.2570 0.1903 0.2781 17
0.0000 1.5627 0.1315 -0.1926 2
0.0000 2.3326 0.1959 0.3707 8
0.0000 2.2435 0.1884 -0.1970 2
0.0000 3.1420 0.2633 0.6129 70
0.0000 2.3685 0.1981 -0.1246 10
0.0000 3.1383 0.2619 0.7270 56
0.0000 2.2658 0.1887 -0.0397 20
0.0000 3.1362 0.2606 0.8432 56
0.0000 2.2442 0.1833 0.0393 31
0.0000 0.8002 0.0652 -0.1854 6
0.0000 2.2017 0.1795 0.1158 39
0.0000 1.0547 0.0858 -0.2057 2
0.0000 2.2182 0.1800 0.1947 28
0.0000 1.1971 0.0969 -0.1902 2
0.0000 2.2517 0.1820 0.2774 17
0.0000 1.5909 0.1283 -0.1960 2
0.0000 2.3392 0.1886 0.3717 8
0.0000 2.2283 0.1793 -0.1956 2
0.0000 3.1624 0.2539 0.6167 74
0.0000 2.3771 0.1904 -0.1250 10
0.0000 3.1547 0.2522 0.7306 62
0.0000 2.2784 0.1821 -0.0399 18
0.0000 3.1390 0.2503 0.8438 60
0.0000 2.2268 0.1745 0.0390 31
0.0000 0.8199 0.0641 -0.1899 6
0.0000 2.2102 0.1724 0.1162 36
0.0000 1.0589 0.0824 -0.2065 2
0.0000 2.2188 0.1723 0.1947 28
0.0000 1.1974 0.0930 -0.1902 1
0.0000 2.2622 0.1753 0.2786 16
0.0000 1.5913 0.1230 -0.1960 2
0.0000 2.3477 0.1811 0.3729 7
0.0000 2.2189 0.1707 -0.1947 2
0.0000 3.1496 0.2423 0.6140 73
0.0000 2.3877 0.1833 -0.1255 8
0.0000 3.1555 0.2417 0.7306 64
0.0000 2.2870 0.1748 -0.0400 20
0.0000 3.1379 0.2392 0.8432 58
0.0000 2.2354 0.1673 0.0391 31
0.0000 0.8240 0.0615 -0.1908 6
0.0000 2.2128 0.1652 0.1163 35
0.0000 1.0553 0.0786 -0.2057 2
0.0000 2.2273 0.1655 0.1954 26
0.0000 1.2096 0.0897 -0.1921 1
0.0000 2.2509 0.1665 0.2771 17
0.0000 1.5956 0.1177 -0.1965 2
0.0000 2.3561 0.1739 0.3742 7
0.0000 2.2453 0.1653 -0.1970 2
0.0000 3.1582 0.2319 0.6155 69
0.0000 2.3744 0.1739 -0.1248 8
0.0000 3.1622 0.2311 0.7320 65
0.0000 2.2995 0.1681 -0.0402 20
0.0000 3.1406 0.2290 0.8438 59
0.0000 2.2439 0.1605 0.0393 30
0.0000 0.8008 0.0571 -0.1854 6
0.0000 2.2094 0.1572 0.1161 34
0.0000 1.0947 0.0777 -0.2133 2
0.0000 2.2398 0.1586 0.1964 24
0.0000 1.2374 0.0876 -0.1965 1
0.0000 2.2554 0.1593 0.2776 16
0.0000 1.5723 0.1108 -0.1935 2
0.0000 2.3745 0.1669 0.3770 7
0.0000 2.2280 0.1562 -0.1954 2
0.0000 3.1531 0.2210 0.6144 68
0.0000 2.3829 0.1666 -0.1252 8
0.0000 3.1532 0.2199 0.7297 61
0.0000 2.3041 0.1603 -0.0403 18
0.0000 3.1491 0.2185 0.8458 59
0.0000 2.2485 0.1525 0.0393 31
0.0000 0.8477 0.0573 -0.1962 5
0.0000 2.2079 0.1494 0.1160 33
0.0000 1.0362 0.0699 -0.2019 2
0.0000 2.2483 0.1513 0.1971 24
0.0000 1.1944 0.0802 -0.1896 1
0.0000 2.2639 0.1516 0.2786 16
0.0000 1.6044 0.1071 -0.1974 2
0.0000 2.3672 0.1581 0.3758 6
0.0000 2.2186 0.1477 -0.1945 2
0.0000 3.1696 0.2105 0.6175 65
0.0000 2.3955 0.1587 -0.1258 6
0.0000 3.1540 0.2084 0.7297 36
0.0000 2.2986 0.1519 -0.0402 19
0.0000 3.1479 0.2074 0.8453 19
0.0000 2.2570 0.1456 0.0395 29
0.0000 0.7896 0.0508 -0.1827 7
0.0000 2.2184 0.1423 0.1165 31
0.0000 1.0364 0.0663 -0.2019 2
0.0000 2.2409 0.1429 0.1964 23
0.0000 1.2025 0.0767 -0.1909 2
0.0000 2.2723 0.1446 0.2796 16
0.0000 1.5889 0.1008 -0.1955 2
0.0000 2.3716 0.1500 0.3764 6
0.0000 2.2191 0.1400 -0.1945 2
0.0000 3.1859 0.2010 0.6205 41
0.0000 2.4019 0.1511 -0.1261 5
0.0000 2.3011 0.1440 -0.0402 18
0.0000 2.2415 0.1367 0.0392 28
0.0000 0.8209 0.0499 -0.1899 6
0.0000 2.2268 0.1350 0.1169 28
0.0000 1.0719 0.0650 -0.2087 2
0.0000 2.2354 0.1352 0.1959 21
0.0000 1.2067 0.0728 -0.1915 2
0.0000 2.2827 0.1372 0.2808 16
0.0000 1.5971 0.0957 -0.1965 2
0.0000 2.3978 0.1433 0.3804 5
0.0000 2.2315 0.1330 -0.1956 2
0.0000 3.1670 0.1887 0.6167 63
0.0000 2.4124 0.1433 -0.1267 4
0.0000 11.9229 0.7063 2.7575 3
0.0000 2.3056 0.1362 -0.0403 17
0.0000 10.5991 0.6241 2.8449 2
0.0000 2.2559 0.1297 0.0394 27
0.0000 0.8093 0.0464 -0.1872 6
0.0000 2.2393 0.1279 0.1175 28
0.0000 1.0722 0.0611 -0.2087 2
0.0000 2.2577 0.1282 0.1978 21
0.0000 1.1873 0.0672 -0.1883 2
0.0000 2.2832 0.1292 0.2808 16
0.0000 1.5895 0.0897 -0.1955 2
0.0000 2.4081 0.1355 0.3820 4
0.0000 2.2320 0.1252 -0.1956 2
0.0000 3.1794 0.1778 0.6190 74
0.0000 2.4169 0.1347 -0.1269 4
0.0000 11.9138 0.6619 2.7548 4
0.0000 2.3221 0.1290 -0.0406 16
0.0000 10.5896 0.5865 2.8418 2
0.0000 2.2664 0.1220 0.0396 28
0.0000 0.7978 0.0428 -0.1845 6
0.0000 2.2297 0.1196 0.1170 25
0.0000 1.0841 0.0580 -0.2110 2
0.0000 2.2621 0.1205 0.1982 22
0.0000 1.2112 0.0643 -0.1921 2
0.0000 2.2876 0.1211 0.2813 15
0.0000 1.5700 0.0828 -0.1930 2
0.0000 2.4283 0.1281 0.3851 5
0.0000 2.2165 0.1165 -0.1942 2
0.0000 3.1879 0.1671 0.6205 78
0.0000 2.4254 0.1267 -0.1273 3
0.0000 11.9121 0.6201 2.7539 3
0.0000 2.3245 0.1210 -0.0406 16
0.0000 10.5916 0.5495 2.8418 2
0.0000 2.2748 0.1148 0.0398 23
0.0000 0.8252 0.0415 -0.1908 6
0.0000 2.2361 0.1121 0.1173 26
0.0000 1.0098 0.0504 -0.1965 2
0.0000 2.2705 0.1130 0.1989 21
0.0000 1.2035 0.0599 -0.1909 1
0.0000 2.2959 0.1139 0.2822 15
0.0000 1.5782 0.0780 -0.1940 2
0.0000 3.0917 0.1523 0.4903 16
0.0000 2.2228 0.1091 -0.1947 2
0.0000 3.2002 0.1571 0.6228 75
0.0000 11.9297 0.5814 2.7575 4
0.0000 2.3229 0.1128 -0.0406 15
0.0000 10.5896 0.5124 2.8408 2
0.0000 2.2791 0.1071 0.0398 24
0.0000 0.8254 0.0386 -0.1908 6
0.0000 2.2465 0.1052 0.1179 25
0.0000 1.0257 0.0478 -0.1996 2
0.0000 2.2589 0.1049 0.1978 19
0.0000 1.2037 0.0557 -0.1909 2
0.0000 2.3082 0.1064 0.2837 15
0.0000 1.6023 0.0736 -0.1969 2
0.0000 2.2132 0.1013 -0.1938 2
0.0000 3.2007 0.1459 0.6228 78
0.0000 3.1724 0.1441 -0.1664 46
0.0000 11.9355 0.5399 2.7584 4
0.0000 2.3293 0.1054 -0.0407 15
0.0000 10.6067 0.4779 2.8449 2
0.0000 0.8473 0.0370 -0.2272 5
0.0000 2.2835 0.0997 0.0399 24
0.0000 0.8099 0.0352 -0.1872 6
0.0000 2.2568 0.0977 0.1184 22
0.0000 1.0317 0.0445 -0.2007 2
0.0000 2.2732 0.0977 0.1991 20
0.0000 1.1960 0.0514 -0.1896 2
0.0000 2.3244 0.0995 0.2857 14
0.0000 1.5866 0.0676 -0.1950 2
0.0000 3.1814 0.1350 0.5043 58
0.0000 2.2175 0.0937 -0.1942 2
0.0000 3.1894 0.1348 0.6205 77
0.0000 3.1928 0.1344 -0.1675 81
0.0000 11.9489 0.5008 2.7610 4
0.0000 2.3356 0.0975 -0.0408 13
0.0000 10.6160 0.4412 2.8470 2
0.0000 2.2838 0.0917 0.0399 23
0.0000 0.7983 0.0319 -0.1845 6
0.0000 2.2671 0.0903 0.1189 21
0.0000 1.0711 0.0426 -0.2084 2
0.0000 2.2735 0.0901 0.1991 18
0.0000 1.1883 0.0469 -0.1883 2
0.0000 2.3228 0.0913 0.2854 13
0.0000 1.5908 0.0622 -0.1955 2
0.0000 3.1878 0.1241 0.5053 56
0.0000 2.2278 0.0868 -0.1951 2
0.0000 3.1938 0.1238 0.6213 78
0.0000 3.1793 0.1227 -0.1667 76
0.0000 11.9506 0.4591 2.7610 4
0.0000 2.3479 0.0898 -0.0410 14
0.0000 10.6214 0.4043 2.8480 2
0.0000 0.7510 0.0277 -0.2014 7
0.0000 2.2921 0.0840 0.0400 20
0.0000 0.8179 0.0298 -0.1890 6
0.0000 2.2554 0.0819 0.1183 19
0.0000 1.0712 0.0389 -0.2084 2
0.0000 2.2898 0.0828 0.2005 18
0.0000 1.1845 0.0426 -0.1877 1
0.0000 2.3270 0.0833 0.2859 13
0.0000 1.5672 0.0558 -0.1926 2
0.0000 3.1961 0.1133 0.5065 54
0.0000 2.2341 0.0792 -0.1956 2
0.0000 3.1981 0.1128 0.6220 78
0.0000 3.1917 0.1120 -0.1674 72
0.0000 11.9521 0.4174 2.7610 4
0.0000 2.3662 0.0822 -0.0413 12
0.0000 10.6266 0.3674 2.8491 2
0.0000 0.8476 0.0283 -0.2272 5
0.0000 2.3044 0.0764 0.0402 19
0.0000 0.8180 0.0270 -0.1890 6
0.0000 2.2677 0.0744 0.1189 19
0.0000 1.0714 0.0352 -0.2084 2
0.0000 2.3020 0.0752 0.2015 18
0.0000 1.1964 0.0389 -0.1896 2
0.0000 2.3511 0.0759 0.2888 12
0.0000 1.5833 0.0509 -0.1945 2
0.0000 3.1985 0.1022 0.5068 59
0.0000 2.2383 0.0711 -0.1959 1
0.0000 3.1985 0.1016 0.6220 78
0.0000 3.2000 0.1011 -0.1678 72
0.0000 11.9496 0.3755 2.7601 4
0.0000 2.3625 0.0738 -0.0413 11
0.0000 10.6239 0.3302 2.8480 2
0.0000 2.3206 0.0689 0.0405 18
0.0000 0.8259 0.0244 -0.1908 6
0.0000 2.2759 0.0668 0.1193 18
0.0000 1.0558 0.0308 -0.2053 2
0.0000 2.3082 0.0669 0.2020 18
0.0000 1.1926 0.0344 -0.1890 1
0.0000 2.3573 0.0679 0.2896 11
0.0000 1.5874 0.0455 -0.1950 2
0.0000 3.2008 0.0911 0.5072 60
0.0000 2.2067 0.0624 -0.1931 1
0.0000 3.2067 0.0901 0.6236 78
0.0000 3.1984 0.0893 -0.1677 70
0.0000 11.9548 0.3318 2.7610 4
0.0000 2.3747 0.0659 -0.0415 9
0.0000 10.6289 0.2932 2.8491 2
0.0000 2.3109 0.0601 0.0403 17
0.0000 0.8494 0.0219 -0.1962 5
0.0000 2.2881 0.0591 0.1200 17
0.0000 1.0716 0.0275 -0.2084 2
0.0000 2.2965 0.0585 0.2010 17
0.0000 1.1927 0.0302 -0.1890 2
0.0000 2.3714 0.0596 0.2913 9
0.0000 1.5995 0.0399 -0.1965 2
0.0000 3.2110 0.0802 0.5087 56
0.0000 2.1989 0.0545 -0.1924 1
0.0000 3.1952 0.0786 0.6213 81
0.0000 3.2046 0.0783 -0.1680 74
0.0000 11.9695 0.2904 2.7642 3
0.0000 2.3909 0.0580 -0.0417 8
0.0000 10.6356 0.2562 2.8506 1
0.0000 2.3190 0.0526 0.0405 16
0.0000 0.8105 0.0183 -0.1872 6
0.0000 2.3083 0.0516 0.1210 16
0.0000 1.1188 0.0248 -0.2175 2
0.0000 2.3146 0.0509 0.2025 16
0.0000 1.1968 0.0263 -0.1896 2
0.0000 2.3895 0.0521 0.2935 7
0.0000 1.5798 0.0342 -0.1940 2
0.0000 3.2033 0.0688 0.5075 58
0.0000 2.2230 0.0473 -0.1945 1
0.0000 3.1994 0.0681 0.6220 78
0.0000 3.2089 0.0678 -0.1682 84
0.0000 5.7553 0.1206 1.3290 3
0.0000 2.4071 0.0500 -0.0420 8
0.0000 5.7016 0.1174 1.5281 4
0.0000 2.3352 0.0448 0.0408 16
0.0000 0.8261 0.0157 -0.1908 6
0.0000 2.2904 0.0432 0.1201 15
0.0000 1.1032 0.0208 -0.2145 2
0.0000 2.3347 0.0436 0.2043 14
0.0000 1.2008 0.0222 -0.1902 2
0.0000 2.4016 0.0440 0.2949 5
0.0000 1.5799 0.0287 -0.1940 2
0.0000 3.2075 0.0577 0.5081 59
0.0000 2.2152 0.0398 -0.1938 1
0.0000 3.2035 0.0570 0.6228 75
0.0000 3.2131 0.0566 -0.1684 84
0.0000 5.7109 0.0997 1.3187 21
0.0000 2.4153 0.0417 -0.0422 5
0.0000 5.6962 0.0974 1.5265 17
0.0000 2.3514 0.0369 0.0410 14
0.0000 0.8262 0.0128 -0.1908 6
0.0000 2.3086 0.0355 0.1210 17
0.0000 1.1150 0.0171 -0.2168 2
0.0000 2.3587 0.0358 0.2064 15
0.0000 1.1890 0.0178 -0.1883 2
0.0000 2.4235 0.0360 0.2976 3
0.0000 1.5760 0.0231 -0.1935 2
0.0000 3.1998 0.0464 0.5068 59
0.0000 2.2173 0.0321 -0.1940 2
0.0000 3.2116 0.0460 0.6243 78
0.0000 3.2253 0.0456 -0.1690 82
0.0000 5.7054 0.0797 1.3173 21
0.0000 2.4334 0.0336 -0.0425 4
0.0000 5.7178 0.0778 1.5322 17
0.0000 2.3615 0.0289 0.0412 13
0.0000 0.8106 0.0098 -0.1872 6
0.0000 2.3187 0.0275 0.1215 15
0.0000 1.0562 0.0125 -0.2053 2
0.0000 2.3509 0.0275 0.2057 15
0.0000 1.1851 0.0137 -0.1877 2
0.0000 1.5800 0.0177 -0.1940 2
0.0000 3.2078 0.0353 0.5081 59
0.0000 2.1955 0.0241 -0.1921 2
0.0000 3.2078 0.0347 0.6236 78
0.0000 3.2254 0.0343 -0.1690 80
0.0000 5.7251 0.0600 1.3218 24
0.0000 3.1274 0.0322 -0.0546 32
0.0000 5.7103 0.0578 1.5301 19
0.0000 0.8480 0.0075 -0.2272 5
0.0000 2.3635 0.0206 0.0413 12
0.0000 0.8262 0.0071 -0.1908 6
0.0000 2.3387 0.0196 0.1226 15
0.0000 1.0719 0.0090 -0.2084 2
0.0000 2.3609 0.0194 0.2066 12
0.0000 1.1733 0.0094 -0.1858 2
0.0000 1.6039 0.0123 -0.1969 2
0.0000 3.2119 0.0241 0.5087 59
0.0000 2.2035 0.0165 -0.1928 1
0.0000 3.2039 0.0235 0.6228 77
0.0000 3.2315 0.0231 -0.1694 76
0.0000 5.7272 0.0400 1.3223 24
0.0000 5.7027 0.0378 1.5281 20
0.0000 2.3796 0.0125 0.0415 11
0.0000 0.8496 0.0043 -0.1962 5
0.0000 2.3587 0.0115 0.1236 13
0.0000 1.0562 0.0052 -0.2053 2
0.0000 2.3928 0.0113 0.2093 9
0.0000 1.1813 0.0054 -0.1871 2
0.0000 3.1821 0.0139 0.3907 57
0.0000 1.5881 0.0067 -0.1950 2
0.0000 3.2179 0.0129 0.5097 60
0.0000 2.1936 0.0088 -0.1919 2
0.0000 3.2040 0.0123 0.6228 81
0.0000 3.2176 0.0118 -0.1686 82
0.0000 5.7351 0.0200 1.3241 24
0.0000 3.2255 0.0107 -0.0563 97
0.0000 5.7163 0.0180 1.5317 20
0.0000 0.8481 0.0016 -0.2272 5
0.0000 2.4036 0.0042 0.0420 8
0.0000 0.8107 0.0013 -0.1872 6
0.0000 2.3588 0.0033 0.1236 12
0.0000 1.0955 0.0015 -0.2129 2
0.0000 2.4168 0.0030 0.2114 7
0.0000 1.1892 0.0012 -0.1883 2
0.0000 3.1881 0.0028 0.3914 55
0.0000 1.5960 0.0011 -0.1960 2
0.0000 3.2159 0.0017 0.5094 59
0.0000 2.2195 0.0012 -0.1942 2
0.0000 3.2040 0.0011 0.6228 78
0.0000 3.2196 0.0006 -0.1687 78
0.0000 5.7312 -0.0000 1.3232 24
0.0000 3.2315 -0.0006 -0.0564 84
0.0000 5.7221 -0.0020 1.5332 17
0.0000 2.4336 -0.0038 0.0425 7
0.0000 0.7912 -0.0014 -0.1827 7
0.0000 2.3727 -0.0041 0.1244 9
0.0000 1.0719 -0.0021 -0.2084 2
0.0000 2.4447 -0.0051 0.2139 4
0.0000 1.1734 -0.0027 -0.1858 2
0.0000 3.2079 -0.0078 0.3939 59
0.0000 1.5901 -0.0042 -0.1952 2
0.0000 3.2041 -0.0084 0.5075 57
0.0000 2.2096 -0.0062 -0.1933 2
0.0000 3.2236 -0.0096 0.6266 78
0.0000 3.2315 -0.0102 -0.1694 76
0.0000 12.0217 -0.0399 2.7754 4
0.0000 3.1975 -0.0106 -0.0558 68
0.0000 2.8715 -0.0140 0.0501 12
0.0000 0.8263 -0.0042 -0.1908 6
0.0000 2.3987 -0.0126 0.1257 6
0.0000 1.0562 -0.0057 -0.2053 2
0.0000 1.2168 -0.0068 -0.1927 2
0.0000 3.2039 -0.0185 0.3934 59
0.0000 1.5801 -0.0094 -0.1940 2
0.0000 3.2119 -0.0196 0.5087 59
0.0000 2.2015 -0.0138 -0.1926 2
0.0000 3.2275 -0.0203 0.6274 81
0.0000 3.2355 -0.0209 -0.1696 75
0.0000 12.0176 -0.0797 2.7745 4
0.0000 3.1994 -0.0218 -0.0558 66
0.0000 10.6365 -0.0743 2.8501 2
0.0000 0.8481 -0.0070 -0.2272 5
0.0000 0.8223 -0.0070 -0.1899 6
0.0000 2.4286 -0.0208 0.1273 4
0.0000 1.0562 -0.0092 -0.2053 2
0.0000 3.1598 -0.0281 0.2765 36
0.0000 1.1733 -0.0106 -0.1858 2
0.0000 3.2197 -0.0298 0.3953 59
0.0000 1.5860 -0.0149 -0.1947 2
0.0000 3.2158 -0.0303 0.5094 59
0.0000 2.2095 -0.0212 -0.1933 2
0.0000 3.2117 -0.0314 0.6243 81
0.0000 3.2394 -0.0322 -0.1698 76
0.0000 12.0153 -0.1216 2.7741 4
0.0000 3.2053 -0.0324 -0.0560 68
0.0000 10.6323 -0.1095 2.8491 2
0.0000 0.8480 -0.0099 -0.2272 5
0.0000 3.1973 -0.0374 0.0558 54
0.0000 0.8262 -0.0098 -0.1908 6
0.0000 1.0856 -0.0133 -0.2110 2
0.0000 3.2075 -0.0397 0.2806 61
0.0000 1.1693 -0.0145 -0.1852 1
0.0000 3.1997 -0.0402 0.3929 59
0.0000 1.5919 -0.0203 -0.1955 2
0.0000 3.2235 -0.0416 0.5106 59
0.0000 2.2094 -0.0289 -0.1933 2
0.0000 3.2116 -0.0420 0.6243 81
0.0000 3.2273 -0.0428 -0.1691 73
0.0000 12.0168 -0.1615 2.7745 4
0.0000 3.2172 -0.0438 -0.0562 68
0.0000 10.6396 -0.1467 2.8512 2
0.0000 3.2051 -0.0492 0.0560 65
0.0000 0.8028 -0.0125 -0.1854 6
0.0000 1.1052 -0.0174 -0.2149 2
0.0000 3.2193 -0.0511 0.2817 69
0.0000 1.2009 -0.0193 -0.1902 1
0.0000 3.2075 -0.0521 0.3939 63
0.0000 1.5680 -0.0257 -0.1926 2
0.0000 3.2234 -0.0535 0.5106 56
0.0000 2.2232 -0.0369 -0.1945 2
0.0000 3.2232 -0.0540 0.6266 77
0.0000 3.2371 -0.0548 -0.1697 80
0.0000 12.0161 -0.2055 2.7745 4
0.0000 3.2130 -0.0555 -0.0561 70
0.0000 10.6467 -0.1858 2.8532 2
0.0000 3.2169 -0.0606 0.0562 68
0.0000 0.8261 -0.0157 -0.1908 6
0.0000 3.1950 -0.0613 0.1675 73
0.0000 1.0737 -0.0206 -0.2087 2
0.0000 3.2091 -0.0622 0.2808 61
0.0000 1.2126 -0.0237 -0.1921 1
0.0000 3.2152 -0.0634 0.3949 59
0.0000 1.5719 -0.0313 -0.1930 2
0.0000 3.2113 -0.0645 0.5087 59
0.0000 2.1972 -0.0441 -0.1923 2
0.0000 3.2250 -0.0653 0.6270 74
0.0000 3.2389 -0.0661 -0.1698 78
0.0000 12.0270 -0.2477 2.7772 4
0.0000 3.2028 -0.0665 -0.0559 66
0.0000 10.6499 -0.2231 2.8543 2
0.0000 3.2167 -0.0719 0.0562 70
0.0000 0.8261 -0.0186 -0.1908 6
0.0000 3.1988 -0.0726 0.1677 62
0.0000 1.0933 -0.0248 -0.2126 2
0.0000 3.2029 -0.0732 0.2803 64
0.0000 1.2007 -0.0277 -0.1902 1
0.0000 3.2190 -0.0747 0.3953 59
0.0000 1.5737 -0.0368 -0.1933 2
0.0000 3.2150 -0.0758 0.5094 58
0.0000 2.2089 -0.0524 -0.1933 2
0.0000 3.2306 -0.0767 0.6281 81
0.0000 3.2586 -0.0779 -0.1708 74
0.0000 12.0358 -0.2899 2.7795 4
0.0000 3.2086 -0.0779 -0.0560 68
0.0000 10.6896 -0.2612 2.8651 1
0.0000 3.2084 -0.0829 0.0560 70
0.0000 0.8260 -0.0215 -0.1908 6
0.0000 3.2105 -0.0841 0.1683 68
0.0000 1.0853 -0.0286 -0.2110 2
0.0000 3.2126 -0.0852 0.2812 65
0.0000 1.1927 -0.0319 -0.1890 1
0.0000 3.2246 -0.0861 0.3961 57
0.0000 1.5815 -0.0425 -0.1943 2
0.0000 3.2147 -0.0870 0.5094 58
0.0000 2.1968 -0.0598 -0.1923 2
0.0000 3.2185 -0.0882 0.6259 78
0.0000 3.2503 -0.0897 -0.1704 76
0.0000 12.0444 -0.3343 2.7817 4
0.0000 3.2083 -0.0891 -0.0560 68
0.0000 10.6539 -0.2976 2.8558 1
0.0000 3.2121 -0.0948 0.0561 70
0.0000 0.8259 -0.0245 -0.1908 6
0.0000 3.2142 -0.0954 0.1685 68
0.0000 1.0891 -0.0325 -0.2118 2
0.0000 3.2202 -0.0967 0.2819 63
0.0000 1.2005 -0.0363 -0.1902 2
0.0000 3.2124 -0.0976 0.3946 57
0.0000 1.5933 -0.0484 -0.1957 2
0.0000 3.2223 -0.0985 0.5106 57
0.0000 2.2045 -0.0677 -0.1930 2
0.0000 3.2182 -0.0994 0.6259 75
0.0000 3.2420 -0.1008 -0.1700 76
0.0000 12.0569 -0.3747 2.7849 4
0.0000 3.2159 -0.1005 -0.0562 70
0.0000 10.6508 -0.3347 2.8553 2
0.0000 3.2158 -0.1056 0.0562 72
0.0000 0.8102 -0.0267 -0.1872 6
0.0000 3.2059 -0.1058 0.1681 68
0.0000 1.0419 -0.0346 -0.2026 2
0.0000 3.2199 -0.1074 0.2819 64
0.0000 1.1885 -0.0398 -0.1883 2
0.0000 3.2120 -0.1082 0.3946 57
0.0000 1.5773 -0.0531 -0.1938 2
0.0000 3.2220 -0.1091 0.5106 59
0.0000 2.2043 -0.0750 -0.1930 2
0.0000 3.2257 -0.1104 0.6274 81
0.0000 3.2456 -0.1116 -0.1702 76
0.0000 12.0536 -0.4146 2.7844 4
0.0000 3.2196 -0.1113 -0.0562 73
0.0000 10.6709 -0.3708 2.8610 1
0.0000 3.2154 -0.1162 0.0562 70
0.0000 0.8024 -0.0291 -0.1854 6
0.0000 3.2055 -0.1170 0.1681 68
0.0000 1.0732 -0.0392 -0.2087 2
0.0000 3.2195 -0.1181 0.2819 64
0.0000 1.1923 -0.0439 -0.1890 1
0.0000 3.2156 -0.1190 0.3951 57
0.0000 1.5771 -0.0587 -0.1938 2
0.0000 3.2216 -0.1204 0.5106 58
0.0000 2.2000 -0.0826 -0.1926 2
0.0000 3.2351 -0.1215 0.6293 73
0.0000 3.2452 -0.1224 -0.1702 74
0.0000 12.0599 -0.4570 2.7862 4
0.0000 3.2152 -0.1224 -0.0562 70
0.0000 10.6560 -0.4075 2.8574 2
0.0000 3.2270 -0.1279 0.0564 70
0.0000 0.8490 -0.0338 -0.1962 5
0.0000 3.2030 -0.1281 0.1680 65
0.0000 1.0573 -0.0425 -0.2057 2
0.0000 3.2151 -0.1297 0.2815 65
0.0000 1.2079 -0.0489 -0.1915 1
0.0000 3.2231 -0.1306 0.3961 57
0.0000 1.5887 -0.0646 -0.1952 2
0.0000 3.2172 -0.1315 0.5100 58
0.0000 2.1977 -0.0902 -0.1924 2
0.0000 3.2327 -0.1332 0.6289 77
0.0000 3.2488 -0.1345 -0.1704 74
0.0000 12.0698 -0.5017 2.7889 4
0.0000 3.2107 -0.1334 -0.0561 70
0.0000 10.6545 -0.4447 2.8574 3
0.0000 3.2145 -0.1392 0.0562 70
0.0000 0.7904 -0.0344 -0.1827 7
0.0000 3.2145 -0.1403 0.1686 71
0.0000 1.0846 -0.0474 -0.2110 2
0.0000 3.2146 -0.1409 0.2815 65
0.0000 1.1801 -0.0519 -0.1871 2
0.0000 3.2266 -0.1426 0.3966 57
0.0000 1.5766 -0.0699 -0.1938 2
0.0000 3.2206 -0.1434 0.5106 57
0.0000 2.1735 -0.0968 -0.1903 2
0.0000 3.2322 -0.1445 0.6289 75
0.0000 3.2523 -0.1460 -0.1706 74
0.0000 12.0797 -0.5443 2.7916 4
0.0000 3.2182 -0.1456 -0.0562 70
0.0000 10.6528 -0.4837 2.8574 2
0.0000 0.8472 -0.0395 -0.2272 5
0.0000 3.2120 -0.1504 0.0561 66
0.0000 0.8487 -0.0399 -0.1962 5
0.0000 3.2200 -0.1519 0.1689 68
0.0000 1.0845 -0.0511 -0.2110 2
0.0000 3.2221 -0.1525 0.2822 66
0.0000 1.2036 -0.0572 -0.1909 1
0.0000 3.2181 -0.1535 0.3956 57
0.0000 1.5684 -0.0751 -0.1928 2
0.0000 3.2280 -0.1551 0.5119 58
0.0000 2.2050 -0.1059 -0.1931 2
0.0000 3.2219 -0.1553 0.6270 73
0.0000 3.2398 -0.1568 -0.1700 76
0.0000 12.0855 -0.5869 2.7934 4
0.0000 3.2177 -0.1568 -0.0562 70
0.0000 10.6723 -0.5220 2.8631 5
0.0000 3.2294 -0.1625 0.0564 72
0.0000 0.8252 -0.0417 -0.1908 6
0.0000 3.2095 -0.1620 0.1684 65
0.0000 1.0412 -0.0527 -0.2026 2
0.0000 3.2255 -0.1640 0.2826 66
0.0000 1.1797 -0.0602 -0.1871 1
0.0000 3.2156 -0.1646 0.3953 59
0.0000 1.5840 -0.0814 -0.1947 2
0.0000 3.2373 -0.1663 0.5134 60
0.0000 2.2027 -0.1135 -0.1930 2
0.0000 3.2331 -0.1672 0.6293 74
0.0000 3.2512 -0.1687 -0.1706 73
0.0000 12.1184 -0.6309 2.8015 1
0.0000 3.2271 -0.1680 -0.0564 75
0.0000 0.8469 -0.0454 -0.2272 5
0.0000 3.2289 -0.1732 0.0564 70
0.0000 0.8251 -0.0444 -0.1908 6
0.0000 3.2149 -0.1736 0.1687 74
0.0000 1.0723 -0.0581 -0.2087 2
0.0000 3.2269 -0.1753 0.2827 69
0.0000 1.1835 -0.0643 -0.1877 1
0.0000 3.2190 -0.1755 0.3958 66
0.0000 1.5837 -0.0866 -0.1947 2
0.0000 3.2170 -0.1765 0.5103 70
0.0000 2.1943 -0.1208 -0.1923 2
0.0000 3.2404 -0.1783 0.6308 92
0.0000 3.2546 -0.1797 -0.1708 74
0.0000 3.2146 -0.1786 -0.0562 77
0.0000 3.2342 -0.1848 0.0565 76
0.0000 0.7899 -0.0453 -0.1827 7
0.0000 3.2243 -0.1848 0.1693 77
0.0000 1.1035 -0.0634 -0.2149 2
0.0000 3.2223 -0.1858 0.2824 72
0.0000 1.1832 -0.0684 -0.1877 1
0.0000 3.2303 -0.1874 0.3973 59
0.0000 1.5834 -0.0921 -0.1947 2
0.0000 3.2223 -0.1875 0.5112 59
0.0000 2.1839 -0.1275 -0.1914 2
0.0000 3.2417 -0.1898 0.6312 63
0.0000 3.2579 -0.1913 -0.1710 70
0.0000 3.2235 -0.1898 0.7455 3
0.0000 3.2179 -0.1895 -0.0563 79
0.0000 3.1955 -0.1887 0.8577 7
0.0000 0.7501 -0.0454 -0.2014 7
0.0000 3.2196 -0.1947 0.0563 70
0.0000 0.8189 -0.0497 -0.1894 6
0.0000 3.2156 -0.1956 0.1688 45
0.0000 1.0719 -0.0654 -0.2087 2
0.0000 3.2157 -0.1967 0.2819 16
0.0000 1.1909 -0.0728 -0.1890 1
0.0000 3.2237 -0.1977 0.3966 18
0.0000 1.5811 -0.0973 -0.1945 2
0.0000 3.2078 -0.1979 0.5090 20
0.0000 2.1755 -0.1346 -0.1907 2
0.0000 3.2254 -0.1995 0.6281 39
0.0000 3.2612 -0.2023 -0.1712 71
0.0000 3.2252 -0.2012 -0.0564 55
0.0000 3.2030 -0.2049 0.0560 32
0.0000 0.7876 -0.0505 -0.1822 7
0.0000 3.2110 -0.2065 0.1686 48
0.0000 1.0168 -0.0654 -0.1981 2
0.0000 3.1733 -0.2046 0.2782 36
0.0000 1.1828 -0.0765 -0.1877 1
0.0000 3.1735 -0.2058 0.3905 41
0.0000 1.5649 -0.1017 -0.1926 2
0.0000 3.2052 -0.2090 0.5087 58
0.0000 2.2069 -0.1439 -0.1935 2
0.0000 3.1933 -0.2087 0.6220 57
0.0000 3.2565 -0.2134 -0.1710 68
0.0000 3.1813 -0.2091 0.7360 46
0.0000 3.2265 -0.2126 -0.0564 56
0.0000 3.2022 -0.2161 0.0560 47
0.0000 0.8069 -0.0546 -0.1867 6
0.0000 3.2022 -0.2172 0.1682 71
0.0000 1.0714 -0.0727 -0.2087 2
0.0000 3.2163 -0.2187 0.2820 61
0.0000 1.1667 -0.0795 -0.1852 1
0.0000 3.1925 -0.2182 0.3929 60
0.0000 1.5626 -0.1071 -0.1923 3
0.0000 3.2221 -0.2214 0.5115 66
0.0000 2.1905 -0.1505 -0.1921 2
0.0000 3.2121 -0.2212 0.6259 68
0.0000 3.2558 -0.2248 -0.1710 64
0.0000 3.2019 -0.2217 0.7410 65
0.0000 3.2417 -0.2250 -0.0567 90
0.0000 3.1895 -0.2219 0.8567 64
0.0000 3.2074 -0.2277 0.0561 70
0.0000 0.7950 -0.0566 -0.1840 6
0.0000 3.2015 -0.2284 0.1682 85
0.0000 1.0712 -0.0764 -0.2087 2
0.0000 3.2294 -0.2309 0.2833 100
0.0000 1.2019 -0.0862 -0.1909 1
0.0000 3.1977 -0.2298 0.3936 72
0.0000 1.5662 -0.1128 -0.1928 3
0.0000 3.2095 -0.2318 0.5097 85
0.0000 2.1879 -0.1584 -0.1919 2
0.0000 3.2055 -0.2320 0.6247 84
0.0000 3.2570 -0.2363 -0.1711 58
0.0000 3.2050 -0.2331 0.7419 91
0.0000 3.2369 -0.2360 -0.0567 105
0.0000 3.1964 -0.2336 0.8588 91
0.0000 3.2186 -0.2397 0.0563 97
0.0000 0.7948 -0.0593 -0.1840 6
0.0000 3.1947 -0.2391 0.1679 94
0.0000 1.0866 -0.0815 -0.2118 2
0.0000 3.2067 -0.2411 0.2813 94
0.0000 1.1937 -0.0900 -0.1896 1
0.0000 3.2147 -0.2423 0.3958 63
0.0000 1.5697 -0.1186 -0.1933 3
0.0000 3.2048 -0.2427 0.5090 72
0.0000 2.1714 -0.1648 -0.1905 2
0.0000 3.2261 -0.2454 0.6289 77
0.0000 3.2660 -0.2490 -0.1717 45
0.0000 3.2138 -0.2456 0.7441 60
0.0000 3.1982 -0.2444 -0.0560 82
0.0000 3.1763 -0.2433 0.8536 42
0.0000 3.2077 -0.2508 0.0562 75
0.0000 0.8218 -0.0644 -0.1903 6
0.0000 3.1978 -0.2505 0.1681 76
0.0000 1.0706 -0.0841 -0.2087 2
0.0000 3.2078 -0.2525 0.2815 65
0.0000 1.1816 -0.0932 -0.1877 2
0.0000 3.2177 -0.2544 0.3963 36
0.0000 1.5812 -0.1250 -0.1947 3
0.0000 3.2137 -0.2546 0.5106 36
0.0000 2.1947 -0.1743 -0.1926 2
0.0000 3.2057 -0.2551 0.6251 22
0.0000 3.2552 -0.2596 -0.1711 33
0.0000 3.1897 -0.2544 0.7387 11
0.0000 3.2113 -0.2567 -0.0562 70
0.0000 3.1639 -0.2534 0.8505 10
0.0000 0.8060 -0.0658 -0.1867 6
0.0000 1.0429 -0.0854 -0.2034 2
0.0000 1.1773 -0.0968 -0.1871 2
0.0000 1.5768 -0.1299 -0.1943 3
0.0000 2.1941 -0.1815 -0.1926 2
0.0000 3.1461 -0.2609 0.6136 4
0.0000 3.1826 -0.2645 -0.1674 55
0.0000 3.1422 -0.2611 0.7279 3
0.0000 3.1072 -0.2593 0.8355 3
0.0000 0.8451 -0.0716 -0.2272 5
0.0000 3.1323 -0.2658 0.0549 3
0.0000 0.8058 -0.0685 -0.1867 6
0.0000 3.0866 -0.2630 0.1623 3
0.0000 1.0700 -0.0912 -0.2087 2
0.0000 3.1306 -0.2673 0.2749 3
0.0000 1.1927 -0.1020 -0.1896 2
0.0000 3.0795 -0.2640 0.3795 3
0.0000 1.5763 -0.1354 -0.1943 3
0.0000 3.1194 -0.2685 0.4959 3
0.0000 2.1895 -0.1889 -0.1923 2
0.0000 3.0866 -0.2662 0.6022 3
0.0000 3.1957 -0.2762 -0.1681 66
0.0000 3.0578 -0.2648 0.7086 2
0.0000 3.1258 -0.2713 -0.0548 2
0.0000 3.0678 -0.2668 0.8251 3
0.0000 3.0775 -0.2720 0.0539 3
0.0000 0.8211 -0.0727 -0.1903 6
0.0000 3.0498 -0.2706 0.1605 3
0.0000 1.0384 -0.0923 -0.2026 2
0.0000 3.0721 -0.2736 0.2698 3
0.0000 1.1884 -0.1061 -0.1890 2
0.0000 3.0509 -0.2723 0.3761 3
0.0000 1.5620 -0.1397 -0.1926 2
0.0000 3.0496 -0.2732 0.4849 3
0.0000 2.1809 -0.1958 -0.1916 2
0.0000 3.0699 -0.2761 0.5991 3
0.0000 3.2006 -0.2885 -0.1684 63
0.0000 3.0064 -0.2715 0.6969 2
0.0000 3.0432 -0.2748 -0.0533 2
0.0000 3.0053 -0.2719 0.8086 3
0.0000 3.0367 -0.2796 0.0532 3
0.0000 0.8208 -0.0757 -0.1903 6
0.0000 3.0011 -0.2773 0.1579 3
0.0000 1.0850 -0.1003 -0.2118 2
0.0000 3.0294 -0.2805 0.2662 3
0.0000 1.1841 -0.1098 -0.1883 2
0.0000 3.0083 -0.2796 0.3710 3
0.0000 1.5634 -0.1456 -0.1928 2
0.0000 3.0132 -0.2811 0.4793 3
0.0000 2.1682 -0.2027 -0.1905 2
0.0000 3.0220 -0.2825 0.5900 3
0.0000 3.2016 -0.2998 -0.1685 26
0.0000 2.9744 -0.2791 0.6897 3
0.0000 3.0103 -0.2830 -0.0528 2
0.0000 2.9543 -0.2782 0.7951 2
0.0000 2.9780 -0.2846 0.0522 3
0.0000 0.8206 -0.0786 -0.1903 6
0.0000 2.9643 -0.2844 0.1561 3
0.0000 1.0533 -0.1012 -0.2057 2
0.0000 2.9629 -0.2853 0.2604 3
0.0000 1.1719 -0.1130 -0.1865 1
0.0000 2.9520 -0.2848 0.3641 3
0.0000 1.5610 -0.1509 -0.1926 2
0.0000 2.9611 -0.2867 0.4712 3
0.0000 2.1834 -0.2118 -0.1919 2
0.0000 2.9467 -0.2863 0.5755 3
0.0000 3.1070 -0.3025 -0.1636 36
0.0000 2.9171 -0.2845 0.6767 2
0.0000 2.9794 -0.2906 -0.0523 2
0.0000 2.9225 -0.2855 0.7868 2
0.0000 2.9412 -0.2910 0.0516 3
0.0000 0.7970 -0.0790 -0.1849 6
0.0000 2.9216 -0.2901 0.1539 3
0.0000 1.0413 -0.1034 -0.2034 2
0.0000 2.9303 -0.2914 0.2576 3
0.0000 1.1715 -0.1167 -0.1865 1
0.0000 2.9037 -0.2898 0.3583 3
0.0000 1.5604 -0.1560 -0.1926 2
0.0000 2.9326 -0.2937 0.4668 3
0.0000 2.1827 -0.2186 -0.1919 2
0.0000 2.9048 -0.2915 0.5675 3
0.0000 3.1081 -0.3124 -0.1637 100
0.0000 2.8735 -0.2893 0.6668 2
0.0000 2.9446 -0.2970 -0.0517 2
0.0000 2.8908 -0.2921 0.7785 3
0.0000 2.9004 -0.2972 0.0509 3
0.0000 0.7967 -0.0818 -0.1849 6
0.0000 2.8570 -0.2937 0.1505 3
0.0000 1.0331 -0.1062 -0.2019 2
0.0000 2.8876 -0.2974 0.2540 3
0.0000 1.1829 -0.1220 -0.1883 1
0.0000 2.8592 -0.2955 0.3529 3
0.0000 1.5638 -0.1619 -0.1930 2
0.0000 2.8765 -0.2983 0.4580 3
0.0000 2.1938 -0.2275 -0.1930 2
0.0000 2.8725 -0.2984 0.5614 3
0.0000 2.8356 -0.2955 0.6582 3
0.0000 2.8759 -0.3002 -0.0505 2
0.0000 2.8398 -0.2970 0.7651 3
0.0000 0.8434 -0.0892 -0.2272 5
0.0000 2.8595 -0.3031 0.0502 3
0.0000 0.7461 -0.0792 -0.1732 7
0.0000 2.8242 -0.3003 0.1488 3
0.0000 1.0523 -0.1119 -0.2057 2
0.0000 2.8509 -0.3037 0.2508 3
0.0000 1.1864 -0.1266 -0.1890 1
0.0000 2.8266 -0.3021 0.3490 3
0.0000 1.5514 -0.1661 -0.1916 2
0.0000 2.8283 -0.3033 0.4505 3
0.0000 2.1673 -0.2324 -0.1907 2
0.0000 2.8383 -0.3048 0.5549 3
0.0000 2.9866 -0.3213 -0.1574 8
0.0000 2.8036 -0.3021 0.6510 2
0.0000 2.8470 -0.3073 -0.0500 2
0.0000 2.8003 -0.3027 0.7547 3
0.0000 2.8227 -0.3091 0.0496 3
0.0000 0.8426 -0.0924 -0.1957 5
0.0000 2.7913 -0.3067 0.1472 3
0.0000 1.0519 -0.1156 -0.2057 2
0.0000 2.8003 -0.3082 0.2465 3
0.0000 1.1742 -0.1294 -0.1871 1
0.0000 2.7998 -0.3091 0.3459 3
0.0000 1.5627 -0.1728 -0.1930 3
0.0000 2.7919 -0.3092 0.4449 3
0.0000 2.1684 -0.2402 -0.1909 2
0.0000 2.8138 -0.3121 0.5503 3
0.0000 2.9716 -0.3302 -0.1567 9
0.0000 2.7715 -0.3084 0.6438 3
0.0000 2.7823 -0.3101 -0.0489 2
0.0000 2.7455 -0.3065 0.7402 3
0.0000 2.7799 -0.3143 0.0488 3
0.0000 0.8191 -0.0927 -0.1903 6
0.0000 2.7843 -0.3158 0.1469 3
0.0000 1.0515 -0.1192 -0.2057 2
0.0000 2.7715 -0.3148 0.2440 3
0.0000 1.1816 -0.1344 -0.1883 2
0.0000 2.7632 -0.3148 0.3415 4
0.0000 1.5699 -0.1792 -0.1940 2
0.0000 2.7614 -0.3156 0.4402 3
0.0000 2.1636 -0.2473 -0.1905 2
0.0000 2.7561 -0.3155 0.5392 3
0.0000 2.9526 -0.3385 -0.1558 10
0.0000 2.7511 -0.3159 0.6393 4
0.0000 2.7713 -0.3187 -0.0487 2
0.0000 2.7175 -0.3130 0.7330 17
0.0000 2.7490 -0.3205 0.0483 7
0.0000 0.8168 -0.0954 -0.1899 6
0.0000 2.7514 -0.3218 0.1452 6
0.0000 1.0666 -0.1247 -0.2087 2
0.0000 2.7447 -0.3215 0.2418 7
0.0000 1.1850 -0.1390 -0.1890 2
0.0000 1.5693 -0.1846 -0.1940 3
0.0000 2.7426 -0.3232 0.4374 14
0.0000 2.1746 -0.2562 -0.1916 2
0.0000 2.7316 -0.3223 0.5346 20
0.0000 2.9315 -0.3465 -0.1547 10
0.0000 2.7543 -0.3265 -0.0484 7
0.0000 2.7030 -0.3209 0.7294 20
0.0000 0.8420 -0.1010 -0.2272 5
0.0000 2.7399 -0.3291 0.0482 20
0.0000 0.7468 -0.0898 -0.1737 7
0.0000 2.7444 -0.3302 0.1449 20
0.0000 1.0662 -0.1285 -0.2087 2
0.0000 2.7238 -0.3286 0.2400 15
0.0000 1.1727 -0.1417 -0.1871 2
0.0000 2.7255 -0.3298 0.3371 18
0.0000 1.5628 -0.1891 -0.1933 2
0.0000 2.7298 -0.3308 0.4355 21
0.0000 2.1796 -0.2645 -0.1921 2
0.0000 2.7382 -0.3328 0.5362 18
0.0000 2.8867 -0.3514 -0.1524 4
0.0000 2.7257 -0.3318 0.6339 21
0.0000 2.7671 -0.3373 -0.0487 28
0.0000 2.7192 -0.3319 0.7340 27
0.0000 2.7388 -0.3382 0.0482 31
0.0000 0.8432 -0.1043 -0.1962 5
0.0000 2.7294 -0.3376 0.1441 28
0.0000 1.0658 -0.1320 -0.2087 2
0.0000 2.7405 -0.3399 0.2416 23
0.0000 1.1958 -0.1485 -0.1909 2
0.0000 2.7441 -0.3413 0.3395 21
0.0000 1.5543 -0.1933 -0.1923 3
0.0000 2.7228 -0.3391 0.4346 20
0.0000 2.1768 -0.2715 -0.1919 2
0.0000 2.7410 -0.3424 0.5369 23
0.0000 2.7884 -0.3488 -0.1473 19
0.0000 2.7342 -0.3420 0.6362 23
0.0000 2.7441 -0.3437 -0.0483 23
0.0000 2.7315 -0.3426 0.7376 21
0.0000 2.7436 -0.3481 0.0483 23
0.0000 0.7462 -0.0948 -0.1737 7
0.0000 2.7421 -0.3488 0.1449 24
0.0000 1.0653 -0.1355 -0.2087 2
0.0000 2.7294 -0.3477 0.2407 18
0.0000 1.1757 -0.1500 -0.1877 1
0.0000 2.7488 -0.3512 0.3403 20
0.0000 1.5536 -0.1987 -0.1923 3
0.0000 2.7353 -0.3504 0.4368 23
0.0000 2.2450 -0.2876 -0.1980 2
0.0000 2.7515 -0.3530 0.5392 26
0.0000 2.7407 -0.3526 0.6380 20
0.0000 2.7429 -0.3533 -0.0483 23
0.0000 2.7207 -0.3509 0.7350 20
0.0000 2.7424 -0.3576 0.0483 23
0.0000 0.7961 -0.1040 -0.1854 6
0.0000 2.7448 -0.3589 0.1451 21
0.0000 1.0765 -0.1408 -0.2110 2
0.0000 2.7460 -0.3596 0.2423 20
0.0000 1.1791 -0.1546 -0.1883 2
0.0000 2.7417 -0.3600 0.3395 25
0.0000 1.5627 -0.2055 -0.1935 3
0.0000 2.7497 -0.3620 0.4393 23
0.0000 2.1689 -0.2855 -0.1914 2
0.0000 2.7386 -0.3610 0.5369 15
0.0000 2.8097 -0.3709 -0.1485 12
0.0000 2.7202 -0.3596 0.6335 11
0.0000 2.7476 -0.3637 -0.0484 23
0.0000 2.7194 -0.3604 0.7350 20
0.0000 0.8406 -0.1125 -0.2272 5
0.0000 2.7411 -0.3672 0.0483 20
0.0000 0.8691 -0.1166 -0.2025 5
0.0000 2.7455 -0.3688 0.1452 20
0.0000 1.0643 -0.1430 -0.2087 2
0.0000 2.7487 -0.3697 0.2426 20
0.0000 1.1864 -0.1598 -0.1896 2
0.0000 2.7404 -0.3695 0.3395 23
0.0000 1.5640 -0.2112 -0.1938 3
0.0000 2.7582 -0.3729 0.4408 22
0.0000 2.1679 -0.2931 -0.1914 2
0.0000 2.7432 -0.3714 0.5381 15
0.0000 2.8421 -0.3853 -0.1503 9
0.0000 2.7189 -0.3691 0.6335 9
0.0000 2.7483 -0.3735 -0.0484 21
0.0000 2.7354 -0.3723 0.7397 18
0.0000 2.7477 -0.3779 0.0484 25
0.0000 0.8147 -0.1122 -0.1899 6
0.0000 2.7343 -0.3770 0.1447 24
0.0000 1.0483 -0.1445 -0.2057 2
0.0000 2.7533 -0.3801 0.2432 19
0.0000 1.1858 -0.1639 -0.1896 2
0.0000 2.7431 -0.3797 0.3400 24
0.0000 1.5573 -0.2158 -0.1930 2
0.0000 2.7569 -0.3826 0.4408 17
0.0000 2.1748 -0.3018 -0.1921 2
0.0000 2.7457 -0.3815 0.5388 20
0.0000 2.7972 -0.3891 -0.1480 8
0.0000 2.7272 -0.3799 0.6357 10
0.0000 2.7509 -0.3837 -0.0485 22
0.0000 2.7417 -0.3829 0.7418 18
0.0000 2.7523 -0.3883 0.0485 26
0.0000 0.8181 -0.1156 -0.1908 6
0.0000 2.7389 -0.3874 0.1450 22
0.0000 1.0750 -0.1520 -0.2110 2
0.0000 2.7559 -0.3903 0.2435 21
0.0000 1.1774 -0.1669 -0.1883 2
0.0000 2.7456 -0.3898 0.3405 23
0.0000 1.5585 -0.2215 -0.1933 3
0.0000 2.7477 -0.3911 0.4396 20
0.0000 2.1737 -0.3094 -0.1921 2
0.0000 2.7541 -0.3925 0.5408 20
0.0000 2.7839 -0.3972 -0.1474 8
0.0000 2.7240 -0.3891 0.6353 16
0.0000 2.7496 -0.3933 -0.0485 21
0.0000 2.7423 -0.3927 0.7423 17
0.0000 2.7529 -0.3982 0.0486 24
0.0000 0.8409 -0.1218 -0.1962 5
0.0000 2.7356 -0.3966 0.1449 21
0.0000 1.0434 -0.1513 -0.2049 2
0.0000 2.7486 -0.3990 0.2430 20
0.0000 1.1651 -0.1693 -0.1865 1
0.0000 2.7521 -0.4005 0.3415 24
0.0000 1.5499 -0.2258 -0.1923 3
0.0000 2.7483 -0.4009 0.4399 19
0.0000 2.1490 -0.3135 -0.1900 2
0.0000 2.7624 -0.4035 0.5427 21
0.0000 2.8142 -0.4115 -0.1491 8
0.0000 2.7496 -0.4026 0.6416 17
0.0000 2.7442 -0.4023 -0.0484 22
0.0000 2.7428 -0.4026 0.7428 16
0.0000 0.8389 -0.1242 -0.2272 5
0.0000 2.7495 -0.4075 0.0485 21
0.0000 0.7441 -0.1104 -0.1737 7
0.0000 2.7461 -0.4075 0.1455 24
0.0000 1.0622 -0.1578 -0.2087 2
0.0000 2.7491 -0.4089 0.2432 19
0.0000 1.1723 -0.1746 -0.1877 1
0.0000 2.7566 -0.4110 0.3422 22
0.0000 1.5648 -0.2336 -0.1943 3
0.0000 2.7606 -0.4121 0.4421 18
0.0000 2.1656 -0.3236 -0.1916 2
0.0000 2.7513 -0.4117 0.5408 20
0.0000 2.8048 -0.4202 -0.1486 9
0.0000 2.7520 -0.4128 0.6425 17
0.0000 2.7587 -0.4138 -0.0487 21
0.0000 2.7319 -0.4102 0.7402 14
0.0000 2.7482 -0.4166 0.0485 17
0.0000 0.8400 -0.1275 -0.1962 5
0.0000 2.7486 -0.4177 0.1457 19
0.0000 1.0306 -0.1568 -0.2026 2
0.0000 2.7575 -0.4200 0.2440 19
0.0000 1.1522 -0.1755 -0.1846 2
0.0000 2.7454 -0.4186 0.3410 18
0.0000 1.5463 -0.2361 -0.1921 3
0.0000 2.7592 -0.4217 0.4421 18
0.0000 2.1664 -0.3315 -0.1917 2
0.0000 2.7519 -0.4211 0.5411 20
0.0000 2.7916 -0.4277 -0.1480 9
0.0000 2.7699 -0.4248 0.6470 17
0.0000 2.7632 -0.4243 -0.0488 16
0.0000 2.7381 -0.4209 0.7423 13
0.0000 2.7586 -0.4280 0.0487 18
0.0000 0.8011 -0.1244 -0.1872 6
0.0000 2.7412 -0.4263 0.1454 18
0.0000 1.0766 -0.1676 -0.2118 2
0.0000 2.7561 -0.4291 0.2440 18
0.0000 1.1906 -0.1856 -0.1909 2
0.0000 2.7498 -0.4291 0.3417 19
0.0000 1.5318 -0.2393 -0.1904 3
0.0000 2.7616 -0.4320 0.4427 18
0.0000 2.1416 -0.3354 -0.1897 2
0.0000 2.7658 -0.4336 0.5442 22
0.0000 2.7821 -0.4367 -0.1476 9
0.0000 2.7491 -0.4315 0.6425 18
0.0000 2.7656 -0.4346 -0.0489 16
0.0000 2.7404 -0.4311 0.7433 14
0.0000 0.8376 -0.1330 -0.2272 5
0.0000 2.7649 -0.4394 0.0489 18
0.0000 0.8006 -0.1274 -0.1872 6
0.0000 2.7337 -0.4354 0.1451 18
0.0000 1.0411 -0.1660 -0.2049 2
0.0000 2.7644 -0.4408 0.2449 18
0.0000 1.1704 -0.1868 -0.1877 2
0.0000 2.7639 -0.4417 0.3437 19
0.0000 1.5622 -0.2500 -0.1943 3
0.0000 2.7561 -0.4415 0.4421 17
0.0000 2.1679 -0.3476 -0.1921 2
0.0000 2.7681 -0.4444 0.5450 22
0.0000 2.7765 -0.4462 -0.1474 9
0.0000 2.7514 -0.4422 0.6434 17
0.0000 2.7482 -0.4422 -0.0486 14
0.0000 2.7484 -0.4427 0.7459 12
0.0000 2.7672 -0.4502 0.0489 18
0.0000 0.8386 -0.1366 -0.1962 5
0.0000 2.7440 -0.4469 0.1457 19
0.0000 1.0599 -0.1728 -0.2087 2
0.0000 2.7627 -0.4509 0.2449 17
0.0000 1.1892 -0.1943 -0.1909 2
0.0000 2.7681 -0.4528 0.3444 17
0.0000 1.5574 -0.2548 -0.1938 3
0.0000 2.7565 -0.4514 0.4424 17
0.0000 2.1608 -0.3542 -0.1916 2
0.0000 2.7743 -0.4553 0.5465 21
0.0000 2.8222 -0.4637 -0.1499 9
0.0000 2.7556 -0.4527 0.6447 16
0.0000 2.7585 -0.4537 -0.0488 16
0.0000 2.7316 -0.4498 0.7418 8
0.0000 2.7637 -0.4590 0.0489 19
0.0000 0.8381 -0.1394 -0.1962 5
0.0000 2.7425 -0.4560 0.1457 17
0.0000 1.0477 -0.1744 -0.2065 2
0.0000 2.7553 -0.4591 0.2444 18
0.0000 1.1730 -0.1957 -0.1883 2
0.0000 2.7686 -0.4623 0.3446 17
0.0000 1.5331 -0.2560 -0.1908 2
0.0000 2.7608 -0.4615 0.4433 17
0.0000 2.1459 -0.3591 -0.1903 2
0.0000 2.7650 -0.4632 0.5450 20
0.0000 2.8758 -0.4823 -0.1528 10
0.0000 2.7714 -0.4648 0.6488 17
0.0000 2.7688 -0.4648 -0.0490 21
0.0000 2.7377 -0.4601 0.7438 6
0.0000 2.7622 -0.4682 0.0489 17
0.0000 0.7877 -0.1337 -0.1845 6
0.0000 2.7547 -0.4679 0.1464 18
0.0000 1.0820 -0.1838 -0.2133 2
0.0000 2.7636 -0.4699 0.2453 17
0.0000 1.1567 -0.1969 -0.1858 2
0.0000 2.7514 -0.4688 0.3427 17
0.0000 1.5439 -0.2634 -0.1923 2
0.0000 2.7631 -0.4718 0.4440 17
0.0000 2.1427 -0.3659 -0.1902 2
0.0000 2.7634 -0.4724 0.5450 23
0.0000 2.8860 -0.4938 -0.1534 10
0.0000 2.7736 -0.4751 0.6497 19
0.0000 2.7731 -0.4755 -0.0491 21
0.0000 2.7532 -0.4726 0.7485 5
0.0000 2.7664 -0.4788 0.0490 18
0.0000 0.7988 -0.1384 -0.1872 6
0.0000 2.7432 -0.4758 0.1459 19
0.0000 1.0426 -0.1808 -0.2057 2
0.0000 2.7737 -0.4816 0.2463 17
0.0000 1.1638 -0.2023 -0.1871 2
0.0000 2.7556 -0.4794 0.3434 19
0.0000 1.5313 -0.2667 -0.1908 2
0.0000 2.7711 -0.4831 0.4455 17
0.0000 2.1453 -0.3740 -0.1905 2
0.0000 2.7656 -0.4827 0.5457 23
0.0000 2.8922 -0.5053 -0.1539 10
0.0000 2.7604 -0.4828 0.6470 19
0.0000 2.7813 -0.4869 -0.0493 19
0.0000 2.7534 -0.4825 0.7490 4
0.0000 2.7687 -0.4892 0.0491 18
0.0000 0.8098 -0.1432 -0.1899 6
0.0000 2.7494 -0.4868 0.1463 17
0.0000 1.0420 -0.1845 -0.2057 2
0.0000 2.7760 -0.4920 0.2467 17
0.0000 1.1631 -0.2063 -0.1871 2
0.0000 2.7715 -0.4922 0.3456 21
0.0000 1.5362 -0.2731 -0.1916 2
0.0000 2.7675 -0.4925 0.4452 17
0.0000 2.1362 -0.3801 -0.1898 2
0.0000 2.7717 -0.4937 0.5472 23
0.0000 2.8963 -0.5164 -0.1542 11
0.0000 2.7606 -0.4927 0.6474 20
0.0000 2.7697 -0.4949 -0.0491 21
0.0000 2.7688 -0.4952 0.7537 3
0.0000 2.7748 -0.5003 0.0492 18
0.0000 0.8131 -0.1467 -0.1908 6
0.0000 2.7595 -0.4985 0.1470 19
0.0000 1.0375 -0.1874 -0.2049 2
0.0000 2.7605 -0.4992 0.2454 17
0.0000 1.1624 -0.2104 -0.1871 2
0.0000 2.7717 -0.5022 0.3459 18
0.0000 1.5313 -0.2777 -0.1911 2
0.0000 2.7658 -0.5021 0.4452 17
0.0000 2.1466 -0.3897 -0.1909 2
0.0000 2.7815 -0.5055 0.5495 22
0.0000 2.8945 -0.5265 -0.1542 11
0.0000 2.7704 -0.5045 0.6501 19
0.0000 2.7719 -0.5052 -0.0492 20
0.0000 2.7519 -0.5021 0.7495 2
0.0000 2.7692 -0.5087 0.0491 18
0.0000 0.8126 -0.1494 -0.1908 6
0.0000 2.7617 -0.5084 0.1472 19
0.0000 1.0716 -0.1973 -0.2118 2
0.0000 2.7667 -0.5098 0.2461 17
0.0000 1.1539 -0.2128 -0.1858 2
0.0000 2.7739 -0.5121 0.3464 18
0.0000 1.5245 -0.2817 -0.1904 2
0.0000 2.7680 -0.5120 0.4458 17
0.0000 2.1295 -0.3943 -0.1895 2
0.0000 2.7721 -0.5133 0.5480 21
0.0000 2.8888 -0.5354 -0.1540 12
0.0000 2.7783 -0.5154 0.6524 20
0.0000 2.7722 -0.5148 -0.0492 19
0.0000 2.7749 -0.5158 0.7563 1
0.0000 2.7753 -0.5199 0.0493 18
0.0000 0.7891 -0.1480 -0.1854 6
0.0000 2.7639 -0.5187 0.1474 18
0.0000 1.0361 -0.1947 -0.2049 2
0.0000 2.7707 -0.5210 0.2467 17
0.0000 1.1648 -0.2192 -0.1877 2
0.0000 2.7663 -0.5207 0.3456 20
0.0000 1.5353 -0.2893 -0.1918 2
0.0000 2.7739 -0.5231 0.4471 17
0.0000 2.1595 -0.4076 -0.1923 2
0.0000 2.7625 -0.5220 0.5465 20
0.0000 2.8770 -0.5441 -0.1534 14
0.0000 2.7783 -0.5260 0.6528 20
0.0000 2.7841 -0.5271 -0.0495 20
0.0000 2.7997 -0.5305 0.7635 1
0.0000 0.8330 -0.1591 -0.2272 5
0.0000 2.7793 -0.5312 0.0494 19
0.0000 0.8115 -0.1553 -0.1908 6
0.0000 2.7601 -0.5280 0.1473 20
0.0000 1.0856 -0.2079 -0.2149 2
0.0000 2.7708 -0.5311 0.2468 18
0.0000 1.1524 -0.2211 -0.1858 2
0.0000 2.7663 -0.5312 0.3459 24
0.0000 1.5225 -0.2926 -0.1904 2
0.0000 2.7779 -0.5339 0.4480 18
0.0000 2.1346 -0.4107 -0.1902 2
0.0000 2.7684 -0.5331 0.5480 23
0.0000 2.8770 -0.5545 -0.1536 16
0.0000 2.7649 -0.5334 0.6501 21
0.0000 2.7960 -0.5394 -0.0497 22
0.0000 2.7814 -0.5412 0.0495 24
0.0000 0.7881 -0.1535 -0.1854 6
0.0000 2.7543 -0.5369 0.1471 18
0.0000 1.0309 -0.2011 -0.2042 2
0.0000 2.7767 -0.5423 0.2475 18
0.0000 1.1710 -0.2287 -0.1890 2
0.0000 2.7782 -0.5430 0.3476 21
0.0000 1.5351 -0.3003 -0.1921 2
0.0000 2.7702 -0.5425 0.4471 20
0.0000 2.1409 -0.4196 -0.1909 2
0.0000 2.7762 -0.5442 0.5499 24
0.0000 2.8830 -0.5656 -0.1540 16
0.0000 2.7670 -0.5434 0.6510 22
0.0000 2.7647 -0.5434 -0.0492 21
0.0000 2.8907 -0.5687 0.7894 1
0.0000 2.7834 -0.5516 0.0495 25
0.0000 0.7952 -0.1577 -0.1872 6
0.0000 2.7720 -0.5504 0.1481 22
0.0000 1.0225 -0.2030 -0.2026 2
0.0000 2.7671 -0.5499 0.2468 19
0.0000 1.1625 -0.2312 -0.1877 2
0.0000 2.7860 -0.5547 0.3488 23
0.0000 1.5127 -0.3014 -0.1894 2
0.0000 2.7722 -0.5529 0.4477 19
0.0000 2.1219 -0.4232 -0.1893 1
0.0000 2.7820 -0.5554 0.5514 24
0.0000 3.0299 -0.6054 -0.1619 7
0.0000 2.7765 -0.5553 0.6537 20
0.0000 2.7706 -0.5546 -0.0493 21
0.0000 2.7776 -0.5606 0.0495 24
0.0000 0.8099 -0.1636 -0.1908 6
0.0000 2.7740 -0.5608 0.1483 23
0.0000 1.0334 -0.2089 -0.2049 2
0.0000 2.7691 -0.5604 0.2472 19
0.0000 1.1733 -0.2376 -0.1896 2
0.0000 2.7899 -0.5656 0.3495 20
0.0000 1.5233 -0.3091 -0.1908 2
0.0000 2.7780 -0.5642 0.4490 21
0.0000 2.1341 -0.4334 -0.1905 2
0.0000 2.7762 -0.5643 0.5507 24
0.0000 2.9592 -0.6021 -0.1583 8
0.0000 2.7841 -0.5669 0.6560 20
0.0000 2.7804 -0.5667 -0.0495 20
0.0000 2.7776 -0.5707 0.0495 22
0.0000 0.7941 -0.1633 -0.1872 6
0.0000 2.7759 -0.5713 0.1485 22
0.0000 1.0519 -0.2165 -0.2087 2
0.0000 2.7866 -0.5740 0.2489 18
0.0000 1.1492 -0.2369 -0.1858 2
0.0000 2.7782 -0.5733 0.3483 17
0.0000 1.5339 -0.3168 -0.1923 2
0.0000 2.7914 -0.5771 0.4515 21
0.0000 2.1365 -0.4417 -0.1909 2
0.0000 2.7723 -0.5736 0.5503 23
0.0000 2.8926 -0.5990 -0.1548 8
0.0000 2.7821 -0.5767 0.6560 20
0.0000 2.7784 -0.5764 -0.0495 21
0.0000 2.9110 -0.6044 0.7966 1
0.0000 2.7853 -0.5824 0.0497 23
0.0000 0.7935 -0.1661 -0.1872 6
0.0000 2.7661 -0.5794 0.1481 20
0.0000 1.0665 -0.2234 -0.2118 2
0.0000 2.7788 -0.5825 0.2484 19
0.0000 1.1445 -0.2401 -0.1852 2
0.0000 2.7800 -0.5838 0.3488 18
0.0000 1.5211 -0.3197 -0.1908 2
0.0000 2.7817 -0.5852 0.4502 18
0.0000 2.1330 -0.4487 -0.1907 2
0.0000 2.7895 -0.5873 0.5541 20
0.0000 2.8533 -0.6013 -0.1528 10
0.0000 2.7858 -0.5876 0.6573 18
0.0000 2.7823 -0.5873 -0.0496 18
0.0000 2.9051 -0.6138 0.7956 1
0.0000 0.8296 -0.1763 -0.2272 5
0.0000 2.7872 -0.5929 0.0497 19
0.0000 0.8005 -0.1704 -0.1890 6
0.0000 2.7603 -0.5877 0.1479 18
0.0000 1.0657 -0.2271 -0.2118 2
0.0000 2.7845 -0.5939 0.2491 17
0.0000 1.1630 -0.2483 -0.1883 2
0.0000 2.7799 -0.5939 0.3490 17
0.0000 1.5064 -0.3221 -0.1891 2
0.0000 2.7817 -0.5948 0.4505 16
0.0000 2.1373 -0.4574 -0.1912 2
0.0000 2.7913 -0.5979 0.5549 19
0.0000 2.8551 -0.6121 -0.1530 13
0.0000 2.7857 -0.5977 0.6578 17
0.0000 2.8018 -0.6012 -0.0500 21
0.0000 2.9144 -0.6259 0.7987 12
0.0000 2.7969 -0.6047 0.0499 19
0.0000 0.7923 -0.1715 -0.1872 6
0.0000 2.7758 -0.6012 0.1488 17
0.0000 1.0227 -0.2217 -0.2034 2
0.0000 2.7746 -0.6019 0.2484 17
0.0000 1.1621 -0.2521 -0.1883 2
0.0000 2.7760 -0.6027 0.3488 17
0.0000 1.5228 -0.3309 -0.1913 2
0.0000 2.7796 -0.6045 0.4505 16
0.0000 2.1201 -0.4615 -0.1898 3
0.0000 2.8027 -0.6101 0.5575 17
0.0000 2.8472 -0.6203 -0.1527 13
0.0000 2.7894 -0.6082 0.6591 17
0.0000 2.7880 -0.6084 -0.0498 18
0.0000 0.7340 -0.1612 -0.2014 7
0.0000 2.7811 -0.6115 0.0497 17
0.0000 0.8070 -0.1776 -0.1908 6
0.0000 2.7697 -0.6100 0.1486 17
0.0000 1.0641 -0.2343 -0.2118 2
0.0000 2.7765 -0.6120 0.2487 17
0.0000 1.1343 -0.2502 -0.1840 1
0.0000 2.7874 -0.6154 0.3505 17
0.0000 1.4983 -0.3311 -0.1884 2
0.0000 2.7852 -0.6159 0.4518 17
0.0000 2.1146 -0.4676 -0.1895 3
0.0000 2.7890 -0.6173 0.5553 17
0.0000 2.8450 -0.6302 -0.1527 13
0.0000 2.7872 -0.6179 0.6591 18
0.0000 2.7975 -0.6207 -0.0500 20
0.0000 3.0872 -0.6856 0.8474 1
0.0000 2.7868 -0.6229 0.0498 16
0.0000 0.7835 -0.1753 -0.1854 6
0.0000 2.7832 -0.6231 0.1495 16
0.0000 1.0595 -0.2372 -0.2110 2
0.0000 2.7880 -0.6247 0.2500 18
0.0000 1.1719 -0.2628 -0.1902 1
0.0000 2.7911 -0.6264 0.3512 17
0.0000 1.5223 -0.3420 -0.1916 2
0.0000 2.7849 -0.6261 0.4521 17
0.0000 2.1169 -0.4759 -0.1898 2
0.0000 2.7869 -0.6270 0.5553 19
0.0000 2.8331 -0.6379 -0.1522 11
0.0000 2.7908 -0.6289 0.6605 19
0.0000 2.8031 -0.6322 -0.0502 21
0.0000 3.0698 -0.6929 0.8432 1
0.0000 0.8270 -0.1877 -0.2272 5
0.0000 2.7944 -0.6349 0.0500 17
0.0000 0.7715 -0.1754 -0.1827 7
0.0000 2.7771 -0.6320 0.1493 17
0.0000 1.0127 -0.2304 -0.2019 2
0.0000 2.7916 -0.6358 0.2505 17
0.0000 1.1440 -0.2608 -0.1858 2
0.0000 2.7869 -0.6357 0.3510 17
0.0000 1.5115 -0.3451 -0.1904 2
0.0000 2.7981 -0.6393 0.4546 20
0.0000 2.1133 -0.4828 -0.1897 3
0.0000 2.7981 -0.6398 0.5579 20
0.0000 2.8386 -0.6496 -0.1526 9
0.0000 2.7810 -0.6369 0.6587 19
0.0000 2.8107 -0.6442 -0.0503 21
0.0000 3.0372 -0.6967 0.8350 1
0.0000 2.7999 -0.6464 0.0502 17
0.0000 0.8278 -0.1913 -0.1962 5
0.0000 2.7827 -0.6434 0.1497 16
0.0000 1.0310 -0.2384 -0.2057 2
0.0000 2.7971 -0.6473 0.2512 19
0.0000 1.1470 -0.2656 -0.1865 2
0.0000 2.7828 -0.6450 0.3507 17
0.0000 1.5103 -0.3503 -0.1904 2
0.0000 2.7882 -0.6473 0.4533 21
0.0000 2.1232 -0.4929 -0.1907 2
0.0000 2.7958 -0.6496 0.5579 20
0.0000 2.8208 -0.6559 -0.1518 6
0.0000 2.7844 -0.6480 0.6600 20
0.0000 2.8026 -0.6527 -0.0502 23
0.0000 3.0347 -0.7073 0.8350 1
0.0000 2.8015 -0.6571 0.0502 17
0.0000 0.8272 -0.1942 -0.1962 5
0.0000 2.7765 -0.6522 0.1495 17
0.0000 1.0454 -0.2456 -0.2087 2
0.0000 2.7890 -0.6557 0.2507 19
0.0000 1.1460 -0.2696 -0.1865 2
0.0000 2.7844 -0.6556 0.3512 17
0.0000 1.5148 -0.3570 -0.1911 2
0.0000 2.7840 -0.6566 0.4530 19
0.0000 2.1040 -0.4962 -0.1891 2
0.0000 2.8069 -0.6625 0.5606 19
0.0000 2.8087 -0.6634 -0.1513 6
0.0000 2.7992 -0.6617 0.6641 17
0.0000 2.7866 -0.6592 -0.0500 24
0.0000 2.9834 -0.7063 0.8215 1
0.0000 2.7973 -0.6664 0.0502 16
0.0000 0.7999 -0.1907 -0.1899 6
0.0000 2.7859 -0.6647 0.1501 17
0.0000 0.9892 -0.2360 -0.1977 2
0.0000 2.7867 -0.6654 0.2507 19
0.0000 1.1451 -0.2736 -0.1865 2
0.0000 2.7994 -0.6695 0.3534 19
0.0000 1.5116 -0.3618 -0.1908 3
0.0000 2.7990 -0.6704 0.4559 18
0.0000 2.1178 -0.5073 -0.1905 2
0.0000 2.7931 -0.6695 0.5583 19
0.0000 2.7851 -0.6681 -0.1501 6
0.0000 2.8007 -0.6724 0.6650 15
0.0000 2.7921 -0.6708 -0.0501 17
0.0000 2.9583 -0.7113 0.8153 1
0.0000 0.8243 -0.1993 -0.2272 5
0.0000 2.7988 -0.6771 0.0503 18
0.0000 0.7993 -0.1935 -0.1899 6
0.0000 2.7874 -0.6754 0.1503 18
0.0000 1.0227 -0.2478 -0.2045 2
0.0000 2.7902 -0.6766 0.2512 22
0.0000 1.1480 -0.2786 -0.1871 2
0.0000 2.7874 -0.6769 0.3522 18
0.0000 1.5123 -0.3675 -0.1911 3
0.0000 2.7947 -0.6797 0.4555 19
0.0000 2.1141 -0.5142 -0.1903 3
0.0000 2.7946 -0.6802 0.5591 19
0.0000 2.8021 -0.6826 -0.1511 8
0.0000 2.8002 -0.6826 0.6654 16
0.0000 2.8092 -0.6853 -0.0505 17
0.0000 2.9483 -0.7198 0.8132 1
0.0000 2.7964 -0.6869 0.0503 18
0.0000 0.8024 -0.1972 -0.1908 6
0.0000 2.7812 -0.6841 0.1501 19
0.0000 0.9990 -0.2457 -0.2000 2
0.0000 2.8033 -0.6901 0.2526 19
0.0000 1.1316 -0.2788 -0.1846 2
0.0000 2.7928 -0.6886 0.3532 18
0.0000 1.4956 -0.3690 -0.1891 2
0.0000 2.8019 -0.6918 0.4571 19
0.0000 2.1123 -0.5216 -0.1903 2
0.0000 2.8093 -0.6942 0.5625 18
0.0000 2.7997 -0.6929 0.6659 15
0.0000 2.8145 -0.6970 -0.0506 18
0.0000 2.8933 -0.7171 0.7987 1
0.0000 2.8037 -0.6990 0.0504 17
0.0000 0.8017 -0.2000 -0.1908 6
0.0000 2.7904 -0.6968 0.1507 19
0.0000 1.0133 -0.2530 -0.2030 2
0.0000 1.1460 -0.2866 -0.1871 2
0.0000 2.8077 -0.7026 0.3554 14
0.0000 1.5020 -0.3762 -0.1901 2
0.0000 2.7975 -0.7011 0.4568 18
0.0000 2.1201 -0.5313 -0.1912 2
0.0000 2.8031 -0.7030 0.5617 19
0.0000 2.8535 -0.7162 -0.1542 18
0.0000 2.8029 -0.7040 0.6672 13
0.0000 2.8043 -0.7049 -0.0505 19
0.0000 2.8646 -0.7206 0.7915 1
0.0000 2.8090 -0.7108 0.0506 17
0.0000 0.7783 -0.1971 -0.1854 6
0.0000 2.7918 -0.7075 0.1509 17
0.0000 1.0239 -0.2595 -0.2053 2
0.0000 2.2422 -0.5686 0.2024 14
0.0000 1.1488 -0.2915 -0.1877 2
0.0000 2.2396 -0.5688 0.2837 13
0.0000 1.4910 -0.3790 -0.1889 2
0.0000 2.6228 -0.6671 0.4286 3
0.0000 2.1028 -0.5348 -0.1898 2
0.0000 2.8101 -0.7152 0.5636 17
0.0000 2.9129 -0.7419 -0.1575 14
0.0000 2.7910 -0.7114 0.6650 15
0.0000 2.8096 -0.7167 -0.0506 21
0.0000 2.8471 -0.7268 0.7873 1
0.0000 2.8007 -0.7191 0.0505 18
0.0000 0.8003 -0.2056 -0.1908 6
0.0000 2.7933 -0.7177 0.1511 19
0.0000 1.0039 -0.2581 -0.2015 2
0.0000 2.2711 -0.5844 0.2052 10
0.0000 1.1420 -0.2941 -0.1868 2
0.0000 2.2452 -0.5786 0.2847 16
0.0000 1.5051 -0.3881 -0.1908 3
0.0000 2.2399 -0.5776 0.3664 15
0.0000 2.1047 -0.5431 -0.1902 2
0.0000 2.2716 -0.5866 0.4560 4
0.0000 2.9257 -0.7561 -0.1584 13
0.0000 2.7904 -0.7216 0.6654 15
0.0000 2.8111 -0.7270 -0.0507 19
0.0000 2.8203 -0.7299 0.7806 1
0.0000 2.8061 -0.7304 0.0506 18
0.0000 0.7996 -0.2083 -0.1908 6
0.0000 2.8024 -0.7305 0.1518 17
0.0000 1.0030 -0.2616 -0.2015 2
0.0000 2.2864 -0.5968 0.2067 16
0.0000 1.1162 -0.2914 -0.1827 2
0.0000 2.2356 -0.5840 0.2837 18
0.0000 1.5211 -0.3976 -0.1930 3
0.0000 2.2474 -0.5879 0.3679 21
0.0000 2.0990 -0.5495 -0.1898 2
0.0000 2.2563 -0.5907 0.4534 19
0.0000 2.8904 -0.7572 -0.1566 9
0.0000 2.2922 -0.6009 0.5471 9
0.0000 2.8143 -0.7383 -0.0508 16
0.0000 2.4739 -0.6495 0.6854 1
0.0000 2.8112 -0.7422 0.0508 18
0.0000 0.7273 -0.1921 -0.1737 7
0.0000 2.7884 -0.7367 0.1511 17
0.0000 1.0173 -0.2690 -0.2045 2
0.0000 2.3171 -0.6131 0.2097 9
0.0000 1.1572 -0.3064 -0.1896 2
0.0000 2.2489 -0.5959 0.2857 16
0.0000 1.4890 -0.3948 -0.1891 2
0.0000 2.2455 -0.5954 0.3679 19
0.0000 2.1010 -0.5575 -0.1902 2
0.0000 2.2713 -0.6031 0.4568 20
0.0000 2.8626 -0.7606 -0.1552 8
0.0000 2.2826 -0.6069 0.5453 17
0.0000 2.8138 -0.7482 -0.0508 17
0.0000 2.3187 -0.6170 0.6429 7
0.0000 2.8049 -0.7505 0.0507 18
0.0000 0.7831 -0.2097 -0.1872 6
0.0000 2.7896 -0.7475 0.1514 16
0.0000 1.0202 -0.2736 -0.2053 2
0.0000 2.4323 -0.6527 0.2203 14
0.0000 1.1333 -0.3041 -0.1858 2
0.0000 2.2604 -0.6069 0.2874 14
0.0000 1.4896 -0.4002 -0.1894 2
0.0000 2.2453 -0.6037 0.3682 24
0.0000 2.1048 -0.5663 -0.1907 2
0.0000 2.2579 -0.6075 0.4545 19
0.0000 2.8389 -0.7644 -0.1541 14
0.0000 2.2749 -0.6130 0.5439 20
0.0000 2.8131 -0.7585 -0.0509 18
0.0000 2.2979 -0.6200 0.6377 17
0.0000 2.8215 -0.7655 0.0510 16
0.0000 0.7974 -0.2165 -0.1908 6
0.0000 2.8121 -0.7640 0.1527 19
0.0000 0.9776 -0.2656 -0.1969 2
0.0000 2.4436 -0.6644 0.2215 19
0.0000 1.1437 -0.3112 -0.1877 2
0.0000 2.2601 -0.6153 0.2876 11
0.0000 1.5073 -0.4107 -0.1918 2
0.0000 2.2470 -0.6126 0.3689 21
0.0000 2.0856 -0.5686 -0.1891 2
0.0000 2.2653 -0.6180 0.4564 23
0.0000 2.8304 -0.7727 -0.1538 16
0.0000 2.2746 -0.6214 0.5444 20
0.0000 2.8201 -0.7710 -0.0510 19
0.0000 2.2789 -0.6234 0.6331 17
0.0000 2.8189 -0.7754 0.0510 20
0.0000 0.7966 -0.2193 -0.1908 6
0.0000 2.8132 -0.7749 0.1529 20
0.0000 0.9767 -0.2690 -0.1969 2
0.0000 2.4490 -0.6750 0.2222 27
0.0000 1.1349 -0.3130 -0.1865 2
0.0000 2.2350 -0.6169 0.2847 8
0.0000 1.4887 -0.4112 -0.1896 2
0.0000 2.2372 -0.6183 0.3676 17
0.0000 2.0855 -0.5764 -0.1893 2
0.0000 2.2480 -0.6217 0.4534 18
0.0000 2.7950 -0.7735 -0.1520 5
0.0000 2.2706 -0.6288 0.5439 16
0.0000 2.8309 -0.7845 -0.0513 20
0.0000 2.2711 -0.6298 0.6315 16
0.0000 2.8238 -0.7874 0.0512 22
0.0000 0.7921 -0.2210 -0.1899 6
0.0000 2.8240 -0.7885 0.1537 21
0.0000 0.9682 -0.2703 -0.1954 2
0.0000 2.4562 -0.6862 0.2231 33
0.0000 1.1376 -0.3181 -0.1871 2
0.0000 2.1831 -0.6108 0.2783 5
0.0000 1.5159 -0.4244 -0.1933 2
0.0000 2.1437 -0.6006 0.3526 14
0.0000 2.0662 -0.5792 -0.1877 2
0.0000 2.2344 -0.6264 0.4511 12
0.0000 2.4672 -0.6921 -0.1343 3
0.0000 2.2759 -0.6389 0.5457 18
0.0000 2.8339 -0.7960 -0.0514 21
0.0000 2.2689 -0.6378 0.6315 14
0.0000 2.8345 -0.8010 0.0514 20
0.0000 0.7913 -0.2238 -0.1899 6
0.0000 2.8116 -0.7956 0.1531 22
0.0000 1.0201 -0.2888 -0.2061 2
0.0000 2.4709 -0.7001 0.2247 28
0.0000 1.1327 -0.3212 -0.1865 2
0.0000 2.1543 -0.6108 0.2749 15
0.0000 1.5029 -0.4264 -0.1918 2
0.0000 2.1302 -0.6048 0.3507 17
0.0000 2.0852 -0.5924 -0.1897 2
0.0000 2.1415 -0.6088 0.4328 15
0.0000 2.7990 -0.7962 -0.1525 9
0.0000 2.1873 -0.6227 0.5250 9
0.0000 2.8349 -0.8070 -0.0514 21
0.0000 2.2518 -0.6414 0.6274 16
0.0000 2.8297 -0.8109 0.0514 22
0.0000 0.8167 -0.2342 -0.1962 5
0.0000 2.8069 -0.8049 0.1530 19
0.0000 1.0304 -0.2956 -0.2084 2
0.0000 2.4570 -0.7055 0.2236 18
0.0000 1.1240 -0.3229 -0.1852 2
0.0000 2.1100 -0.6066 0.2696 13
0.0000 1.4880 -0.4281 -0.1901 2
0.0000 2.1091 -0.6068 0.3476 23
0.0000 2.0716 -0.5964 -0.1886 2
0.0000 2.1299 -0.6136 0.4308 18
0.0000 2.8307 -0.8160 -0.1544 17
0.0000 2.1252 -0.6130 0.5106 13
0.0000 2.8206 -0.8136 -0.0512 19
0.0000 2.1883 -0.6316 0.6103 10
0.0000 0.8145 -0.2363 -0.2272 5
0.0000 2.8327 -0.8219 0.0515 21
0.0000 0.8160 -0.2369 -0.1962 5
0.0000 2.8136 -0.8174 0.1536 20
0.0000 1.0105 -0.2938 -0.2045 2
0.0000 2.4315 -0.7073 0.2215 17
0.0000 1.1343 -0.3300 -0.1871 2
0.0000 2.1042 -0.6125 0.2691 18
0.0000 1.4752 -0.4297 -0.1887 2
0.0000 2.1127 -0.6158 0.3485 24
0.0000 2.0657 -0.6025 -0.1883 2
0.0000 2.1279 -0.6206 0.4308 26
0.0000 2.8395 -0.8287 -0.1550 21
0.0000 2.1250 -0.6206 0.5111 19
0.0000 2.8235 -0.8251 -0.0513 20
0.0000 2.1546 -0.6300 0.6015 14
0.0000 2.8241 -0.8301 0.0514 22
0.0000 0.7216 -0.2123 -0.1737 7
0.0000 2.8205 -0.8296 0.1541 21
0.0000 0.9944 -0.2927 -0.2015 2
0.0000 2.4196 -0.7126 0.2207 13
0.0000 1.1255 -0.3317 -0.1858 2
0.0000 2.1059 -0.6210 0.2696 22
0.0000 1.4927 -0.4405 -0.1911 2
0.0000 2.1239 -0.6267 0.3507 29
0.0000 2.0733 -0.6122 -0.1891 2
0.0000 2.1200 -0.6264 0.4297 21
0.0000 2.8366 -0.8386 -0.1550 22
0.0000 2.1378 -0.6324 0.5147 24
0.0000 2.8399 -0.8401 -0.0517 21
0.0000 2.1432 -0.6344 0.5989 18
0.0000 2.8290 -0.8417 0.0515 27
0.0000 0.7695 -0.2291 -0.1854 6
0.0000 2.8195 -0.8400 0.1542 20
0.0000 0.9595 -0.2860 -0.1946 2
0.0000 2.7990 -0.8349 0.2555 19
0.0000 1.1093 -0.3309 -0.1833 2
0.0000 2.0867 -0.6229 0.2674 23
0.0000 1.4950 -0.4465 -0.1916 2
0.0000 2.1217 -0.6341 0.3507 20
0.0000 2.0768 -0.6211 -0.1897 3
0.0000 2.1198 -0.6340 0.4301 27
0.0000 2.8299 -0.8469 -0.1548 24
0.0000 2.1581 -0.6462 0.5201 31
0.0000 2.8408 -0.8512 -0.0518 20
0.0000 2.1484 -0.6441 0.6010 18
0.0000 2.8318 -0.8533 0.0516 23
0.0000 0.7874 -0.2374 -0.1899 6
0.0000 2.8146 -0.8493 0.1541 21
0.0000 1.0299 -0.3110 -0.2091 2
0.0000 2.8439 -0.8586 0.2599 21
0.0000 1.1232 -0.3393 -0.1858 2
0.0000 2.0864 -0.6307 0.2676 16
0.0000 1.4783 -0.4472 -0.1896 2
0.0000 2.1157 -0.6404 0.3501 17
0.0000 2.0804 -0.6301 -0.1902 3
0.0000 2.1231 -0.6434 0.4312 19
0.0000 2.8287 -0.8578 -0.1549 22
0.0000 2.1371 -0.6481 0.5156 26
0.0000 2.8493 -0.8646 -0.0520 21
0.0000 2.1461 -0.6516 0.6010 23
0.0000 0.7194 -0.2198 -0.1737 7
0.0000 2.8134 -0.8601 0.1542 20
0.0000 1.0100 -0.3090 -0.2053 2
0.0000 2.8445 -0.8702 0.2602 21
0.0000 1.1258 -0.3446 -0.1865 2
0.0000 2.0917 -0.6407 0.2686 20
0.0000 1.4690 -0.4502 -0.1887 2
0.0000 2.1095 -0.6470 0.3495 17
0.0000 2.0590 -0.6319 -0.1884 3
0.0000 2.1395 -0.6570 0.4350 21
0.0000 2.8351 -0.8711 -0.1554 22
0.0000 2.1348 -0.6559 0.5156 21
0.0000 2.8346 -0.8715 -0.0518 20
0.0000 2.1511 -0.6618 0.6030 24
0.0000 2.6726 -0.8268 0.0488 1
0.0000 0.7186 -0.2224 -0.1737 7
0.0000 2.8237 -0.8741 0.1549 24
0.0000 0.9902 -0.3067 -0.2015 2
0.0000 2.8375 -0.8794 0.2599 21
0.0000 1.1056 -0.3429 -0.1833 2
0.0000 2.0988 -0.6513 0.2698 18
0.0000 1.4711 -0.4568 -0.1891 2
0.0000 2.1072 -0.6543 0.3495 21
0.0000 2.0758 -0.6450 -0.1902 3
0.0000 2.1503 -0.6685 0.4377 17
0.0000 2.8454 -0.8852 -0.1562 22
0.0000 2.1454 -0.6678 0.5187 20
0.0000 2.8354 -0.8826 -0.0518 16
0.0000 2.1377 -0.6658 0.5999 25
0.0000 2.6202 -0.8201 0.0479 1
0.0000 0.7885 -0.2469 -0.1908 6
0.0000 2.8321 -0.8875 0.1555 21
0.0000 0.9891 -0.3102 -0.2015 2
0.0000 2.8344 -0.8893 0.2599 17
0.0000 1.1233 -0.3525 -0.1865 2
0.0000 2.1080 -0.6618 0.2713 24
0.0000 1.4848 -0.4664 -0.1911 2
0.0000 2.1238 -0.6676 0.3526 17
0.0000 2.0697 -0.6510 -0.1898 4
0.0000 2.1387 -0.6727 0.4358 20
0.0000 2.8406 -0.8940 -0.1561 14
0.0000 2.1506 -0.6772 0.5205 21
0.0000 2.1391 -0.6744 0.6010 20
0.0000 2.5888 -0.8202 0.0474 1
0.0000 0.7876 -0.2497 -0.1908 6
0.0000 2.8311 -0.8975 0.1556 23
0.0000 1.0218 -0.3241 -0.2084 2
0.0000 1.1146 -0.3540 -0.1852 2
0.0000 2.0962 -0.6662 0.2701 16
0.0000 1.4756 -0.4692 -0.1901 2
0.0000 2.1310 -0.6776 0.3542 17
0.0000 2.0524 -0.6530 -0.1884 3
0.0000 2.1364 -0.6802 0.4358 23
0.0000 2.1519 -0.6859 0.5214 20
0.0000 2.3797 -0.7585 -0.0436 2
0.0000 2.1534 -0.6868 0.6056 20
0.0000 2.5460 -0.8160 0.0467 2
0.0000 0.7868 -0.2523 -0.1908 6
0.0000 2.8260 -0.9068 0.1555 21
0.0000 1.0057 -0.3229 -0.2053 2
0.0000 2.4072 -0.7733 0.2212 4
0.0000 1.1284 -0.3625 -0.1877 2
0.0000 2.1053 -0.6767 0.2715 17
0.0000 1.4627 -0.4705 -0.1887 2
0.0000 2.1361 -0.6875 0.3554 16
0.0000 2.0577 -0.6626 -0.1891 3
0.0000 2.1453 -0.6909 0.4381 23
0.0000 2.1533 -0.6943 0.5223 18
0.0000 2.5635 -0.8270 -0.0470 2
0.0000 2.1602 -0.6973 0.6082 21
0.0000 2.5356 -0.8224 0.0465 2
0.0000 0.7822 -0.2539 -0.1899 6
0.0000 2.8190 -0.9154 0.1553 21
0.0000 0.9934 -0.3226 -0.2030 2
0.0000 2.8177 -0.9155 0.2592 15
0.0000 1.1384 -0.3701 -0.1896 2
0.0000 2.1161 -0.6884 0.2732 17
0.0000 1.4497 -0.4719 -0.1872 2
0.0000 2.1300 -0.6937 0.3548 23
0.0000 2.0555 -0.6695 -0.1891 3
0.0000 2.1634 -0.7050 0.4423 20
0.0000 2.1583 -0.7042 0.5241 18
0.0000 2.5568 -0.8347 -0.0469 5
0.0000 2.1669 -0.7078 0.6108 17
0.0000 2.5251 -0.8287 0.0464 2
0.0000 0.7147 -0.2347 -0.1737 7
0.0000 2.8348 -0.9315 0.1564 19
0.0000 1.0034 -0.3297 -0.2053 2
0.0000 2.8410 -0.9341 0.2616 9
0.0000 1.1109 -0.3654 -0.1852 2
0.0000 2.1213 -0.6983 0.2742 17
0.0000 1.4707 -0.4844 -0.1901 2
0.0000 2.1332 -0.7030 0.3557 21
0.0000 2.0474 -0.6748 -0.1886 3
0.0000 2.1703 -0.7157 0.4442 19
0.0000 2.2248 -0.7341 -0.1228 1
0.0000 2.1614 -0.7136 0.5255 22
0.0000 2.5444 -0.8405 -0.0468 6
0.0000 2.1534 -0.7118 0.6077 11
0.0000 2.3665 -0.7859 0.0435 1
0.0000 0.7138 -0.2372 -0.1737 7
0.0000 0.9837 -0.3270 -0.2015 2
0.0000 1.1058 -0.3681 -0.1846 2
0.0000 2.1358 -0.7113 0.2764 16
0.0000 1.4633 -0.4876 -0.1894 2
0.0000 2.1419 -0.7142 0.3576 17
0.0000 2.0393 -0.6804 -0.1881 3
0.0000 2.1603 -0.7207 0.4427 19
0.0000 2.5595 -0.8544 -0.1414 1
0.0000 2.1885 -0.7310 0.5327 9
0.0000 2.5319 -0.8462 -0.0466 1
0.0000 2.1234 -0.7101 0.5999 15
0.0000 2.4643 -0.8279 0.0454 3
0.0000 0.7130 -0.2397 -0.1737 7
0.0000 2.3095 -0.7768 0.1277 2
0.0000 0.9676 -0.3256 -0.1984 2
0.0000 2.1582 -0.7267 0.1992 1
0.0000 1.1194 -0.3772 -0.1871 2
0.0000 2.1483 -0.7238 0.2783 11
0.0000 1.4672 -0.4946 -0.1901 2
0.0000 2.2049 -0.7438 0.3686 14
0.0000 2.0407 -0.6887 -0.1884 3
0.0000 2.2153 -0.7481 0.4545 14
0.0000 2.5487 -0.8612 -0.1410 1
0.0000 2.1765 -0.7359 0.5304 7
0.0000 2.3604 -0.7980 -0.0435 1
0.0000 2.1209 -0.7175 0.5999 20
0.0000 2.4726 -0.8408 0.0456 2
0.0000 0.8044 -0.2737 -0.1962 5
0.0000 2.3087 -0.7855 0.1278 1
0.0000 1.0147 -0.3454 -0.2084 2
0.0000 2.1689 -0.7388 0.2005 8
0.0000 1.1050 -0.3766 -0.1849 2
0.0000 2.2001 -0.7503 0.2854 15
0.0000 1.4617 -0.4987 -0.1896 2
0.0000 2.2509 -0.7680 0.3767 17
0.0000 2.0383 -0.6959 -0.1884 3
0.0000 2.2796 -0.7787 0.4682 20
0.0000 2.4966 -0.8533 -0.1383 1
0.0000 2.1113 -0.7220 0.5151 12
0.0000 2.5014 -0.8554 -0.0461 1
0.0000 2.1166 -0.7243 0.5994 16
0.0000 2.3317 -0.8015 0.0430 1
0.0000 0.7777 -0.2675 -0.1899 6
0.0000 2.2719 -0.7818 0.1259 1
0.0000 0.9727 -0.3349 -0.2000 2
0.0000 2.1889 -0.7541 0.2025 11
0.0000 1.1169 -0.3848 -0.1871 2
0.0000 2.2126 -0.7627 0.2874 24
0.0000 1.4581 -0.5029 -0.1894 2
0.0000 2.2464 -0.7752 0.3764 18
0.0000 2.0528 -0.7088 -0.1900 3
0.0000 2.2881 -0.7901 0.4705 27
0.0000 2.5239 -0.8720 -0.1399 1
0.0000 2.1089 -0.7290 0.5151 15
0.0000 2.5210 -0.8720 -0.0466 1
0.0000 2.1214 -0.7342 0.6015 18
0.0000 2.4725 -0.8595 0.0457 1
0.0000 0.7767 -0.2702 -0.1899 6
0.0000 2.2749 -0.7917 0.1262 2
0.0000 0.9975 -0.3472 -0.2053 2
0.0000 2.1883 -0.7620 0.2027 17
0.0000 1.1192 -0.3900 -0.1877 2
0.0000 2.2100 -0.7705 0.2874 17
0.0000 1.4564 -0.5080 -0.1894 2
0.0000 2.2530 -0.7863 0.3779 16
0.0000 2.0297 -0.7084 -0.1881 3
0.0000 2.2946 -0.8013 0.4724 26
0.0000 2.5209 -0.8808 -0.1399 1
0.0000 2.1155 -0.7396 0.5174 9
0.0000 2.5255 -0.8834 -0.0467 2
0.0000 2.0987 -0.7346 0.5958 18
0.0000 2.4581 -0.8642 0.0455 1
0.0000 0.7078 -0.2490 -0.1732 7
0.0000 2.3003 -0.8096 0.1278 1
0.0000 0.9852 -0.3468 -0.2030 2
0.0000 2.1912 -0.7717 0.2032 24
0.0000 1.1067 -0.3899 -0.1858 2
0.0000 2.2204 -0.7828 0.2891 22
0.0000 1.4546 -0.5131 -0.1894 2
0.0000 2.2484 -0.7935 0.3776 19
0.0000 2.0235 -0.7142 -0.1877 3
0.0000 2.2714 -0.8021 0.4682 30
0.0000 2.4971 -0.8823 -0.1388 1
0.0000 2.1111 -0.7463 0.5169 11
0.0000 2.5281 -0.8943 -0.0468 2
0.0000 2.0943 -0.7412 0.5953 19
0.0000 2.3157 -0.8232 0.0429 1
0.0000 0.7069 -0.2514 -0.1732 7
0.0000 2.2956 -0.8170 0.1277 2
0.0000 1.0099 -0.3594 -0.2084 2
0.0000 2.1941 -0.7813 0.2038 18
0.0000 1.0904 -0.3885 -0.1833 2
0.0000 2.1971 -0.7832 0.2864 17
0.0000 1.4546 -0.5188 -0.1896 2
0.0000 2.2549 -0.8047 0.3792 17
0.0000 2.0435 -0.7293 -0.1898 3
0.0000 2.2834 -0.8153 0.4713 29
0.0000 2.4846 -0.8877 -0.1383 2
0.0000 2.0956 -0.7491 0.5138 38
0.0000 2.5344 -0.9064 -0.0470 1
0.0000 2.0917 -0.7485 0.5953 20
0.0000 2.4144 -0.8678 0.0448 2
0.0000 0.7720 -0.2776 -0.1894 6
0.0000 2.8302 -1.0184 0.1576 12
0.0000 0.9846 -0.3543 -0.2034 2
0.0000 2.2083 -0.7950 0.2053 18
0.0000 1.1077 -0.3990 -0.1865 2
0.0000 2.1999 -0.7929 0.2871 22
0.0000 1.4510 -0.5232 -0.1894 2
0.0000 2.2502 -0.8119 0.3789 21
0.0000 2.0297 -0.7323 -0.1888 3
0.0000 2.2787 -0.8226 0.4709 35
0.0000 2.4796 -0.8956 -0.1382 1
0.0000 2.0930 -0.7564 0.5138 24
0.0000 2.4992 -0.9037 -0.0464 3
0.0000 2.0982 -0.7591 0.5979 23
0.0000 2.4397 -0.8860 0.0453 8
0.0000 0.7711 -0.2802 -0.1894 6
0.0000 2.8419 -1.0332 0.1585 19
0.0000 0.9834 -0.3576 -0.2034 2
0.0000 2.2150 -0.8058 0.2062 18
0.0000 1.1063 -0.4027 -0.1865 2
0.0000 2.2066 -0.8036 0.2883 23
0.0000 1.4473 -0.5274 -0.1891 2
0.0000 2.2401 -0.8166 0.3776 20
0.0000 2.0235 -0.7377 -0.1884 3
0.0000 2.2668 -0.8268 0.4690 26
0.0000 2.4785 -0.9045 -0.1383 1
0.0000 2.0996 -0.7667 0.5160 32
0.0000 2.4812 -0.9065 -0.0461 1
0.0000 2.0902 -0.7641 0.5963 20
0.0000 2.4591 -0.9028 0.0457 4
0.0000 0.7043 -0.2587 -0.1732 7
0.0000 2.8532 -1.0487 0.1593 19
0.0000 0.9564 -0.3515 -0.1981 2
0.0000 2.2140 -0.8142 0.2064 19
0.0000 1.1123 -0.4093 -0.1877 2
0.0000 2.2075 -0.8126 0.2888 26
0.0000 1.4455 -0.5324 -0.1891 2
0.0000 2.2279 -0.8210 0.3761 22
0.0000 2.0134 -0.7420 -0.1877 3
0.0000 2.2694 -0.8368 0.4702 17
0.0000 2.5053 -0.9242 -0.1399 1
0.0000 2.1134 -0.7801 0.5201 18
0.0000 2.0821 -0.7694 0.5948 18
0.0000 2.4503 -0.9093 0.0456 2
0.0000 0.7947 -0.2951 -0.1957 5
0.0000 2.8608 -1.0628 0.1599 21
0.0000 0.9441 -0.3507 -0.1958 2
0.0000 2.2130 -0.8226 0.2066 22
0.0000 1.0924 -0.4063 -0.1846 2
0.0000 2.2177 -0.8252 0.2905 28
0.0000 1.4548 -0.5416 -0.1906 2
0.0000 2.2473 -0.8371 0.3798 26
0.0000 2.0034 -0.7462 -0.1870 2
0.0000 2.2260 -0.8296 0.4618 8
0.0000 2.5170 -0.9386 -0.1408 1
0.0000 2.1070 -0.7861 0.5192 18
0.0000 2.3942 -0.8937 -0.0446 1
0.0000 2.1047 -0.7861 0.6020 16
0.0000 2.4490 -0.9186 0.0457 2
0.0000 0.7024 -0.2636 -0.1732 7
0.0000 2.8589 -1.0735 0.1600 20
0.0000 0.9723 -0.3651 -0.2019 2
0.0000 2.2195 -0.8338 0.2074 16
0.0000 1.0873 -0.4087 -0.1840 2
0.0000 2.2018 -0.8280 0.2888 17
0.0000 1.4399 -0.5418 -0.1889 2
0.0000 2.2258 -0.8380 0.3767 14
0.0000 2.0026 -0.7539 -0.1872 3
0.0000 2.1514 -0.8104 0.4469 14
0.0000 2.5175 -0.9488 -0.1410 1
0.0000 2.1425 -0.8079 0.5286 17
0.0000 2.4828 -0.9367 -0.0463 3
0.0000 2.1544 -0.8132 0.6170 19
0.0000 2.4888 -0.9434 0.0465 2
0.0000 0.7671 -0.2909 -0.1894 6
0.0000 2.8535 -1.0822 0.1599 21
0.0000 0.9563 -0.3629 -0.1988 2
0.0000 2.1681 -0.8232 0.2029 10
0.0000 1.0969 -0.4167 -0.1858 2
0.0000 2.1562 -0.8195 0.2832 13
0.0000 1.4436 -0.5489 -0.1896 2
0.0000 2.1677 -0.8243 0.3673 17
0.0000 2.0242 -0.7701 -0.1895 2
0.0000 2.1504 -0.8186 0.4473 19
0.0000 2.5328 -0.9647 -0.1420 1
0.0000 2.1251 -0.8098 0.5250 19
0.0000 2.5152 -0.9584 -0.0470 10
0.0000 2.1661 -0.8259 0.6212 22
0.0000 2.4408 -0.9345 0.0456 4
0.0000 0.7479 -0.2865 -0.1849 6
0.0000 2.8534 -1.0936 0.1601 19
0.0000 0.9660 -0.3704 -0.2011 2
0.0000 2.1559 -0.8272 0.2020 14
0.0000 1.0844 -0.4161 -0.1840 2
0.0000 2.1516 -0.8259 0.2830 19
0.0000 1.4288 -0.5487 -0.1879 2
0.0000 2.1445 -0.8241 0.3639 20
0.0000 2.0122 -0.7736 -0.1886 2
0.0000 2.1568 -0.8292 0.4492 20
0.0000 2.5184 -0.9687 -0.1414 1
0.0000 2.1188 -0.8154 0.5241 19
0.0000 2.4950 -0.9607 -0.0467 8
0.0000 2.1740 -0.8376 0.6243 21
0.0000 2.4189 -0.9358 0.0453 6
0.0000 0.6997 -0.2708 -0.1732 7
0.0000 2.8608 -1.1079 0.1608 21
0.0000 0.9465 -0.3666 -0.1973 2
0.0000 2.1495 -0.8329 0.2017 17
0.0000 1.0793 -0.4184 -0.1833 2
0.0000 2.1395 -0.8298 0.2818 20
0.0000 1.4453 -0.5609 -0.1904 2
0.0000 2.1398 -0.8308 0.3636 27
0.0000 1.9966 -0.7752 -0.1874 3
0.0000 2.1558 -0.8375 0.4495 21
0.0000 2.5820 -1.0036 -0.1452 1
0.0000 2.1214 -0.8250 0.5255 21
0.0000 2.4916 -0.9694 -0.0467 4
0.0000 2.1639 -0.8424 0.6222 21
0.0000 2.4119 -0.9428 0.0452 3
0.0000 0.7641 -0.2988 -0.1894 6
0.0000 2.8624 -1.1201 0.1611 20
0.0000 0.9635 -0.3770 -0.2011 2
0.0000 2.1428 -0.8389 0.2013 23
0.0000 1.0889 -0.4265 -0.1852 2
0.0000 2.1439 -0.8402 0.2827 16
0.0000 1.4526 -0.5696 -0.1916 2
0.0000 2.1442 -0.8412 0.3648 24
0.0000 1.9920 -0.7815 -0.1872 3
0.0000 2.1437 -0.8414 0.4476 19
0.0000 2.1294 -0.8366 0.5282 20
0.0000 2.4882 -0.9781 -0.0467 3
0.0000 2.1610 -0.8499 0.6222 20
0.0000 2.4662 -0.9740 0.0463 1
0.0000 0.7449 -0.2943 -0.1849 6
0.0000 2.8697 -1.1344 0.1617 18
0.0000 0.9512 -0.3760 -0.1988 2
0.0000 2.1343 -0.8442 0.2008 18
0.0000 1.0708 -0.4238 -0.1824 2
0.0000 2.1299 -0.8433 0.2813 21
0.0000 1.4358 -0.5688 -0.1896 2
0.0000 2.1394 -0.8479 0.3645 30
0.0000 1.9948 -0.7906 -0.1877 3
0.0000 2.1535 -0.8539 0.4503 17
0.0000 2.1427 -0.8505 0.5322 16
0.0000 2.5220 -1.0016 -0.0474 2
0.0000 2.1670 -0.8610 0.6248 16
0.0000 2.4647 -0.9833 0.0463 1
0.0000 0.7439 -0.2969 -0.1849 6
0.0000 2.8527 -1.1393 0.1610 19
0.0000 0.9536 -0.3808 -0.1996 2
0.0000 2.1406 -0.8553 0.2017 27
0.0000 1.0749 -0.4297 -0.1833 2
0.0000 2.1307 -0.8522 0.2818 16
0.0000 1.4283 -0.5716 -0.1889 2
0.0000 2.1456 -0.8591 0.3661 23
0.0000 1.9884 -0.7961 -0.1874 3
0.0000 2.1578 -0.8644 0.4518 16
0.0000 2.1397 -0.8580 0.5322 13
0.0000 2.6131 -1.0483 -0.0491 1
0.0000 2.1657 -0.8693 0.6253 15
0.0000 0.7867 -0.3169 -0.2272 5
0.0000 2.5132 -1.0128 0.0473 1
0.0000 0.7320 -0.2951 -0.1822 7
0.0000 2.8580 -1.1530 0.1615 18
0.0000 0.9449 -0.3812 -0.1981 2
0.0000 2.1321 -0.8606 0.2012 22
0.0000 1.0807 -0.4364 -0.1846 2
0.0000 2.1277 -0.8596 0.2818 22
0.0000 1.4208 -0.5743 -0.1882 2
0.0000 2.1298 -0.8614 0.3639 28
0.0000 2.0004 -0.8090 -0.1888 3
0.0000 2.1602 -0.8741 0.4530 16
0.0000 2.8066 -1.1362 -0.1587 2
0.0000 2.2072 -0.8940 0.5498 15
0.0000 2.8633 -1.1604 -0.0539 14
0.0000 2.2110 -0.8965 0.6393 8
0.0000 2.5985 -1.0578 0.0490 1
0.0000 0.6948 -0.2830 -0.1732 7
0.0000 2.8650 -1.1674 0.1621 18
0.0000 0.9472 -0.3860 -0.1988 2
0.0000 2.1254 -0.8665 0.2008 30
0.0000 1.0828 -0.4417 -0.1852 2
0.0000 2.1320 -0.8701 0.2827 17
0.0000 1.4482 -0.5913 -0.1921 2
0.0000 2.1268 -0.8688 0.3639 21
0.0000 1.9828 -0.8100 -0.1874 3
0.0000 2.1717 -0.8876 0.4560 14
0.0000 2.8821 -1.1785 -0.1632 11
0.0000 2.3952 -0.9799 0.5975 17
0.0000 2.8741 -1.1764 -0.0542 20
0.0000 2.8168 -1.1581 0.0532 2
0.0000 0.7623 -0.3136 -0.1903 6
0.0000 2.8704 -1.1807 0.1627 18
0.0000 0.9677 -0.3983 -0.2034 2
0.0000 2.1205 -0.8731 0.2006 25
0.0000 1.0776 -0.4439 -0.1846 2
0.0000 2.1308 -0.8782 0.2830 24
0.0000 1.4315 -0.5900 -0.1901 2
0.0000 2.1385 -0.8819 0.3664 21
0.0000 1.9818 -0.8176 -0.1876 3
0.0000 2.1740 -0.8974 0.4572 12
0.0000 2.8890 -1.1931 -0.1638 17
0.0000 2.4118 -0.9960 0.6024 19
0.0000 2.8831 -1.1913 -0.0545 23
0.0000 2.3388 -0.9668 0.6781 21
0.0000 0.7834 -0.3250 -0.2272 5
0.0000 2.8461 -1.1812 0.0538 3
0.0000 0.7613 -0.3161 -0.1903 6
0.0000 2.8701 -1.1918 0.1629 18
0.0000 0.9555 -0.3969 -0.2011 2
0.0000 2.1121 -0.8779 0.2001 30
0.0000 1.0725 -0.4460 -0.1840 2
0.0000 2.1187 -0.8815 0.2818 16
0.0000 1.4406 -0.5994 -0.1916 2
0.0000 2.1465 -0.8935 0.3682 21
0.0000 1.9827 -0.8257 -0.1879 3
0.0000 2.8795 -1.2004 -0.1635 19
0.0000 2.4121 -1.0055 0.6033 25
0.0000 2.8902 -1.2054 -0.0547 23
0.0000 2.3195 -0.9679 0.6734 25
0.0000 2.8736 -1.2038 0.0544 6
0.0000 0.7459 -0.3126 -0.1867 6
0.0000 2.8660 -1.2018 0.1629 18
0.0000 0.9795 -0.4107 -0.2065 2
0.0000 2.1220 -0.8903 0.2013 26
0.0000 1.0783 -0.4526 -0.1852 2
0.0000 2.1176 -0.8893 0.2820 21
0.0000 1.4165 -0.5952 -0.1887 2
0.0000 2.1579 -0.9071 0.3707 16
0.0000 1.9670 -0.8272 -0.1867 3
0.0000 2.9317 -1.2330 0.6182 25
0.0000 2.8737 -1.2092 -0.1634 18
0.0000 2.4121 -1.0155 0.6042 46
0.0000 2.8897 -1.2171 -0.0547 21
0.0000 2.3054 -0.9715 0.6703 31
0.0000 2.8804 -1.2185 0.0546 20
0.0000 0.7591 -0.3213 -0.1903 6
0.0000 2.8654 -1.2133 0.1631 19
0.0000 0.9400 -0.3982 -0.1984 2
0.0000 2.1206 -0.8988 0.2015 28
0.0000 1.0839 -0.4596 -0.1865 2
0.0000 2.1236 -0.9005 0.2832 16
0.0000 1.4217 -0.6032 -0.1896 2
0.0000 2.1566 -0.9154 0.3711 8
0.0000 1.9714 -0.8372 -0.1874 3
0.0000 2.9453 -1.2514 0.6220 9
0.0000 2.8839 -1.2259 -0.1642 18
0.0000 2.4425 -1.0388 0.6128 56
0.0000 2.8799 -1.2248 -0.0546 22
0.0000 2.2309 -0.9493 0.6496 24
0.0000 2.8833 -1.2322 0.0547 19
0.0000 0.7329 -0.3133 -0.1840 6
0.0000 2.8701 -1.2278 0.1636 18
0.0000 0.9675 -0.4139 -0.2045 2
0.0000 2.1046 -0.9007 0.2003 26
0.0000 1.0932 -0.4681 -0.1883 2
0.0000 2.1276 -0.9115 0.2842 18
0.0000 1.4414 -0.6178 -0.1926 2
0.0000 1.9502 -0.8362 -0.1856 3
0.0000 2.9283 -1.2563 0.6194 33
0.0000 2.8925 -1.2415 -0.1650 20
0.0000 2.4388 -1.0473 0.6128 59
0.0000 2.8846 -1.2393 -0.0548 21
0.0000 2.1671 -0.9315 0.6320 18
0.0000 2.8716 -1.2391 0.0546 18
0.0000 0.7425 -0.3205 -0.1867 6
0.0000 2.8750 -1.2417 0.1641 18
0.0000 0.9733 -0.4204 -0.2061 2
0.0000 2.0960 -0.9057 0.1998 23
0.0000 1.0734 -0.4641 -0.1852 2
0.0000 2.1353 -0.9236 0.2857 5
0.0000 1.4283 -0.6181 -0.1911 2
0.0000 2.9349 -1.2706 0.5065 1
0.0000 1.9545 -0.8462 -0.1863 3
0.0000 2.8896 -1.2517 0.6121 33
0.0000 2.8826 -1.2492 -0.1646 18
0.0000 2.4459 -1.0605 0.6155 56
0.0000 2.8857 -1.2518 -0.0549 20
0.0000 2.1780 -0.9452 0.6362 18
0.0000 2.8764 -1.2531 0.0548 19
0.0000 0.7342 -0.3200 -0.1849 6
0.0000 2.8725 -1.2526 0.1642 18
0.0000 0.9286 -0.4049 -0.1969 2
0.0000 2.1037 -0.9178 0.2008 16
0.0000 1.0682 -0.4662 -0.1846 2
0.0000 1.4189 -0.6199 -0.1901 2
0.0000 2.9087 -1.2714 0.5028 1
0.0000 1.9644 -0.8586 -0.1876 2
0.0000 2.9032 -1.2696 0.6159 33
0.0000 2.8856 -1.2625 -0.1651 19
0.0000 2.4439 -1.0698 0.6159 51
0.0000 2.8868 -1.2642 -0.0550 20
0.0000 2.1552 -0.9443 0.6305 17
0.0000 2.8903 -1.2712 0.0551 19
0.0000 0.7331 -0.3226 -0.1849 6
0.0000 2.8717 -1.2642 0.1644 18
0.0000 0.9811 -0.4319 -0.2084 2
0.0000 1.0738 -0.4731 -0.1858 2
0.0000 2.8790 -1.2692 0.3863 16
0.0000 1.4203 -0.6264 -0.1906 2
0.0000 2.9259 -1.2911 0.5065 1
0.0000 1.9559 -0.8631 -0.1870 2
0.0000 2.9185 -1.2884 0.6201 34
0.0000 2.8866 -1.2750 -0.1654 19
0.0000 2.4242 -1.0712 0.6119 49
0.0000 2.8970 -1.2808 -0.0553 23
0.0000 2.1413 -0.9471 0.6274 19
0.0000 0.7752 -0.3440 -0.2272 5
0.0000 2.8932 -1.2845 0.0553 19
0.0000 0.7391 -0.3283 -0.1867 6
0.0000 2.8767 -1.2778 0.1650 21
0.0000 0.9796 -0.4353 -0.2084 2
0.0000 2.8747 -1.2781 0.2752 16
0.0000 1.0649 -0.4737 -0.1846 2
0.0000 2.8873 -1.2849 0.3880 19
0.0000 1.4109 -0.6282 -0.1896 2
0.0000 2.9361 -1.3072 0.5090 1
0.0000 1.9529 -0.8699 -0.1870 3
0.0000 2.9230 -1.3026 0.6220 18
0.0000 2.9022 -1.2940 -0.1665 17
0.0000 2.3901 -1.0662 0.6042 28
0.0000 2.8800 -1.2847 -0.0550 20
0.0000 2.1364 -0.9534 0.6269 21
0.0000 2.8926 -1.2957 0.0553 20
0.0000 0.7309 -0.3276 -0.1849 6
0.0000 2.8740 -1.2886 0.1651 20
0.0000 0.9386 -0.4211 -0.2000 2
0.0000 2.8865 -1.2955 0.2768 20
0.0000 1.0741 -0.4821 -0.1865 2
0.0000 2.8902 -1.2977 0.3890 20
0.0000 1.4088 -0.6328 -0.1896 2
0.0000 2.9747 -1.3369 0.5165 2
0.0000 1.9553 -0.8791 -0.1876 2
0.0000 2.9383 -1.3212 0.6262 18
0.0000 2.9034 -1.3061 -0.1668 17
0.0000 2.3759 -1.0693 0.6015 18
0.0000 2.8773 -1.2955 -0.0551 21
0.0000 2.1278 -0.9585 0.6253 21
0.0000 2.8880 -1.3058 0.0553 19
0.0000 0.7439 -0.3365 -0.1885 6
0.0000 2.8861 -1.3055 0.1660 19
0.0000 0.9444 -0.4274 -0.2015 2
0.0000 2.8804 -1.3042 0.2766 19
0.0000 1.0616 -0.4809 -0.1846 2
0.0000 2.8947 -1.3119 0.3902 18
0.0000 1.4120 -0.6402 -0.1904 2
0.0000 3.0117 -1.3655 0.5237 4
0.0000 1.9360 -0.8782 -0.1860 2
0.0000 2.9230 -1.3265 0.6239 18
0.0000 2.9079 -1.3203 -0.1674 16
0.0000 2.8930 -1.3142 -0.0555 22
0.0000 2.1211 -0.9639 0.6243 21
0.0000 2.8910 -1.3187 0.0555 15
0.0000 0.7357 -0.3358 -0.1867 6
0.0000 2.8797 -1.3148 0.1659 11
0.0000 0.9000 -0.4111 -0.1923 2
0.0000 2.8867 -1.3192 0.2777 5
0.0000 1.0780 -0.4926 -0.1877 2
0.0000 1.4063 -0.6432 -0.1899 2
0.0000 3.0123 -1.3785 0.5247 1
0.0000 1.9583 -0.8966 -0.1884 2
0.0000 2.9257 -1.3395 0.6255 5
0.0000 2.9053 -1.3308 -0.1675 4
0.0000 2.0993 -0.9620 0.5331 19
0.0000 2.9030 -1.3309 -0.0557 9
0.0000 2.0826 -0.9552 0.6139 27
0.0000 0.7486 -0.3451 -0.1903 6
0.0000 0.9734 -0.4489 -0.2084 2
0.0000 2.9072 -1.3415 0.2801 1
0.0000 1.0582 -0.4885 -0.1846 2
0.0000 1.7733 -0.8190 0.2398 1
0.0000 1.3895 -0.6417 -0.1879 2
0.0000 1.7986 -0.8311 0.3138 1
0.0000 1.9279 -0.8912 -0.1858 2
0.0000 2.9580 -1.3680 0.6335 2
0.0000 2.0746 -0.9599 0.5277 20
0.0000 2.0650 -0.9564 0.6098 48
0.0000 1.7844 -0.8294 0.0343 1
0.0000 0.7262 -0.3377 -0.1849 6
0.0000 1.7476 -0.8127 0.1010 2
0.0000 0.9505 -0.4422 -0.2038 2
0.0000 1.7774 -0.8273 0.1715 2
0.0000 1.0673 -0.4970 -0.1865 2
0.0000 1.7652 -0.8224 0.2391 3
0.0000 1.3873 -0.6463 -0.1879 2
0.0000 1.7582 -0.8195 0.3072 3
0.0000 1.7642 -0.8227 -0.1703 2
0.0000 2.9854 -1.3928 0.6404 2
0.0000 1.7718 -0.8270 -0.1025 2
0.0000 2.0714 -0.9668 0.5277 14
0.0000 1.7684 -0.8258 -0.0341 2
0.0000 2.0706 -0.9673 0.6124 66
0.0000 1.7671 -0.8285 0.0341 4
0.0000 0.7216 -0.3385 -0.1840 6
0.0000 1.7430 -0.8180 0.1009 4
0.0000 0.9384 -0.4404 -0.2015 2
0.0000 1.7476 -0.8205 0.1689 4
0.0000 1.0585 -0.4972 -0.1852 2
0.0000 1.7589 -0.8265 0.2386 4
0.0000 1.3976 -0.6571 -0.1896 2
0.0000 1.7428 -0.8197 0.3050 4
0.0000 1.7578 -0.8268 -0.1700 4
0.0000 2.9648 -1.3951 0.6369 1
0.0000 1.7673 -0.8320 -0.1024 4
0.0000 2.0680 -0.9740 0.5277 16
0.0000 1.7601 -0.8294 -0.0340 4
0.0000 2.0497 -0.9663 0.6072 76
0.0000 1.7516 -0.8287 0.0338 4
0.0000 0.7486 -0.3543 -0.1912 6
0.0000 1.7401 -0.8240 0.1009 5
0.0000 0.9582 -0.4537 -0.2061 2
0.0000 1.7393 -0.8240 0.1684 4
0.0000 1.0532 -0.4992 -0.1846 2
0.0000 1.7488 -0.8293 0.2376 5
0.0000 1.3846 -0.6569 -0.1882 2
0.0000 1.7560 -0.8334 0.3079 4
0.0000 1.7441 -0.8278 -0.1689 5
0.0000 2.9635 -1.4072 0.6377 2
0.0000 1.7499 -0.8313 -0.1015 4
0.0000 2.0822 -0.9896 0.5322 58
0.0000 1.7572 -0.8355 -0.0340 4
0.0000 2.0498 -0.9751 0.6082 76
0.0000 1.7324 -0.8271 0.0335 4
0.0000 0.7649 -0.3653 -0.1957 5
0.0000 1.7300 -0.8267 0.1005 4
0.0000 0.9423 -0.4505 -0.2030 2
0.0000 1.7364 -0.8301 0.1684 4
0.0000 1.0407 -0.4977 -0.1827 2
0.0000 1.7298 -0.8277 0.2355 5
0.0000 1.3877 -0.6643 -0.1889 2
0.0000 1.7335 -0.8302 0.3044 5
0.0000 1.7483 -0.8376 -0.1696 7
0.0000 1.7297 -0.8291 0.3728 1
0.0000 1.7325 -0.8308 -0.1007 4
0.0000 2.0664 -0.9909 0.5291 53
0.0000 1.7470 -0.8382 -0.0338 5
0.0000 2.0551 -0.9864 0.6108 66
0.0000 1.7348 -0.8360 0.0336 5
0.0000 0.7373 -0.3555 -0.1890 6
0.0000 1.7090 -0.8243 0.0994 4
0.0000 0.9265 -0.4471 -0.2000 2
0.0000 1.7226 -0.8313 0.1673 5
0.0000 1.0674 -0.5153 -0.1877 2
0.0000 1.7142 -0.8280 0.2337 6
0.0000 1.3781 -0.6659 -0.1879 2
0.0000 1.7233 -0.8331 0.3032 6
0.0000 1.7560 -0.8492 -0.1707 21
0.0000 1.7178 -0.8311 0.3709 2
0.0000 1.7312 -0.8380 -0.1008 5
0.0000 2.0628 -0.9985 0.5291 49
0.0000 1.7332 -0.8393 -0.0336 4
0.0000 2.0550 -0.9956 0.6118 59
0.0000 1.7245 -0.8389 0.0335 4
0.0000 0.7289 -0.3547 -0.1872 6
0.0000 1.6952 -0.8253 0.0988 5
0.0000 0.8932 -0.4349 -0.1931 2
0.0000 1.7160 -0.8358 0.1670 5
0.0000 1.0655 -0.5192 -0.1877 2
0.0000 1.7112 -0.8342 0.2337 6
0.0000 1.3792 -0.6727 -0.1884 2
0.0000 1.7025 -0.8307 0.3000 5
0.0000 1.7279 -0.8431 -0.1682 20
0.0000 1.7025 -0.8311 0.3683 2
0.0000 1.7139 -0.8370 -0.1000 5
0.0000 2.0643 -1.0086 0.5304 45
0.0000 1.7067 -0.8343 -0.0332 5
0.0000 2.0565 -1.0057 0.6134 59
0.0000 1.7108 -0.8396 0.0333 5
0.0000 0.7277 -0.3573 -0.1872 6
0.0000 1.6851 -0.8277 0.0984 5
0.0000 0.9480 -0.4657 -0.2053 2
0.0000 1.6970 -0.8339 0.1654 6
0.0000 1.0459 -0.5142 -0.1846 2
0.0000 1.7029 -0.8376 0.2330 6
0.0000 1.3715 -0.6749 -0.1877 2
0.0000 1.6890 -0.8314 0.2982 5
0.0000 1.6928 -0.8333 -0.1651 5
0.0000 1.6943 -0.8344 0.3671 3
0.0000 1.7020 -0.8386 -0.0994 5
0.0000 2.0730 -1.0219 0.5336 36
0.0000 1.6948 -0.8358 -0.0330 5
0.0000 2.0547 -1.0137 0.6139 55
0.0000 1.6935 -0.8385 0.0330 5
0.0000 0.7264 -0.3598 -0.1872 6
0.0000 1.6752 -0.8298 0.0980 5
0.0000 0.9359 -0.4637 -0.2030 2
0.0000 1.6815 -0.8336 0.1642 6
0.0000 1.0441 -0.5178 -0.1846 2
0.0000 1.6911 -0.8391 0.2318 5
0.0000 1.3780 -0.6840 -0.1889 2
0.0000 1.6933 -0.8406 0.2994 6
0.0000 1.6863 -0.8375 -0.1647 4
0.0000 1.6773 -0.8334 0.3641 4
0.0000 1.6919 -0.8410 -0.0990 5
0.0000 2.0747 -1.0317 0.5349 38
0.0000 1.6867 -0.8387 -0.0329 5
0.0000 2.0496 -1.0197 0.6134 52
0.0000 1.6764 -0.8369 0.0327 4
0.0000 0.7218 -0.3605 -0.1863 6
0.0000 1.6705 -0.8347 0.0979 5
0.0000 0.9272 -0.4635 -0.2015 2
0.0000 1.6751 -0.8377 0.1639 5
0.0000 1.0424 -0.5213 -0.1846 2
0.0000 1.6723 -0.8367 0.2296 6
0.0000 1.3793 -0.6904 -0.1894 2
0.0000 1.6762 -0.8394 0.2969 5
0.0000 1.6780 -0.8407 -0.1642 5
0.0000 1.6535 -0.8284 0.3595 4
0.0000 1.6766 -0.8403 -0.0983 5
0.0000 2.0887 -1.0473 0.5394 11
0.0000 1.6837 -0.8446 -0.0329 5
0.0000 2.0616 -1.0346 0.6181 41
0.0000 1.6663 -0.8392 0.0326 6
0.0000 0.7066 -0.3560 -0.1827 7
0.0000 1.6569 -0.8351 0.0972 5
0.0000 0.9116 -0.4595 -0.1984 2
0.0000 1.6669 -0.8406 0.1633 4
0.0000 1.0441 -0.5267 -0.1852 2
0.0000 1.6623 -0.8390 0.2286 6
0.0000 1.3715 -0.6925 -0.1887 2
0.0000 1.6662 -0.8417 0.2957 6
0.0000 1.6788 -0.8480 -0.1646 5
0.0000 1.6611 -0.8394 0.3618 4
0.0000 1.6594 -0.8390 -0.0974 5
0.0000 1.6808 -0.8505 -0.0329 5
0.0000 2.0700 -1.0479 0.6217 35
0.0000 1.6634 -0.8450 0.0326 5
0.0000 0.7123 -0.3620 -0.1845 6
0.0000 1.6379 -0.8328 0.0963 4
0.0000 0.9310 -0.4734 -0.2030 2
0.0000 1.6533 -0.8410 0.1623 4
0.0000 1.0387 -0.5286 -0.1846 2
0.0000 1.6523 -0.8412 0.2277 6
0.0000 1.3620 -0.6937 -0.1877 2
0.0000 1.6421 -0.8367 0.2919 6
0.0000 1.6616 -0.8466 -0.1632 4
0.0000 1.6424 -0.8372 0.3583 3
0.0000 1.6583 -0.8457 -0.0976 4
0.0000 2.8555 -1.4568 0.7401 21
0.0000 1.6564 -0.8455 -0.0325 6
0.0000 2.0836 -1.0639 0.6269 32
0.0000 1.6533 -0.8471 0.0324 6
0.0000 0.7145 -0.3662 -0.1854 6
0.0000 1.6423 -0.8418 0.0967 5
0.0000 0.9224 -0.4730 -0.2015 2
0.0000 1.6380 -0.8404 0.1611 4
0.0000 1.0404 -0.5340 -0.1852 2
0.0000 1.6334 -0.8388 0.2255 5
0.0000 1.3773 -0.7075 -0.1901 2
0.0000 1.6306 -0.8376 0.2903 5
0.0000 1.6427 -0.8442 -0.1616 4
0.0000 1.6377 -0.8420 0.3580 4
0.0000 1.6482 -0.8478 -0.0971 5
0.0000 2.8937 -1.4891 0.7513 7
0.0000 1.6394 -0.8436 -0.0322 6
0.0000 2.1264 -1.0947 0.6408 29
0.0000 1.6327 -0.8434 0.0321 6
0.0000 0.7133 -0.3686 -0.1854 6
0.0000 1.6234 -0.8393 0.0958 5
0.0000 0.9521 -0.4925 -0.2084 2
0.0000 1.6262 -0.8415 0.1602 4
0.0000 1.0386 -0.5374 -0.1852 2
0.0000 1.6289 -0.8433 0.2252 6
0.0000 1.3784 -0.7139 -0.1906 2
0.0000 1.6329 -0.8461 0.2913 6
0.0000 1.6291 -0.8445 -0.1605 4
0.0000 1.6123 -0.8357 0.3530 4
0.0000 1.6347 -0.8477 -0.0965 4
0.0000 3.2936 -1.7087 0.8566 1
0.0000 1.6347 -0.8484 -0.0321 7
0.0000 2.1620 -1.1226 0.6527 50
0.0000 1.6227 -0.8454 0.0319 6
0.0000 0.7085 -0.3693 -0.1845 6
0.0000 1.6204 -0.8450 0.0958 7
0.0000 0.9505 -0.4956 -0.2084 2
0.0000 1.6287 -0.8496 0.1607 7
0.0000 1.0332 -0.5392 -0.1846 2
0.0000 1.6031 -0.8370 0.2220 7
0.0000 1.3689 -0.7150 -0.1896 2
0.0000 1.6212 -0.8472 0.2897 6
0.0000 1.6228 -0.8480 -0.1602 4
0.0000 1.6059 -0.8395 0.3522 4
0.0000 1.6158 -0.8451 -0.0956 5
0.0000 3.3584 -1.7572 0.8751 1
0.0000 1.6264 -0.8513 -0.0320 6
0.0000 2.1769 -1.1400 0.6584 55
0.0000 1.6091 -0.8455 0.0317 7
0.0000 0.7521 -0.3953 -0.1962 5
0.0000 1.5962 -0.8395 0.0945 7
0.0000 0.9348 -0.4916 -0.2053 2
0.0000 1.6098 -0.8470 0.1591 5
0.0000 1.0278 -0.5410 -0.1840 2
0.0000 1.6107 -0.8481 0.2235 6
0.0000 1.3769 -0.7254 -0.1911 2
0.0000 1.6060 -0.8464 0.2875 7
0.0000 1.6163 -0.8518 -0.1598 4
0.0000 1.6116 -0.8497 0.3541 4
0.0000 1.6076 -0.8479 -0.0953 6
0.0000 3.3901 -1.7889 0.8850 1
0.0000 1.6216 -0.8561 -0.0320 7
0.0000 2.1712 -1.1467 0.6579 52
0.0000 0.7494 -0.3970 -0.2272 5
0.0000 1.6097 -0.8530 0.0318 6
0.0000 0.7094 -0.3761 -0.1854 6
0.0000 1.5917 -0.8438 0.0944 7
0.0000 0.8984 -0.4765 -0.1977 2
0.0000 1.6104 -0.8545 0.1595 6
0.0000 1.0294 -0.5464 -0.1846 2
0.0000 1.5937 -0.8463 0.2216 7
0.0000 1.3604 -0.7227 -0.1891 2
0.0000 1.5875 -0.8434 0.2847 6
0.0000 1.6063 -0.8537 -0.1591 4
0.0000 1.5878 -0.8443 0.3496 5
0.0000 1.6029 -0.8526 -0.0951 6
0.0000 1.5994 -0.8511 -0.0316 8
0.0000 2.1742 -1.1575 0.6600 44
0.0000 1.5892 -0.8489 0.0314 6
0.0000 0.7287 -0.3894 -0.1908 6
0.0000 1.5799 -0.8447 0.0939 6
0.0000 0.8968 -0.4796 -0.1977 2
0.0000 1.5793 -0.8450 0.1567 5
0.0000 1.0276 -0.5498 -0.1846 2
0.0000 1.5874 -0.8497 0.2211 7
0.0000 1.3510 -0.7235 -0.1882 2
0.0000 1.5689 -0.8405 0.2819 6
0.0000 1.5769 -0.8452 -0.1565 5
0.0000 1.5868 -0.8505 0.3499 5
0.0000 1.5947 -0.8551 -0.0948 5
0.0000 1.5893 -0.8529 -0.0315 6
0.0000 2.1667 -1.1633 0.6590 27
0.0000 1.5757 -0.8488 0.0312 6
0.0000 0.7480 -0.4031 -0.1962 5
0.0000 1.5629 -0.8426 0.0931 5
0.0000 0.9055 -0.4882 -0.2000 2
0.0000 1.5660 -0.8446 0.1557 6
0.0000 1.0326 -0.5572 -0.1858 2
0.0000 1.5791 -0.8524 0.2203 7
0.0000 1.3799 -0.7452 -0.1926 2
0.0000 1.5729 -0.8497 0.2831 6
0.0000 1.5706 -0.8485 -0.1562 5
0.0000 1.5631 -0.8448 0.3454 5
0.0000 1.5847 -0.8569 -0.0944 6
0.0000 1.5828 -0.8565 -0.0314 6
0.0000 2.1796 -1.1800 0.6641 21
0.0000 0.7453 -0.4047 -0.2272 5
0.0000 1.5622 -0.8485 0.0310 6
0.0000 0.7294 -0.3964 -0.1917 6
0.0000 1.5652 -0.8509 0.0934 6
0.0000 0.9245 -0.5026 -0.2045 2
0.0000 1.5630 -0.8501 0.1557 7
0.0000 1.0307 -0.5608 -0.1858 2
0.0000 1.5552 -0.8465 0.2174 7
0.0000 1.3598 -0.7405 -0.1901 2
0.0000 1.5664 -0.8533 0.2825 6
0.0000 1.5677 -0.8540 -0.1562 5
0.0000 1.5515 -0.8455 0.3435 6
0.0000 1.5677 -0.8547 -0.0936 6
0.0000 1.5693 -0.8563 -0.0312 8
0.0000 2.1993 -1.2006 0.6714 20
0.0000 1.5557 -0.8521 0.0310 5
0.0000 0.7451 -0.4083 -0.1962 5
0.0000 1.5377 -0.8429 0.0919 5
0.0000 0.9296 -0.5096 -0.2061 2
0.0000 1.5670 -0.8593 0.1564 5
0.0000 1.0183 -0.5587 -0.1840 2
0.0000 1.5418 -0.8462 0.2160 6
0.0000 1.3538 -0.7433 -0.1896 2
0.0000 1.5634 -0.8588 0.2825 5
0.0000 1.5523 -0.8530 -0.1550 5
0.0000 1.5485 -0.8510 0.3435 6
0.0000 1.5612 -0.8583 -0.0934 5
0.0000 1.5733 -0.8656 -0.0313 6
0.0000 2.2103 -1.2166 0.6760 19
0.0000 0.7424 -0.4100 -0.2272 5
0.0000 1.5492 -0.8555 0.0309 5
0.0000 0.6567 -0.3628 -0.1732 7
0.0000 1.5278 -0.8444 0.0915 5
0.0000 0.8900 -0.4921 -0.1977 2
0.0000 1.5464 -0.8554 0.1546 5
0.0000 1.0267 -0.5681 -0.1858 2
0.0000 1.5354 -0.8497 0.2155 6
0.0000 1.3546 -0.7500 -0.1901 2
0.0000 1.5431 -0.8547 0.2794 5
0.0000 1.5545 -0.8613 -0.1555 5
0.0000 1.5454 -0.8566 0.3435 7
0.0000 1.5388 -0.8533 -0.0922 5
0.0000 1.5865 -0.8801 0.4189 1
0.0000 1.5528 -0.8614 -0.0310 6
0.0000 2.2060 -1.2243 0.6760 19
0.0000 1.5478 -0.8622 0.0309 4
0.0000 0.7405 -0.4127 -0.1957 5
0.0000 1.5212 -0.8481 0.0913 5
0.0000 0.9054 -0.5048 -0.2015 2
0.0000 1.5312 -0.8540 0.1534 5
0.0000 1.0454 -0.5833 -0.1896 2
0.0000 1.5340 -0.8563 0.2157 6
0.0000 1.3484 -0.7530 -0.1896 2
0.0000 1.5262 -0.8526 0.2769 6
0.0000 1.5357 -0.8583 -0.1539 4
0.0000 1.5355 -0.8582 0.3419 7
0.0000 1.5515 -0.8675 -0.0932 4
0.0000 1.5339 -0.8583 -0.0307 5
0.0000 2.2167 -1.2409 0.6807 18
0.0000 1.5221 -0.8549 0.0305 5
0.0000 0.7153 -0.4019 -0.1894 6
0.0000 1.5147 -0.8514 0.0911 5
0.0000 0.9207 -0.5177 -0.2053 2
0.0000 1.5229 -0.8567 0.1529 6
0.0000 1.0226 -0.5755 -0.1858 2
0.0000 1.5275 -0.8597 0.2152 6
0.0000 1.3527 -0.7616 -0.1906 2
0.0000 1.5267 -0.8599 0.2775 5
0.0000 1.5292 -0.8617 -0.1536 4
0.0000 1.5136 -0.8532 0.3377 7
0.0000 1.5362 -0.8663 -0.0924 5
0.0000 1.5309 -0.8637 -0.0307 5
0.0000 2.2309 -1.2591 0.6864 15
0.0000 1.5175 -0.8589 0.0304 6
0.0000 0.6970 -0.3946 -0.1849 6
0.0000 1.5138 -0.8572 0.0912 5
0.0000 0.9122 -0.5167 -0.2038 2
0.0000 1.5254 -0.8644 0.1534 5
0.0000 1.0207 -0.5787 -0.1858 2
0.0000 1.5074 -0.8549 0.2128 6
0.0000 1.3432 -0.7621 -0.1896 2
0.0000 1.5171 -0.8608 0.2763 6
0.0000 1.5196 -0.8625 -0.1529 5
0.0000 1.5109 -0.8580 0.3377 6
0.0000 1.5004 -0.8524 -0.0904 6
0.0000 1.5230 -0.8655 -0.0306 6
0.0000 1.5112 -0.8620 0.0304 6
0.0000 0.7160 -0.4085 -0.1903 6
0.0000 1.4848 -0.8476 0.0896 7
0.0000 0.9615 -0.5491 -0.2152 2
0.0000 1.5103 -0.8628 0.1522 7
0.0000 1.0188 -0.5821 -0.1858 2
0.0000 1.4942 -0.8540 0.2113 7
0.0000 1.3304 -0.7607 -0.1882 3
0.0000 1.5106 -0.8641 0.2756 7
0.0000 1.5097 -0.8639 -0.1522 6
0.0000 1.5063 -0.8620 0.3374 7
0.0000 1.5080 -0.8633 -0.0911 7
0.0000 1.5147 -0.8678 -0.0305 8
0.0000 3.3454 -1.9175 1.0332 1
0.0000 0.7353 -0.4226 -0.2272 5
0.0000 1.5012 -0.8632 0.0302 6
0.0000 0.7111 -0.4091 -0.1894 6
0.0000 1.4853 -0.8548 0.0898 7
0.0000 0.9291 -0.5347 -0.2084 2
0.0000 1.5108 -0.8698 0.1525 7
0.0000 1.0168 -0.5856 -0.1858 2
0.0000 1.4861 -0.8563 0.2106 9
0.0000 1.3294 -0.7663 -0.1884 3
0.0000 1.4956 -0.8625 0.2734 7
0.0000 1.5049 -0.8682 -0.1520 5
0.0000 1.4965 -0.8633 0.3358 8
0.0000 1.4981 -0.8646 -0.0906 5
0.0000 1.4927 -0.8621 -0.0301 9
0.0000 3.3186 -1.9176 1.0270 1
0.0000 1.4930 -0.8655 0.0301 6
0.0000 0.7097 -0.4116 -0.1894 6
0.0000 1.4736 -0.8549 0.0893 7
0.0000 0.8965 -0.5203 -0.2015 2
0.0000 1.4852 -0.8624 0.1503 8
0.0000 1.0010 -0.5814 -0.1833 2
0.0000 1.4900 -0.8654 0.2116 10
0.0000 1.3336 -0.7749 -0.1894 3
0.0000 1.4960 -0.8697 0.2741 7
0.0000 1.4829 -0.8624 -0.1501 5
0.0000 1.4865 -0.8648 0.3343 8
0.0000 1.4759 -0.8590 -0.0895 6
0.0000 1.5679 -0.9129 0.4189 1
0.0000 1.4827 -0.8633 -0.0299 7
0.0000 3.3336 -1.9418 1.0337 1
0.0000 1.4760 -0.8629 0.0298 7
0.0000 0.6476 -0.3788 -0.1732 7
0.0000 1.4586 -0.8530 0.0886 6
0.0000 0.8947 -0.5235 -0.2015 2
0.0000 1.4650 -0.8575 0.1485 8
0.0000 1.0058 -0.5889 -0.1846 2
0.0000 1.4902 -0.8729 0.2121 9
0.0000 1.3239 -0.7758 -0.1884 3
0.0000 1.4793 -0.8669 0.2716 7
0.0000 1.4713 -0.8625 -0.1492 5
0.0000 1.4632 -0.8581 0.3297 8
0.0000 1.4712 -0.8631 -0.0894 6
0.0000 1.4797 -0.8685 -0.0299 7
0.0000 3.3401 -1.9612 1.0379 1
0.0000 1.4594 -0.8596 0.0296 6
0.0000 0.6464 -0.3809 -0.1732 7
0.0000 1.4642 -0.8632 0.0891 7
0.0000 0.8997 -0.5306 -0.2030 2
0.0000 1.4672 -0.8656 0.1490 8
0.0000 1.0106 -0.5962 -0.1858 2
0.0000 1.4617 -0.8627 0.2084 6
0.0000 1.3299 -0.7852 -0.1896 3
0.0000 1.4695 -0.8680 0.2703 7
0.0000 1.4649 -0.8656 -0.1489 5
0.0000 1.4637 -0.8650 0.3305 7
0.0000 1.4597 -0.8629 -0.0889 7
0.0000 1.4853 -0.8787 -0.0301 9
0.0000 3.3399 -1.9768 1.0399 1
0.0000 1.4632 -0.8688 0.0297 7
0.0000 0.6451 -0.3832 -0.1732 7
0.0000 1.4423 -0.8570 0.0879 7
0.0000 0.8844 -0.5255 -0.2000 2
0.0000 1.4643 -0.8705 0.1490 8
0.0000 1.0017 -0.5957 -0.1846 2
0.0000 1.4450 -0.8597 0.2064 9
0.0000 1.3152 -0.7828 -0.1879 3
0.0000 1.4580 -0.8681 0.2688 7
0.0000 1.4635 -0.8718 -0.1490 5
0.0000 1.4607 -0.8701 0.3305 7
0.0000 1.4550 -0.8670 -0.0888 6
0.0000 1.4667 -0.8747 -0.0298 9
0.0000 3.3529 -2.0003 1.0461 1
0.0000 1.4568 -0.8719 0.0296 6
0.0000 0.6872 -0.4114 -0.1849 6
0.0000 1.4307 -0.8569 0.0874 7
0.0000 0.8892 -0.5328 -0.2015 2
0.0000 1.4526 -0.8707 0.1482 8
0.0000 1.0063 -0.6035 -0.1858 2
0.0000 1.4420 -0.8647 0.2064 9
0.0000 1.3090 -0.7853 -0.1874 3
0.0000 1.4397 -0.8640 0.2659 7
0.0000 1.4605 -0.8769 -0.1490 5
0.0000 1.4541 -0.8734 0.3297 7
0.0000 1.4449 -0.8682 -0.0883 6
0.0000 1.4465 -0.8695 -0.0295 7
0.0000 3.3426 -2.0100 1.0451 1
0.0000 1.4433 -0.8710 0.0294 6
0.0000 0.6757 -0.4079 -0.1822 7
0.0000 1.4345 -0.8661 0.0878 7
0.0000 0.9176 -0.5542 -0.2084 2
0.0000 1.4376 -0.8686 0.1469 8
0.0000 1.0143 -0.6131 -0.1877 2
0.0000 1.4303 -0.8649 0.2052 9
0.0000 1.3197 -0.7983 -0.1894 3
0.0000 1.4367 -0.8691 0.2659 7
0.0000 1.4387 -0.8706 -0.1471 5
0.0000 1.4477 -0.8764 0.3290 8
0.0000 1.4350 -0.8691 -0.0879 6
0.0000 1.4418 -0.8735 -0.0294 9
0.0000 3.3389 -2.0237 1.0461 1
0.0000 1.4267 -0.8675 0.0291 6
0.0000 0.7043 -0.4284 -0.1903 6
0.0000 1.4247 -0.8669 0.0874 6
0.0000 0.8989 -0.5472 -0.2045 2
0.0000 1.4141 -0.8611 0.1449 9
0.0000 0.9937 -0.6052 -0.1843 2
0.0000 1.4274 -0.8696 0.2052 9
0.0000 1.3120 -0.7996 -0.1887 3
0.0000 1.4303 -0.8720 0.2653 7
0.0000 1.4288 -0.8715 -0.1464 6
0.0000 1.4314 -0.8730 0.3259 7
0.0000 1.4304 -0.8728 -0.0878 6
0.0000 1.4353 -0.8765 -0.0294 9
0.0000 3.3351 -2.0373 1.0472 1
0.0000 1.4220 -0.8714 0.0291 6
0.0000 0.6828 -0.4186 -0.1849 6
0.0000 1.4165 -0.8687 0.0871 7
0.0000 0.9406 -0.5768 -0.2145 2
0.0000 1.4180 -0.8700 0.1456 8
0.0000 0.9866 -0.6055 -0.1833 2
0.0000 1.4125 -0.8673 0.2035 6
0.0000 1.3160 -0.8083 -0.1896 3
0.0000 1.4205 -0.8729 0.2641 7
0.0000 1.4310 -0.8793 -0.1469 7
0.0000 1.4183 -0.8719 0.3236 7
0.0000 1.4138 -0.8694 -0.0870 7
0.0000 1.4855 -0.9139 0.4027 1
0.0000 1.4220 -0.8752 -0.0291 9
0.0000 3.3444 -2.0591 1.0524 1
0.0000 1.4240 -0.8795 0.0292 6
0.0000 0.7046 -0.4353 -0.1912 6
0.0000 1.3982 -0.8642 0.0861 6
0.0000 0.8584 -0.5306 -0.1962 2
0.0000 1.4184 -0.8770 0.1459 7
0.0000 0.9878 -0.6110 -0.1840 2
0.0000 1.3994 -0.8660 0.2021 7
0.0000 1.2963 -0.8025 -0.1872 3
0.0000 1.4174 -0.8778 0.2641 7
0.0000 1.4144 -0.8759 -0.1456 7
0.0000 1.4152 -0.8768 0.3236 7
0.0000 1.4073 -0.8722 -0.0868 7
0.0000 1.4591 -0.9047 0.3964 1
0.0000 1.4207 -0.8812 -0.0292 9
0.0000 3.3372 -2.0708 1.0524 1
0.0000 1.4176 -0.8824 0.0291 6
0.0000 0.6700 -0.4172 -0.1822 7
0.0000 1.3886 -0.8646 0.0857 6
0.0000 0.8865 -0.5522 -0.2030 2
0.0000 1.4085 -0.8778 0.1452 7
0.0000 0.9957 -0.6208 -0.1858 2
0.0000 1.3930 -0.8687 0.2016 7
0.0000 1.3002 -0.8112 -0.1882 3
0.0000 1.3961 -0.8710 0.2606 8
0.0000 1.4096 -0.8798 -0.1454 7
0.0000 1.4122 -0.8817 0.3236 7
0.0000 1.3958 -0.8719 -0.0862 6
0.0000 1.4130 -0.8829 0.3847 1
0.0000 1.3940 -0.8711 -0.0287 9
0.0000 3.3287 -2.0808 1.0518 1
0.0000 1.4011 -0.8786 0.0289 6
0.0000 0.6356 -0.3987 -0.1732 7
0.0000 1.3838 -0.8684 0.0856 6
0.0000 0.8580 -0.5386 -0.1969 2
0.0000 1.3920 -0.8742 0.1438 7
0.0000 0.9970 -0.6262 -0.1865 2
0.0000 1.3901 -0.8734 0.2016 7
0.0000 1.2941 -0.8134 -0.1877 3
0.0000 1.3863 -0.8717 0.2594 7
0.0000 1.3880 -0.8731 -0.1435 6
0.0000 1.3976 -0.8791 0.3209 6
0.0000 1.3912 -0.8754 -0.0861 6
0.0000 1.3919 -0.8762 0.3797 1
0.0000 1.3926 -0.8770 -0.0287 9
0.0000 3.3198 -2.0914 1.0513 1
0.0000 1.3896 -0.8781 0.0287 7
0.0000 0.6770 -0.4280 -0.1849 6
0.0000 1.3826 -0.8741 0.0857 7
0.0000 0.8827 -0.5583 -0.2030 2
0.0000 1.3857 -0.8767 0.1435 7
0.0000 0.9881 -0.6254 -0.1852 2
0.0000 1.3820 -0.8750 0.2008 7
0.0000 1.2997 -0.8232 -0.1889 3
0.0000 1.3801 -0.8741 0.2587 7
0.0000 1.3767 -0.8723 -0.1426 5
0.0000 1.3796 -0.8745 0.3175 7
0.0000 1.3848 -0.8781 -0.0859 6
0.0000 1.3724 -0.8706 0.3752 2
0.0000 1.3846 -0.8784 -0.0286 9
0.0000 2.9018 -1.8415 0.9209 1
0.0000 1.3782 -0.8773 0.0285 6
0.0000 0.6657 -0.4239 -0.1822 7
0.0000 1.3712 -0.8735 0.0852 9
0.0000 0.8824 -0.5624 -0.2034 2
0.0000 1.3759 -0.8772 0.1428 7
0.0000 0.9861 -0.6287 -0.1852 2
0.0000 1.3657 -0.8711 0.1989 9
0.0000 1.2936 -0.8254 -0.1884 3
0.0000 1.3737 -0.8768 0.2581 7
0.0000 1.3686 -0.8739 -0.1421 5
0.0000 1.3701 -0.8749 0.3160 8
0.0000 1.3718 -0.8763 -0.0853 7
0.0000 1.3580 -0.8678 0.3721 2
0.0000 1.3849 -0.8854 -0.0287 11
0.0000 2.9034 -1.8568 0.9235 2
0.0000 1.3785 -0.8843 0.0286 7
0.0000 0.6741 -0.4326 -0.1849 6
0.0000 1.3614 -0.8740 0.0848 9
0.0000 0.8740 -0.5611 -0.2019 2
0.0000 1.3780 -0.8850 0.1433 9
0.0000 0.9872 -0.6342 -0.1858 2
0.0000 1.3576 -0.8726 0.1982 9
0.0000 1.2940 -0.8320 -0.1889 3
0.0000 1.3706 -0.8816 0.2581 10
0.0000 1.3757 -0.8849 -0.1431 7
0.0000 1.3720 -0.8828 0.3171 8
0.0000 1.3620 -0.8767 -0.0849 7
0.0000 1.3255 -0.8536 0.3640 3
0.0000 1.3802 -0.8891 -0.0287 13
0.0000 2.9262 -1.8858 0.9328 3
0.0000 1.3653 -0.8826 0.0284 7
0.0000 0.6726 -0.4349 -0.1849 6
0.0000 1.3499 -0.8733 0.0843 9
0.0000 0.8654 -0.5599 -0.2003 2
0.0000 1.3649 -0.8833 0.1422 9
0.0000 0.9916 -0.6420 -0.1871 2
0.0000 1.3563 -0.8784 0.1984 9
0.0000 1.2811 -0.8301 -0.1874 3
0.0000 1.3510 -0.8757 0.2550 8
0.0000 1.3693 -0.8875 -0.1428 6
0.0000 1.3656 -0.8855 0.3164 8
0.0000 1.3572 -0.8804 -0.0848 8
0.0000 1.3388 -0.8688 0.3685 3
0.0000 1.3552 -0.8798 -0.0282 13
0.0000 2.9277 -1.9013 0.9354 7
0.0000 0.7107 -0.4628 -0.2272 5
0.0000 1.3589 -0.8852 0.0283 7
0.0000 0.6906 -0.4500 -0.1903 6
0.0000 1.3435 -0.8758 0.0841 9
0.0000 0.8700 -0.5672 -0.2019 2
0.0000 1.3535 -0.8826 0.1414 7
0.0000 0.9927 -0.6476 -0.1877 2
0.0000 1.3515 -0.8821 0.1982 7
0.0000 1.2865 -0.8400 -0.1887 3
0.0000 1.3479 -0.8804 0.2550 8
0.0000 1.3428 -0.8771 -0.1403 7
0.0000 1.3559 -0.8859 0.3148 8
0.0000 1.3525 -0.8840 -0.0847 7
0.0000 1.3276 -0.8681 0.3662 4
0.0000 1.3505 -0.8834 -0.0282 11
0.0000 1.7959 -1.1752 0.5751 1
0.0000 1.3374 -0.8778 0.0279 7
0.0000 0.6890 -0.4524 -0.1903 6
0.0000 1.3388 -0.8794 0.0839 7
0.0000 0.8549 -0.5616 -0.1988 2
0.0000 1.3404 -0.8808 0.1403 7
0.0000 0.9739 -0.6402 -0.1846 2
0.0000 1.3451 -0.8846 0.1977 6
0.0000 1.2886 -0.8477 -0.1894 3
0.0000 1.3415 -0.8829 0.2544 8
0.0000 1.3364 -0.8795 -0.1400 6
0.0000 1.3282 -0.8745 0.3091 7
0.0000 1.3444 -0.8855 -0.0844 7
0.0000 1.3246 -0.8728 0.3662 4
0.0000 1.3307 -0.8771 -0.0278 10
0.0000 1.7128 -1.1294 0.5497 2
0.0000 1.3343 -0.8825 0.0279 7
0.0000 0.6745 -0.4462 -0.1867 6
0.0000 1.3324 -0.8819 0.0837 7
0.0000 0.8529 -0.5646 -0.1988 2
0.0000 1.3439 -0.8899 0.1410 7
0.0000 0.9618 -0.6371 -0.1827 2
0.0000 1.3288 -0.8805 0.1957 6
0.0000 1.2873 -0.8533 -0.1896 3
0.0000 1.3318 -0.8832 0.2531 7
0.0000 1.3334 -0.8842 -0.1400 5
0.0000 1.3350 -0.8856 0.3114 7
0.0000 1.3280 -0.8813 -0.0835 6
0.0000 1.3199 -0.8763 0.3658 4
0.0000 1.3393 -0.8895 -0.0281 9
0.0000 1.7056 -1.1332 0.5487 3
0.0000 0.7058 -0.4702 -0.2272 5
0.0000 1.3296 -0.8860 0.0279 7
0.0000 0.6729 -0.4486 -0.1867 6
0.0000 1.3143 -0.8766 0.0828 6
0.0000 0.8542 -0.5697 -0.1996 2
0.0000 1.3309 -0.8879 0.1400 7
0.0000 0.9760 -0.6514 -0.1858 2
0.0000 1.3224 -0.8829 0.1952 6
0.0000 1.2727 -0.8501 -0.1879 3
0.0000 1.3255 -0.8857 0.2525 7
0.0000 1.3286 -0.8877 -0.1398 5
0.0000 1.3237 -0.8848 0.3095 7
0.0000 1.3216 -0.8837 -0.0833 6
0.0000 1.3007 -0.8701 0.3613 4
0.0000 1.3295 -0.8897 -0.0279 8
0.0000 1.6952 -1.1349 0.5466 4
0.0000 1.3148 -0.8829 0.0276 6
0.0000 0.6843 -0.4596 -0.1903 6
0.0000 1.3013 -0.8745 0.0822 6
0.0000 0.8392 -0.5639 -0.1965 2
0.0000 1.3311 -0.8948 0.1403 7
0.0000 0.9802 -0.6592 -0.1871 2
0.0000 1.3127 -0.8831 0.1943 7
0.0000 1.2664 -0.8523 -0.1874 3
0.0000 1.3093 -0.8814 0.2500 7
0.0000 1.3172 -0.8868 -0.1389 6
0.0000 1.3141 -0.8850 0.3080 7
0.0000 1.3185 -0.8883 -0.0833 6
0.0000 1.2928 -0.8713 0.3599 4
0.0000 1.3098 -0.8832 -0.0276 8
0.0000 1.6945 -1.1429 0.5477 8
0.0000 1.3084 -0.8852 0.0276 6
0.0000 0.6633 -0.4489 -0.1849 6
0.0000 1.2933 -0.8756 0.0819 5
0.0000 0.8437 -0.5713 -0.1981 2
0.0000 1.3065 -0.8849 0.1381 5
0.0000 0.9910 -0.6715 -0.1896 2
0.0000 1.3063 -0.8855 0.1938 7
0.0000 1.2766 -0.8656 -0.1894 3
0.0000 1.3062 -0.8860 0.2500 7
0.0000 1.3075 -0.8869 -0.1382 6
0.0000 1.3078 -0.8874 0.3072 7
0.0000 1.3137 -0.8918 -0.0832 6
0.0000 1.2865 -0.8736 0.3590 4
0.0000 1.3034 -0.8855 -0.0275 8
0.0000 1.6713 -1.1358 0.5414 8
0.0000 1.2953 -0.8832 0.0274 6
0.0000 0.6810 -0.4645 -0.1903 6
0.0000 1.2884 -0.8792 0.0817 6
0.0000 0.8481 -0.5788 -0.1996 2
0.0000 1.2983 -0.8863 0.1375 7
0.0000 0.9690 -0.6617 -0.1858 2
0.0000 1.3080 -0.8936 0.1945 8
0.0000 1.2702 -0.8681 -0.1889 3
0.0000 1.3029 -0.8908 0.2500 7
0.0000 1.2993 -0.8883 -0.1377 6
0.0000 1.2931 -0.8844 0.3045 6
0.0000 1.3104 -0.8966 -0.0832 6
0.0000 1.2833 -0.8784 0.3590 5
0.0000 1.3035 -0.8925 -0.0276 8
0.0000 1.6544 -1.1332 0.5373 8
0.0000 1.2922 -0.8878 0.0274 6
0.0000 0.6601 -0.4537 -0.1849 6
0.0000 1.2936 -0.8894 0.0823 5
0.0000 0.8364 -0.5750 -0.1973 2
0.0000 1.2952 -0.8908 0.1375 4
0.0000 0.9732 -0.6696 -0.1871 2
0.0000 1.2853 -0.8847 0.1916 5
0.0000 1.2655 -0.8714 -0.1887 3
0.0000 1.2965 -0.8931 0.2494 5
0.0000 1.2962 -0.8929 -0.1377 5
0.0000 1.2820 -0.8834 0.3026 4
0.0000 1.2958 -0.8932 -0.0825 6
0.0000 1.2882 -0.8884 0.3613 5
0.0000 1.3004 -0.8971 -0.0276 8
0.0000 1.6552 -1.1423 0.5389 8
0.0000 1.2940 -0.8957 0.0275 4
0.0000 0.6553 -0.4537 -0.1840 6
0.0000 1.2759 -0.8834 0.0813 4
0.0000 0.8441 -0.5847 -0.1996 2
0.0000 1.2954 -0.8976 0.1379 4
0.0000 0.9578 -0.6640 -0.1846 2
0.0000 1.2789 -0.8869 0.1911 5
0.0000 1.2561 -0.8710 -0.1877 3
0.0000 1.2920 -0.8963 0.2490 5
0.0000 1.2931 -0.8974 -0.1377 5
0.0000 1.2950 -0.8990 0.3064 4
0.0000 1.2894 -0.8955 -0.0823 3
0.0000 1.2805 -0.8893 0.3599 5
0.0000 1.2892 -0.8957 -0.0274 7
0.0000 1.6434 -1.1422 0.5363 8
0.0000 1.2960 -0.9034 0.0276 4
0.0000 0.6570 -0.4581 -0.1849 6
0.0000 1.2680 -0.8842 0.0810 4
0.0000 0.8421 -0.5875 -0.1996 2
0.0000 1.2891 -0.8996 0.1375 5
0.0000 0.9589 -0.6694 -0.1852 2
0.0000 1.2955 -0.9047 0.1940 7
0.0000 1.2548 -0.8763 -0.1879 3
0.0000 1.2922 -0.9028 0.2497 7
0.0000 1.2983 -0.9074 -0.1386 3
0.0000 1.3081 -0.9146 0.3103 9
0.0000 1.2979 -0.9078 -0.0830 5
0.0000 1.2759 -0.8924 0.3595 5
0.0000 1.2927 -0.9045 -0.0275 7
0.0000 1.6381 -1.1466 0.5358 7
0.0000 1.2979 -0.9111 0.0277 7
0.0000 0.6618 -0.4648 -0.1867 6
0.0000 1.2927 -0.9082 0.0828 9
0.0000 0.8209 -0.5767 -0.1950 2
0.0000 1.2894 -0.9062 0.1379 7
0.0000 0.9663 -0.6794 -0.1871 2
0.0000 1.3055 -0.9182 0.1960 9
0.0000 1.2550 -0.8830 -0.1884 3
0.0000 1.2858 -0.9050 0.2490 10
0.0000 1.2935 -0.9108 -0.1384 8
0.0000 1.3083 -0.9212 0.3110 9
0.0000 1.3030 -0.9178 -0.0835 10
0.0000 1.2887 -0.9081 0.3640 4
0.0000 1.2945 -0.9125 -0.0276 14
0.0000 1.6230 -1.1445 0.5321 7
0.0000 1.2947 -0.9157 0.0277 10
0.0000 0.6538 -0.4626 -0.1849 6
0.0000 1.2993 -0.9196 0.0834 10
0.0000 0.8348 -0.5911 -0.1988 2
0.0000 1.2861 -0.9109 0.1379 7
0.0000 0.9606 -0.6807 -0.1865 2
0.0000 1.3071 -0.9262 0.1967 9
0.0000 1.2519 -0.8874 -0.1884 3
0.0000 1.3036 -0.9244 0.2531 8
0.0000 1.2903 -0.9153 -0.1384 10
0.0000 1.3033 -0.9248 0.3106 9
0.0000 1.2964 -0.9203 -0.0833 10
0.0000 1.2886 -0.9151 0.3649 4
0.0000 1.2994 -0.9228 -0.0278 14
0.0000 1.6032 -1.1389 0.5270 7
0.0000 1.2913 -0.9204 0.0277 9
0.0000 0.6521 -0.4650 -0.1849 6
0.0000 1.2912 -0.9207 0.0831 7
0.0000 0.8231 -0.5871 -0.1965 2
0.0000 1.2958 -0.9247 0.1393 7
0.0000 0.9422 -0.6725 -0.1833 2
0.0000 1.2908 -0.9217 0.1947 8
0.0000 1.2438 -0.8885 -0.1877 3
0.0000 1.3100 -0.9358 0.2550 8
0.0000 1.3001 -0.9290 -0.1398 9
0.0000 1.2985 -0.9282 0.3103 8
0.0000 1.2899 -0.9225 -0.0831 10
0.0000 1.2949 -0.9264 0.3676 5
0.0000 1.2978 -0.9285 -0.0279 14
0.0000 1.6008 -1.1457 0.5275 6
0.0000 1.3061 -0.9375 0.0281 7
0.0000 0.6696 -0.4808 -0.1903 6
0.0000 1.2880 -0.9252 0.0831 9
0.0000 0.8147 -0.5854 -0.1950 2
0.0000 1.2991 -0.9338 0.1400 7
0.0000 0.9560 -0.6872 -0.1865 2
0.0000 1.2877 -0.9260 0.1947 7
0.0000 1.2424 -0.8938 -0.1879 3
0.0000 1.3083 -0.9415 0.2553 8
0.0000 1.3033 -0.9382 -0.1405 9
0.0000 1.3049 -0.9394 0.3125 8
0.0000 1.2998 -0.9361 -0.0839 8
0.0000 1.2839 -0.9250 0.3653 4
0.0000 1.3011 -0.9377 -0.0280 13
0.0000 1.5921 -1.1479 0.5259 4
0.0000 1.3028 -0.9421 0.0281 7
0.0000 0.6616 -0.4786 -0.1885 6
0.0000 1.2847 -0.9297 0.0831 9
0.0000 0.8414 -0.6088 -0.2019 2
0.0000 1.3024 -0.9428 0.1407 7
0.0000 0.9536 -0.6905 -0.1865 2
0.0000 1.3022 -0.9433 0.1974 9
0.0000 1.2393 -0.8981 -0.1879 3
0.0000 1.3019 -0.9438 0.2547 8
0.0000 1.3098 -0.9496 -0.1415 7
0.0000 1.3080 -0.9486 0.3141 8
0.0000 1.2998 -0.9430 -0.0842 7
0.0000 1.2791 -0.9283 0.3649 4
0.0000 1.2913 -0.9375 -0.0279 12
0.0000 1.5944 -1.1579 0.5280 4
0.0000 1.3092 -0.9537 0.0283 7
0.0000 0.6473 -0.4717 -0.1849 6
0.0000 1.2944 -0.9435 0.0839 7
0.0000 0.8234 -0.6002 -0.1981 2
0.0000 1.2911 -0.9415 0.1398 7
0.0000 0.9480 -0.6915 -0.1858 2
0.0000 1.2989 -0.9478 0.1974 9
0.0000 1.2297 -0.8977 -0.1869 3
0.0000 1.2986 -0.9483 0.2547 8
0.0000 1.2969 -0.9471 -0.1405 6
0.0000 1.3142 -0.9601 0.3164 8
0.0000 1.3045 -0.9534 -0.0847 7
0.0000 1.2979 -0.9488 0.3712 3
0.0000 1.2929 -0.9456 -0.0280 11
0.0000 1.5778 -1.1544 0.5238 3
0.0000 1.2930 -0.9488 0.0280 7
0.0000 0.6519 -0.4785 -0.1867 6
0.0000 1.3009 -0.9549 0.0846 10
0.0000 0.8245 -0.6054 -0.1988 2
0.0000 1.3006 -0.9554 0.1412 7
0.0000 0.9392 -0.6901 -0.1846 2
0.0000 1.3083 -0.9618 0.1994 9
0.0000 1.2298 -0.9044 -0.1874 3
0.0000 1.3097 -0.9631 0.2575 7
0.0000 1.2952 -0.9528 -0.1407 7
0.0000 1.3061 -0.9612 0.3152 7
0.0000 1.2980 -0.9556 -0.0845 8
0.0000 1.2836 -0.9453 0.3680 3
0.0000 1.3075 -0.9629 -0.0283 13
0.0000 1.5647 -1.1527 0.5207 3
0.0000 1.3059 -0.9649 0.0283 10
0.0000 0.6033 -0.4460 -0.1732 7
0.0000 1.3120 -0.9702 0.0855 10
0.0000 0.8223 -0.6083 -0.1988 2
0.0000 1.3069 -0.9671 0.1422 9
0.0000 0.9369 -0.6932 -0.1846 2
0.0000 1.2972 -0.9602 0.1982 9
0.0000 1.2300 -0.9108 -0.1879 3
0.0000 1.3095 -0.9701 0.2581 7
0.0000 1.3142 -0.9739 -0.1431 9
0.0000 1.3092 -0.9702 0.3167 8
0.0000 1.2948 -0.9599 -0.0845 8
0.0000 1.3055 -0.9681 0.3752 2
0.0000 1.3089 -0.9710 -0.0284 13
0.0000 1.5761 -1.1697 0.5259 2
0.0000 0.6804 -0.5062 -0.2272 5
0.0000 1.3090 -0.9743 0.0285 10
0.0000 0.6612 -0.4923 -0.1903 6
0.0000 1.3022 -0.9700 0.0851 10
0.0000 0.8046 -0.5993 -0.1950 2
0.0000 1.3021 -0.9702 0.1421 9
0.0000 0.9440 -0.7036 -0.1865 2
0.0000 1.3002 -0.9695 0.1991 10
0.0000 1.2204 -0.9103 -0.1869 3
0.0000 1.3061 -0.9746 0.2581 8
0.0000 1.3110 -0.9783 -0.1431 9
0.0000 1.3090 -0.9771 0.3175 8
0.0000 1.2931 -0.9656 -0.0846 10
0.0000 1.3052 -0.9750 0.3761 2
0.0000 1.3135 -0.9816 -0.0286 13
0.0000 1.5751 -1.1775 0.5270 2
0.0000 1.3152 -0.9860 0.0287 10
0.0000 0.6314 -0.4735 -0.1822 7
0.0000 1.2909 -0.9685 0.0846 10
0.0000 0.8370 -0.6280 -0.2034 2
0.0000 1.3083 -0.9819 0.1431 10
0.0000 0.9415 -0.7069 -0.1865 2
0.0000 1.3126 -0.9859 0.2016 10
0.0000 1.2141 -0.9122 -0.1865 3
0.0000 1.3059 -0.9816 0.2587 11
0.0000 1.3171 -0.9900 -0.1442 9
0.0000 1.3165 -0.9899 0.3202 9
0.0000 1.3008 -0.9785 -0.0853 10
0.0000 1.2940 -0.9737 0.3739 2
0.0000 1.3117 -0.9873 -0.0287 14
0.0000 1.5772 -1.1876 0.5290 2
0.0000 1.3117 -0.9906 0.0287 9
0.0000 0.6297 -0.4757 -0.1822 7
0.0000 1.2986 -0.9814 0.0853 10
0.0000 0.8035 -0.6072 -0.1958 2
0.0000 1.3016 -0.9841 0.1428 9
0.0000 0.9280 -0.7018 -0.1843 2
0.0000 1.3155 -0.9953 0.2025 10
0.0000 1.2204 -0.9236 -0.1879 3
0.0000 1.3024 -0.9861 0.2587 12
0.0000 1.3153 -0.9958 -0.1443 7
0.0000 1.3162 -0.9969 0.3209 10
0.0000 1.3070 -0.9903 -0.0859 8
0.0000 1.3263 -1.0053 0.3842 1
0.0000 1.3018 -0.9871 -0.0285 13
0.0000 1.5515 -1.1768 0.5218 2
0.0000 1.3019 -0.9903 0.0286 9
0.0000 0.6746 -0.5133 -0.1957 5
0.0000 1.3063 -0.9944 0.0860 10
0.0000 0.8326 -0.6338 -0.2034 2
0.0000 1.3045 -0.9934 0.1435 9
0.0000 0.9240 -0.7039 -0.1840 2
0.0000 1.3152 -1.0023 0.2030 10
0.0000 1.2108 -0.9231 -0.1869 3
0.0000 1.3116 -1.0002 0.2612 10
0.0000 1.3102 -0.9992 -0.1442 9
0.0000 1.3065 -0.9967 0.3194 10
0.0000 1.2987 -0.9912 -0.0856 10
0.0000 1.3445 -1.0264 0.3905 1
0.0000 1.3032 -0.9953 -0.0286 13
0.0000 1.5535 -1.1869 0.5238 3
0.0000 1.3111 -1.0046 0.0288 9
0.0000 0.6419 -0.4920 -0.1867 6
0.0000 1.2997 -0.9965 0.0858 10
0.0000 0.8117 -0.6224 -0.1988 2
0.0000 1.3106 -1.0053 0.1445 10
0.0000 0.9199 -0.7059 -0.1837 2
0.0000 1.3117 -1.0069 0.2030 10
0.0000 1.2171 -0.9346 -0.1884 3
0.0000 1.3128 -1.0084 0.2622 10
0.0000 1.3177 -1.0122 -0.1454 9
0.0000 1.3092 -1.0060 0.3209 10
0.0000 1.2953 -0.9957 -0.0856 8
0.0000 1.3965 -1.0739 0.4067 1
0.0000 1.3076 -1.0059 -0.0288 11
0.0000 1.5555 -1.1970 0.5259 3
0.0000 1.3139 -1.0141 0.0290 9
0.0000 0.5939 -0.4585 -0.1732 7
0.0000 1.2978 -1.0023 0.0859 10
0.0000 0.8095 -0.6252 -0.1988 2
0.0000 1.3149 -1.0159 0.1454 9
0.0000 0.9206 -0.7115 -0.1843 2
0.0000 1.3050 -1.0090 0.2025 10
0.0000 1.2091 -0.9352 -0.1877 3
0.0000 1.3202 -1.0214 0.2644 9
0.0000 1.3189 -1.0205 -0.1459 9
0.0000 1.3212 -1.0226 0.3248 9
0.0000 1.2965 -1.0039 -0.0859 8
0.0000 1.4759 -1.1432 0.4310 1
0.0000 1.3136 -1.0178 -0.0290 13
0.0000 1.5574 -1.2072 0.5280 3
0.0000 1.3167 -1.0236 0.0291 8
0.0000 0.6230 -0.4845 -0.1822 7
0.0000 1.2990 -1.0105 0.0862 10
0.0000 0.8042 -0.6256 -0.1981 2
0.0000 1.3177 -1.0254 0.1461 10
0.0000 0.9197 -0.7159 -0.1846 2
0.0000 1.3156 -1.0245 0.2047 10
0.0000 1.2027 -0.9369 -0.1872 3
0.0000 1.3041 -1.0163 0.2619 10
0.0000 1.3201 -1.0288 -0.1464 9
0.0000 1.3192 -1.0284 0.3251 9
0.0000 1.3009 -1.0145 -0.0865 8
0.0000 1.4842 -1.1579 0.4346 1
0.0000 1.3069 -1.0199 -0.0289 13
0.0000 1.5593 -1.2174 0.5301 3
0.0000 1.3163 -1.0306 0.0292 7
0.0000 0.5907 -0.4626 -0.1732 7
0.0000 1.3033 -1.0212 0.0868 7
0.0000 0.7990 -0.6260 -0.1973 2
0.0000 1.3062 -1.0238 0.1452 9
0.0000 0.9327 -0.7313 -0.1877 2
0.0000 1.3167 -1.0328 0.2055 10
0.0000 1.1963 -0.9387 -0.1867 3
0.0000 1.3037 -1.0233 0.2625 9
0.0000 1.3149 -1.0321 -0.1462 7
0.0000 1.3187 -1.0355 0.3259 8
0.0000 1.3083 -1.0277 -0.0872 7
0.0000 1.3111 -1.0307 -0.0291 12
0.0000 1.5429 -1.2132 0.5259 3
0.0000 1.3095 -1.0327 0.0291 7
0.0000 0.6472 -0.5106 -0.1903 6
0.0000 1.3044 -1.0294 0.0871 9
0.0000 0.8029 -0.6337 -0.1988 2
0.0000 1.3089 -1.0333 0.1459 9
0.0000 0.9022 -0.7125 -0.1821 2
0.0000 1.3193 -1.0423 0.2064 10
0.0000 1.1992 -0.9478 -0.1877 3
0.0000 1.3171 -1.0413 0.2659 10
0.0000 1.3158 -1.0407 -0.1468 6
0.0000 1.3166 -1.0413 0.3263 9
0.0000 1.3157 -1.0410 -0.0879 7
0.0000 1.3107 -1.0377 -0.0292 10
0.0000 1.5417 -1.2210 0.5270 3
0.0000 1.3122 -1.0423 0.0293 7
0.0000 0.6179 -0.4910 -0.1822 7
0.0000 1.3055 -1.0377 0.0874 9
0.0000 0.8068 -0.6415 -0.2003 2
0.0000 1.3129 -1.0443 0.1468 8
0.0000 0.9104 -0.7245 -0.1843 2
0.0000 1.3079 -1.0407 0.2052 9
0.0000 1.1850 -0.9433 -0.1860 3
0.0000 1.3166 -1.0484 0.2666 9
0.0000 1.3184 -1.0502 -0.1475 7
0.0000 1.3143 -1.0473 0.3267 9
0.0000 1.3041 -1.0395 -0.0874 8
0.0000 1.5145 -1.2077 0.4472 1
0.0000 1.3180 -1.0510 -0.0294 10
0.0000 1.5464 -1.2336 0.5301 3
0.0000 1.3130 -1.0508 0.0294 8
0.0000 0.6070 -0.4859 -0.1795 7
0.0000 1.2970 -1.0388 0.0871 9
0.0000 0.8260 -0.6615 -0.2057 2
0.0000 1.3201 -1.0576 0.1480 8
0.0000 0.9156 -0.7338 -0.1858 2
0.0000 1.3149 -1.0542 0.2069 9
0.0000 1.1862 -0.9514 -0.1867 3
0.0000 1.3235 -1.0619 0.2688 9
0.0000 1.3239 -1.0625 -0.1485 9
0.0000 1.3168 -1.0568 0.3282 8
0.0000 1.3067 -1.0491 -0.0878 10
0.0000 1.4677 -1.1788 0.4346 1
0.0000 1.3173 -1.0583 -0.0295 12
0.0000 1.5464 -1.2429 0.5316 3
0.0000 1.3171 -1.0617 0.0295 7
0.0000 0.6144 -0.4954 -0.1822 7
0.0000 1.2965 -1.0458 0.0873 7
0.0000 0.7899 -0.6374 -0.1973 2
0.0000 1.3209 -1.0662 0.1485 8
0.0000 0.9068 -0.7322 -0.1846 2
0.0000 1.3159 -1.0625 0.2077 10
0.0000 1.1844 -0.9567 -0.1869 3
0.0000 1.3091 -1.0578 0.2666 9
0.0000 1.3201 -1.0671 -0.1485 7
0.0000 1.3236 -1.0703 0.3309 8
0.0000 1.3168 -1.0652 -0.0888 10
0.0000 1.5785 -1.2773 0.4688 1
0.0000 1.3089 -1.0592 -0.0294 12
0.0000 1.5391 -1.2459 0.5306 3
0.0000 1.3136 -1.0660 0.0295 7
0.0000 0.6400 -0.5195 -0.1903 6
0.0000 1.3072 -1.0612 0.0882 9
0.0000 0.7849 -0.6374 -0.1965 2
0.0000 1.3129 -1.0666 0.1480 8
0.0000 0.9060 -0.7363 -0.1849 2
0.0000 1.3185 -1.0719 0.2086 10
0.0000 1.1874 -0.9657 -0.1879 3
0.0000 1.3180 -1.0719 0.2691 7
0.0000 1.3230 -1.0763 -0.1492 9
0.0000 1.3232 -1.0769 0.3316 8
0.0000 1.3165 -1.0718 -0.0890 10
0.0000 1.6047 -1.3069 0.4778 5
0.0000 1.3164 -1.0721 -0.0296 12
0.0000 1.5307 -1.2470 0.5290 3
0.0000 1.3132 -1.0729 0.0296 7
0.0000 0.6111 -0.4995 -0.1822 7
0.0000 1.3081 -1.0695 0.0886 7
0.0000 0.8039 -0.6575 -0.2019 2
0.0000 1.3169 -1.0775 0.1489 8
0.0000 0.8898 -0.7280 -0.1821 2
0.0000 1.3211 -1.0813 0.2096 7
0.0000 1.1811 -0.9671 -0.1874 3
0.0000 1.3219 -1.0827 0.2706 7
0.0000 1.3269 -1.0872 -0.1501 10
0.0000 1.3227 -1.0838 0.3324 8
0.0000 1.3238 -1.0851 -0.0897 10
0.0000 1.5974 -1.3097 0.4769 8
0.0000 1.3281 -1.0894 -0.0300 12
0.0000 1.5323 -1.2573 0.5311 3
0.0000 1.3125 -1.0800 0.0297 7
0.0000 0.6244 -0.5140 -0.1867 6
0.0000 1.3074 -1.0766 0.0888 7
0.0000 0.8017 -0.6602 -0.2019 2
0.0000 1.3225 -1.0894 0.1499 8
0.0000 0.8903 -0.7336 -0.1827 2
0.0000 1.3142 -1.0834 0.2091 9
0.0000 1.1686 -0.9636 -0.1860 3
0.0000 1.3257 -1.0936 0.2722 7
0.0000 1.3248 -1.0929 -0.1503 10
0.0000 1.3204 -1.0896 0.3328 8
0.0000 1.3154 -1.0859 -0.0894 10
0.0000 1.5943 -1.3166 0.4773 7
0.0000 1.3243 -1.0940 -0.0300 12
0.0000 1.5338 -1.2675 0.5332 3
0.0000 1.3164 -1.0910 0.0298 7
0.0000 0.6076 -0.5037 -0.1822 7
0.0000 1.3021 -1.0799 0.0887 7
0.0000 0.7934 -0.6580 -0.2003 2
0.0000 1.3233 -1.0979 0.1504 8
0.0000 0.8816 -0.7317 -0.1815 2
0.0000 1.3135 -1.0905 0.2096 9
0.0000 1.1743 -0.9753 -0.1874 3
0.0000 1.3249 -1.1008 0.2728 7
0.0000 1.3287 -1.1039 -0.1511 10
0.0000 1.3181 -1.0955 0.3332 8
0.0000 1.3146 -1.0930 -0.0896 10
0.0000 1.5852 -1.3184 0.4760 8
0.0000 1.3282 -1.1050 -0.0302 12
0.0000 1.5339 -1.2766 0.5347 4
0.0000 1.3172 -1.0994 0.0299 7
0.0000 0.5969 -0.4983 -0.1795 7
0.0000 1.3091 -1.0934 0.0894 9
0.0000 0.7911 -0.6607 -0.2003 2
0.0000 1.3241 -1.1063 0.1510 8
0.0000 0.8942 -0.7474 -0.1846 2
0.0000 1.3188 -1.1027 0.2111 10
0.0000 1.1557 -0.9667 -0.1850 3
0.0000 1.3196 -1.1041 0.2725 9
0.0000 1.3340 -1.1162 -0.1522 9
0.0000 1.3263 -1.1102 0.3362 8
0.0000 1.3246 -1.1091 -0.0905 9
0.0000 1.5656 -1.3114 0.4715 8
0.0000 1.3197 -1.1058 -0.0301 12
0.0000 1.5294 -1.2819 0.5347 4
0.0000 1.3241 -1.1130 0.0302 8
0.0000 0.6041 -0.5079 -0.1822 7
0.0000 1.3083 -1.1005 0.0896 10
0.0000 0.7647 -0.6433 -0.1942 2
0.0000 1.3187 -1.1096 0.1508 8
0.0000 0.8916 -0.7506 -0.1846 2
0.0000 1.3226 -1.1137 0.2123 10
0.0000 1.1614 -0.9784 -0.1865 3
0.0000 1.3187 -1.1113 0.2731 9
0.0000 1.3240 -1.1157 -0.1515 9
0.0000 1.3300 -1.1211 0.3381 8
0.0000 1.3253 -1.1176 -0.0909 9
0.0000 1.5670 -1.3219 0.4733 8
0.0000 1.3204 -1.1143 -0.0302 12
0.0000 1.5146 -1.2786 0.5311 4
0.0000 1.3187 -1.1163 0.0302 8
0.0000 0.5725 -0.4849 -0.1732 7
0.0000 1.3197 -1.1180 0.0906 10
0.0000 0.7595 -0.6434 -0.1935 2
0.0000 1.3193 -1.1181 0.1513 9
0.0000 0.8830 -0.7486 -0.1833 2
0.0000 1.3308 -1.1286 0.2142 10
0.0000 1.1671 -0.9901 -0.1879 3
0.0000 1.3284 -1.1274 0.2760 9
0.0000 1.3246 -1.1242 -0.1520 9
0.0000 1.3185 -1.1194 0.3362 8
0.0000 1.3290 -1.1287 -0.0914 9
0.0000 1.5609 -1.3261 0.4728 8
0.0000 1.3333 -1.1331 -0.0305 11
0.0000 1.5042 -1.2788 0.5290 5
0.0000 1.3163 -1.1222 0.0302 8
0.0000 0.5916 -0.5046 -0.1795 7
0.0000 1.3249 -1.1304 0.0913 10
0.0000 0.7961 -0.6792 -0.2034 2
0.0000 1.3245 -1.1305 0.1523 8
0.0000 0.8743 -0.7465 -0.1821 2
0.0000 1.3193 -1.1268 0.2130 9
0.0000 1.1576 -0.9890 -0.1869 3
0.0000 1.3320 -1.1384 0.2775 7
0.0000 1.3162 -1.1249 -0.1515 9
0.0000 1.3221 -1.1304 0.3381 8
0.0000 1.3144 -1.1242 -0.0906 7
0.0000 1.5503 -1.3264 0.4710 8
0.0000 1.3232 -1.1326 -0.0304 11
0.0000 1.5085 -1.2916 0.5321 5
0.0000 1.3199 -1.1333 0.0304 7
0.0000 0.5898 -0.5066 -0.1795 7
0.0000 1.3104 -1.1259 0.0905 9
0.0000 0.7818 -0.6717 -0.2003 2
0.0000 1.3327 -1.1455 0.1537 8
0.0000 0.8852 -0.7611 -0.1849 2
0.0000 1.3184 -1.1340 0.2135 9
0.0000 1.1481 -0.9879 -0.1860 3
0.0000 1.3250 -1.1405 0.2769 7
0.0000 1.3243 -1.1399 -0.1529 7
0.0000 1.3271 -1.1427 0.3404 8
0.0000 1.3226 -1.1392 -0.0915 9
0.0000 1.5324 -1.3204 0.4670 8
0.0000 1.3223 -1.1398 -0.0305 9
0.0000 1.5040 -1.2969 0.5321 5
0.0000 1.3235 -1.1445 0.0305 7
0.0000 0.5969 -0.5163 -0.1822 7
0.0000 1.3110 -1.1344 0.0909 9
0.0000 0.7675 -0.6642 -0.1973 2
0.0000 1.3317 -1.1527 0.1541 8
0.0000 0.8751 -0.7578 -0.1833 2
0.0000 1.3264 -1.1490 0.2155 7
0.0000 1.1327 -0.9815 -0.1840 3
0.0000 1.3299 -1.1528 0.2788 7
0.0000 1.3294 -1.1523 -0.1539 7
0.0000 1.3305 -1.1537 0.3423 7
0.0000 1.3247 -1.1491 -0.0919 9
0.0000 1.5263 -1.3245 0.4665 10
0.0000 1.3304 -1.1549 -0.0308 9
0.0000 1.4937 -1.2970 0.5301 5
0.0000 1.3316 -1.1596 0.0308 7
0.0000 0.6039 -0.5261 -0.1849 6
0.0000 1.3145 -1.1455 0.0914 7
0.0000 0.7682 -0.6694 -0.1981 2
0.0000 1.3321 -1.1613 0.1546 7
0.0000 0.8843 -0.7712 -0.1858 2
0.0000 1.3284 -1.1588 0.2164 7
0.0000 1.1412 -0.9959 -0.1860 3
0.0000 1.3274 -1.1588 0.2791 7
0.0000 1.3253 -1.1570 -0.1539 6
0.0000 1.3338 -1.1648 0.3442 8
0.0000 1.3297 -1.1616 -0.0925 7
0.0000 1.5187 -1.3272 0.4656 11
0.0000 1.3234 -1.1569 -0.0307 8
0.0000 1.4789 -1.2933 0.5264 7
0.0000 1.3185 -1.1563 0.0306 7
0.0000 0.6021 -0.5282 -0.1849 6
0.0000 1.3210 -1.1593 0.0921 8
0.0000 0.7452 -0.6540 -0.1927 2
0.0000 1.3311 -1.1686 0.1550 7
0.0000 0.8653 -0.7599 -0.1824 2
0.0000 1.3258 -1.1647 0.2167 6
0.0000 1.1303 -0.9933 -0.1848 3
0.0000 1.3352 -1.1738 0.2816 7
0.0000 1.3198 -1.1603 -0.1537 6
0.0000 1.3253 -1.1656 0.3431 7
0.0000 1.3346 -1.1741 -0.0932 6
0.0000 1.5082 -1.3274 0.4638 8
0.0000 1.3238 -1.1655 -0.0308 8
0.0000 1.4744 -1.2985 0.5264 9
0.0000 1.3235 -1.1689 0.0308 7
0.0000 0.6148 -0.5432 -0.1894 6
0.0000 1.3276 -1.1730 0.0928 7
0.0000 0.7517 -0.6644 -0.1950 2
0.0000 1.3449 -1.1890 0.1571 7
0.0000 0.8686 -0.7682 -0.1837 2
0.0000 1.3277 -1.1746 0.2177 7
0.0000 1.1478 -1.0155 -0.1882 3
0.0000 1.3358 -1.1822 0.2825 6
0.0000 1.3217 -1.1702 -0.1544 6
0.0000 1.3286 -1.1767 0.3450 7
0.0000 1.3230 -1.1722 -0.0926 7
0.0000 1.5038 -1.3324 0.4638 9
0.0000 1.3304 -1.1791 -0.0310 8
0.0000 1.4759 -1.3085 0.5285 10
0.0000 1.3226 -1.1759 0.0309 7
0.0000 0.5606 -0.4986 -0.1732 7
0.0000 1.3223 -1.1760 0.0927 9
0.0000 0.7642 -0.6799 -0.1988 2
0.0000 1.3261 -1.1802 0.1553 7
0.0000 0.8557 -0.7619 -0.1815 2
0.0000 1.3267 -1.1817 0.2181 7
0.0000 1.1281 -1.0047 -0.1855 3
0.0000 1.3407 -1.1945 0.2844 7
0.0000 1.3312 -1.1865 -0.1560 7
0.0000 1.3276 -1.1837 0.3457 7
0.0000 1.3251 -1.1819 -0.0931 7
0.0000 1.4907 -1.3296 0.4611 8
0.0000 1.3369 -1.1928 -0.0313 6
0.0000 1.4701 -1.3121 0.5280 12
0.0000 1.3321 -1.1923 0.0312 7
0.0000 0.5590 -0.5005 -0.1732 7
0.0000 1.3211 -1.1833 0.0929 8
0.0000 0.7385 -0.6615 -0.1927 2
0.0000 1.3310 -1.1926 0.1564 7
0.0000 0.8664 -0.7766 -0.1843 2
0.0000 1.3317 -1.1940 0.2196 8
0.0000 1.1187 -1.0034 -0.1845 3
0.0000 1.3262 -1.1899 0.2822 7
0.0000 1.3347 -1.1975 -0.1569 7
0.0000 1.3339 -1.1973 0.3484 8
0.0000 1.3330 -1.1969 -0.0939 7
0.0000 1.4759 -1.3256 0.4580 8
0.0000 1.3253 -1.1908 -0.0311 9
0.0000 1.4626 -1.3147 0.5270 14
0.0000 1.3353 -1.2036 0.0314 7
0.0000 0.5572 -0.5024 -0.1732 7
0.0000 1.3214 -1.1919 0.0933 7
0.0000 0.7333 -0.6614 -0.1920 2
0.0000 1.3269 -1.1972 0.1564 7
0.0000 0.8608 -0.7769 -0.1837 2
0.0000 1.3349 -1.2053 0.2208 9
0.0000 1.1269 -1.0179 -0.1865 3
0.0000 1.3264 -1.1985 0.2831 7
0.0000 1.3231 -1.1955 -0.1560 6
0.0000 1.3297 -1.2019 0.3484 7
0.0000 1.3348 -1.2069 -0.0943 7
0.0000 1.4843 -1.3425 0.4620 8
0.0000 1.3256 -1.1995 -0.0312 8
0.0000 1.4437 -1.3068 0.5218 16
0.0000 1.3282 -1.2056 0.0313 9
0.0000 1.3320 -1.2099 0.0943 10
0.0000 0.7513 -0.6825 -0.1973 2
0.0000 1.3256 -1.2045 0.1567 8
0.0000 0.8551 -0.7773 -0.1830 2
0.0000 1.3409 -1.2193 0.2225 9
0.0000 1.1146 -1.0138 -0.1850 3
0.0000 1.3354 -1.2151 0.2860 7
0.0000 1.3307 -1.2108 -0.1574 6
0.0000 1.3255 -1.2066 0.3484 7
0.0000 1.3365 -1.2169 -0.0947 6
0.0000 1.4623 -1.3320 0.4567 8
0.0000 1.3377 -1.2189 -0.0316 8
0.0000 1.4406 -1.3131 0.5223 15
0.0000 1.3269 -1.2129 0.0314 9
0.0000 1.3278 -1.2146 0.0943 9
0.0000 0.7721 -0.7063 -0.2034 2
0.0000 1.3391 -1.2253 0.1588 8
0.0000 0.8582 -0.7856 -0.1843 2
0.0000 1.3367 -1.2240 0.2225 9
0.0000 1.1242 -1.0298 -0.1872 3
0.0000 1.3384 -1.2264 0.2875 7
0.0000 1.3323 -1.2209 -0.1581 7
0.0000 1.3257 -1.2152 0.3496 6
0.0000 1.3278 -1.2176 -0.0944 7
0.0000 1.4590 -1.3384 0.4571 8
0.0000 1.3423 -1.2317 -0.0318 10
0.0000 1.4374 -1.3194 0.5228 15
0.0000 1.3344 -1.2284 0.0317 9
0.0000 0.5519 -0.5082 -0.1732 7
0.0000 1.3250 -1.2206 0.0944 10
0.0000 0.7465 -0.6877 -0.1973 2
0.0000 1.3421 -1.2367 0.1597 8
0.0000 0.8497 -0.7832 -0.1830 2
0.0000 1.3382 -1.2340 0.2235 9
0.0000 1.1016 -1.0162 -0.1840 3
0.0000 1.3487 -1.2445 0.2907 8
0.0000 1.3412 -1.2377 -0.1597 7
0.0000 1.3402 -1.2371 0.3545 6
0.0000 1.3279 -1.2263 -0.0947 7
0.0000 1.4443 -1.3342 0.4540 8
0.0000 1.3438 -1.2418 -0.0319 8
0.0000 1.4257 -1.3179 0.5202 15
0.0000 1.3389 -1.2412 0.0319 9
0.0000 0.5501 -0.5101 -0.1732 7
0.0000 1.3266 -1.2306 0.0948 9
0.0000 0.7528 -0.6983 -0.1996 2
0.0000 1.3378 -1.2414 0.1597 8
0.0000 0.8527 -0.7916 -0.1843 2
0.0000 1.3441 -1.2481 0.2252 8
0.0000 1.0995 -1.0214 -0.1843 3
0.0000 1.3371 -1.2425 0.2891 7
0.0000 1.3398 -1.2450 -0.1600 7
0.0000 1.3402 -1.2458 0.3557 5
0.0000 1.3339 -1.2404 -0.0955 5
0.0000 1.4383 -1.3379 0.4535 8
0.0000 1.3322 -1.2397 -0.0318 10
0.0000 1.4239 -1.3255 0.5213 15
0.0000 1.3419 -1.2527 0.0320 7
0.0000 0.5484 -0.5121 -0.1732 7
0.0000 1.3282 -1.2407 0.0953 9
0.0000 0.7446 -0.6956 -0.1981 2
0.0000 1.3320 -1.2447 0.1595 7
0.0000 0.8629 -0.8067 -0.1871 2
0.0000 1.3441 -1.2569 0.2259 8
0.0000 1.0989 -1.0279 -0.1848 3
0.0000 1.3371 -1.2512 0.2900 7
0.0000 1.3340 -1.2484 -0.1598 6
0.0000 1.3458 -1.2598 0.3583 6
0.0000 1.3296 -1.2450 -0.0955 5
0.0000 1.4293 -1.3389 0.4522 10
0.0000 1.3395 -1.2552 -0.0320 10
0.0000 1.4094 -1.3212 0.5176 16
0.0000 1.3375 -1.2573 0.0320 7
0.0000 1.3355 -1.2563 0.0961 7
0.0000 0.7650 -0.7197 -0.2042 2
0.0000 1.3421 -1.2630 0.1612 7
0.0000 0.8429 -0.7934 -0.1833 2
0.0000 1.3483 -1.2697 0.2274 7
0.0000 1.0924 -1.0290 -0.1843 3
0.0000 1.3442 -1.2667 0.2925 7
0.0000 1.3384 -1.2612 -0.1609 6
0.0000 1.3357 -1.2592 0.3568 5
0.0000 1.3368 -1.2606 -0.0963 5
0.0000 1.4289 -1.3479 0.4535 12
0.0000 1.3380 -1.2626 -0.0321 8
0.0000 1.3950 -1.3168 0.5140 16
0.0000 1.3389 -1.2675 0.0322 8
0.0000 1.3383 -1.2678 0.0966 9
0.0000 0.7084 -0.6710 -0.1897 2
0.0000 1.3348 -1.2649 0.1609 7
0.0000 0.8372 -0.7937 -0.1827 2
0.0000 1.3482 -1.2785 0.2281 5
0.0000 1.0989 -1.0424 -0.1860 3
0.0000 1.3526 -1.2836 0.2953 5
0.0000 1.3484 -1.2796 -0.1626 6
0.0000 1.3484 -1.2800 0.3614 5
0.0000 1.3252 -1.2584 -0.0958 6
0.0000 1.4199 -1.3489 0.4522 16
0.0000 1.3510 -1.2838 -0.0325 10
0.0000 1.3932 -1.3244 0.5150 16
0.0000 1.3490 -1.2860 0.0325 4
0.0000 1.3411 -1.2794 0.0971 4
0.0000 0.7287 -0.6952 -0.1958 2
0.0000 1.3780 -1.3150 0.1666 6
0.0000 0.8402 -0.8020 -0.1840 2
0.0000 1.3854 -1.3230 0.2352 8
0.0000 1.0866 -1.0380 -0.1845 3
0.0000 1.3953 -1.3334 0.3057 8
0.0000 1.3324 -1.2733 -0.1612 3
0.0000 1.3822 -1.3214 0.3717 11
0.0000 1.3381 -1.2796 -0.0970 3
0.0000 1.4068 -1.3457 0.4495 22
0.0000 1.3494 -1.2913 -0.0326 4
0.0000 1.3927 -1.3332 0.5166 15
0.0000 1.3878 -1.3322 0.0336 7
0.0000 0.5411 -0.5197 -0.1732 7
0.0000 1.4060 -1.3502 0.1022 17
0.0000 0.7320 -0.7032 -0.1973 2
0.0000 1.3949 -1.3405 0.1693 15
0.0000 0.8345 -0.8022 -0.1833 2
0.0000 1.0787 -1.0377 -0.1838 3
0.0000 1.3866 -1.3339 0.3047 25
0.0000 1.3868 -1.3346 -0.1684 7
0.0000 1.4099 -1.3577 -0.1026 9
0.0000 1.3992 -1.3479 0.4486 25
0.0000 1.3955 -1.3443 -0.0338 9
0.0000 1.3827 -1.3325 0.5145 16
0.0000 1.3948 -1.3479 0.0339 20
0.0000 0.7521 -0.7276 -0.2034 2
0.0000 0.8375 -0.8105 -0.1846 2
0.0000 1.0881 -1.0537 -0.1860 3
0.0000 1.3862 -1.3428 0.3057 36
0.0000 1.3964 -1.3533 -0.1701 11
0.0000 1.4042 -1.3608 0.3801 30
0.0000 1.4068 -1.3638 -0.1027 15
0.0000 1.4060 -1.3634 0.4522 17
0.0000 1.4095 -1.3673 -0.0343 29
0.0000 1.3684 -1.3279 0.5109 15
0.0000 1.3872 -1.3513 0.1694 55
0.0000 0.8205 -0.7996 -0.1815 2
0.0000 1.3959 -1.3607 0.2394 35
0.0000 1.0773 -1.0505 -0.1848 3
0.0000 1.3999 -1.3656 0.3097 25
0.0000 1.3848 -1.3509 -0.1693 11
0.0000 1.3995 -1.3657 0.3801 17
0.0000 1.4006 -1.3673 -0.1026 41
0.0000 1.4040 -1.3710 0.4531 14
0.0000 1.3904 -1.3582 -0.0339 48
0.0000 1.3568 -1.3259 0.5083 11
0.0000 1.3840 -1.3562 0.0338 80
0.0000 1.3946 -1.3676 0.1024 62
0.0000 1.3981 -1.3715 0.1713 26
0.0000 0.8206 -0.8052 -0.1821 2
0.0000 1.3925 -1.3670 0.2396 17
0.0000 1.0708 -1.0515 -0.1843 3
0.0000 1.4007 -1.3760 0.3110 15
0.0000 1.3844 -1.3599 -0.1698 6
0.0000 1.3961 -1.3719 0.3805 13
0.0000 1.3972 -1.3735 -0.1027 40
0.0000 1.3992 -1.3759 0.4531 8
0.0000 1.4013 -1.3785 -0.0343 63
0.0000 1.3604 -1.3388 0.5114 7
0.0000 1.4048 -1.3863 0.0345 22
0.0000 1.3799 -1.3627 0.1016 18
0.0000 1.3947 -1.3778 0.1715 12
0.0000 0.8487 -0.8386 -0.1890 1
0.0000 1.3920 -1.3760 0.2403 11
0.0000 1.0586 -1.0469 -0.1828 4
0.0000 1.4114 -1.3962 0.3144 9
0.0000 1.3612 -1.3465 -0.1675 3
0.0000 1.4039 -1.3892 0.3839 9
0.0000 1.3924 -1.3784 -0.1027 8
0.0000 1.3971 -1.3836 0.4540 8
0.0000 1.4050 -1.3918 -0.0345 15
0.0000 1.3612 -1.3489 0.5135 5
0.0000 1.4042 -1.3955 0.0346 5
0.0000 1.3808 -1.3731 0.1021 11
0.0000 1.3998 -1.3925 0.1727 8
0.0000 0.8345 -0.8305 -0.1865 1
0.0000 1.4097 -1.4033 0.2442 8
0.0000 1.0634 -1.0590 -0.1843 2
0.0000 1.4051 -1.3997 0.3141 7
0.0000 1.3522 -1.3471 -0.1670 2
0.0000 1.4143 -1.4094 0.3881 8
0.0000 1.3975 -1.3931 -0.1034 2
0.0000 1.4033 -1.3994 0.4576 8
0.0000 1.3902 -1.3868 -0.0343 4
0.0000 1.3565 -1.3537 0.5135 8
0.0000 2.6744 -2.6762 0.0660 7
0.0000 1.3915 -1.3935 0.1032 6
0.0000 1.4006 -1.4030 0.1734 8
0.0000 0.8232 -0.8250 -0.1846 1
0.0000 1.4118 -1.4152 0.2454 9
0.0000 1.0555 -1.0584 -0.1835 2
0.0000 1.4044 -1.4088 0.3151 7
0.0000 1.3574 -1.3617 -0.1682 1
0.0000 1.4177 -1.4226 0.3904 8
0.0000 1.3912 -1.3966 -0.1033 1
0.0000 1.4067 -1.4126 0.4602 7
0.0000 2.6523 -2.6643 -0.0656 5
0.0000 1.3477 -1.3543 0.5119 5
0.0000 1.3951 -1.4068 0.1038 5
0.0000 1.4041 -1.4164 0.1745 8
0.0000 0.8371 -0.8447 -0.1883 1
0.0000 1.4096 -1.4230 0.2459 9
0.0000 1.0476 -1.0579 -0.1828 2
0.0000 1.4092 -1.4235 0.3172 7
0.0000 1.3512 -1.3650 -0.1680 1
0.0000 1.4127 -1.4276 0.3904 8
0.0000 2.3387 -2.3641 -0.1743 1
0.0000 1.5128 -1.5297 0.4967 2
0.0000 2.6345 -2.6651 -0.0654 36
0.0000 1.3443 -1.3604 0.5125 4
0.0000 2.6317 -2.6706 0.0654 56
0.0000 1.4014 -1.4231 0.1047 6
0.0000 1.4033 -1.4255 0.1750 8
0.0000 0.8341 -0.8476 -0.1883 1
0.0000 1.4074 -1.4307 0.2464 9
0.0000 1.0550 -1.0729 -0.1848 1
0.0000 1.4097 -1.4341 0.3185 7
0.0000 1.3157 -1.3384 -0.1642 1
0.0000 1.4077 -1.4325 0.3904 8
0.0000 2.2940 -2.3352 -0.1716 2
0.0000 1.5893 -1.6184 0.5237 2
0.0000 2.6280 -2.6771 -0.0655 48
0.0000 1.3531 -1.3788 0.5176 3
0.0000 2.6014 -2.6583 0.0649 46
0.0000 1.3950 -1.4265 0.1046 6
0.0000 1.4081 -1.4404 0.1762 7
0.0000 0.8753 -0.8957 -0.1984 1
0.0000 1.4094 -1.4427 0.2476 7
0.0000 1.0541 -1.0794 -0.1852 1
0.0000 1.4171 -1.4517 0.3213 7
0.0000 1.3236 -1.3558 -0.1658 1
0.0000 1.4192 -1.4543 0.3950 7
0.0000 2.2775 -2.3346 -0.1709 3
0.0000 1.5864 -1.6268 0.5246 2
0.0000 2.6145 -2.6819 -0.0654 65
0.0000 1.3820 -1.4181 0.5306 4
0.0000 2.5921 -2.6674 0.0649 45
0.0000 1.3928 -1.4343 0.1048 7
0.0000 1.4128 -1.4553 0.1774 6
0.0000 1.4071 -1.4505 0.2481 6
0.0000 1.4093 -1.4538 0.3207 5
0.0000 1.3174 -1.3590 -0.1656 1
0.0000 1.4250 -1.4705 0.3980 7
0.0000 2.2749 -2.3483 -0.1713 3
0.0000 1.4465 -1.4937 0.4800 2
0.0000 2.5856 -2.6709 -0.0649 55
0.0000 1.3999 -1.4466 0.5394 4
0.0000 2.5772 -2.6707 0.0648 46
0.0000 1.3975 -1.4492 0.1055 8
0.0000 1.4008 -1.4531 0.1766 6
0.0000 1.4158 -1.4697 0.2506 6
0.0000 1.4042 -1.4587 0.3207 6
0.0000 1.3155 -1.3665 -0.1659 1
0.0000 1.4239 -1.4797 0.3992 7
0.0000 2.2667 -2.3562 -0.1713 3
0.0000 1.4170 -1.4735 0.4719 7
0.0000 2.5707 -2.6742 -0.0647 56
0.0000 1.3881 -1.4445 0.5368 4
0.0000 2.5582 -2.6696 0.0645 47
0.0000 1.4037 -1.4653 0.1063 8
0.0000 1.4026 -1.4651 0.1774 5
0.0000 1.4148 -1.4789 0.2513 6
0.0000 1.4130 -1.4776 0.3238 7
0.0000 1.3107 -1.3711 -0.1659 1
0.0000 1.4147 -1.4804 0.3980 7
0.0000 2.2626 -2.3685 -0.1717 3
0.0000 1.4172 -1.4840 0.4737 7
0.0000 2.5632 -2.6841 -0.0648 57
0.0000 1.3846 -1.4505 0.5373 4
0.0000 2.5411 -2.6693 0.0643 49
0.0000 1.4069 -1.4789 0.1070 8
0.0000 1.4098 -1.4830 0.1790 6
0.0000 1.4071 -1.4807 0.2508 6
0.0000 1.4079 -1.4825 0.3238 6
0.0000 1.4165 -1.4922 0.3999 7
0.0000 2.2575 -2.3789 -0.1719 3
0.0000 1.4176 -1.4944 0.4755 7
0.0000 2.5483 -2.6873 -0.0646 57
0.0000 1.3822 -1.4581 0.5383 3
0.0000 2.5304 -2.6767 0.0643 51
0.0000 1.3990 -1.4809 0.1068 9
0.0000 1.4185 -1.5022 0.1808 6
0.0000 1.4101 -1.4943 0.2523 6
0.0000 1.4244 -1.5104 0.3288 5
0.0000 1.4261 -1.5129 0.4041 7
0.0000 2.2409 -2.3780 -0.1712 3
0.0000 1.4164 -1.5036 0.4769 7
0.0000 2.5335 -2.6903 -0.0645 57
0.0000 1.3692 -1.4545 0.5352 3
0.0000 2.5142 -2.6783 0.0641 49
0.0000 1.3993 -1.4916 0.1072 8
0.0000 1.4174 -1.5115 0.1813 6
0.0000 1.4090 -1.5035 0.2530 6
0.0000 1.4164 -1.5125 0.3282 6
0.0000 1.4235 -1.5207 0.4049 7
0.0000 2.2312 -2.3844 -0.1711 4
0.0000 1.4205 -1.5185 0.4800 7
0.0000 2.5131 -2.6875 -0.0642 60
0.0000 1.3773 -1.4734 0.5404 3
0.0000 2.5021 -2.6841 0.0641 49
0.0000 1.4036 -1.5067 0.1079 8
0.0000 1.4080 -1.5120 0.1808 7
0.0000 1.4186 -1.5244 0.2557 6
0.0000 1.4165 -1.5232 0.3295 6
0.0000 1.4249 -1.5328 0.4068 6
0.0000 2.2134 -2.3819 -0.1704 4
0.0000 1.4205 -1.5291 0.4818 7
0.0000 2.4901 -2.6816 -0.0639 57
0.0000 1.3616 -1.4668 0.5363 2
0.0000 2.4805 -2.6796 0.0637 51
0.0000 1.4091 -1.5233 0.1088 7
0.0000 1.4109 -1.5257 0.1818 6
0.0000 1.4146 -1.5308 0.2559 6
0.0000 1.4192 -1.5369 0.3313 5
0.0000 1.4182 -1.5364 0.4064 7
0.0000 2.2145 -2.3999 -0.1711 4
0.0000 1.4336 -1.5541 0.4881 7
0.0000 2.4862 -2.6961 -0.0640 57
0.0000 1.3670 -1.4829 0.5404 2
0.0000 2.4657 -2.6824 0.0636 51
0.0000 1.4038 -1.5282 0.1088 7
0.0000 1.4123 -1.5380 0.1827 6
0.0000 1.4106 -1.5372 0.2562 6
0.0000 1.4245 -1.5535 0.3338 5
0.0000 1.4274 -1.5572 0.4106 6
0.0000 2.2048 -2.4061 -0.1710 3
0.0000 1.4308 -1.5620 0.4890 8
0.0000 2.4713 -2.6989 -0.0639 60
0.0000 1.3670 -1.4934 0.5425 2
0.0000 2.4563 -2.6910 0.0636 51
0.0000 1.3931 -1.5272 0.1083 6
0.0000 1.4109 -1.5473 0.1832 4
0.0000 1.4172 -1.5553 0.2584 6
0.0000 1.4284 -1.5687 0.3360 6
0.0000 1.4312 -1.5724 0.4133 7
0.0000 2.1843 -2.4005 -0.1701 4
0.0000 1.4280 -1.5699 0.4899 7
0.0000 2.4579 -2.7031 -0.0638 62
0.0000 1.3514 -1.4867 0.5383 2
0.0000 2.4415 -2.6936 0.0635 51
0.0000 1.3958 -1.5410 0.1090 5
0.0000 1.4229 -1.5714 0.1855 5
0.0000 1.4145 -1.5632 0.2589 6
0.0000 1.4136 -1.5634 0.3338 6
0.0000 1.4323 -1.5846 0.4152 7
0.0000 2.1946 -2.4289 -0.1716 4
0.0000 1.4290 -1.5821 0.4922 8
0.0000 2.4270 -2.6879 -0.0632 56
0.0000 1.3617 -1.5086 0.5446 2
0.0000 2.4228 -2.6917 0.0632 49
0.0000 1.3984 -1.5547 0.1096 6
0.0000 1.4161 -1.5749 0.1853 5
0.0000 1.4196 -1.5800 0.2608 6
0.0000 1.4174 -1.5786 0.3360 5
0.0000 1.4386 -1.6028 0.4186 7
0.0000 2.1862 -2.4365 -0.1716 3
0.0000 1.4404 -1.6059 0.4980 7
0.0000 2.4122 -2.6904 -0.0631 56
0.0000 1.3487 -1.5047 0.5414 2
0.0000 2.3987 -2.6837 0.0628 45
0.0000 1.4076 -1.5760 0.1107 5
0.0000 1.4159 -1.5858 0.1860 5
0.0000 1.4286 -1.6012 0.2635 6
0.0000 1.4263 -1.5998 0.3395 5
0.0000 1.4356 -1.6107 0.4194 8
0.0000 2.1723 -2.4382 -0.1711 3
0.0000 1.4439 -1.6211 0.5012 8
0.0000 2.4068 -2.7033 -0.0632 55
0.0000 1.3409 -1.5066 0.5404 2
0.0000 2.3866 -2.6891 0.0628 43
0.0000 1.4101 -1.5899 0.1114 5
0.0000 1.4249 -1.6071 0.1879 5
0.0000 1.4204 -1.6032 0.2630 6
0.0000 1.4325 -1.6180 0.3423 5
0.0000 1.4378 -1.6245 0.4217 7
0.0000 2.1519 -2.4323 -0.1702 3
0.0000 1.4472 -1.6364 0.5043 7
0.0000 2.3921 -2.7057 -0.0630 52
0.0000 1.3305 -1.5054 0.5383 2
0.0000 2.3772 -2.6974 0.0628 38
0.0000 1.4032 -1.5933 0.1113 5
0.0000 1.4232 -1.6166 0.1884 4
0.0000 1.4174 -1.6111 0.2635 6
0.0000 1.4373 -1.6349 0.3448 5
0.0000 1.4425 -1.6413 0.4247 8
0.0000 2.1526 -2.4503 -0.1709 3
0.0000 1.4467 -1.6473 0.5061 7
0.0000 2.3681 -2.6975 -0.0627 45
0.0000 1.3329 -1.5188 0.5414 2
0.0000 2.3665 -2.7042 0.0627 32
0.0000 1.4095 -1.6117 0.1122 4
0.0000 1.4254 -1.6305 0.1895 4
0.0000 1.4288 -1.6355 0.2667 6
0.0000 1.4316 -1.6399 0.3448 5
0.0000 1.4509 -1.6626 0.4289 7
0.0000 2.1467 -2.4608 -0.1711 3
0.0000 1.4473 -1.6597 0.5084 8
0.0000 2.3534 -2.6997 -0.0625 41
0.0000 1.3250 -1.5205 0.5404 2
0.0000 2.3492 -2.7034 0.0625 27
0.0000 1.4041 -1.6164 0.1122 4
0.0000 1.4236 -1.6400 0.1900 4
0.0000 1.4426 -1.6630 0.2703 5
0.0000 1.4339 -1.6536 0.3467 5
0.0000 1.4515 -1.6751 0.4308 6
0.0000 2.1420 -2.4728 -0.1715 2
0.0000 1.4492 -1.6735 0.5111 7
0.0000 2.3431 -2.7060 -0.0625 36
0.0000 1.3149 -1.5191 0.5383 2
0.0000 2.3310 -2.7005 0.0623 19
0.0000 1.4167 -1.6424 0.1137 4
0.0000 1.4296 -1.6585 0.1916 4
0.0000 1.4448 -1.6768 0.2718 5
0.0000 1.4384 -1.6706 0.3492 5
0.0000 1.4511 -1.6859 0.4324 6
0.0000 2.1090 -2.4511 -0.1695 2
0.0000 1.4601 -1.6975 0.5169 7
0.0000 2.3259 -2.7050 -0.0623 30
0.0000 1.3096 -1.5236 0.5383 2
0.0000 2.3190 -2.7056 0.0622 16
0.0000 1.4240 -1.6625 0.1147 4
0.0000 1.4267 -1.6663 0.1919 4
0.0000 1.4415 -1.6848 0.2723 6
0.0000 1.4429 -1.6876 0.3517 4
0.0000 1.4516 -1.6984 0.4343 6
0.0000 2.0849 -2.4402 -0.1682 1
0.0000 1.4618 -1.7115 0.5196 7
0.0000 2.3177 -2.7146 -0.0623 25
0.0000 1.3068 -1.5311 0.5394 2
0.0000 2.3095 -2.7137 0.0622 13
0.0000 1.4143 -1.6629 0.1144 4
0.0000 1.4338 -1.6865 0.1937 4
0.0000 1.4408 -1.6959 0.2732 5
0.0000 1.4536 -1.7122 0.3557 4
0.0000 1.4609 -1.7214 0.4389 6
0.0000 2.0919 -2.4658 -0.1695 1
0.0000 1.4634 -1.7255 0.5223 7
0.0000 2.3043 -2.7181 -0.0622 22
0.0000 1.2940 -1.5269 0.5363 2
0.0000 2.3026 -2.7248 0.0623 11
0.0000 1.4278 -1.6908 0.1160 4
0.0000 1.4381 -1.7036 0.1951 4
0.0000 1.4515 -1.7206 0.2764 4
0.0000 1.4463 -1.7157 0.3554 4
0.0000 1.4688 -1.7430 0.4431 6
0.0000 2.0807 -2.4700 -0.1693 1
0.0000 1.4623 -1.7366 0.5241 7
0.0000 2.2910 -2.7216 -0.0621 18
0.0000 1.2986 -1.5432 0.5404 3
0.0000 2.2867 -2.7252 0.0621 12
0.0000 1.4270 -1.7018 0.1164 4
0.0000 1.4373 -1.7147 0.1958 4
0.0000 1.4480 -1.7287 0.2769 4
0.0000 1.4505 -1.7329 0.3579 4
0.0000 1.4652 -1.7511 0.4438 5
0.0000 2.1105 -2.5232 -0.1724 1
0.0000 1.4663 -1.7536 0.5277 7
0.0000 2.2776 -2.7250 -0.0620 15
0.0000 1.2845 -1.5373 0.5368 4
0.0000 2.2592 -2.7116 0.0616 14
0.0000 1.4287 -1.7160 0.1170 4
0.0000 1.4441 -1.7351 0.1975 4
0.0000 1.4521 -1.7460 0.2788 4
0.0000 1.4558 -1.7516 0.3607 4
0.0000 1.4591 -1.7562 0.4438 5
0.0000 2.0787 -2.5029 -0.1705 1
0.0000 1.4676 -1.7677 0.5304 7
0.0000 2.2681 -2.7329 -0.0620 12
0.0000 1.2878 -1.5522 0.5404 5
0.0000 2.2370 -2.7041 0.0613 16
0.0000 1.4329 -1.7333 0.1179 3
0.0000 1.4481 -1.7524 0.1989 4
0.0000 1.4536 -1.7602 0.2803 4
0.0000 1.4610 -1.7704 0.3636 4
0.0000 1.4604 -1.7704 0.4461 5
0.0000 2.0598 -2.4978 -0.1697 1
0.0000 1.4726 -1.7864 0.5345 7
0.0000 2.2509 -2.7315 -0.0618 13
0.0000 1.2872 -1.5627 0.5425 7
0.0000 2.2276 -2.7119 0.0613 19
0.0000 1.4357 -1.7491 0.1186 4
0.0000 1.4496 -1.7667 0.1999 4
0.0000 1.4563 -1.7760 0.2820 4
0.0000 1.4661 -1.7893 0.3664 4
0.0000 1.4729 -1.7983 0.4518 6
0.0000 2.0333 -2.4834 -0.1682 1
0.0000 1.4713 -1.7976 0.5363 6
0.0000 2.2350 -2.7316 -0.0616 17
0.0000 1.2977 -1.5866 0.5492 7
0.0000 2.2130 -2.7134 0.0611 22
0.0000 1.4296 -1.7541 0.1186 4
0.0000 1.4535 -1.7841 0.2013 4
0.0000 1.4651 -1.7996 0.2849 4
0.0000 1.4635 -1.7990 0.3673 4
0.0000 1.4803 -1.8202 0.4560 5
0.0000 2.0309 -2.4982 -0.1687 1
0.0000 1.4613 -1.7981 0.5349 4
0.0000 2.2141 -2.7254 -0.0613 20
0.0000 1.3080 -1.6106 0.5559 5
0.0000 2.2035 -2.7212 0.0611 31
0.0000 1.4398 -1.7793 0.1200 4
0.0000 1.4548 -1.7984 0.2024 4
0.0000 1.4650 -1.8124 0.2861 4
0.0000 1.4684 -1.8179 0.3701 4
0.0000 1.4801 -1.8330 0.4579 5
0.0000 2.0260 -2.5099 -0.1690 1
0.0000 1.4685 -1.8199 0.5399 4
0.0000 2.1996 -2.7269 -0.0612 23
0.0000 1.2975 -1.6091 0.5539 5
0.0000 2.1790 -2.7101 0.0607 34
0.0000 1.4436 -1.7968 0.1208 4
0.0000 1.4535 -1.8097 0.2031 4
0.0000 1.4711 -1.8330 0.2886 4
0.0000 1.4769 -1.8415 0.3739 4
0.0000 1.4724 -1.8366 0.4576 5
0.0000 2.0297 -2.5326 -0.1701 1
0.0000 1.4633 -1.8265 0.5403 4
0.0000 2.1888 -2.7330 -0.0611 28
0.0000 1.2943 -1.6167 0.5549 6
0.0000 2.1670 -2.7146 0.0606 38
0.0000 1.4476 -1.8140 0.1216 4
0.0000 1.4645 -1.8366 0.2055 4
0.0000 1.4734 -1.8490 0.2903 4
0.0000 1.4806 -1.8587 0.3764 4
0.0000 1.4782 -1.8571 0.4614 4
0.0000 2.0022 -2.5162 -0.1685 2
0.0000 1.4585 -1.8329 0.5408 3
0.0000 2.1785 -2.7387 -0.0611 37
0.0000 1.3045 -1.6406 0.5616 4
0.0000 2.1555 -2.7186 0.0606 38
0.0000 1.4478 -1.8266 0.1222 4
0.0000 1.4708 -1.8570 0.2073 4
0.0000 1.4759 -1.8648 0.2920 4
0.0000 1.4879 -1.8807 0.3798 4
0.0000 1.4806 -1.8727 0.4640 4
0.0000 2.0013 -2.5322 -0.1691 2
0.0000 1.4524 -1.8377 0.5408 3
0.0000 2.1681 -2.7444 -0.0610 46
0.0000 1.3123 -1.6616 0.5673 3
0.0000 2.1477 -2.7273 0.0606 39
0.0000 1.4476 -1.8395 0.1227 4
0.0000 1.4794 -1.8807 0.2093 4
0.0000 1.4820 -1.8853 0.2944 4
0.0000 1.4814 -1.8859 0.3798 4
0.0000 1.4889 -1.8962 0.4686 3
0.0000 1.9805 -2.5231 -0.1681 2
0.0000 1.4388 -1.8336 0.5381 2
0.0000 2.1339 -2.7204 -0.0604 48
0.0000 1.3327 -1.6996 0.5787 2
0.0000 2.1357 -2.7317 0.0605 35
0.0000 1.4559 -1.8635 0.1239 4
0.0000 1.4778 -1.8921 0.2100 4
0.0000 1.4851 -1.9029 0.2964 4
0.0000 1.4881 -1.9082 0.3833 4
0.0000 1.5004 -1.9246 0.4744 3
0.0000 1.9791 -2.5395 -0.1687 2
0.0000 1.4383 -1.8463 0.5403 2
0.0000 2.1268 -2.7310 -0.0604 50
0.0000 1.3517 -1.7363 0.5896 1
0.0000 2.1127 -2.7217 0.0601 31
0.0000 1.4616 -1.8843 0.1250 4
0.0000 1.4760 -1.9036 0.2107 4
0.0000 1.4858 -1.9175 0.2978 4
0.0000 1.4827 -1.9149 0.3836 4
0.0000 1.4829 -1.9158 0.4709 2
0.0000 1.9568 -2.5290 -0.1676 2
0.0000 1.4271 -1.8451 0.5385 1
0.0000 2.1148 -2.7353 -0.0604 46
0.0000 2.1069 -2.7338 0.0602 27
0.0000 1.4697 -1.9084 0.1262 4
0.0000 1.4815 -1.9245 0.2125 4
0.0000 1.4863 -1.9321 0.2993 4
0.0000 1.4940 -1.9436 0.3883 3
0.0000 1.4905 -1.9397 0.4755 2
0.0000 1.9382 -2.5231 -0.1667 1
0.0000 1.4397 -1.8748 0.5457 1
0.0000 2.1016 -2.7379 -0.0602 33
0.0000 2.0912 -2.7332 0.0601 16
0.0000 1.4606 -1.9103 0.1260 4
0.0000 1.4797 -1.9360 0.2132 4
0.0000 1.4856 -1.9452 0.3005 4
0.0000 1.4992 -1.9645 0.3914 3
0.0000 1.5040 -1.9714 0.4820 1
0.0000 1.9221 -2.5204 -0.1661 1
0.0000 1.4437 -1.8938 0.5498 1
0.0000 2.0896 -2.7420 -0.0602 19
0.0000 2.0805 -2.7389 0.0600 7
0.0000 1.4684 -1.9345 0.1273 4
0.0000 1.4922 -1.9666 0.2160 4
0.0000 1.4944 -1.9709 0.3037 4
0.0000 1.4888 -1.9650 0.3905 3
0.0000 1.5066 -1.9892 0.4850 1
0.0000 1.9133 -2.5271 -0.1661 1
0.0000 1.4371 -1.8988 0.5498 1
0.0000 2.0692 -2.7349 -0.0599 9
0.0000 2.0709 -2.7462 0.0600 3
0.0000 1.4676 -1.9476 0.1278 4
0.0000 1.4853 -1.9717 0.2160 3
0.0000 1.4935 -1.9841 0.3049 4
0.0000 1.4914 -1.9828 0.3930 3
0.0000 1.5303 -2.0352 0.4950 1
0.0000 1.4539 -1.9350 0.5588 1
0.0000 2.0608 -2.7437 -0.0599 3
0.0000 2.0577 -2.7486 0.0599 1
0.0000 1.4788 -1.9767 0.1294 3
0.0000 1.4867 -1.9881 0.2172 3
0.0000 1.4972 -2.0036 0.3071 3
0.0000 1.5129 -2.0260 0.4005 2
0.0000 1.4331 -1.9213 0.5534 1
0.0000 2.0452 -2.7429 -0.0597 1
0.0000 2.0481 -2.7557 0.0599 1
0.0000 1.4790 -1.9915 0.1300 3
0.0000 1.4964 -2.0157 0.2196 3
0.0000 1.4926 -2.0120 0.3076 3
0.0000 1.5128 -2.0407 0.4023 2
0.0000 1.4264 -1.9263 0.5534 1
0.0000 2.0416 -2.7581 -0.0599 1
0.0000 2.0622 -2.7951 0.0606 1
0.0000 1.4780 -2.0047 0.1305 3
0.0000 1.4914 -2.0243 0.2200 2
0.0000 1.5009 -2.0380 0.3108 3
0.0000 1.5209 -2.0667 0.4064 2
0.0000 2.0438 -2.7813 -0.0602 1
0.0000 2.0661 -2.8220 0.0610 1
0.0000 1.4816 -2.0243 0.1315 3
0.0000 1.5184 -2.0762 0.2250 2
0.0000 1.4934 -2.0435 0.3108 2
0.0000 1.5253 -2.0879 0.4095 1
0.0000 2.0270 -2.7787 -0.0600 1
0.0000 2.0567 -2.8288 0.0610 1
0.0000 1.4831 -2.0405 0.1322 3
0.0000 1.5033 -2.0699 0.2238 1
0.0000 1.5158 -2.0886 0.3169 2
0.0000 1.5231 -2.0994 0.4108 1
0.0000 2.0483 -2.8275 -0.0609 1
0.0000 1.4783 -2.0489 0.1324 3
0.0000 1.5209 -2.1088 0.2275 1
0.0000 1.5390 -2.1354 0.3232 1
0.0000 1.5550 -2.1592 0.4214 1
0.0000 0.6738 -0.9612 0.0205 1
0.0000 0.6445 -0.9205 0.0983 2
0.0000 0.6396 -0.9192 0.0195 3
0.0000 0.6305 -0.9068 0.0579 4
0.0000 0.6436 -0.9260 0.0987 6
0.0000 0.6367 -0.9179 0.2171 6
0.0000 0.6352 -0.9198 0.0195 5
0.0000 0.6421 -0.9304 0.0592 9
0.0000 0.6291 -0.9136 0.2156 10
0.0000 0.6298 -0.9187 0.0194 6
0.0000 0.6275 -0.9162 0.0582 17
0.0000 0.6302 -0.9224 0.2171 13
0.0000 0.6195 -0.9071 -0.0576 1
0.0000 0.6241 -0.9177 0.0194 13
0.0000 0.6208 -0.9135 0.0579 41
0.0000 0.6313 -0.9311 0.2187 15
0.0000 0.6163 -0.9093 -0.0576 5
0.0000 0.6288 -0.9315 0.0196 7
0.0000 0.6210 -0.9206 0.0582 9
0.0000 0.6347 -0.9431 0.2210 7
0.0000 0.6311 -0.9420 0.0198 1
0.0000 0.6178 -0.9228 0.0582 4
0.0000 0.6588 -0.9908 0.0208 1
0.0000 0.6378 -0.9735 0.0203 3
0.0000 0.6335 -0.9739 0.0203 7
0.0000 0.6322 -0.9795 0.0203 5
0.0000 1.1085 2.5701 0.3437 2
0.0000 1.1079 2.5444 0.3407 2
0.0000 1.2075 2.7679 -0.1583 2
0.0000 1.1116 2.5298 0.3393 2
0.0000 1.2095 2.7474 -0.1573 3
0.0000 0.4498 0.9664 0.2461 3
0.0000 0.4534 0.9561 0.2443 2
0.0000 0.5104 1.0710 0.0622 2
0.0000 0.4517 0.9440 0.2416 2
0.0000 0.4529 0.9462 0.2811 3
0.0000 0.5106 1.0620 0.0618 2
0.0000 0.5236 1.0875 0.1482 2
0.0000 0.4633 0.9600 0.2461 3
0.0000 0.5329 1.0995 0.0213 1
0.0000 0.5152 1.0620 0.0619 2
0.0000 0.5168 1.0647 0.1035 2
0.0000 0.5170 1.0642 0.1453 3
0.0000 0.4709 0.9672 0.2483 2
0.0000 0.4587 0.9413 0.2806 3
0.0000 0.5245 1.0724 0.0208 1
0.0000 0.5180 1.0584 0.0618 2
0.0000 0.5170 1.0557 0.1028 2
0.0000 0.5207 1.0624 0.1453 3
0.0000 0.5316 1.0836 0.1912 3
0.0000 0.4679 0.9535 0.2065 2
0.0000 0.4863 0.9900 0.2546 2
0.0000 0.4637 0.9431 0.2816 3
0.0000 0.5211 1.0563 0.0206 1
0.0000 0.5171 1.0477 0.0612 2
0.0000 0.5171 1.0468 0.1021 2
0.0000 0.5244 1.0606 0.1453 3
0.0000 0.5299 1.0712 0.1893 3
0.0000 0.4713 0.9518 0.2065 3
0.0000 0.4880 0.9848 0.2537 2
0.0000 0.4737 0.9554 0.2857 3
0.0000 0.5317 1.0689 0.0208 1
0.0000 0.5190 1.0423 0.0610 2
0.0000 0.5279 1.0592 0.1035 2
0.0000 0.5208 1.0446 0.1433 3
0.0000 0.5121 1.0267 -0.1409 1
0.0000 0.5301 1.0623 0.1880 3
0.0000 0.4814 0.9643 0.2095 3
0.0000 0.4895 0.9797 0.2528 2
0.0000 0.4804 0.9607 0.2878 3
0.0000 0.5382 1.0724 0.0209 1
0.0000 0.5189 1.0335 0.0606 2
0.0000 0.5269 1.0486 0.1027 2
0.0000 0.5262 1.0463 0.1438 3
0.0000 0.5211 1.0356 -0.1423 1
0.0000 0.5203 1.0340 0.1833 3
0.0000 0.4830 0.9591 0.2087 3
0.0000 0.4912 0.9745 0.2519 2
0.0000 0.5283 1.0482 -0.0205 2
0.0000 0.4871 0.9660 0.2899 3
0.0000 0.5408 1.0688 0.0209 2
0.0000 0.5243 1.0352 0.0608 2
0.0000 0.5252 1.0361 0.1016 2
0.0000 0.5279 1.0410 0.1433 3
0.0000 0.5389 1.0622 -0.1462 1
0.0000 0.5275 1.0393 0.1846 3
0.0000 0.5004 0.9855 0.2149 3
0.0000 0.4962 0.9763 0.2528 2
0.0000 0.5302 1.0428 -0.0204 2
0.0000 0.4817 0.9470 0.2847 3
0.0000 0.5356 1.0490 0.0206 2
0.0000 0.5244 1.0262 0.0604 2
0.0000 0.5288 1.0342 0.1016 2
0.0000 0.5272 1.0303 0.1421 3
0.0000 0.5410 1.0567 -0.1458 1
0.0000 0.5331 1.0408 0.1852 3
0.0000 0.4915 0.9592 0.2095 2
0.0000 0.4935 0.9624 0.2497 3
0.0000 0.5285 1.0302 -0.0202 2
0.0000 0.4852 0.9453 0.2847 3
0.0000 0.5329 1.0347 0.0203 7
0.0000 0.5271 1.0226 0.0603 5
0.0000 0.5287 1.0253 0.1009 3
0.0000 0.5217 1.0108 0.1397 3
0.0000 0.5319 1.0301 -0.1423 3
0.0000 0.5385 1.0425 0.1858 3
0.0000 0.4930 0.9540 0.2087 3
0.0000 0.5339 1.0326 -0.0609 4
0.0000 0.4951 0.9572 0.2488 3
0.0000 0.5367 1.0372 -0.0204 7
0.0000 0.4903 0.9470 0.2857 3
0.0000 0.5374 1.0346 0.0203 5
0.0000 0.5169 0.9941 0.0587 2
0.0000 0.5342 1.0270 0.1013 2
0.0000 0.5225 1.0037 0.1389 3
0.0000 0.5236 1.0053 -0.1392 3
0.0000 0.5413 1.0389 0.1855 3
0.0000 0.5018 0.9627 0.2110 3
0.0000 0.5356 1.0271 -0.0607 3
0.0000 0.4984 0.9555 0.2488 3
0.0000 0.5338 1.0229 -0.0201 2
0.0000 0.5025 0.9624 0.2909 3
0.0000 0.5410 1.0327 0.0203 2
0.0000 0.5203 0.9923 0.0587 2
0.0000 0.5331 1.0163 0.1004 2
0.0000 0.5223 0.9948 0.1380 3
0.0000 0.5372 1.0228 -0.1419 3
0.0000 0.5394 1.0265 0.1837 3
0.0000 0.5310 1.0106 -0.0999 1
0.0000 0.5107 0.9714 0.2133 3
0.0000 0.5336 1.0147 -0.0601 3
0.0000 0.5000 0.9503 0.2479 2
0.0000 0.5206 0.9892 -0.0195 2
0.0000 0.5005 0.9504 0.2878 3
0.0000 0.5446 1.0308 0.0203 2
0.0000 0.5217 0.9871 0.0585 2
0.0000 0.5479 1.0361 -0.2278 2
0.0000 0.5255 0.9933 0.0983 2
0.0000 0.5858 1.1069 -0.1984 1
0.0000 0.5211 0.9842 0.1367 3
0.0000 0.5350 1.0105 -0.1404 3
0.0000 0.5317 1.0037 0.1799 3
0.0000 0.5271 0.9947 -0.0985 3
0.0000 0.5159 0.9731 0.2141 3
0.0000 0.5353 1.0093 -0.0599 3
0.0000 0.5031 0.9486 0.2479 3
0.0000 0.5221 0.9839 -0.0194 2
0.0000 0.5036 0.9487 0.2878 3
0.0000 0.5462 1.0254 0.0203 2
0.0000 0.5288 0.9924 0.0589 2
0.0000 0.5288 0.9915 0.0983 2
0.0000 0.5895 1.1050 -0.1984 1
0.0000 0.5365 1.0052 0.1399 3
0.0000 0.5459 1.0227 -0.1423 3
0.0000 0.5331 0.9985 0.1793 3
0.0000 0.5341 0.9999 -0.0992 1
0.0000 0.5117 0.9575 0.2110 3
0.0000 0.5358 1.0022 -0.0596 3
0.0000 0.5173 0.9675 0.2533 3
0.0000 0.5272 0.9857 -0.0195 2
0.0000 0.5104 0.9539 0.2899 3
0.0000 0.5458 1.0166 0.0201 2
0.0000 0.5284 0.9835 0.0585 2
0.0000 0.5548 1.0325 -0.2278 2
0.0000 0.5302 0.9863 0.0980 2
0.0000 0.5745 1.0682 -0.1921 1
0.0000 0.5267 0.9790 0.1365 3
0.0000 0.5400 1.0033 -0.1399 3
0.0000 0.5385 1.0001 0.1799 3
0.0000 0.5337 0.9912 -0.0985 1
0.0000 0.5242 0.9731 0.2149 3
0.0000 0.5372 0.9969 -0.0593 3
0.0000 0.5216 0.9675 0.2537 3
0.0000 0.5363 0.9944 -0.0197 2
0.0000 0.5119 0.9487 0.2888 3
0.0000 0.5474 1.0112 0.0201 2
0.0000 0.5309 0.9799 0.0584 2
0.0000 0.5317 0.9809 0.0976 2
0.0000 0.5782 1.0662 -0.1921 1
0.0000 0.5291 0.9754 0.1362 3
0.0000 0.5492 1.0119 -0.1414 3
0.0000 0.5401 0.9947 0.1793 3
0.0000 0.5314 0.9788 -0.0974 1
0.0000 0.5285 0.9730 0.2152 3
0.0000 0.5331 0.9810 -0.0585 1
0.0000 0.5240 0.9639 0.2533 4
0.0000 0.5360 0.9855 -0.0196 2
0.0000 0.5263 0.9673 0.2951 4
0.0000 0.5442 0.9970 0.0198 2
0.0000 0.5286 0.9675 0.0578 2
0.0000 0.5356 0.9803 -0.2171 2
0.0000 0.5389 0.9860 0.0983 2
0.0000 0.5592 1.0226 -0.1846 1
0.0000 0.5278 0.9648 0.1350 3
0.0000 0.5413 0.9891 -0.1384 3
0.0000 0.5417 0.9894 0.1786 3
0.0000 0.5406 0.9874 -0.0985 3
0.0000 0.5385 0.9832 0.2179 4
0.0000 0.5365 0.9791 -0.0585 1
0.0000 0.5321 0.9706 0.2555 4
0.0000 0.5298 0.9661 -0.0192 2
0.0000 0.5287 0.9637 0.2945 4
0.0000 0.5583 1.0143 0.0202 2
0.0000 0.5358 0.9727 0.0582 1
0.0000 0.5409 0.9819 -0.2179 2
0.0000 0.5347 0.9702 0.0969 2
0.0000 0.5723 1.0379 -0.1877 1
0.0000 0.5311 0.9630 0.1350 3
0.0000 0.5467 0.9907 -0.1389 3
0.0000 0.5317 0.9633 0.1743 3
0.0000 0.5325 0.9646 -0.0964 1
0.0000 0.5391 0.9762 0.2168 3
0.0000 0.5447 0.9860 -0.0590 1
0.0000 0.5326 0.9636 0.2542 3
0.0000 0.5312 0.9607 -0.0192 2
0.0000 0.5237 0.9467 0.2899 3
0.0000 0.5424 0.9774 0.0195 2
0.0000 0.5344 0.9620 0.0577 2
0.0000 0.5291 0.9525 -0.2118 2
0.0000 0.5332 0.9596 0.0960 2
0.0000 0.5663 1.0187 -0.1846 1
0.0000 0.5422 0.9750 0.1370 3
0.0000 0.5463 0.9818 -0.1380 3
0.0000 0.5409 0.9718 0.1761 3
0.0000 0.5232 0.9401 -0.0941 3
0.0000 0.5425 0.9743 0.2168 3
0.0000 0.5482 0.9841 -0.0590 1
0.0000 0.5350 0.9601 0.2537 2
0.0000 0.5414 0.9711 -0.0194 2
0.0000 0.5307 0.9516 0.2919 2
0.0000 0.5498 0.9825 0.0197 2
0.0000 0.5416 0.9671 0.0581 2
0.0000 0.5420 0.9678 -0.2156 2
0.0000 0.5463 0.9751 0.0978 2
0.0000 0.5563 0.9925 -0.1802 1
0.0000 0.5320 0.9488 0.1336 3
0.0000 0.5439 0.9695 -0.1365 3
0.0000 0.5501 0.9802 0.1780 3
0.0000 0.5431 0.9678 -0.0971 1
0.0000 0.5478 0.9758 0.2175 2
0.0000 0.5438 0.9682 -0.0582 3
0.0000 0.5317 0.9463 0.2506 2
0.0000 0.5467 0.9727 -0.0195 2
0.0000 0.5359 0.9531 0.2930 2
0.0000 0.5424 0.9614 0.0193 8
0.0000 0.5342 0.9461 0.0569 4
0.0000 0.5338 0.9454 -0.2110 2
0.0000 0.5380 0.9524 0.0957 2
0.0000 0.5403 0.9562 -0.1740 1
0.0000 0.5402 0.9556 0.1348 3
0.0000 0.5433 0.9607 -0.1355 3
0.0000 0.5418 0.9576 0.1743 3
0.0000 0.5386 0.9520 -0.0957 3
0.0000 0.5483 0.9688 0.2164 2
0.0000 0.5432 0.9594 -0.0578 5
0.0000 0.5408 0.9546 0.2533 2
0.0000 0.5541 0.9777 -0.0196 10
0.0000 0.5374 0.9478 0.2919 2
0.0000 0.5527 0.9717 0.0195 3
0.0000 0.5286 0.9286 0.0560 2
0.0000 0.5254 0.9231 -0.2065 2
0.0000 0.5482 0.9626 0.0969 2
0.0000 0.5476 0.9612 -0.1752 1
0.0000 0.5377 0.9434 0.1333 3
0.0000 0.5545 0.9726 -0.1375 3
0.0000 0.5442 0.9540 0.1740 1
0.0000 0.5439 0.9536 -0.0960 3
0.0000 0.5478 0.9600 0.2149 2
0.0000 0.5456 0.9557 -0.0577 1
0.0000 0.5325 0.9324 0.2479 2
0.0000 0.5386 0.9428 -0.0190 2
0.0000 0.5387 0.9426 0.2909 2
0.0000 0.5600 0.9767 0.0197 2
0.0000 0.5299 0.9233 0.0558 2
0.0000 0.5306 0.9246 -0.2072 2
0.0000 0.5337 0.9296 0.0938 2
0.0000 0.5470 0.9524 -0.1740 1
0.0000 0.5449 0.9484 0.1343 3
0.0000 0.5718 0.9948 -0.1409 1
0.0000 0.5455 0.9487 0.1733 1
0.0000 0.5393 0.9379 -0.0947 1
0.0000 0.5531 0.9615 0.2156 2
0.0000 0.5509 0.9573 -0.0579 1
0.0000 0.5396 0.9373 0.2497 2
0.0000 0.5419 0.9409 -0.0190 2
0.0000 0.5382 0.9340 0.2888 2
0.0000 0.5514 0.9539 0.0192 2
0.0000 0.5351 0.9249 0.0560 2
0.0000 0.5269 0.9109 -0.2045 2
0.0000 0.5449 0.9415 0.0952 2
0.0000 0.5345 0.9231 -0.1689 1
0.0000 0.5492 0.9482 0.1345 3
0.0000 0.5633 0.9721 -0.1380 1
0.0000 0.5558 0.9587 0.1755 3
0.0000 0.5476 0.9446 -0.0955 1
0.0000 0.5446 0.9392 0.2110 2
0.0000 0.5452 0.9398 -0.0569 1
0.0000 0.5419 0.9337 0.2492 2
0.0000 0.5432 0.9356 -0.0189 2
0.0000 0.5414 0.9321 0.2888 2
0.0000 0.5537 0.9503 0.0192 3
0.0000 0.5452 0.9352 0.0567 2
0.0000 0.5341 0.9158 -0.2061 5
0.0000 0.5492 0.9413 0.0953 2
0.0000 0.5496 0.9417 -0.1727 2
0.0000 0.5425 0.9291 0.1321 3
0.0000 0.5550 0.9501 0.1743 1
0.0000 0.5418 0.9272 -0.0940 1
0.0000 0.5440 0.9305 0.2095 2
0.0000 0.5485 0.9379 -0.0569 3
0.0000 0.5471 0.9352 0.2501 2
0.0000 0.5503 0.9407 -0.0190 2
0.0000 0.5367 0.9170 0.2847 2
0.0000 0.5549 0.9450 0.0191 5
0.0000 0.3810 0.6486 -0.1737 7
0.0000 0.5454 0.9281 0.0564 1
0.0000 0.5363 0.9122 -0.2057 5
0.0000 0.5494 0.9343 0.0948 2
0.0000 0.5347 0.9093 -0.1671 2
0.0000 0.5486 0.9325 0.1328 3
0.0000 0.5533 0.9396 0.1727 3
0.0000 0.5400 0.9167 -0.0931 1
0.0000 0.5470 0.9287 0.2095 2
0.0000 0.5506 0.9344 -0.0568 1
0.0000 0.5394 0.9149 0.2452 2
0.0000 0.5496 0.9319 -0.0189 2
0.0000 0.5399 0.9151 0.2847 2
0.0000 0.5602 0.9465 0.0192 1
0.0000 0.4190 0.7076 -0.1899 6
0.0000 0.5395 0.9108 0.0555 2
0.0000 0.5353 0.9037 -0.2042 7
0.0000 0.5566 0.9393 0.0955 2
0.0000 0.5419 0.9142 -0.1683 2
0.0000 0.5488 0.9254 0.1321 3
0.0000 0.5591 0.9424 -0.1345 1
0.0000 0.5535 0.9326 0.1718 3
0.0000 0.5532 0.9321 -0.0948 1
0.0000 0.5473 0.9217 0.2084 2
0.0000 0.5600 0.9427 -0.0575 1
0.0000 0.5416 0.9114 0.2447 2
0.0000 0.5518 0.9282 -0.0188 2
0.0000 0.5470 0.9199 0.2868 2
0.0000 0.5573 0.9342 0.0190 3
0.0000 0.3855 0.6459 -0.1737 7
0.0000 0.5427 0.9089 0.0555 2
0.0000 0.5405 0.9052 -0.2049 7
0.0000 0.5476 0.9168 0.0934 3
0.0000 0.5421 0.9072 -0.1674 2
0.0000 0.5470 0.9150 0.1309 3
0.0000 0.5665 0.9473 -0.1355 1
0.0000 0.5517 0.9222 0.1702 3
0.0000 0.5524 0.9233 -0.0941 3
0.0000 0.5606 0.9366 0.2122 3
0.0000 0.5602 0.9356 -0.0572 3
0.0000 0.5537 0.9245 0.2488 2
0.0000 0.5550 0.9263 -0.0188 7
0.0000 0.5423 0.9047 0.2826 2
0.0000 0.5513 0.9168 0.0187 12
0.0000 0.4259 0.7080 -0.1908 6
0.0000 0.5479 0.9104 0.0557 5
0.0000 0.5416 0.8999 -0.2042 7
0.0000 0.5529 0.9183 0.0938 5
0.0000 0.5483 0.9104 -0.1683 2
0.0000 0.5460 0.9063 0.1299 3
0.0000 0.5565 0.9232 -0.1324 3
0.0000 0.5508 0.9135 0.1689 3
0.0000 0.5432 0.9009 -0.0920 3
0.0000 0.5537 0.9179 0.2084 3
0.0000 0.5521 0.9149 -0.0560 12
0.0000 0.5469 0.9059 0.2443 2
0.0000 0.5758 0.9534 -0.0194 26
0.0000 0.5475 0.9061 0.2837 2
0.0000 0.5597 0.9235 0.0188 7
0.0000 0.4405 0.7265 -0.1962 5
0.0000 0.5500 0.9068 0.0556 2
0.0000 0.5508 0.9081 -0.2065 5
0.0000 0.5540 0.9130 0.0934 2
0.0000 0.5269 0.8679 -0.1608 2
0.0000 0.5554 0.9145 0.1314 3
0.0000 0.5576 0.9178 -0.1319 4
0.0000 0.5550 0.9132 0.1693 3
0.0000 0.5495 0.9041 -0.0926 4
0.0000 0.5610 0.9226 0.2099 2
0.0000 0.5563 0.9146 -0.0561 3
0.0000 0.5541 0.9106 0.2461 2
0.0000 0.5584 0.9173 -0.0187 2
0.0000 0.5567 0.9141 0.2868 2
0.0000 0.5744 0.9403 0.0192 2
0.0000 0.4309 0.7050 -0.1908 6
0.0000 0.5459 0.8929 0.0548 2
0.0000 0.5468 0.8945 -0.2038 5
0.0000 0.5634 0.9212 0.0945 2
0.0000 0.5464 0.8931 -0.1658 2
0.0000 0.5555 0.9075 0.1306 3
0.0000 0.5546 0.9057 -0.1304 3
0.0000 0.5706 0.9315 0.1730 3
0.0000 0.5630 0.9191 -0.0943 1
0.0000 0.5683 0.9274 0.2114 2
0.0000 0.5553 0.9059 -0.0557 1
0.0000 0.5573 0.9087 0.2461 2
0.0000 0.5616 0.9153 -0.0187 2
0.0000 0.5619 0.9154 0.2878 2
0.0000 0.5630 0.9144 0.0187 2
0.0000 0.4456 0.7234 -0.1962 5
0.0000 0.5574 0.9046 0.0557 2
0.0000 0.5458 0.8859 -0.2023 5
0.0000 0.5646 0.9159 0.0941 2
0.0000 0.5288 0.8575 -0.1596 2
0.0000 0.5607 0.9089 0.1311 3
0.0000 0.5744 0.9308 -0.1343 3
0.0000 0.5718 0.9262 0.1724 3
0.0000 0.5683 0.9206 -0.0947 1
0.0000 0.5695 0.9220 0.2107 2
0.0000 0.5742 0.9294 -0.0573 3
0.0000 0.5707 0.9233 0.2506 2
0.0000 0.5626 0.9099 -0.0187 2
0.0000 0.5630 0.9102 0.2868 2
0.0000 0.5767 0.9294 0.0191 2
0.0000 0.4337 0.6987 -0.1899 6
0.0000 0.5584 0.8993 0.0555 2
0.0000 0.5593 0.9006 -0.2061 5
0.0000 0.5730 0.9224 0.0950 2
0.0000 0.5443 0.8758 -0.1633 2
0.0000 0.5723 0.9205 0.1331 3
0.0000 0.5693 0.9153 -0.1324 3
0.0000 0.5729 0.9208 0.1718 3
0.0000 0.5568 0.8949 -0.0922 1
0.0000 0.5831 0.9367 0.2145 2
0.0000 0.5743 0.9223 -0.0569 3
0.0000 0.5739 0.9213 0.2506 2
0.0000 0.5552 0.8910 -0.0183 2
0.0000 0.5662 0.9082 0.2868 2
0.0000 0.5757 0.9206 0.0190 2
0.0000 0.4382 0.7005 -0.1908 6
0.0000 0.5679 0.9075 0.0561 2
0.0000 0.5718 0.9137 -0.2095 7
0.0000 0.5720 0.9136 0.0943 2
0.0000 0.5473 0.8739 -0.1633 1
0.0000 0.5839 0.9319 0.1350 3
0.0000 0.5767 0.9200 -0.1333 3
0.0000 0.5824 0.9288 0.1736 3
0.0000 0.5737 0.9149 -0.0945 3
0.0000 0.5801 0.9247 0.2122 2
0.0000 0.5881 0.9372 -0.0580 3
0.0000 0.5668 0.9028 0.2461 2
0.0000 0.5743 0.9145 -0.0188 2
0.0000 0.5673 0.9030 0.2857 2
0.0000 0.5789 0.9186 0.0190 2
0.0000 0.4012 0.6363 -0.1737 7
0.0000 0.5786 0.9173 0.0568 2
0.0000 0.5802 0.9200 -0.2114 20
0.0000 0.5879 0.9318 0.0964 2
0.0000 0.5829 0.9232 0.1341 3
0.0000 0.5905 0.9348 -0.1358 3
0.0000 0.5836 0.9235 0.1730 3
0.0000 0.5758 0.9112 -0.0943 3
0.0000 0.5812 0.9193 0.2114 2
0.0000 0.5818 0.9200 -0.0570 3
0.0000 0.5803 0.9173 0.2506 2
0.0000 0.5903 0.9327 -0.0193 2
0.0000 0.5725 0.9042 0.2868 2
0.0000 0.5993 0.9436 0.0195 2
0.0000 0.4724 0.7435 -0.2034 5
0.0000 0.5817 0.9153 0.0568 2
0.0000 0.5676 0.8931 -0.2057 30
0.0000 0.5912 0.9298 0.0964 2
0.0000 0.5872 0.9228 0.1343 3
0.0000 0.5842 0.9177 -0.1336 3
0.0000 0.5995 0.9414 0.1768 3
0.0000 0.5918 0.9293 -0.0964 3
0.0000 0.5939 0.9322 0.2149 2
0.0000 0.5850 0.9179 -0.0570 3
0.0000 0.5751 0.9021 0.2470 1
0.0000 0.5893 0.9239 -0.0191 2
0.0000 0.5829 0.9136 0.2904 1
0.0000 0.6112 0.9550 0.0198 2
0.0000 0.4476 0.6991 -0.1917 6
0.0000 0.6031 0.9419 0.0586 4
0.0000 0.5665 0.8845 -0.2042 7
0.0000 0.6138 0.9579 0.0995 2
0.0000 0.5693 0.8881 -0.1671 1
0.0000 0.6065 0.9458 0.1380 3
0.0000 0.5970 0.9307 -0.1358 3
0.0000 0.6090 0.9494 0.1786 3
0.0000 0.5951 0.9273 -0.0964 3
0.0000 0.6014 0.9367 0.2164 2
0.0000 0.6238 0.9713 -0.0605 4
0.0000 0.6668 1.0378 0.2848 1
0.0000 0.6183 0.9623 -0.0200 5
0.0000 0.6027 0.9377 0.2987 1
0.0000 0.6360 0.9866 0.0205 3
0.0000 0.4605 0.7140 -0.1962 5
0.0000 0.6573 1.0187 0.0635 9
0.0000 0.5664 0.8775 -0.2030 5
0.0000 0.6549 1.0143 0.1056 3
0.0000 0.5722 0.8862 -0.1671 1
0.0000 0.6699 1.0372 0.1516 4
0.0000 0.6281 0.9720 -0.1421 4
0.0000 0.6595 1.0202 0.1924 1
0.0000 0.6264 0.9687 -0.1009 4
0.0000 1.2132 1.8761 0.4343 3
0.0000 0.6607 1.0213 -0.0637 11
0.0000 1.2081 1.8667 0.5133 3
0.0000 0.6542 1.0105 -0.0210 9
0.0000 1.0796 1.6669 0.5321 3
0.0000 0.6504 1.0011 0.0208 1
0.0000 0.4800 0.7386 -0.2034 5
0.0000 0.6717 1.0331 0.0646 19
0.0000 0.5650 0.8691 -0.2015 5
0.0000 0.6779 1.0422 0.1088 12
0.0000 0.5473 0.8411 -0.1589 1
0.0000 0.6638 1.0199 0.1494 16
0.0000 0.6586 1.0114 -0.1482 16
0.0000 0.6652 1.0213 0.1930 1
0.0000 0.6623 1.0167 -0.1062 17
0.0000 1.2058 1.8504 0.4293 3
0.0000 0.6621 1.0156 -0.0635 30
0.0000 1.2188 1.8690 0.5151 3
0.0000 0.6752 1.0350 -0.0216 30
0.0000 1.0833 1.6599 0.5311 3
0.0000 0.6791 1.0373 0.0216 5
0.0000 0.4655 0.7108 -0.1962 5
0.0000 0.6720 1.0258 0.0643 46
0.0000 0.5831 0.8901 -0.2068 5
0.0000 0.6607 1.0082 0.1055 28
0.0000 0.5632 0.8590 -0.1627 2
0.0000 0.6565 1.0009 0.1470 20
0.0000 0.6654 1.0141 -0.1489 31
0.0000 0.7360 1.1213 0.2124 1
0.0000 0.6811 1.0377 -0.1086 46
0.0000 1.2091 1.8413 0.4282 3
0.0000 0.6535 0.9949 -0.0624 29
0.0000 1.2147 1.8484 0.5106 3
0.0000 0.6679 1.0160 -0.0212 16
0.0000 1.0933 1.6625 0.5332 3
0.0000 0.6728 1.0199 0.0213 18
0.0000 0.4916 0.7449 -0.2061 4
0.0000 0.6690 1.0134 0.0636 48
0.0000 0.5862 0.8880 -0.2068 5
0.0000 0.6796 1.0291 0.1079 40
0.0000 0.5651 0.8554 -0.1624 6
0.0000 0.6687 1.0119 0.1489 20
0.0000 0.6700 1.0134 -0.1492 37
0.0000 1.2183 1.8420 0.3498 3
0.0000 0.6792 1.0270 -0.1077 41
0.0000 1.2166 1.8387 0.4286 3
0.0000 0.6603 0.9976 -0.0627 29
0.0000 1.2071 1.8231 0.5048 3
0.0000 0.6758 1.0203 -0.0214 4
0.0000 1.1013 1.6619 0.5342 3
0.0000 0.6830 1.0275 0.0215 43
0.0000 0.4424 0.6653 -0.1845 6
0.0000 0.6781 1.0194 0.0642 55
0.0000 0.5850 0.8795 -0.2053 5
0.0000 0.6876 1.0334 0.1086 46
0.0000 0.5582 0.8386 -0.1596 6
0.0000 0.6800 1.0211 0.1506 23
0.0000 0.6669 1.0012 -0.1477 49
0.0000 1.2181 1.8279 0.3479 3
0.0000 0.6729 1.0097 -0.1062 44
0.0000 1.2197 1.8296 0.4274 3
0.0000 0.6649 0.9970 -0.0628 30
0.0000 1.2156 1.8221 0.5057 3
0.0000 0.6816 1.0212 -0.0214 9
0.0000 1.1049 1.6549 0.5332 2
0.0000 0.6899 1.0301 0.0216 31
0.0000 0.5141 0.7674 -0.2133 4
0.0000 0.6816 1.0170 0.0642 42
0.0000 0.5869 0.8758 -0.2049 2
0.0000 0.6824 1.0177 0.1072 38
0.0000 0.5766 0.8596 -0.1639 1
0.0000 0.6879 1.0253 0.1516 24
0.0000 0.6782 1.0104 -0.1494 66
0.0000 1.2157 1.8105 0.3454 3
0.0000 0.6664 0.9925 -0.1046 43
0.0000 1.2184 1.8139 0.4247 3
0.0000 0.6784 1.0096 -0.0637 37
0.0000 1.2155 1.8081 0.5030 3
0.0000 0.6952 1.0338 -0.0217 35
0.0000 1.1020 1.6382 0.5290 1
0.0000 0.4742 0.7031 -0.2272 5
0.0000 0.6991 1.0360 0.0218 36
0.0000 0.4928 0.7301 -0.2034 5
0.0000 0.6829 1.0113 0.0640 42
0.0000 0.5944 0.8802 -0.2065 2
0.0000 0.6881 1.0187 0.1076 35
0.0000 0.6194 0.9166 -0.1752 1
0.0000 0.6971 1.0311 0.1528 33
0.0000 0.6706 0.9915 -0.1470 54
0.0000 1.2176 1.7997 0.3442 3
0.0000 0.6721 0.9934 -0.1049 38
0.0000 1.2214 1.8047 0.4236 3
0.0000 0.6842 1.0105 -0.0640 39
0.0000 1.2119 1.7894 0.4989 3
0.0000 0.7055 1.0413 -0.0220 47
0.0000 1.1164 1.6471 0.5332 1
0.0000 0.7016 1.0319 0.0218 46
0.0000 0.5063 0.7445 -0.2079 4
0.0000 0.6932 1.0189 0.0646 31
0.0000 0.6118 0.8992 -0.2114 5
0.0000 0.6973 1.0245 0.1084 32
0.0000 0.5937 0.8719 -0.1671 1
0.0000 0.6996 1.0271 0.1526 20
0.0000 0.6785 0.9958 -0.1479 51
0.0000 1.2283 1.8020 0.3454 3
0.0000 0.6800 0.9977 -0.1056 39
0.0000 1.2189 1.7875 0.4205 3
0.0000 0.6866 1.0065 -0.0638 42
0.0000 1.2226 1.7916 0.5007 3
0.0000 0.6990 1.0240 -0.0216 42
0.0000 1.1265 1.6496 0.5352 1
0.0000 0.7119 1.0394 0.0220 61
0.0000 0.4715 0.6880 -0.1926 6
0.0000 0.6956 1.0148 0.0645 41
0.0000 0.6105 0.8906 -0.2099 5
0.0000 0.7065 1.0303 0.1093 25
0.0000 0.6526 0.9513 -0.1827 1
0.0000 0.7234 1.0541 0.1570 5
0.0000 0.6820 0.9934 -0.1479 60
0.0000 1.2324 1.7944 0.3448 3
0.0000 0.6858 0.9986 -0.1060 39
0.0000 1.2207 1.7767 0.4190 3
0.0000 0.6878 1.0008 -0.0636 43
0.0000 1.2178 1.7712 0.4962 3
0.0000 0.7094 1.0314 -0.0219 35
0.0000 1.1246 1.6345 0.5316 1
0.0000 0.7178 1.0402 0.0221 57
0.0000 0.4716 0.6832 -0.1917 6
0.0000 0.6990 1.0125 0.0645 45
0.0000 0.6136 0.8885 -0.2099 5
0.0000 0.7101 1.0278 0.1093 13
0.0000 0.6402 0.9263 -0.1783 1
0.0000 0.7067 1.0221 0.1526 1
0.0000 0.6787 0.9812 -0.1465 58
0.0000 1.2136 1.7546 0.3379 3
0.0000 0.6870 0.9929 -0.1056 30
0.0000 1.2280 1.7741 0.4194 3
0.0000 0.6947 1.0033 -0.0640 39
0.0000 1.2106 1.7477 0.4908 3
0.0000 0.7094 1.0241 -0.0217 40
0.0000 1.1399 1.6450 0.5363 1
0.0000 0.7190 1.0345 0.0220 45
0.0000 0.4850 0.6976 -0.1962 5
0.0000 0.7116 1.0231 0.0653 34
0.0000 0.6190 0.8896 -0.2107 2
0.0000 0.7239 1.0400 0.1109 5
0.0000 0.6861 0.9857 -0.1902 1
0.0000 1.2194 1.7512 0.2620 3
0.0000 0.6864 0.9855 -0.1475 46
0.0000 1.2220 1.7536 0.3385 3
0.0000 0.6927 0.9938 -0.1060 30
0.0000 1.2282 1.7620 0.4175 3
0.0000 0.7026 1.0075 -0.0644 37
0.0000 1.2164 1.7437 0.4908 3
0.0000 0.7256 1.0397 -0.0221 54
0.0000 1.1368 1.6284 0.5321 1
0.0000 0.7272 1.0385 0.0221 48
0.0000 0.4986 0.7119 -0.2007 5
0.0000 0.7198 1.0272 0.0657 5
0.0000 0.6275 0.8956 -0.2126 2
0.0000 0.7525 1.0735 0.1147 8
0.0000 0.7009 0.9995 -0.1934 3
0.0000 1.2198 1.7389 0.2608 3
0.0000 0.6956 0.9912 -0.1487 45
0.0000 1.2281 1.7493 0.3385 3
0.0000 0.6960 0.9914 -0.1060 35
0.0000 1.2231 1.7416 0.4137 3
0.0000 0.7119 1.0132 -0.0649 35
0.0000 1.2203 1.7363 0.4899 3
0.0000 0.7211 1.0257 -0.0219 61
0.0000 1.1347 1.6133 0.5285 1
0.0000 0.7354 1.0425 0.0223 50
0.0000 0.5011 0.7101 -0.2007 5
0.0000 2.1989 3.1148 0.1998 4
0.0000 0.6307 0.8934 -0.2126 2
0.0000 0.7471 1.0579 0.1133 5
0.0000 0.7215 1.0213 -0.1980 12
0.0000 1.2098 1.7119 0.2574 3
0.0000 0.7013 0.9920 -0.1492 40
0.0000 1.2228 1.7289 0.3354 3
0.0000 0.7075 1.0004 -0.1072 33
0.0000 1.2269 1.7341 0.4129 3
0.0000 0.7073 0.9993 -0.0642 39
0.0000 1.2229 1.7272 0.4886 3
0.0000 0.7270 1.0264 -0.0220 52
0.0000 1.1526 1.6267 0.5342 1
0.0000 0.7448 1.0481 0.0224 15
0.0000 0.5104 0.7179 -0.2034 5
0.0000 0.6406 0.9007 -0.2149 2
0.0000 1.2243 1.7209 0.1848 3
0.0000 0.7296 1.0252 -0.1993 15
0.0000 1.2147 1.7060 0.2571 3
0.0000 0.6956 0.9766 -0.1472 30
0.0000 1.2345 1.7327 0.3370 3
0.0000 0.7064 0.9914 -0.1065 34
0.0000 1.2307 1.7266 0.4121 3
0.0000 0.7154 1.0034 -0.0646 35
0.0000 1.2244 1.7166 0.4868 3
0.0000 0.7376 1.0336 -0.0222 45
0.0000 1.1538 1.6164 0.5321 2
0.0000 0.7357 1.0276 0.0221 20
0.0000 0.5129 0.7161 -0.2034 5
0.0000 2.2276 3.1091 0.2004 59
0.0000 0.6289 0.8778 -0.2099 2
0.0000 1.2233 1.7069 0.1837 3
0.0000 0.7390 1.0307 -0.2009 16
0.0000 1.2241 1.7066 0.2579 3
0.0000 0.7175 1.0000 -0.1511 30
0.0000 1.2233 1.7043 0.3323 3
0.0000 0.7157 0.9971 -0.1074 28
0.0000 1.2367 1.7223 0.4121 3
0.0000 0.7248 1.0090 -0.0651 35
0.0000 1.2293 1.7107 0.4863 3
0.0000 0.7388 1.0278 -0.0221 45
0.0000 1.1707 1.6280 0.5373 2
0.0000 0.7627 1.0575 0.0228 12
0.0000 0.5108 0.7080 -0.2016 5
0.0000 2.2320 3.0936 0.1999 48
0.0000 0.6227 0.8628 -0.2068 2
0.0000 1.2235 1.6945 0.1829 3
0.0000 0.7449 1.0313 -0.2015 16
0.0000 1.2242 1.6943 0.2567 3
0.0000 0.7255 1.0040 -0.1521 31
0.0000 1.2301 1.7018 0.3326 3
0.0000 0.7168 0.9913 -0.1070 30
0.0000 1.2381 1.7116 0.4106 3
0.0000 0.7259 1.0032 -0.0649 32
0.0000 1.2292 1.6987 0.4841 3
0.0000 0.7516 1.0383 -0.0224 45
0.0000 1.1693 1.6148 0.5342 2
0.0000 0.4983 0.6863 -0.2272 5
0.0000 2.2539 3.1033 0.0669 15
0.0000 0.5292 0.7284 -0.2079 4
0.0000 2.2563 3.1056 0.2012 50
0.0000 0.6371 0.8766 -0.2107 2
0.0000 1.2220 1.6808 0.1818 3
0.0000 0.7460 1.0256 -0.2009 16
0.0000 1.2275 1.6870 0.2562 3
0.0000 0.7300 1.0032 -0.1523 33
0.0000 1.2299 1.6897 0.3310 3
0.0000 0.7283 1.0002 -0.1082 33
0.0000 1.2368 1.6980 0.4083 3
0.0000 0.7340 1.0072 -0.0653 30
0.0000 1.2280 1.6852 0.4814 3
0.0000 0.7551 1.0358 -0.0224 42
0.0000 1.1747 1.6109 0.5342 2
0.0000 0.5005 0.6846 -0.2272 5
0.0000 2.2736 3.1087 0.0672 48
0.0000 0.5132 0.7014 -0.2007 5
0.0000 2.2773 3.1126 0.2021 53
0.0000 0.6377 0.8713 -0.2099 2
0.0000 1.2300 1.6799 0.1822 3
0.0000 0.7494 1.0231 -0.2009 11
0.0000 1.2190 1.6637 0.2532 3
0.0000 0.7380 1.0072 -0.1533 33
0.0000 1.2332 1.6825 0.3304 3
0.0000 0.7328 0.9994 -0.1084 28
0.0000 1.2355 1.6844 0.4060 3
0.0000 0.7337 1.0000 -0.0650 30
0.0000 1.2347 1.6827 0.4818 3
0.0000 0.7739 1.0543 -0.0228 38
0.0000 1.1777 1.6038 0.5332 2
0.0000 0.5028 0.6830 -0.2272 5
0.0000 2.2803 3.0963 0.0671 37
0.0000 0.5225 0.7092 -0.2034 5
0.0000 2.2816 3.0970 0.2016 52
0.0000 0.6488 0.8803 -0.2126 2
0.0000 1.2296 1.6678 0.1813 3
0.0000 0.7633 1.0349 -0.2037 12
0.0000 1.2269 1.6629 0.2537 3
0.0000 0.7378 1.0000 -0.1526 34
0.0000 1.2411 1.6815 0.3310 3
0.0000 0.7444 1.0082 -0.1096 33
0.0000 1.2387 1.6771 0.4053 3
0.0000 0.7418 1.0040 -0.0654 39
0.0000 1.2252 1.6582 0.4760 3
0.0000 2.3119 3.1277 -0.0679 47
0.0000 1.1922 1.6124 0.5373 2
0.0000 2.3047 3.1032 0.0675 43
0.0000 0.5346 0.7196 -0.2070 4
0.0000 2.3024 3.0990 0.2023 50
0.0000 0.6523 0.8777 -0.2126 2
0.0000 1.2387 1.6661 0.1816 3
0.0000 0.7710 1.0366 -0.2046 12
0.0000 1.2300 1.6532 0.2530 3
0.0000 0.7372 0.9905 -0.1516 33
0.0000 1.2313 1.6544 0.3266 3
0.0000 0.7520 1.0100 -0.1102 37
0.0000 1.2478 1.6753 0.4060 3
0.0000 0.7637 1.0250 -0.0670 42
0.0000 1.2322 1.6531 0.4760 3
0.0000 2.3160 3.1072 -0.0676 41
0.0000 1.1987 1.6076 0.5373 2
0.0000 2.2934 3.0667 0.0668 11
0.0000 0.5160 0.6897 -0.1989 5
0.0000 2.3012 3.0750 0.2013 14
0.0000 0.6507 0.8691 -0.2110 2
0.0000 1.2337 1.6474 0.1801 3
0.0000 0.7756 1.0356 -0.2049 12
0.0000 1.2331 1.6459 0.2525 3
0.0000 0.7512 1.0023 -0.1538 40
0.0000 1.2347 1.6469 0.3260 3
0.0000 0.7483 0.9978 -0.1091 39
0.0000 1.2416 1.6554 0.4022 3
0.0000 0.7791 1.0384 -0.0680 42
0.0000 1.2318 1.6412 0.4737 3
0.0000 2.2885 3.0479 -0.0665 10
0.0000 1.1950 1.5910 0.5332 2
0.0000 2.2860 3.0348 0.0663 12
0.0000 0.5348 0.7097 -0.2052 4
0.0000 2.2903 3.0382 0.1994 7
0.0000 0.6606 0.8764 -0.2133 2
0.0000 1.2320 1.6337 0.1790 3
0.0000 0.7697 1.0203 -0.2024 8
0.0000 1.2376 1.6400 0.2523 3
0.0000 0.7643 1.0124 -0.1557 43
0.0000 1.2333 1.6331 0.3241 3
0.0000 0.7589 1.0048 -0.1102 39
0.0000 1.2497 1.6542 0.4030 3
0.0000 0.7803 1.0325 -0.0678 22
0.0000 1.2375 1.6369 0.4737 3
0.0000 2.2967 3.0367 -0.0665 12
0.0000 1.1936 1.5776 0.5301 2
0.0000 2.2869 3.0140 0.0660 11
0.0000 0.5561 0.7327 -0.2124 4
0.0000 2.2924 3.0191 0.1987 7
0.0000 0.6589 0.8678 -0.2118 2
0.0000 1.2353 1.6262 0.1787 3
0.0000 0.7661 1.0082 -0.2005 3
0.0000 1.2313 1.6199 0.2498 3
0.0000 0.7666 1.0081 -0.1555 45
0.0000 1.2390 1.6288 0.3241 3
0.0000 0.7768 1.0212 -0.1123 52
0.0000 1.2412 1.6311 0.3984 3
0.0000 1.2397 1.6279 0.4724 3
0.0000 2.3012 3.0207 -0.0663 11
0.0000 1.2061 1.5826 0.5332 2
0.0000 2.2950 3.0028 0.0660 11
0.0000 0.5350 0.6997 -0.2034 5
0.0000 2.2872 2.9904 0.1973 6
0.0000 0.6691 0.8748 -0.2141 2
0.0000 1.2434 1.6251 0.1790 3
0.0000 0.7660 1.0008 -0.1996 2
0.0000 1.2346 1.6124 0.2493 4
0.0000 0.7665 1.0007 -0.1548 49
0.0000 1.2435 1.6229 0.3238 3
0.0000 0.7755 1.0122 -0.1116 49
0.0000 1.2493 1.6299 0.3992 3
0.0000 1.2394 1.6158 0.4701 3
0.0000 2.3044 3.0032 -0.0661 10
0.0000 1.2139 1.5815 0.5342 2
0.0000 2.2957 2.9821 0.0657 11
0.0000 0.5374 0.6979 -0.2034 5
0.0000 2.2903 2.9729 0.1967 6
0.0000 0.6698 0.8694 -0.2133 2
0.0000 1.2369 1.6050 0.1773 3
0.0000 0.7659 0.9934 -0.1987 2
0.0000 1.2390 1.6065 0.2491 3
0.0000 0.7760 1.0059 -0.1560 49
0.0000 1.2443 1.6123 0.3226 3
0.0000 0.7852 1.0173 -0.1124 42
0.0000 1.2550 1.6255 0.3992 3
0.0000 1.8434 2.3869 -0.1581 1
0.0000 1.2379 1.6022 0.4674 3
0.0000 2.2941 2.9682 -0.0655 2
0.0000 1.2289 1.5895 0.5383 2
0.0000 2.3037 2.9709 0.0656 11
0.0000 0.5327 0.6868 -0.2007 5
0.0000 2.3063 2.9732 0.1972 7
0.0000 0.6632 0.8546 -0.2103 2
0.0000 1.2290 1.5833 0.1754 3
0.0000 0.7705 0.9923 -0.1990 2
0.0000 1.2421 1.5990 0.2486 3
0.0000 0.7891 1.0159 -0.1579 48
0.0000 1.2436 1.6004 0.3210 3
0.0000 0.7789 1.0020 -0.1110 27
0.0000 1.2558 1.6149 0.3976 4
0.0000 1.8346 2.3583 -0.1566 2
0.0000 1.2420 1.5966 0.4670 3
0.0000 1.2176 1.5640 0.5311 3
0.0000 0.5446 0.6973 -0.2043 4
0.0000 2.3100 2.9577 0.1967 6
0.0000 0.6684 0.8555 -0.2110 2
0.0000 1.2416 1.5886 0.1764 3
0.0000 0.7714 0.9866 -0.1984 2
0.0000 1.2438 1.5902 0.2479 3
0.0000 0.7986 1.0211 -0.1592 45
0.0000 1.2465 1.5931 0.3204 3
0.0000 0.7798 0.9963 -0.1107 4
0.0000 1.2466 1.5922 0.3931 3
0.0000 2.4397 3.1148 -0.2074 7
0.0000 1.2509 1.5971 0.4683 3
0.0000 1.8525 2.3642 -0.0524 1
0.0000 1.2156 1.5509 0.5280 2
0.0000 1.8895 2.4038 0.0534 1
0.0000 0.5132 0.6526 -0.1917 6
0.0000 2.2981 2.9214 0.1948 3
0.0000 0.6810 0.8657 -0.2141 2
0.0000 1.2531 1.5924 0.1773 3
0.0000 0.7820 0.9934 -0.2002 2
0.0000 1.2466 1.5830 0.2474 4
0.0000 0.8132 1.0323 -0.1614 49
0.0000 1.2496 1.5856 0.3198 3
0.0000 1.4786 1.8763 -0.2090 3
0.0000 1.2495 1.5849 0.3923 3
0.0000 2.4488 3.1052 -0.2073 16
0.0000 1.2492 1.5835 0.4656 3
0.0000 2.3005 2.9150 -0.0648 5
0.0000 1.2306 1.5587 0.5321 2
0.0000 1.8793 2.3736 0.0528 1
0.0000 0.5130 0.6477 -0.1908 6
0.0000 0.6791 0.8571 -0.2126 2
0.0000 1.2487 1.5755 0.1759 2
0.0000 0.7683 0.9690 -0.1959 2
0.0000 1.2447 1.5693 0.2459 3
0.0000 0.8217 1.0357 -0.1623 22
0.0000 1.2502 1.5751 0.3185 3
0.0000 1.4901 1.8774 -0.2097 3
0.0000 1.2538 1.5790 0.3919 4
0.0000 2.4646 3.1029 -0.2077 16
0.0000 1.2463 1.5685 0.4625 3
0.0000 2.3169 2.9148 -0.0650 11
0.0000 1.2312 1.5484 0.5301 2
0.0000 2.3090 2.8955 0.0646 7
0.0000 0.5153 0.6459 -0.1908 6
0.0000 1.8923 2.3713 0.1590 1
0.0000 0.6821 0.8547 -0.2126 2
0.0000 1.2517 1.5680 0.1755 2
0.0000 0.7815 0.9786 -0.1984 2
0.0000 1.2489 1.5634 0.2457 3
0.0000 0.9840 1.2313 -0.1935 3
0.0000 1.2532 1.5676 0.3179 3
0.0000 1.5032 1.8797 -0.2106 4
0.0000 1.2568 1.5716 0.3912 4
0.0000 2.4954 3.1192 -0.2093 21
0.0000 1.2359 1.5443 0.4567 3
0.0000 2.3120 2.8880 -0.0646 11
0.0000 1.2390 1.5471 0.5311 2
0.0000 2.3091 2.8750 0.0644 10
0.0000 0.5322 0.6624 -0.1962 5
0.0000 2.2860 2.8442 0.1912 3
0.0000 0.6508 0.8094 -0.2019 2
0.0000 1.2525 1.5572 0.1748 2
0.0000 0.7851 0.9758 -0.1984 2
0.0000 1.2544 1.5590 0.2457 4
0.0000 1.0480 1.3021 -0.2052 2
0.0000 1.2574 1.5617 0.3176 3
0.0000 1.4985 1.8604 -0.2090 3
0.0000 1.2577 1.5609 0.3896 4
0.0000 2.5168 3.1225 -0.2102 21
0.0000 1.2501 1.5504 0.4598 3
0.0000 2.3083 2.8627 -0.0642 12
0.0000 1.2371 1.5337 0.5280 3
0.0000 2.3083 2.8525 0.0641 10
0.0000 0.5223 0.6452 -0.1917 6
0.0000 2.3147 2.8595 0.1928 4
0.0000 0.6882 0.8498 -0.2126 2
0.0000 1.2453 1.5373 0.1731 2
0.0000 0.7885 0.9730 -0.1984 2
0.0000 1.2501 1.5421 0.2437 3
0.0000 1.0665 1.3152 -0.2079 3
0.0000 1.2492 1.5404 0.3141 3
0.0000 1.5088 1.8598 -0.2095 3
0.0000 1.2520 1.5427 0.3862 3
0.0000 2.5315 3.1183 -0.2105 21
0.0000 1.2531 1.5430 0.4589 3
0.0000 2.3195 2.8562 -0.0642 11
0.0000 1.2327 1.5174 0.5238 3
0.0000 2.3152 2.8417 0.0640 12
0.0000 0.5122 0.6284 -0.1872 6
0.0000 2.3171 2.8421 0.1922 4
0.0000 0.7036 0.8626 -0.2164 2
0.0000 1.2557 1.5391 0.1738 2
0.0000 0.7855 0.9627 -0.1968 2
0.0000 1.2514 1.5333 0.2430 4
0.0000 1.0634 1.3024 -0.2064 3
0.0000 1.2608 1.5437 0.3157 3
0.0000 1.5102 1.8484 -0.2088 3
0.0000 1.2521 1.5325 0.3847 3
0.0000 2.5443 3.1130 -0.2107 20
0.0000 1.2582 1.5388 0.4589 3
0.0000 2.3244 2.8419 -0.0641 12
0.0000 1.2429 1.5191 0.5259 3
0.0000 2.3200 2.8274 0.0638 12
0.0000 0.5391 0.6567 -0.1962 5
0.0000 2.3220 2.8278 0.1918 4
0.0000 0.6865 0.8360 -0.2103 2
0.0000 1.2431 1.5134 0.1713 2
0.0000 0.7863 0.9569 -0.1962 2
0.0000 1.2467 1.5166 0.2411 4
0.0000 1.0603 1.2895 -0.2050 3
0.0000 1.2674 1.5408 0.3160 3
0.0000 1.5163 1.8434 -0.2088 3
0.0000 1.2674 1.5402 0.3877 4
0.0000 2.5628 3.1133 -0.2113 20
0.0000 1.2512 1.5194 0.4544 3
0.0000 2.3280 2.8261 -0.0639 11
0.0000 1.2408 1.5058 0.5228 3
0.0000 2.3197 2.8070 0.0636 12
0.0000 0.5289 0.6398 -0.1917 6
0.0000 2.3166 2.8012 0.1905 5
0.0000 0.6769 0.8185 -0.2065 2
0.0000 1.2675 1.5321 0.1740 2
0.0000 0.8048 0.9725 -0.1999 2
0.0000 1.2558 1.5169 0.2418 3
0.0000 1.0623 1.2827 -0.2045 3
0.0000 1.2640 1.5257 0.3138 3
0.0000 1.5304 1.8473 -0.2099 3
0.0000 1.2690 1.5313 0.3866 4
0.0000 2.5940 3.1290 -0.2130 20
0.0000 1.2490 1.5060 0.4517 3
0.0000 2.3289 2.8072 -0.0637 11
0.0000 1.2535 1.5104 0.5259 3
0.0000 0.5424 0.6519 -0.2272 5
0.0000 2.3295 2.7989 0.0636 13
0.0000 0.5312 0.6380 -0.1917 6
0.0000 2.3110 2.7747 0.1892 5
0.0000 0.6873 0.8252 -0.2087 2
0.0000 1.2626 1.5154 0.1726 1
0.0000 0.8094 0.9712 -0.2002 2
0.0000 1.2585 1.5094 0.2413 4
0.0000 1.0820 1.2973 -0.2074 3
0.0000 1.2592 1.5092 0.3113 3
0.0000 1.5384 1.8432 -0.2100 3
0.0000 1.2693 1.5208 0.3851 4
0.0000 2.6113 3.1276 -0.2135 18
0.0000 1.2505 1.4972 0.4504 4
0.0000 2.3297 2.7883 -0.0634 12
0.0000 1.2464 1.4912 0.5207 3
0.0000 2.3264 2.7754 0.0632 13
0.0000 0.5334 0.6361 -0.1917 6
0.0000 2.3207 2.7666 0.1892 7
0.0000 0.6878 0.8196 -0.2080 2
0.0000 1.2656 1.5077 0.1722 1
0.0000 0.8003 0.9531 -0.1971 2
0.0000 1.2676 1.5096 0.2420 4
0.0000 1.0776 1.2829 -0.2057 3
0.0000 1.2619 1.5018 0.3107 3
0.0000 1.5397 1.8317 -0.2093 3
0.0000 1.2635 1.5026 0.3816 3
0.0000 2.6331 3.1302 -0.2144 18
0.0000 1.2572 1.4941 0.4508 3
0.0000 2.3291 2.7679 -0.0631 11
0.0000 1.2540 1.4898 0.5218 3
0.0000 2.3236 2.7516 0.0629 12
0.0000 0.5332 0.6312 -0.1908 6
0.0000 2.3251 2.7524 0.1888 8
0.0000 0.7033 0.8322 -0.2118 2
0.0000 1.2580 1.4881 0.1705 1
0.0000 0.8100 0.9578 -0.1987 2
0.0000 1.2513 1.4792 0.2379 4
0.0000 1.0887 1.2865 -0.2069 3
0.0000 1.2569 1.4853 0.3082 3
0.0000 1.5422 1.8217 -0.2088 2
0.0000 1.2612 1.4892 0.3793 3
0.0000 2.6401 3.1164 -0.2141 8
0.0000 1.2574 1.4837 0.4490 3
0.0000 2.3375 2.7582 -0.0631 11
0.0000 1.2542 1.4795 0.5197 3
0.0000 2.3314 2.7423 0.0628 6
0.0000 0.5302 0.6235 -0.1890 6
0.0000 2.3114 2.7169 0.1869 4
0.0000 0.6960 0.8178 -0.2087 2
0.0000 1.2632 1.4837 0.1705 1
0.0000 0.8131 0.9551 -0.1987 3
0.0000 1.2549 1.4735 0.2376 4
0.0000 1.0853 1.2738 -0.2055 3
0.0000 1.2724 1.4929 0.3107 3
0.0000 1.4038 1.6465 -0.1893 2
0.0000 1.2686 1.4880 0.3801 3
0.0000 1.2497 1.4647 0.4445 3
0.0000 2.3341 2.7348 -0.0628 1
0.0000 1.2644 1.4810 0.5218 3
0.0000 0.5223 0.6098 -0.1854 6
0.0000 0.6987 0.8155 -0.2087 2
0.0000 1.2629 1.4734 0.1698 1
0.0000 0.8216 0.9583 -0.1999 2
0.0000 1.2575 1.4661 0.2372 3
0.0000 1.0974 1.2791 -0.2069 3
0.0000 1.2670 1.4767 0.3082 3
0.0000 1.1848 1.3803 -0.1591 1
0.0000 1.2700 1.4791 0.3789 3
0.0000 1.2560 1.4618 0.4450 3
0.0000 1.2618 1.4680 0.5187 3
0.0000 0.5396 0.6258 -0.1908 6
0.0000 0.6939 0.8041 -0.2065 2
0.0000 1.2446 1.4419 0.1666 1
0.0000 0.8235 0.9540 -0.1996 2
0.0000 1.2507 1.4484 0.2350 2
0.0000 1.0991 1.2724 -0.2064 3
0.0000 1.2580 1.4558 0.3047 2
0.0000 1.1857 1.3717 -0.1586 2
0.0000 1.2595 1.4571 0.3744 2
0.0000 1.2554 1.4519 -0.1006 1
0.0000 1.2354 1.4282 0.4360 1
0.0000 1.2214 1.4110 0.5000 2
0.0000 1.2178 1.4029 0.0324 1
0.0000 0.5571 0.6415 -0.1962 5
0.0000 1.2035 1.3859 0.0962 1
0.0000 0.7043 0.8107 -0.2087 2
0.0000 1.2141 1.3971 0.1619 1
0.0000 0.8100 0.9318 -0.1955 2
0.0000 1.2284 1.4126 0.2298 2
0.0000 1.1087 1.2746 -0.2074 3
0.0000 1.2343 1.4188 0.2979 2
0.0000 1.1850 1.3617 -0.1579 2
0.0000 1.2323 1.4156 0.3648 2
0.0000 1.2198 1.4008 -0.0973 1
0.0000 1.2237 1.4047 0.4301 2
0.0000 1.2202 1.4008 -0.0324 1
0.0000 1.2095 1.3880 0.4933 1
0.0000 1.2106 1.3853 0.0321 1
0.0000 0.5592 0.6397 -0.1962 5
0.0000 1.2004 1.3727 0.0956 1
0.0000 0.7278 0.8319 -0.2149 2
0.0000 1.2124 1.3854 0.1611 2
0.0000 0.8157 0.9321 -0.1962 2
0.0000 1.2056 1.3771 0.2247 2
0.0000 1.1064 1.2634 -0.2062 3
0.0000 1.2197 1.3922 0.2932 2
0.0000 1.2028 1.3725 -0.1597 2
0.0000 1.2318 1.4056 0.3633 2
0.0000 1.2100 1.3802 -0.0962 2
0.0000 1.2232 1.3948 0.4283 2
0.0000 1.2159 1.3860 -0.0322 1
0.0000 1.2093 1.3779 0.4912 1
0.0000 1.2210 1.3868 0.0323 2
0.0000 0.5487 0.6230 -0.1917 6
0.0000 1.1975 1.3593 0.0949 2
0.0000 0.7229 0.8205 -0.2126 2
0.0000 1.2251 1.3901 0.1621 2
0.0000 0.8308 0.9424 -0.1990 2
0.0000 1.2080 1.3697 0.2242 2
0.0000 1.1005 1.2474 -0.2043 2
0.0000 1.2248 1.3878 0.2932 2
0.0000 1.1973 1.3562 -0.1583 2
0.0000 1.2292 1.3923 0.3610 2
0.0000 1.2111 1.3713 -0.0959 2
0.0000 1.2103 1.3699 0.4220 2
0.0000 1.2196 1.3800 -0.0321 1
0.0000 1.2207 1.3807 0.4938 2
0.0000 1.2165 1.3721 0.0320 2
0.0000 0.5379 0.6065 -0.1872 6
0.0000 1.2049 1.3581 0.0951 2
0.0000 0.7285 0.8208 -0.2133 2
0.0000 1.2289 1.3841 0.1619 2
0.0000 0.8251 0.9290 -0.1968 2
0.0000 1.2233 1.3774 0.2262 2
0.0000 1.1062 1.2451 -0.2045 3
0.0000 1.2296 1.3835 0.2932 2
0.0000 1.2232 1.3758 -0.1611 3
0.0000 1.2395 1.3936 0.3625 2
0.0000 1.2267 1.3788 -0.0967 3
0.0000 1.2140 1.3640 0.4216 2
0.0000 1.2178 1.3683 -0.0320 3
0.0000 1.2230 1.3736 0.4928 2
0.0000 1.2362 1.3840 0.0324 4
0.0000 0.5739 0.6423 -0.1989 5
0.0000 1.2163 1.3613 0.0957 3
0.0000 0.7340 0.8212 -0.2141 2
0.0000 1.2178 1.3620 0.1598 3
0.0000 0.8362 0.9350 -0.1987 2
0.0000 1.2217 1.3655 0.2250 3
0.0000 1.1213 1.2528 -0.2064 3
0.0000 1.2331 1.3777 0.2928 2
0.0000 1.2294 1.3730 -0.1612 5
0.0000 1.2352 1.3791 0.3599 2
0.0000 1.2195 1.3611 -0.0958 12
0.0000 1.2031 1.3423 0.4162 2
0.0000 1.2426 1.3863 -0.0325 16
0.0000 1.2226 1.3636 0.4907 2
0.0000 1.2287 1.3666 0.0321 7
0.0000 0.5526 0.6143 -0.1908 6
0.0000 1.2143 1.3496 0.0951 3
0.0000 0.6948 0.7719 -0.2019 2
0.0000 1.2332 1.3696 0.1612 2
0.0000 0.8301 0.9219 -0.1965 2
0.0000 1.2355 1.3717 0.2267 2
0.0000 1.1321 1.2565 -0.2077 3
0.0000 1.2419 1.3778 0.2938 2
0.0000 1.2275 1.3613 -0.1604 3
0.0000 1.2306 1.3647 0.3572 2
0.0000 1.2441 1.3793 -0.0973 2
0.0000 1.2324 1.3658 0.4247 2
0.0000 1.2461 1.3805 -0.0325 7
0.0000 1.2157 1.3464 0.4861 1
0.0000 1.2348 1.3637 0.0321 1
0.0000 0.5442 0.6008 -0.1872 6
0.0000 1.2309 1.3589 0.0961 2
0.0000 0.7211 0.7958 -0.2087 2
0.0000 1.2457 1.3743 0.1623 1
0.0000 0.8373 0.9234 -0.1974 2
0.0000 1.2350 1.3615 0.2257 2
0.0000 1.1312 1.2466 -0.2067 2
0.0000 1.2571 1.3854 0.2963 2
0.0000 1.2333 1.3587 -0.1605 1
0.0000 1.2591 1.3866 0.3641 2
0.0000 1.2475 1.3734 -0.0972 2
0.0000 1.2581 1.3846 0.4319 2
0.0000 1.2426 1.3675 -0.0323 1
0.0000 1.2513 1.3766 0.4985 1
0.0000 1.2609 1.3833 0.0327 1
0.0000 0.5594 0.6134 -0.1917 6
0.0000 1.2275 1.3457 0.0955 2
0.0000 0.7371 0.8078 -0.2126 2
0.0000 1.2505 1.3700 0.1623 2
0.0000 0.8457 0.9264 -0.1987 2
0.0000 1.2529 1.3721 0.2281 2
0.0000 1.1219 1.2282 -0.2043 3
0.0000 1.2566 1.3751 0.2950 2
0.0000 1.2434 1.3603 -0.1612 2
0.0000 1.2584 1.3766 0.3625 2
0.0000 1.2467 1.3634 -0.0968 3
0.0000 1.2601 1.3775 0.4310 2
0.0000 1.2581 1.3750 -0.0325 2
0.0000 1.2561 1.3723 0.4985 1
0.0000 1.2590 1.3715 0.0325 2
0.0000 0.5483 0.5971 -0.1872 6
0.0000 1.2322 1.3414 0.0955 2
0.0000 0.7371 0.8024 -0.2118 2
0.0000 1.2551 1.3658 0.1623 2
0.0000 0.8435 0.9177 -0.1974 2
0.0000 1.2630 1.3735 0.2291 2
0.0000 1.1289 1.2272 -0.2047 3
0.0000 1.2587 1.3678 0.2944 2
0.0000 1.2601 1.3694 -0.1628 2
0.0000 1.2844 1.3953 0.3686 2
0.0000 1.2609 1.3693 -0.0976 2
0.0000 1.2622 1.3702 0.4301 2
0.0000 1.2616 1.3691 -0.0325 2
0.0000 1.2557 1.3622 0.4964 1
0.0000 1.2882 1.3935 0.0331 2
0.0000 0.5504 0.5952 -0.1872 6
0.0000 1.2545 1.3562 0.0968 2
0.0000 0.7292 0.7883 -0.2087 2
0.0000 1.2666 1.3688 0.1632 2
0.0000 0.8642 0.9336 -0.2015 2
0.0000 1.2705 1.3720 0.2296 2
0.0000 1.1372 1.2276 -0.2055 3
0.0000 1.2769 1.3779 0.2975 2
0.0000 1.2527 1.3518 -0.1612 2
0.0000 1.2973 1.3995 0.3709 2
0.0000 1.2698 1.3693 -0.0979 2
0.0000 1.2723 1.3715 0.4319 2
0.0000 1.2759 1.3749 -0.0327 2
0.0000 1.2552 1.3521 0.4943 1
0.0000 1.2739 1.3685 0.0326 3
0.0000 0.5897 0.6332 -0.1998 5
0.0000 1.2661 1.3591 0.0973 2
0.0000 0.7347 0.7887 -0.2095 2
0.0000 1.2673 1.3600 0.1626 2
0.0000 0.8486 0.9103 -0.1971 2
0.0000 1.2699 1.3618 0.2286 2
0.0000 1.1510 1.2338 -0.2072 2
0.0000 1.2736 1.3648 0.2957 2
0.0000 1.2750 1.3664 -0.1635 3
0.0000 1.2888 1.3806 0.3671 2
0.0000 1.2759 1.3663 -0.0980 3
0.0000 1.2851 1.3756 0.4346 2
0.0000 1.2916 1.3822 -0.0330 12
0.0000 1.2203 1.3054 0.4788 1
0.0000 1.2938 1.3801 0.0330 1
0.0000 0.5679 0.6056 -0.1917 6
0.0000 1.2640 1.3474 0.0968 1
0.0000 0.7482 0.7975 -0.2126 2
0.0000 1.2720 1.3555 0.1626 1
0.0000 0.8450 0.9001 -0.1955 2
0.0000 1.2977 1.3820 0.2328 2
0.0000 1.1471 1.2211 -0.2057 2
0.0000 1.2946 1.3776 0.2994 2
0.0000 1.2743 1.3561 -0.1628 3
0.0000 1.2990 1.3818 0.3686 2
0.0000 1.2861 1.3677 -0.0984 2
0.0000 1.2992 1.3811 0.4378 1
0.0000 1.2262 1.3026 0.4793 1
0.0000 1.2999 1.3771 0.0331 1
0.0000 0.5566 0.5894 -0.1872 6
0.0000 1.2961 1.3720 0.0989 1
0.0000 0.7428 0.7864 -0.2103 2
0.0000 1.3014 1.3771 0.1658 2
0.0000 0.8522 0.9015 -0.1965 2
0.0000 1.3053 1.3803 0.2333 2
0.0000 1.1514 1.2171 -0.2057 2
0.0000 1.3021 1.3760 0.3000 2
0.0000 1.2873 1.3603 -0.1639 2
0.0000 1.3146 1.3887 0.3717 2
0.0000 1.2882 1.3603 -0.0982 1
0.0000 1.2692 1.3398 0.4261 1
0.0000 1.3067 1.3789 -0.0332 1
0.0000 1.2294 1.2969 0.4788 1
0.0000 1.3158 1.3841 0.0333 1
0.0000 0.5989 0.6298 -0.2007 5
0.0000 1.2871 1.3530 0.0979 1
0.0000 0.7402 0.7781 -0.2087 2
0.0000 1.3199 1.3870 0.1675 2
0.0000 0.8662 0.9100 -0.1990 2
0.0000 1.3087 1.3743 0.2330 2
0.0000 1.1529 1.2102 -0.2052 3
0.0000 1.3069 1.3714 0.3000 2
0.0000 1.3099 1.3746 -0.1661 1
0.0000 1.3221 1.3869 0.3725 2
0.0000 1.2984 1.3616 -0.0986 1
0.0000 1.2604 1.3212 0.4216 1
0.0000 1.3088 1.3715 -0.0331 1
0.0000 1.2339 1.2926 0.4788 1
0.0000 1.3317 1.3911 0.0336 2
0.0000 0.5715 0.5968 -0.1908 6
0.0000 1.2904 1.3471 0.0978 2
0.0000 0.7212 0.7528 -0.2026 2
0.0000 1.3055 1.3623 0.1651 2
0.0000 0.8612 0.8984 -0.1971 2
0.0000 1.3176 1.3740 0.2337 2
0.0000 1.1461 1.1947 -0.2033 3
0.0000 1.3185 1.3740 0.3016 2
0.0000 1.2871 1.3412 -0.1626 1
0.0000 1.3039 1.3582 0.3660 1
0.0000 1.2650 1.3168 0.4216 1
0.0000 1.3205 1.3741 -0.0333 1
0.0000 1.2090 1.2576 0.4674 1
0.0000 1.3420 1.3922 0.0338 1
0.0000 0.5222 0.5415 -0.1737 7
0.0000 1.3076 1.3555 0.0987 2
0.0000 0.7592 0.7870 -0.2126 2
0.0000 1.3213 1.3692 0.1665 2
0.0000 0.8616 0.8925 -0.1965 2
0.0000 1.3362 1.3837 0.2362 2
0.0000 1.1737 1.2150 -0.2074 3
0.0000 1.3288 1.3750 0.3029 1
0.0000 1.2724 1.3167 -0.1602 2
0.0000 1.2840 1.3283 0.3591 1
0.0000 1.3704 1.4171 -0.1033 1
0.0000 1.2560 1.2984 0.4171 1
0.0000 1.3364 1.3810 -0.0335 1
0.0000 1.2335 1.2742 0.4752 1
0.0000 1.3302 1.3703 0.0333 1
0.0000 0.5648 0.5816 -0.1872 6
0.0000 1.3344 1.3741 0.1004 1
0.0000 0.7401 0.7618 -0.2065 2
0.0000 1.3344 1.3731 0.1675 2
0.0000 0.8730 0.8980 -0.1984 2
0.0000 1.3272 1.3648 0.2337 2
0.0000 1.1683 1.2009 -0.2057 3
0.0000 1.3361 1.3735 0.3035 1
0.0000 1.3214 1.3579 -0.1658 1
0.0000 1.2818 1.3167 0.3572 1
0.0000 1.3001 1.3350 -0.0977 1
0.0000 1.2605 1.2940 0.4171 1
0.0000 1.2485 1.2812 0.4793 2
0.0000 0.5667 0.5797 -0.1872 6
0.0000 1.3210 1.3509 0.0990 2
0.0000 0.7537 0.7705 -0.2095 2
0.0000 1.3587 1.3884 0.1700 2
0.0000 0.8759 0.8951 -0.1984 2
0.0000 1.3275 1.3561 0.2330 2
0.0000 1.1681 1.1928 -0.2050 3
0.0000 1.3575 1.3857 0.3072 1
0.0000 1.3415 1.3689 -0.1677 2
0.0000 1.2944 1.3209 0.3595 1
0.0000 1.3241 1.3507 -0.0991 1
0.0000 1.2348 1.2592 0.4072 2
0.0000 1.3261 1.3518 -0.0331 1
0.0000 1.2530 1.2768 0.4793 1
0.0000 0.5797 0.5888 -0.1908 6
0.0000 1.3607 1.3818 0.1016 1
0.0000 0.7397 0.7512 -0.2049 2
0.0000 1.3647 1.3853 0.1701 1
0.0000 0.8735 0.8864 -0.1971 2
0.0000 1.3615 1.3812 0.2381 2
0.0000 1.1778 1.1944 -0.2060 3
0.0000 1.3554 1.3739 0.3057 1
0.0000 1.3544 1.3730 -0.1687 2
0.0000 1.2852 1.3024 0.3557 2
0.0000 1.3470 1.3645 -0.1005 1
0.0000 1.2597 1.2757 0.4139 1
0.0000 1.3196 1.3358 -0.0328 2
0.0000 1.2547 1.2697 0.4783 1
0.0000 1.3780 1.3906 0.0342 1
0.0000 0.5982 0.6034 -0.1962 5
0.0000 0.7451 0.7514 -0.2057 2
0.0000 1.3737 1.3848 0.1707 1
0.0000 0.8766 0.8834 -0.1971 2
0.0000 1.3691 1.3792 0.2386 2
0.0000 1.1848 1.1931 -0.2064 3
0.0000 1.3592 1.3683 -0.1687 2
0.0000 1.2662 1.2742 0.3492 2
0.0000 1.3715 1.3796 -0.1020 1
0.0000 1.2614 1.2685 0.4130 2
0.0000 1.3511 1.3582 -0.0334 1
0.0000 1.2605 1.2667 0.4788 1
0.0000 1.3744 1.3773 0.0340 1
0.0000 0.5672 0.5682 -0.1854 6
0.0000 0.7505 0.7516 -0.2065 2
0.0000 0.8685 0.8691 -0.1946 2
0.0000 1.3782 1.3786 0.2394 1
0.0000 1.2029 1.2029 -0.2089 3
0.0000 1.3314 1.3309 0.2982 1
0.0000 1.3739 1.3734 -0.1700 1
0.0000 1.2790 1.2781 0.3515 2
0.0000 1.3805 1.3791 -0.1023 1
0.0000 1.2921 1.2903 0.4216 1
0.0000 1.3615 1.3591 -0.0336 1
0.0000 1.3934 1.3866 0.0343 1
0.0000 0.5858 0.5827 -0.1908 6
0.0000 1.3497 1.3421 0.0998 1
0.0000 0.7670 0.7628 -0.2103 2
0.0000 0.8827 0.8772 -0.1971 2
0.0000 1.1987 1.1903 -0.2074 3
0.0000 1.3010 1.2915 0.2903 3
0.0000 1.3815 1.3714 -0.1703 1
0.0000 1.3002 1.2902 0.3560 2
0.0000 1.3853 1.3742 -0.1023 1
0.0000 1.3242 1.3132 0.4306 1
0.0000 1.3832 1.3712 -0.0340 1
0.0000 1.2693 1.2578 0.4788 1
0.0000 1.4110 1.3943 0.0346 1
0.0000 0.5878 0.5807 -0.1908 6
0.0000 1.3828 1.3655 0.1018 1
0.0000 0.7837 0.7739 -0.2141 2
0.0000 1.3825 1.3647 0.1700 1
0.0000 0.8914 0.8797 -0.1984 2
0.0000 1.1972 1.1806 -0.2064 3
0.0000 1.3800 1.3604 0.3069 1
0.0000 1.3891 1.3693 -0.1707 1
0.0000 1.3424 1.3229 0.3664 1
0.0000 1.3986 1.3778 -0.1029 1
0.0000 1.2927 1.2730 0.4189 1
0.0000 1.4108 1.3888 -0.0346 1
0.0000 1.4144 1.3880 0.0346 1
0.0000 0.5731 0.5622 -0.1854 6
0.0000 1.3875 1.3606 0.1018 1
0.0000 0.7667 0.7519 -0.2087 2
0.0000 1.4214 1.3934 0.1741 1
0.0000 0.8945 0.8766 -0.1984 2
0.0000 1.1899 1.1653 -0.2045 3
0.0000 1.4215 1.3915 0.3151 1
0.0000 1.4010 1.3715 -0.1715 1
0.0000 1.3470 1.3182 0.3664 1
0.0000 1.4092 1.3785 -0.1033 1
0.0000 1.2971 1.2685 0.4189 1
0.0000 1.3985 1.3671 -0.0341 1
0.0000 1.2780 1.2489 0.4788 1
0.0000 1.4250 1.3886 0.0347 1
0.0000 0.5667 0.5521 -0.1827 7
0.0000 1.4066 1.3697 0.1029 1
0.0000 0.7862 0.7657 -0.2133 2
0.0000 1.4219 1.3842 0.1736 1
0.0000 0.9004 0.8762 -0.1990 2
0.0000 1.2111 1.1777 -0.2074 3
0.0000 1.4419 1.4017 0.3185 1
0.0000 1.4115 1.3721 -0.1722 1
0.0000 1.3770 1.3381 0.3732 1
0.0000 1.4283 1.3875 -0.1044 1
0.0000 1.3016 1.2639 0.4189 1
0.0000 1.4205 1.3789 -0.0346 1
0.0000 1.2824 1.2445 0.4788 1
0.0000 1.4327 1.3864 0.0348 1
0.0000 0.5939 0.5745 -0.1908 6
0.0000 1.4314 1.3843 0.1044 1
0.0000 0.7635 0.7383 -0.2065 2
0.0000 1.4325 1.3848 0.1743 1
0.0000 0.8949 0.8648 -0.1971 2
0.0000 1.4191 1.3709 0.2423 1
0.0000 1.2123 1.1707 -0.2069 3
0.0000 1.4368 1.3871 0.3163 1
0.0000 1.4134 1.3644 -0.1719 1
0.0000 1.3619 1.3142 0.3679 1
0.0000 1.4446 1.3936 -0.1052 1
0.0000 1.2779 1.2323 0.4099 1
0.0000 1.4224 1.3712 -0.0345 1
0.0000 1.2561 1.2105 0.4674 1
0.0000 1.4543 1.3986 0.0352 1
0.0000 0.5788 0.5564 -0.1854 6
0.0000 2.8658 2.7540 0.2083 3
0.0000 0.7715 0.7414 -0.2080 2
0.0000 1.4454 1.3886 0.1754 1
0.0000 0.8919 0.8565 -0.1959 2
0.0000 1.3834 1.3280 0.2355 1
0.0000 1.2160 1.1669 -0.2069 3
0.0000 1.4811 1.4208 0.3251 1
0.0000 1.4349 1.3765 -0.1740 1
0.0000 1.3660 1.3099 0.3679 1
0.0000 1.4403 1.3808 -0.1046 1
0.0000 1.3099 1.2553 0.4189 1
0.0000 1.4585 1.3972 -0.0353 1
0.0000 1.2655 1.2119 0.4695 1
0.0000 0.5441 0.5194 -0.1737 7
0.0000 2.8552 2.7246 0.2068 16
0.0000 0.7741 0.7387 -0.2080 2
0.0000 2.0068 1.9143 0.2426 1
0.0000 0.9063 0.8643 -0.1984 2
0.0000 1.3621 1.2985 0.2311 1
0.0000 1.2115 1.1545 -0.2055 3
0.0000 1.4440 1.3756 -0.1745 1
0.0000 1.3194 1.2564 0.3541 1
0.0000 1.9572 1.8632 -0.1416 1
0.0000 1.2776 1.2158 0.4072 1
0.0000 1.9791 1.8827 -0.0477 1
0.0000 1.2949 1.2314 0.4788 1
0.0000 0.6166 0.5845 -0.1962 5
0.0000 0.7766 0.7360 -0.2080 2
0.0000 2.0337 1.9265 0.2451 1
0.0000 0.9007 0.8530 -0.1965 1
0.0000 1.3767 1.3033 0.2328 1
0.0000 1.2241 1.1584 -0.2069 3
0.0000 1.4447 1.3662 -0.1740 1
0.0000 1.3237 1.2518 0.3541 1
0.0000 1.2337 1.1658 0.3919 1
0.0000 1.9828 1.8731 -0.0476 1
0.0000 1.2515 1.1818 0.4612 1
0.0000 2.0148 1.8974 0.0483 1
0.0000 0.6016 0.5664 -0.1908 6
0.0000 0.7765 0.7304 -0.2072 2
0.0000 2.0552 1.9327 0.2468 1
0.0000 0.9125 0.8578 -0.1984 1
0.0000 1.3668 1.2849 0.2303 1
0.0000 1.2253 1.1514 -0.2064 3
0.0000 1.4066 1.3214 0.3057 1
0.0000 1.4437 1.3557 -0.1733 1
0.0000 1.3999 1.3141 0.3732 1
0.0000 2.8662 2.6897 -0.2060 45
0.0000 1.2521 1.1746 0.3964 1
0.0000 2.8614 2.6843 -0.0685 36
0.0000 1.2499 1.1721 0.4591 1
0.0000 2.8690 2.6820 0.0686 22
0.0000 0.6065 0.5668 -0.1917 6
0.0000 2.0185 1.8856 0.1448 1
0.0000 0.7647 0.7143 -0.2034 2
0.0000 0.9097 0.8492 -0.1971 2
0.0000 1.3701 1.2785 0.2301 1
0.0000 1.2309 1.1483 -0.2067 3
0.0000 1.3392 1.2489 0.2900 1
0.0000 1.4615 1.3629 -0.1748 1
0.0000 1.2953 1.2075 0.3442 1
0.0000 2.8712 2.6756 -0.2057 49
0.0000 1.2676 1.1809 0.4000 1
0.0000 2.8859 2.6874 -0.0688 48
0.0000 1.2571 1.1702 0.4602 1
0.0000 2.8681 2.6624 0.0683 43
0.0000 0.6085 0.5647 -0.1917 6
0.0000 2.8729 2.6650 0.2054 20
0.0000 0.7960 0.7384 -0.2110 2
0.0000 0.9127 0.8460 -0.1971 2
0.0000 1.3745 1.2737 0.2301 1
0.0000 1.2451 1.1534 -0.2084 3
0.0000 1.3204 1.2227 0.2850 1
0.0000 1.4823 1.3727 -0.1768 1
0.0000 1.3082 1.2110 0.3465 1
0.0000 2.8512 2.6384 -0.2036 48
0.0000 1.2517 1.1579 0.3937 1
0.0000 2.8879 2.6705 -0.0687 58
0.0000 1.2427 1.1487 0.4535 1
0.0000 2.8701 2.6456 0.0681 31
0.0000 0.6076 0.5599 -0.1908 6
0.0000 2.8494 2.6257 0.2031 34
0.0000 0.7899 0.7276 -0.2087 2
0.0000 0.9214 0.8482 -0.1984 2
0.0000 1.3527 1.2447 0.2257 1
0.0000 1.2345 1.1356 -0.2060 3
0.0000 1.3477 1.2397 0.2900 1
0.0000 1.4989 1.3783 -0.1781 1
0.0000 1.2806 1.1772 0.3381 1
0.0000 2.8545 2.6230 -0.2032 48
0.0000 1.2457 1.1443 0.3905 2
0.0000 2.8909 2.6555 -0.0685 46
0.0000 1.2266 1.1263 0.4462 2
0.0000 2.8714 2.6293 0.0680 39
0.0000 0.6095 0.5579 -0.1908 6
0.0000 2.8836 2.6386 0.2048 51
0.0000 0.7895 0.7222 -0.2080 2
0.0000 2.1232 1.9415 0.2517 1
0.0000 0.9242 0.8451 -0.1984 2
0.0000 1.3831 1.2643 0.2301 1
0.0000 1.2442 1.1369 -0.2069 3
0.0000 1.3024 1.1897 0.2794 1
0.0000 1.5184 1.3865 -0.1799 1
0.0000 1.2686 1.1583 0.3339 2
0.0000 2.8603 2.6109 -0.2030 49
0.0000 1.2452 1.1362 0.3892 1
0.0000 2.8794 2.6265 -0.0680 51
0.0000 1.2276 1.1194 0.4452 2
0.0000 2.8836 2.6220 0.0680 42
0.0000 0.6114 0.5558 -0.1908 6
0.0000 2.8706 2.6084 0.2033 44
0.0000 0.7832 0.7116 -0.2057 2
0.0000 2.1267 1.9317 0.2514 1
0.0000 0.9067 0.8233 -0.1940 2
0.0000 1.3876 1.2595 0.2301 1
0.0000 1.2481 1.1325 -0.2069 3
0.0000 1.3007 1.1798 0.2781 1
0.0000 1.5348 1.3921 -0.1813 1
0.0000 1.2770 1.1579 0.3351 1
0.0000 2.8694 2.6009 -0.2030 49
0.0000 1.2463 1.1292 0.3883 1
0.0000 2.8886 2.6165 -0.0680 53
0.0000 1.2101 1.0957 0.4374 1
0.0000 2.8793 2.5999 0.0677 43
0.0000 0.6163 0.5562 -0.1917 6
0.0000 2.8738 2.5930 0.2029 36
0.0000 0.8031 0.7247 -0.2103 2
0.0000 2.1837 1.9697 0.2573 1
0.0000 0.9184 0.8281 -0.1959 2
0.0000 1.3742 1.2387 0.2272 1
0.0000 1.2550 1.1308 -0.2074 3
0.0000 1.2975 1.1687 0.2766 1
0.0000 1.5470 1.3934 -0.1822 1
0.0000 1.2927 1.1639 0.3381 1
0.0000 2.8725 2.5855 -0.2025 46
0.0000 1.2531 1.1275 0.3892 1
0.0000 2.8888 2.5983 -0.0678 51
0.0000 1.2168 1.0940 0.4384 1
0.0000 2.8795 2.5818 0.0675 43
0.0000 0.6153 0.5515 -0.1908 6
0.0000 2.8764 2.5781 0.2024 37
0.0000 0.7998 0.7166 -0.2087 2
0.0000 2.1965 1.9673 0.2580 1
0.0000 0.9154 0.8196 -0.1946 2
0.0000 1.3549 1.2127 0.2233 1
0.0000 1.2560 1.1238 -0.2069 3
0.0000 1.3087 1.1710 0.2781 1
0.0000 1.5534 1.3894 -0.1823 1
0.0000 1.2733 1.1385 0.3320 1
0.0000 2.8651 2.5608 -0.2014 45
0.0000 1.2512 1.1179 0.3874 1
0.0000 2.8929 2.5847 -0.0677 52
0.0000 1.1973 1.0694 0.4302 1
0.0000 2.8910 2.5749 0.0676 43
0.0000 0.6491 0.5780 -0.2007 5
0.0000 2.8734 2.5575 0.2016 39
0.0000 0.7876 0.7008 -0.2049 2
0.0000 2.2421 1.9941 0.2625 1
0.0000 0.9358 0.8323 -0.1984 2
0.0000 1.3441 1.1950 0.2208 1
0.0000 1.2449 1.1064 -0.2045 3
0.0000 1.2833 1.1401 0.2719 1
0.0000 1.5850 1.4077 -0.1855 1
0.0000 1.2727 1.1303 0.3309 2
0.0000 2.8616 2.5407 -0.2006 45
0.0000 1.2462 1.1060 0.3847 1
0.0000 2.8959 2.5693 -0.0676 52
0.0000 1.2271 1.0883 0.4395 1
0.0000 2.8910 2.5568 0.0674 43
0.0000 0.6365 0.5628 -0.1962 5
0.0000 2.8779 2.5434 0.2013 9
0.0000 0.8047 0.7112 -0.2087 2
0.0000 0.9387 0.8290 -0.1984 2
0.0000 1.3393 1.1824 0.2194 1
0.0000 1.2547 1.1073 -0.2055 3
0.0000 1.2828 1.1317 0.2709 1
0.0000 1.5927 1.4051 -0.1858 1
0.0000 1.2766 1.1259 0.3309 2
0.0000 2.8645 2.5254 -0.2001 45
0.0000 1.2559 1.1068 0.3865 1
0.0000 2.8914 2.5473 -0.0673 53
0.0000 1.2265 1.0802 0.4379 1
0.0000 2.8939 2.5414 0.0672 37
0.0000 0.6209 0.5451 -0.1908 6
0.0000 0.7865 0.6902 -0.2034 2
0.0000 0.9431 0.8271 -0.1987 2
0.0000 1.3628 1.1948 0.2225 1
0.0000 1.2615 1.1055 -0.2060 3
0.0000 1.2674 1.1103 0.2669 2
0.0000 1.5976 1.3995 -0.1858 1
0.0000 1.2672 1.1098 0.3274 2
0.0000 2.8733 2.5154 -0.2001 45
0.0000 1.2744 1.1152 0.3910 1
0.0000 2.8942 2.5319 -0.0671 56
0.0000 1.2012 1.0504 0.4276 1
0.0000 0.6258 0.5455 -0.1917 6
0.0000 0.8096 0.7055 -0.2087 2
0.0000 1.6015 1.3951 0.1858 1
0.0000 0.9445 0.8225 -0.1984 2
0.0000 1.3415 1.1678 0.2184 1
0.0000 1.2744 1.1090 -0.2074 3
0.0000 1.3071 1.1370 0.2744 1
0.0000 1.6192 1.4081 -0.1877 1
0.0000 1.2800 1.1131 0.3297 1
0.0000 2.8760 2.5001 -0.1997 45
0.0000 1.2665 1.1006 0.3874 1
0.0000 2.8925 2.5126 -0.0669 40
0.0000 1.2267 1.0652 0.4353 1
0.0000 0.6247 0.5408 -0.1908 6
0.0000 0.8122 0.7026 -0.2087 2
0.0000 1.5779 1.3644 0.1825 2
0.0000 0.9206 0.7957 -0.1927 2
0.0000 1.3456 1.1631 0.2184 1
0.0000 1.2677 1.0954 -0.2057 3
0.0000 1.3021 1.1247 0.2725 1
0.0000 1.6392 1.4154 -0.1895 1
0.0000 1.2811 1.1058 0.3290 1
0.0000 2.8837 2.4882 -0.1996 37
0.0000 1.2513 1.0794 0.3815 2
0.0000 1.2421 1.0711 0.4395 1
0.0000 0.6444 0.5537 -0.1962 5
0.0000 1.5952 1.3706 0.1102 1
0.0000 0.8295 0.7125 -0.2126 2
0.0000 2.9054 2.4946 0.3350 18
0.0000 0.9383 0.8054 -0.1959 2
0.0000 1.3529 1.1608 0.2189 1
0.0000 1.2717 1.0908 -0.2057 2
0.0000 1.3150 1.1279 0.2744 1
0.0000 1.6381 1.4045 -0.1888 1
0.0000 1.2805 1.0975 0.3278 2
0.0000 1.2477 1.0686 0.3793 3
0.0000 1.2048 1.0315 0.4250 1
0.0000 0.6463 0.5516 -0.1962 5
0.0000 2.8899 2.4656 0.1991 3
0.0000 0.8171 0.6969 -0.2087 2
0.0000 2.8761 2.4521 0.3307 33
0.0000 0.9485 0.8087 -0.1974 2
0.0000 1.3477 1.1486 0.2174 1
0.0000 1.2723 1.0840 -0.2052 2
0.0000 1.2768 1.0874 0.2656 1
0.0000 1.6763 1.4272 -0.1926 2
0.0000 1.2856 1.0945 0.3282 3
0.0000 1.2601 1.0721 0.3820 1
0.0000 1.2319 1.0473 0.4333 1
0.0000 1.6062 1.3617 0.0368 1
0.0000 0.6482 0.5493 -0.1962 5
0.0000 0.8284 0.7018 -0.2110 2
0.0000 2.8843 2.4426 0.3307 40
0.0000 0.9619 0.8143 -0.1996 2
0.0000 1.3532 1.1451 0.2177 1
0.0000 1.2730 1.0770 -0.2047 2
0.0000 1.2821 1.0842 0.2659 3
0.0000 1.6826 1.4229 -0.1928 2
0.0000 1.2909 1.0913 0.3286 2
0.0000 1.2728 1.0752 0.3847 1
0.0000 1.2090 1.0206 0.4239 1
0.0000 2.9006 2.4416 0.0662 21
0.0000 0.6501 0.5471 -0.1962 5
0.0000 2.8918 2.4325 0.1980 37
0.0000 0.8218 0.6913 -0.2087 2
0.0000 2.8973 2.4363 0.3312 47
0.0000 0.9436 0.7931 -0.1952 2
0.0000 1.3420 1.1276 0.2152 1
0.0000 1.2829 1.0776 -0.2057 2
0.0000 1.2934 1.0861 0.2675 2
0.0000 1.6982 1.4260 -0.1940 1
0.0000 1.2721 1.0678 0.3228 1
0.0000 1.2676 1.0633 0.3820 1
0.0000 2.9451 2.4695 -0.0671 1
0.0000 1.2214 1.0238 0.4271 1
0.0000 0.6506 0.5440 -0.2272 5
0.0000 2.8891 2.4148 0.0657 43
0.0000 0.6161 0.5148 -0.1854 6
0.0000 2.9075 2.4293 0.1986 46
0.0000 0.8272 0.6909 -0.2095 2
0.0000 2.9028 2.4237 0.3308 45
0.0000 0.9524 0.7949 -0.1965 2
0.0000 1.3322 1.1115 0.2130 1
0.0000 1.2821 1.0693 -0.2050 3
0.0000 1.3031 1.0869 0.2688 1
0.0000 1.2819 1.0684 0.3244 1
0.0000 1.2683 1.0563 0.3811 2
0.0000 2.9179 2.4303 -0.0663 16
0.0000 1.2263 1.0210 0.4276 1
0.0000 2.9156 2.4206 0.0661 48
0.0000 0.6538 0.5426 -0.1962 5
0.0000 2.8929 2.4000 0.1970 46
0.0000 0.8417 0.6981 -0.2126 2
0.0000 2.9035 2.4071 0.3300 46
0.0000 0.9535 0.7905 -0.1962 2
0.0000 1.3511 1.1197 0.2155 1
0.0000 1.2734 1.0549 -0.2030 3
0.0000 1.3099 1.0848 0.2694 1
0.0000 1.2869 1.0654 0.3248 2
0.0000 2.9051 2.4041 -0.1976 4
0.0000 1.2598 1.0422 0.3775 8
0.0000 2.9156 2.4111 -0.0660 48
0.0000 1.2403 1.0253 0.4312 1
0.0000 2.9086 2.3977 0.0658 47
0.0000 0.6557 0.5403 -0.1962 5
0.0000 2.8977 2.3879 0.1968 46
0.0000 0.8471 0.6978 -0.2133 2
0.0000 2.9084 2.3950 0.3296 46
0.0000 0.9685 0.7972 -0.1987 2
0.0000 1.3520 1.1125 0.2150 1
0.0000 1.2924 1.0631 -0.2055 3
0.0000 1.2891 1.0604 0.2644 1
0.0000 1.6882 1.3882 -0.1912 1
0.0000 1.2967 1.0659 0.3263 4
0.0000 1.2559 1.0316 0.3752 3
0.0000 2.9251 2.4027 -0.0661 68
0.0000 1.2512 1.0273 0.4338 2
0.0000 2.9119 2.3842 0.0657 45
0.0000 0.7329 0.5999 -0.2187 3
0.0000 2.9030 2.3752 0.1966 46
0.0000 0.8404 0.6874 -0.2110 2
0.0000 2.9075 2.3772 0.3286 47
0.0000 0.9573 0.7827 -0.1959 2
0.0000 1.3679 1.1181 0.2169 1
0.0000 1.2897 1.0538 -0.2045 3
0.0000 1.2943 1.0571 0.2647 3
0.0000 1.7270 1.4100 -0.1951 2
0.0000 1.3033 1.0641 0.3270 4
0.0000 2.8919 2.3603 -0.1956 49
0.0000 1.2668 1.0336 0.3775 2
0.0000 2.9133 2.3761 -0.0656 67
0.0000 1.2428 1.0132 0.4296 2
0.0000 2.9051 2.3609 0.0653 43
0.0000 0.6413 0.5210 -0.1908 6
0.0000 2.9066 2.3613 0.1963 48
0.0000 0.8428 0.6844 -0.2110 2
0.0000 2.9034 2.3570 0.3272 51
0.0000 0.9556 0.7755 -0.1949 2
0.0000 1.3535 1.0980 0.2140 1
0.0000 1.2903 1.0468 -0.2040 3
0.0000 1.3041 1.0576 0.2659 2
0.0000 1.7489 1.4178 -0.1970 2
0.0000 1.2980 1.0519 0.3248 2
0.0000 2.9037 2.3522 -0.1958 49
0.0000 1.2598 1.0206 0.3743 3
0.0000 2.9170 2.3621 -0.0655 51
0.0000 1.2433 1.0064 0.4286 3
0.0000 2.9036 2.3437 0.0651 43
0.0000 0.6430 0.5189 -0.1908 6
0.0000 2.9097 2.3479 0.1959 46
0.0000 0.8542 0.6890 -0.2133 2
0.0000 2.9174 2.3524 0.3279 53
0.0000 0.9505 0.7661 -0.1934 2
0.0000 1.3448 1.0836 0.2121 1
0.0000 1.3077 1.0537 -0.2062 3
0.0000 1.3000 1.0471 0.2644 2
0.0000 1.7753 1.4295 -0.1994 3
0.0000 1.2832 1.0328 0.3202 3
0.0000 2.8912 2.3263 -0.1945 59
0.0000 1.2875 1.0359 0.3815 1
0.0000 2.9217 2.3499 -0.0654 52
0.0000 1.2602 1.0132 0.4333 1
0.0000 2.9113 2.3341 0.0651 45
0.0000 0.6782 0.5435 -0.2007 5
0.0000 2.9039 2.3265 0.1950 45
0.0000 0.8381 0.6714 -0.2087 2
0.0000 2.9159 2.3352 0.3268 51
0.0000 0.9638 0.7716 -0.1955 2
0.0000 1.3484 1.0791 0.2121 1
0.0000 1.3005 1.0404 -0.2045 3
0.0000 1.2990 1.0388 0.2634 3
0.0000 1.7863 1.4285 -0.2001 2
0.0000 1.3203 1.0555 0.3286 2
0.0000 2.8865 2.3067 -0.1936 59
0.0000 1.2713 1.0156 0.3757 2
0.0000 2.9298 2.3397 -0.0654 55
0.0000 1.2486 0.9967 0.4281 1
0.0000 2.9194 2.3239 0.0651 43
0.0000 0.6862 0.5460 -0.2025 5
0.0000 2.9073 2.3126 0.1947 46
0.0000 0.8343 0.6636 -0.2072 2
0.0000 2.9147 2.3176 0.3258 48
0.0000 0.9618 0.7645 -0.1946 2
0.0000 1.3428 1.0670 0.2106 1
0.0000 1.3026 1.0346 -0.2043 3
0.0000 1.3150 1.0441 0.2659 2
0.0000 1.8521 1.4706 -0.2069 2
0.0000 1.3102 1.0399 0.3251 2
0.0000 2.8961 2.2979 -0.1937 61
0.0000 1.2718 1.0088 0.3748 2
0.0000 2.9192 2.3146 -0.0650 55
0.0000 1.2460 0.9876 0.4260 1
0.0000 0.6653 0.5260 -0.2272 5
0.0000 2.9213 2.3087 0.0650 46
0.0000 0.6483 0.5122 -0.1908 6
0.0000 2.9075 2.2962 0.1942 45
0.0000 0.8459 0.6680 -0.2095 2
0.0000 2.9102 2.2975 0.3244 48
0.0000 0.9769 0.7710 -0.1971 2
0.0000 1.3419 1.0586 0.2099 1
0.0000 1.3062 1.0301 -0.2043 3
0.0000 1.3077 1.0309 0.2637 2
0.0000 1.8372 1.4478 -0.2046 2
0.0000 1.3184 1.0390 0.3263 2
0.0000 2.9025 2.2865 -0.1936 59
0.0000 1.2723 1.0019 0.3739 2
0.0000 2.9257 2.3031 -0.0650 56
0.0000 1.2570 0.9892 0.4286 2
0.0000 0.6672 0.5235 -0.2272 5
0.0000 2.9151 2.2874 0.0647 47
0.0000 0.6961 0.5460 -0.2043 4
0.0000 2.9155 2.2861 0.1942 48
0.0000 0.8421 0.6601 -0.2080 2
0.0000 2.9171 2.2856 0.3242 38
0.0000 0.9595 0.7515 -0.1930 2
0.0000 1.3502 1.0576 0.2106 1
0.0000 1.3160 1.0304 -0.2052 3
0.0000 1.3160 1.0300 0.2647 1
0.0000 1.8579 1.4536 -0.2064 2
0.0000 1.3067 1.0220 0.3225 2
0.0000 2.9061 2.2722 -0.1933 60
0.0000 1.2898 1.0080 0.3779 2
0.0000 2.9274 2.2880 -0.0649 56
0.0000 1.2513 0.9777 0.4255 2
0.0000 2.9172 2.2718 0.0645 49
0.0000 0.6520 0.5076 -0.1908 6
0.0000 2.9156 2.2697 0.1936 44
0.0000 0.8630 0.6716 -0.2126 2
0.0000 2.9219 2.2730 0.3239 32
0.0000 0.9746 0.7579 -0.1955 2
0.0000 1.3369 1.0392 0.2079 1
0.0000 1.3196 1.0258 -0.2052 3
0.0000 1.3243 1.0291 0.2656 2
0.0000 1.8755 1.4569 -0.2078 3
0.0000 1.3118 1.0187 0.3228 2
0.0000 2.8998 2.2510 -0.1924 57
0.0000 1.2839 0.9966 0.3752 2
0.0000 2.9401 2.2814 -0.0650 57
0.0000 1.2578 0.9757 0.4265 2
0.0000 0.6708 0.5190 -0.2272 5
0.0000 2.9215 2.2597 0.0645 49
0.0000 0.6537 0.5054 -0.1908 6
0.0000 2.9105 2.2503 0.1928 44
0.0000 0.8373 0.6471 -0.2057 2
0.0000 2.9247 2.2596 0.3233 20
0.0000 0.9709 0.7498 -0.1943 2
0.0000 1.3340 1.0299 0.2069 1
0.0000 1.3136 1.0142 -0.2038 3
0.0000 1.3292 1.0259 0.2659 2
0.0000 1.8788 1.4495 -0.2076 2
0.0000 1.3152 1.0143 0.3228 3
0.0000 2.9041 2.2389 -0.1922 57
0.0000 1.2841 0.9899 0.3743 2
0.0000 2.9350 2.2619 -0.0647 57
0.0000 1.2672 0.9762 0.4286 2
0.0000 2.9243 2.2463 0.0644 46
0.0000 0.6739 0.5175 -0.1962 5
0.0000 2.9009 2.2267 0.1917 40
0.0000 0.8519 0.6539 -0.2087 2
0.0000 2.9306 2.2487 0.3232 8
0.0000 0.9843 0.7550 -0.1965 2
0.0000 1.3264 1.0171 0.2052 1
0.0000 1.3187 1.0108 -0.2040 3
0.0000 1.3124 1.0056 0.2619 2
0.0000 1.8820 1.4420 -0.2074 2
0.0000 1.3155 1.0076 0.3221 3
0.0000 2.9115 2.2293 -0.1922 38
0.0000 1.2844 0.9831 0.3734 2
0.0000 2.9222 2.2358 -0.0642 40
0.0000 1.2736 0.9741 0.4296 2
0.0000 0.6743 0.5144 -0.2272 5
0.0000 2.5648 1.9560 0.0563 11
0.0000 0.6757 0.5151 -0.1962 5
0.0000 2.5401 1.9357 0.1674 12
0.0000 0.8448 0.6438 -0.2065 2
0.0000 0.9807 0.7468 -0.1952 2
0.0000 1.3363 1.0172 0.2062 1
0.0000 1.3159 1.0014 -0.2030 3
0.0000 1.3206 1.0046 0.2628 2
0.0000 1.8775 1.4282 -0.2064 2
0.0000 1.3221 1.0053 0.3228 3
0.0000 2.5631 1.9483 -0.1687 14
0.0000 1.2863 0.9774 0.3730 2
0.0000 2.5542 1.9402 -0.0560 13
0.0000 1.2647 0.9603 0.4255 2
0.0000 2.5604 1.9386 0.0561 16
0.0000 0.6464 0.4892 -0.1872 6
0.0000 2.5532 1.9317 0.1678 16
0.0000 0.8752 0.6621 -0.2133 2
0.0000 2.5394 1.9205 0.2785 1
0.0000 0.9707 0.7338 -0.1927 2
0.0000 1.3715 1.0365 0.2111 1
0.0000 1.3305 1.0051 -0.2047 3
0.0000 1.3241 1.0000 0.2628 2
0.0000 1.9082 1.4405 -0.2092 2
0.0000 1.3178 0.9948 0.3209 3
0.0000 2.5715 1.9406 -0.1688 16
0.0000 1.2881 0.9717 0.3725 2
0.0000 2.5721 1.9397 -0.0562 18
0.0000 1.2650 0.9536 0.4245 2
0.0000 2.5592 1.9236 0.0559 16
0.0000 0.6606 0.4963 -0.1908 6
0.0000 2.5599 1.9228 0.1678 16
0.0000 0.8556 0.6424 -0.2080 2
0.0000 2.5528 1.9160 0.2792 1
0.0000 0.9860 0.7398 -0.1952 2
0.0000 1.3560 1.0174 0.2082 1
0.0000 1.3356 1.0017 -0.2050 3
0.0000 1.3324 0.9989 0.2637 2
0.0000 1.8972 1.4219 -0.2074 2
0.0000 1.3183 0.9876 0.3202 3
0.0000 2.5658 1.9216 -0.1680 16
0.0000 1.2886 0.9647 0.3716 3
0.0000 2.5725 1.9259 -0.0561 16
0.0000 1.2776 0.9561 0.4276 2
0.0000 2.5678 1.9154 0.0559 16
0.0000 0.6811 0.5079 -0.1962 5
0.0000 2.5474 1.8995 0.1665 15
0.0000 0.8484 0.6324 -0.2057 2
0.0000 1.0044 0.7481 -0.1984 2
0.0000 1.3438 1.0006 0.2057 1
0.0000 1.3265 0.9873 -0.2030 3
0.0000 1.3454 1.0013 0.2656 2
0.0000 1.9070 1.4188 -0.2080 2
0.0000 1.3248 0.9854 0.3209 3
0.0000 2.5661 1.9078 -0.1676 16
0.0000 1.2888 0.9578 0.3707 3
0.0000 2.5760 1.9145 -0.0560 16
0.0000 1.2840 0.9539 0.4286 2
0.0000 2.5693 1.9033 0.0558 15
0.0000 0.6985 0.5172 -0.2007 5
0.0000 2.5460 1.8846 0.1660 16
0.0000 0.8633 0.6388 -0.2087 2
0.0000 0.9973 0.7377 -0.1965 2
0.0000 1.3918 1.0292 0.2125 1
0.0000 1.3345 0.9864 -0.2038 3
0.0000 1.3266 0.9802 0.2612 1
0.0000 1.9039 1.4063 -0.2071 2
0.0000 1.3313 0.9833 0.3217 4
0.0000 2.5692 1.8969 -0.1674 17
0.0000 1.2920 0.9536 0.3707 3
0.0000 2.5601 1.8889 -0.0555 15
0.0000 1.2873 0.9494 0.4286 3
0.0000 2.5792 1.8967 0.0559 15
0.0000 0.6626 0.4871 -0.1899 6
0.0000 2.5606 1.8817 0.1665 15
0.0000 0.8211 0.6034 -0.1981 2
0.0000 0.9935 0.7296 -0.1952 2
0.0000 1.4018 1.0290 0.2135 1
0.0000 1.3428 0.9853 -0.2045 3
0.0000 1.3587 0.9966 0.2669 2
0.0000 1.9086 1.3999 -0.2071 2
0.0000 1.3284 0.9740 0.3202 4
0.0000 2.5790 1.8903 -0.1676 16
0.0000 1.3047 0.9560 0.3734 3
0.0000 2.5683 1.8811 -0.0556 15
0.0000 1.2844 0.9404 0.4265 3
0.0000 2.5664 1.8735 0.0555 15
0.0000 0.6486 0.4733 -0.1854 6
0.0000 2.5639 1.8703 0.1663 15
0.0000 0.8390 0.6121 -0.2019 2
0.0000 0.9945 0.7249 -0.1949 2
0.0000 1.4150 1.0311 0.2150 1
0.0000 1.3446 0.9794 -0.2043 3
0.0000 1.3893 1.0116 0.2722 3
0.0000 1.9086 1.3897 -0.2066 2
0.0000 1.3286 0.9670 0.3194 4
0.0000 2.5808 1.8778 -0.1673 15
0.0000 1.3081 0.9514 0.3734 4
0.0000 2.5797 1.8757 -0.0557 16
0.0000 1.2720 0.9245 0.4214 3
0.0000 2.5681 1.8610 0.0554 14
0.0000 0.6691 0.4847 -0.1908 6
0.0000 2.5637 1.8571 0.1659 15
0.0000 0.8698 0.6299 -0.2087 2
0.0000 1.0146 0.7342 -0.1984 2
0.0000 1.3961 1.0099 0.2116 1
0.0000 1.3609 0.9840 -0.2062 3
0.0000 1.4007 1.0128 0.2738 4
0.0000 1.9151 1.3842 -0.2067 2
0.0000 1.3367 0.9658 0.3206 4
0.0000 2.5727 1.8582 -0.1663 16
0.0000 1.3161 0.9503 0.3748 4
0.0000 2.5843 1.8659 -0.0556 15
0.0000 1.2939 0.9339 0.4276 3
0.0000 2.5791 1.8560 0.0555 15
0.0000 0.6518 0.4689 -0.1854 6
0.0000 2.5572 1.8389 0.1651 16
0.0000 0.8592 0.6177 -0.2057 2
0.0000 1.0154 0.7297 -0.1980 2
0.0000 1.4414 1.0353 0.2179 1
0.0000 1.3448 0.9656 -0.2033 3
0.0000 1.4234 1.0217 0.2775 9
0.0000 1.9312 1.3857 -0.2080 2
0.0000 1.3399 0.9614 0.3206 5
0.0000 2.5773 1.8485 -0.1662 17
0.0000 1.2987 0.9311 0.3689 4
0.0000 2.5859 1.8534 -0.0555 16
0.0000 1.2893 0.9237 0.4250 3
0.0000 0.6900 0.4931 -0.2272 5
0.0000 2.5758 1.8400 0.0553 16
0.0000 0.6915 0.4938 -0.1962 5
0.0000 2.5554 1.8241 0.1645 16
0.0000 0.8741 0.6239 -0.2087 2
0.0000 0.9971 0.7112 -0.1940 2
0.0000 1.4450 1.0303 0.2179 1
0.0000 1.3546 0.9655 -0.2043 3
0.0000 1.4222 1.0133 0.2766 11
0.0000 1.9377 1.3801 -0.2081 2
0.0000 1.3528 0.9636 0.3228 4
0.0000 2.5804 1.8372 -0.1660 17
0.0000 1.3146 0.9356 0.3725 3
0.0000 2.5777 1.8339 -0.0552 16
0.0000 1.3004 0.9248 0.4276 2
0.0000 2.5790 1.8287 0.0552 15
0.0000 0.6932 0.4913 -0.1962 5
0.0000 2.5618 1.8152 0.1645 16
0.0000 0.8635 0.6116 -0.2057 2
0.0000 1.0158 0.7190 -0.1971 2
0.0000 1.4291 1.0115 0.2150 1
0.0000 1.3580 0.9608 -0.2043 3
0.0000 1.4241 1.0072 0.2763 14
0.0000 1.9392 1.3710 -0.2078 3
0.0000 1.3451 0.9507 0.3202 4
0.0000 2.5872 1.8277 -0.1660 17
0.0000 1.3196 0.9319 0.3730 3
0.0000 2.5825 1.8238 -0.0552 18
0.0000 1.2847 0.9069 0.4214 2
0.0000 2.5742 1.8112 0.0549 16
0.0000 0.6758 0.4753 -0.1908 6
0.0000 2.5779 1.8131 0.1652 17
0.0000 0.8721 0.6131 -0.2072 2
0.0000 0.9924 0.6972 -0.1921 2
0.0000 1.4231 0.9994 0.2135 2
0.0000 1.3712 0.9627 -0.2057 3
0.0000 1.4324 1.0056 0.2772 15
0.0000 1.9310 1.3551 -0.2064 3
0.0000 1.3308 0.9336 0.3160 3
0.0000 2.5902 1.8164 -0.1658 17
0.0000 1.3181 0.9240 0.3716 2
0.0000 2.5839 1.8113 -0.0551 16
0.0000 1.3036 0.9135 0.4265 2
0.0000 2.5802 1.8026 0.0549 16
0.0000 0.6582 0.4597 -0.1854 6
0.0000 2.5760 1.7984 0.1646 17
0.0000 0.8710 0.6078 -0.2065 2
0.0000 1.0045 0.7007 -0.1940 2
0.0000 1.4133 0.9856 0.2116 2
0.0000 1.3695 0.9547 -0.2050 4
0.0000 1.4440 1.0063 0.2788 16
0.0000 1.9422 1.3529 -0.2071 3
0.0000 1.3403 0.9336 0.3175 3
0.0000 2.5831 1.7987 -0.1650 17
0.0000 1.3067 0.9096 0.3676 3
0.0000 2.5886 1.8011 -0.0550 18
0.0000 1.2830 0.8924 0.4188 1
0.0000 2.5832 1.7913 0.0549 16
0.0000 0.6791 0.4707 -0.1908 6
0.0000 2.5705 1.7819 0.1639 16
0.0000 0.8891 0.6161 -0.2103 2
0.0000 1.0199 0.7062 -0.1965 2
0.0000 1.4053 0.9727 0.2099 2
0.0000 1.3745 0.9510 -0.2052 4
0.0000 1.4393 0.9958 0.2772 15
0.0000 1.9467 1.3464 -0.2071 3
0.0000 1.3565 0.9379 0.3206 3
0.0000 2.5828 1.7851 -0.1645 17
0.0000 1.3340 0.9216 0.3743 1
0.0000 2.5962 1.7937 -0.0551 18
0.0000 1.2828 0.8859 0.4177 1
0.0000 0.6985 0.4810 -0.2272 5
0.0000 2.5891 1.7828 0.0549 16
0.0000 0.6999 0.4817 -0.1962 5
0.0000 2.5619 1.7627 0.1630 16
0.0000 0.8589 0.5908 -0.2026 2
0.0000 1.0222 0.7028 -0.1965 2
0.0000 1.4249 0.9793 0.2123 2
0.0000 1.3646 0.9375 -0.2033 3
0.0000 1.4378 0.9875 0.2763 16
0.0000 1.9514 1.3396 -0.2071 3
0.0000 1.3515 0.9278 0.3187 2
0.0000 2.5920 1.7788 -0.1648 17
0.0000 1.3161 0.9028 0.3685 1
0.0000 2.5942 1.7789 -0.0549 18
0.0000 1.2859 0.8815 0.4177 1
0.0000 2.5943 1.7717 0.0548 15
0.0000 0.7017 0.4790 -0.1962 5
0.0000 2.5865 1.7657 0.1641 18
0.0000 0.8676 0.5920 -0.2042 2
0.0000 1.0282 0.7011 -0.1971 2
0.0000 1.4205 0.9683 0.2111 2
0.0000 1.3860 0.9448 -0.2060 4
0.0000 1.4349 0.9777 0.2750 16
0.0000 1.9464 1.3257 -0.2060 3
0.0000 1.3502 0.9193 0.3175 1
0.0000 2.5955 1.7666 -0.1645 17
0.0000 1.3291 0.9046 0.3712 1
0.0000 2.5874 1.7604 -0.0546 18
0.0000 1.2987 0.8833 0.4208 1
0.0000 2.5819 1.7507 0.0545 16
0.0000 0.7033 0.4767 -0.1962 5
0.0000 2.5857 1.7526 0.1637 17
0.0000 0.8793 0.5958 -0.2065 2
0.0000 1.0272 0.6955 -0.1965 2
0.0000 1.4335 0.9702 0.2125 2
0.0000 1.3842 0.9368 -0.2052 3
0.0000 1.4463 0.9785 0.2766 15
0.0000 1.9442 1.3148 -0.2053 3
0.0000 1.3272 0.8972 0.3114 1
0.0000 2.5964 1.7546 -0.1642 18
0.0000 1.3192 0.8915 0.3676 1
0.0000 2.5982 1.7552 -0.0547 18
0.0000 1.2984 0.8768 0.4198 1
0.0000 0.7034 0.4738 -0.2272 5
0.0000 2.5877 1.7422 0.0545 16
0.0000 0.6855 0.4613 -0.1908 6
0.0000 2.5852 1.7391 0.1633 16
0.0000 0.8813 0.5929 -0.2065 2
0.0000 1.0246 0.6888 -0.1955 2
0.0000 1.4269 0.9588 0.2111 3
0.0000 1.3809 0.9276 -0.2043 3
0.0000 1.4563 0.9779 0.2778 14
0.0000 1.9551 1.3128 -0.2060 3
0.0000 1.3432 0.9016 0.3145 1
0.0000 2.5906 1.7382 -0.1635 17
0.0000 1.3223 0.8868 0.3676 1
0.0000 2.6110 1.7506 -0.0549 16
0.0000 1.2790 0.8572 0.4126 1
0.0000 2.5971 1.7353 0.0545 16
0.0000 0.7065 0.4719 -0.1962 5
0.0000 2.5779 1.7212 0.1625 15
0.0000 0.8931 0.5963 -0.2087 2
0.0000 1.0319 0.6885 -0.1965 2
0.0000 1.4137 0.9428 0.2086 3
0.0000 1.3907 0.9272 -0.2052 3
0.0000 1.4581 0.9717 0.2775 10
0.0000 1.9746 1.3159 -0.2076 3
0.0000 1.3333 0.8882 0.3114 1
0.0000 2.5867 1.7225 -0.1629 17
0.0000 1.3205 0.8790 0.3662 2
0.0000 2.6088 1.7359 -0.0547 18
0.0000 1.2836 0.8538 0.4131 3
0.0000 2.5932 1.7196 0.0543 16
0.0000 0.6887 0.4565 -0.1908 6
0.0000 2.5773 1.7078 0.1620 15
0.0000 0.8723 0.5780 -0.2034 2
0.0000 2.5995 1.7219 0.2728 1
0.0000 1.0245 0.6783 -0.1946 2
0.0000 1.4219 0.9412 0.2094 3
0.0000 1.3807 0.9135 -0.2033 3
0.0000 1.9695 1.3021 -0.2066 3
0.0000 1.3462 0.8900 0.3137 1
0.0000 2.5994 1.7179 -0.1633 17
0.0000 1.2910 0.8529 0.3572 3
0.0000 2.5998 1.7169 -0.0544 16
0.0000 1.2962 0.8557 0.4162 1
0.0000 2.6075 1.7161 0.0545 15
0.0000 0.6870 0.4520 -0.1899 6
0.0000 2.5832 1.6988 0.1620 15
0.0000 0.9039 0.5942 -0.2103 2
0.0000 2.5559 1.6795 0.2676 1
0.0000 1.0451 0.6865 -0.1980 2
0.0000 1.4302 0.9395 0.2101 2
0.0000 1.3972 0.9174 -0.2052 3
0.0000 1.4483 0.9506 0.2744 1
0.0000 1.9673 1.2908 -0.2059 2
0.0000 1.3363 0.8765 0.3106 3
0.0000 2.6056 1.7083 -0.1633 17
0.0000 1.3333 0.8738 0.3680 1
0.0000 2.5991 1.7034 -0.0542 16
0.0000 1.2879 0.8438 0.4126 1
0.0000 0.7101 0.4638 -0.2272 5
0.0000 2.5987 1.6967 0.0542 16
0.0000 0.6919 0.4516 -0.1908 6
0.0000 2.5858 1.6876 0.1618 15
0.0000 0.8994 0.5868 -0.2087 2
0.0000 2.5851 1.6858 0.2700 2
0.0000 1.0276 0.6699 -0.1943 2
0.0000 1.4370 0.9364 0.2106 2
0.0000 1.3972 0.9101 -0.2047 3
0.0000 1.9735 1.2850 -0.2060 3
0.0000 1.3426 0.8739 0.3114 2
0.0000 2.6049 1.6949 -0.1629 17
0.0000 1.3608 0.8851 0.3748 1
0.0000 2.6050 1.6943 -0.0542 18
0.0000 1.3216 0.8593 0.4224 2
0.0000 2.5976 1.6837 0.0540 16
0.0000 0.6640 0.4302 -0.1827 7
0.0000 2.5917 1.6786 0.1618 15
0.0000 0.8982 0.5815 -0.2080 2
0.0000 2.5910 1.6768 0.2700 3
0.0000 1.0249 0.6633 -0.1934 2
0.0000 1.4217 0.9197 0.2079 1
0.0000 1.3985 0.9044 -0.2045 3
0.0000 1.3952 0.9019 0.2631 1
0.0000 1.9863 1.2835 -0.2069 2
0.0000 1.3538 0.8748 0.3133 1
0.0000 2.5971 1.6776 -0.1620 15
0.0000 1.3703 0.8848 0.3766 2
0.0000 2.6126 1.6863 -0.0543 19
0.0000 1.3214 0.8525 0.4214 3
0.0000 0.7132 0.4589 -0.2272 5
0.0000 2.6035 1.6746 0.0540 17
0.0000 0.6950 0.4469 -0.1908 6
0.0000 2.5874 1.6630 0.1612 15
0.0000 0.9199 0.5913 -0.2126 2
0.0000 2.5965 1.6682 0.2700 4
0.0000 1.0355 0.6650 -0.1949 2
0.0000 1.4366 0.9223 0.2096 1
0.0000 1.3816 0.8867 -0.2016 3
0.0000 1.4415 0.9247 0.2713 1
0.0000 1.9772 1.2683 -0.2055 1
0.0000 1.3734 0.8807 0.3171 1
0.0000 1.3898 0.8905 0.3811 4
0.0000 2.6151 1.6750 -0.0542 15
0.0000 1.3422 0.8594 0.4271 1
0.0000 2.6143 1.6687 0.0541 15
0.0000 0.6736 0.4298 -0.1845 6
0.0000 2.5899 1.6518 0.1610 15
0.0000 0.9087 0.5796 -0.2095 2
0.0000 2.6023 1.6591 0.2700 5
0.0000 1.0295 0.6561 -0.1934 2
0.0000 1.4264 0.9087 0.2077 1
0.0000 1.4031 0.8936 -0.2043 1
0.0000 1.5314 0.9749 0.2875 2
0.0000 1.3731 0.8738 0.3164 3
0.0000 2.5894 1.6452 0.8220 4
0.0000 0.7409 0.4691 -0.2025 5
0.0000 2.5987 1.6454 0.1612 13
0.0000 0.9041 0.5722 -0.2080 2
0.0000 2.6064 1.6490 0.2698 7
0.0000 1.0518 0.6652 -0.1971 2
0.0000 1.4598 0.9228 0.2121 1
0.0000 1.3692 0.8656 -0.1989 1
0.0000 1.5196 0.9603 0.2847 3
0.0000 1.4376 0.9077 0.3305 4
0.0000 1.5029 0.9486 0.4103 34
0.0000 2.5785 1.6263 0.8168 5
0.0000 0.7194 0.4521 -0.1962 5
0.0000 0.8861 0.5567 -0.2034 2
0.0000 2.6085 1.6382 0.2695 3
0.0000 1.0406 0.6533 -0.1946 2
0.0000 1.4494 0.9096 0.2101 1
0.0000 1.3552 0.8505 -0.1965 1
0.0000 1.5362 0.9636 0.2872 4
0.0000 1.4705 0.9217 0.3374 8
0.0000 1.5193 0.9519 0.4139 23
0.0000 2.5773 1.6136 0.8148 6
0.0000 0.6977 0.4353 -0.1899 6
0.0000 0.9279 0.5787 -0.2126 2
0.0000 1.0394 0.6477 -0.1940 2
0.0000 1.4423 0.8984 0.2086 1
0.0000 1.3498 0.8405 -0.1952 3
0.0000 1.5479 0.9635 0.2888 5
0.0000 1.3583 0.8454 -0.1400 1
0.0000 1.4802 0.9210 0.3389 8
0.0000 1.3381 0.8323 -0.0826 1
0.0000 1.5110 0.9394 0.4108 11
0.0000 2.5911 1.6097 0.8174 6
0.0000 0.6992 0.4329 -0.1899 6
0.0000 0.8898 0.5506 -0.2034 2
0.0000 1.0652 0.6587 -0.1984 2
0.0000 1.4657 0.9059 0.2116 1
0.0000 1.3578 0.8389 -0.1960 3
0.0000 1.5765 0.9736 0.2935 14
0.0000 1.3358 0.8250 -0.1374 2
0.0000 1.3852 0.8549 -0.0853 1
0.0000 1.5060 0.9290 0.4085 7
0.0000 2.6000 1.6027 0.8184 6
0.0000 0.7240 0.4447 -0.1962 5
0.0000 0.8817 0.5414 -0.2011 2
0.0000 1.0540 0.6467 -0.1959 2
0.0000 1.3895 0.8518 -0.2001 2
0.0000 1.5580 0.9547 0.2894 10
0.0000 1.3505 0.8276 -0.1386 1
0.0000 2.5982 1.5916 0.5923 19
0.0000 1.3507 0.8271 -0.0830 1
0.0000 1.4942 0.9146 0.4045 4
0.0000 2.5924 1.5855 0.8142 6
0.0000 0.7056 0.4300 -0.1908 6
0.0000 0.8769 0.5342 -0.1996 2
0.0000 1.0529 0.6409 -0.1952 2
0.0000 1.4111 0.8583 -0.2028 3
0.0000 1.5748 0.9575 0.2919 3
0.0000 1.9901 1.2100 -0.2038 2
0.0000 2.5937 1.5764 0.5900 14
0.0000 2.6270 1.5960 -0.1611 4
0.0000 1.5324 0.9306 0.4139 1
0.0000 1.3521 0.8208 -0.0276 1
0.0000 2.5748 1.5624 0.8070 6
0.0000 0.6870 0.4154 -0.1854 6
0.0000 1.3760 0.8317 0.0843 1
0.0000 0.9191 0.5555 -0.2087 2
0.0000 1.4751 0.8912 0.1508 1
0.0000 1.0382 0.6270 -0.1921 2
0.0000 1.4158 0.8544 -0.2030 3
0.0000 1.9892 1.2000 -0.2032 3
0.0000 2.6257 1.5827 -0.1607 17
0.0000 2.5972 1.5649 0.7000 8
0.0000 2.6157 1.5754 -0.0533 5
0.0000 2.5819 1.5544 0.8075 7
0.0000 0.7271 0.4365 -0.2272 5
0.0000 2.6182 1.5713 0.0533 5
0.0000 0.6785 0.4070 -0.1827 7
0.0000 2.6601 1.5952 0.1626 1
0.0000 0.9277 0.5563 -0.2103 2
0.0000 1.4167 0.8492 0.1445 1
0.0000 1.0370 0.6214 -0.1915 2
0.0000 1.4102 0.8443 -0.2018 3
0.0000 1.9968 1.1951 -0.2036 3
0.0000 1.5989 0.9565 0.3622 1
0.0000 2.6106 1.5612 -0.1594 16
0.0000 2.5960 1.5518 0.6982 12
0.0000 2.6350 1.5745 -0.0536 16
0.0000 2.5956 1.5503 0.8101 9
0.0000 2.6220 1.5611 0.0533 8
0.0000 0.7100 0.4226 -0.1908 6
0.0000 2.6004 1.5471 0.1586 9
0.0000 0.9432 0.5611 -0.2133 2
0.0000 2.6149 1.5551 0.2662 4
0.0000 1.0596 0.6299 -0.1952 2
0.0000 1.4132 0.8394 -0.2018 3
0.0000 2.0080 1.1918 -0.2043 3
0.0000 1.5465 0.9179 0.3496 8
0.0000 2.6195 1.5541 -0.1596 13
0.0000 2.6064 1.5457 0.6996 14
0.0000 2.6370 1.5632 -0.0535 15
0.0000 2.5960 1.5383 0.8086 7
0.0000 0.7302 0.4313 -0.2272 5
0.0000 2.6136 1.5438 0.0530 12
0.0000 0.7484 0.4419 -0.2007 5
0.0000 2.6075 1.5390 0.1587 16
0.0000 0.9351 0.5517 -0.2110 2
0.0000 2.6326 1.5526 0.2674 15
0.0000 1.0585 0.6240 -0.1946 2
0.0000 1.4570 0.8589 0.2077 1
0.0000 1.4298 0.8425 -0.2038 3
0.0000 2.0225 1.1909 -0.2053 3
0.0000 1.5752 0.9271 0.3553 8
0.0000 2.6200 1.5415 -0.1593 15
0.0000 2.6053 1.5322 0.6978 14
0.0000 2.6390 1.5520 -0.0534 20
0.0000 2.5947 1.5253 0.8065 7
0.0000 2.6296 1.5403 0.0532 15
0.0000 0.7332 0.4293 -0.1962 5
0.0000 2.6094 1.5279 0.1585 16
0.0000 0.9133 0.5345 -0.2057 2
0.0000 2.6225 1.5343 0.2658 15
0.0000 1.0674 0.6243 -0.1959 2
0.0000 1.5492 0.9057 0.2203 1
0.0000 1.4190 0.8295 -0.2018 3
0.0000 2.0163 1.1778 -0.2043 3
0.0000 1.5937 0.9305 0.3587 4
0.0000 2.6288 1.5343 -0.1595 14
0.0000 2.6003 1.5177 0.6951 15
0.0000 2.6254 1.5317 -0.0531 14
0.0000 2.5900 1.5104 0.8034 7
0.0000 2.6140 1.5195 0.0528 16
0.0000 0.7481 0.4347 -0.1998 5
0.0000 2.6162 1.5202 0.1586 16
0.0000 0.9184 0.5335 -0.2065 2
0.0000 2.6121 1.5166 0.2643 16
0.0000 1.0763 0.6247 -0.1971 2
0.0000 1.6346 0.9483 0.2320 1
0.0000 1.4337 0.8318 -0.2035 4
0.0000 2.0168 1.1691 -0.2039 3
0.0000 1.6426 0.9518 0.3690 1
0.0000 2.6304 1.5236 -0.1593 14
0.0000 2.6087 1.5110 0.6960 15
0.0000 2.6322 1.5240 -0.0531 12
0.0000 2.5866 1.4970 0.8008 6
0.0000 2.6242 1.5139 0.0529 16
0.0000 0.7360 0.4244 -0.1962 5
0.0000 2.6178 1.5096 0.1584 16
0.0000 0.8998 0.5187 -0.2019 2
0.0000 2.6154 1.5070 0.2641 16
0.0000 1.0681 0.6152 -0.1952 2
0.0000 1.6619 0.9568 0.2355 1
0.0000 1.4434 0.8310 -0.2045 3
0.0000 2.0275 1.1663 -0.2046 3
0.0000 2.5938 1.4915 0.5816 16
0.0000 2.6199 1.5059 -0.1584 15
0.0000 2.6171 1.5043 0.6969 14
0.0000 2.6494 1.5222 -0.0533 19
0.0000 2.5966 1.4913 0.8023 5
0.0000 2.6257 1.5032 0.0528 15
0.0000 0.7171 0.4104 -0.1908 6
0.0000 2.6124 1.4949 0.1577 15
0.0000 0.9185 0.5254 -0.2057 2
0.0000 2.6273 1.5022 0.2648 16
0.0000 1.0770 0.6156 -0.1965 2
0.0000 1.6271 0.9296 0.2301 1
0.0000 1.4289 0.8163 -0.2021 3
0.0000 2.0279 1.1576 -0.2043 3
0.0000 2.6038 1.4858 0.5827 13
0.0000 2.6197 1.4942 -0.1581 15
0.0000 2.6119 1.4898 0.6942 14
0.0000 2.6388 1.5045 -0.0530 15
0.0000 2.5931 1.4779 0.7998 4
0.0000 0.7375 0.4188 -0.2272 5
0.0000 2.6312 1.4935 0.0528 16
0.0000 0.7186 0.4078 -0.1908 6
0.0000 2.6178 1.4853 0.1577 15
0.0000 0.9136 0.5182 -0.2042 2
0.0000 2.6276 1.4896 0.2643 16
0.0000 1.0827 0.6136 -0.1971 2
0.0000 1.6150 0.9148 0.2279 1
0.0000 1.4320 0.8109 -0.2021 3
0.0000 2.0113 1.1384 -0.2022 3
0.0000 2.6280 1.4869 0.5869 16
0.0000 2.6321 1.4886 -0.1585 15
0.0000 2.6142 1.4778 0.6933 14
0.0000 2.6303 1.4870 -0.0527 15
0.0000 2.5968 1.4674 0.7992 4
0.0000 0.7389 0.4162 -0.2272 5
0.0000 2.6309 1.4818 0.0527 14
0.0000 0.7404 0.4168 -0.1962 5
0.0000 2.6248 1.4772 0.1578 16
0.0000 0.9120 0.5131 -0.2034 2
0.0000 2.6189 1.4726 0.2629 16
0.0000 1.0779 0.6061 -0.1959 2
0.0000 1.6387 0.9211 0.2308 1
0.0000 1.4382 0.8080 -0.2025 3
0.0000 2.0118 1.1294 -0.2019 3
0.0000 2.6244 1.4733 0.5850 17
0.0000 2.6370 1.4798 -0.1585 15
0.0000 2.6191 1.4692 0.6933 14
0.0000 2.6320 1.4758 -0.0527 15
0.0000 2.5935 1.4536 0.7966 4
0.0000 0.7418 0.4143 -0.1962 5
0.0000 2.6177 1.4612 0.1571 15
0.0000 0.8931 0.4985 -0.1988 2
0.0000 2.6203 1.4620 0.2625 15
0.0000 1.0731 0.5985 -0.1946 2
0.0000 1.7234 0.9608 0.2423 1
0.0000 1.4410 0.8030 -0.2025 3
0.0000 2.0156 1.1228 -0.2019 3
0.0000 2.6192 1.4584 0.5827 17
0.0000 2.6369 1.4677 -0.1582 15
0.0000 2.6208 1.4581 0.6924 15
0.0000 2.6372 1.4666 -0.0527 16
0.0000 2.5918 1.4408 0.7946 4
0.0000 2.4645 1.3656 0.0492 1
0.0000 0.7194 0.3984 -0.1899 6
0.0000 2.6298 1.4559 0.1575 15
0.0000 0.9292 0.5144 -0.2065 2
0.0000 1.0510 0.5814 -0.1902 2
0.0000 1.6816 0.9298 0.2359 1
0.0000 1.4420 0.7970 -0.2023 3
0.0000 2.6316 1.4539 0.4762 2
0.0000 2.0247 1.1186 -0.2024 3
0.0000 2.6174 1.4455 0.5812 16
0.0000 2.6298 1.4517 -0.1574 17
0.0000 2.6259 1.4490 0.6924 15
0.0000 2.6388 1.4555 -0.0526 15
0.0000 2.6019 1.4346 0.7961 5
0.0000 2.5043 1.3762 0.0499 1
0.0000 0.7447 0.4091 -0.1962 5
0.0000 2.5981 1.4265 0.1553 3
0.0000 0.9310 0.5112 -0.2065 2
0.0000 1.0599 0.5815 -0.1915 2
0.0000 1.6361 0.8972 0.2291 1
0.0000 1.4222 0.7796 -0.1991 3
0.0000 2.6228 1.4371 0.4737 8
0.0000 2.0268 1.1106 -0.2022 2
0.0000 2.6311 1.4411 0.5831 16
0.0000 2.6366 1.4435 -0.1575 16
0.0000 2.6104 1.4286 0.6870 15
0.0000 2.6438 1.4462 -0.0526 13
0.0000 2.6086 1.4264 0.7966 6
0.0000 0.7256 0.3953 -0.1908 6
0.0000 0.9466 0.5155 -0.2095 2
0.0000 1.6887 0.9192 0.1682 1
0.0000 1.0758 0.5853 -0.1940 2
0.0000 1.6602 0.9029 0.2320 1
0.0000 1.4371 0.7812 -0.2008 3
0.0000 2.6122 1.4195 0.4709 13
0.0000 2.0430 1.1102 -0.2034 2
0.0000 2.6274 1.4272 0.5812 17
0.0000 2.6434 1.4352 -0.1576 11
0.0000 2.6171 1.4204 0.6875 15
0.0000 2.6153 1.4182 0.7972 7
0.0000 0.7475 0.4039 -0.1962 5
0.0000 0.9622 0.5196 -0.2126 2
0.0000 1.6919 0.9133 0.1682 1
0.0000 1.0848 0.5853 -0.1952 2
0.0000 1.6214 0.8745 0.2262 1
0.0000 1.4590 0.7866 -0.2035 3
0.0000 2.6171 1.4104 0.4709 14
0.0000 2.0188 1.0879 -0.2006 2
0.0000 2.6324 1.4180 0.5812 16
0.0000 2.6237 1.4121 0.6879 15
0.0000 2.4249 1.3046 -0.0481 1
0.0000 2.6083 1.4027 0.7935 9
0.0000 0.7283 0.3902 -0.1908 6
0.0000 0.9398 0.5033 -0.2072 2
0.0000 1.6564 0.8867 0.1644 1
0.0000 1.0834 0.5797 -0.1946 2
0.0000 1.6524 0.8838 0.2301 1
0.0000 1.4565 0.7787 -0.2028 3
0.0000 2.6220 1.4012 0.4709 16
0.0000 2.0366 1.0884 -0.2020 2
0.0000 2.6252 1.4023 0.5785 16
0.0000 2.6269 1.4021 0.6875 15
0.0000 2.6081 1.3908 0.7920 10
0.0000 0.7297 0.3877 -0.1908 6
0.0000 1.7232 0.9155 0.1023 1
0.0000 0.9207 0.4889 -0.2026 2
0.0000 1.6419 0.8716 0.1626 1
0.0000 1.0644 0.5648 -0.1909 2
0.0000 2.6148 1.3868 0.3634 15
0.0000 1.4697 0.7792 -0.2043 3
0.0000 2.6424 1.4008 0.4737 16
0.0000 2.0334 1.0775 -0.2013 2
0.0000 2.6284 1.3922 0.5782 18
0.0000 2.6215 1.3874 0.6848 15
0.0000 2.6161 1.3840 0.7930 11
0.0000 0.7517 0.3961 -0.1962 5
0.0000 1.6840 0.8871 0.0998 1
0.0000 0.9502 0.5004 -0.2087 2
0.0000 2.6358 1.3874 0.2606 10
0.0000 1.1013 0.5796 -0.1971 2
0.0000 2.6141 1.3753 0.3627 14
0.0000 1.4460 0.7604 -0.2006 3
0.0000 2.6402 1.3879 0.4724 16
0.0000 2.6330 1.3835 0.5782 16
0.0000 2.6174 1.3742 0.6825 16
0.0000 2.6175 1.3730 0.7920 14
0.0000 1.7349 0.9070 0.0342 1
0.0000 0.7530 0.3935 -0.1962 5
0.0000 2.6324 1.3750 0.1556 11
0.0000 0.9519 0.4972 -0.2087 2
0.0000 2.6439 1.3804 0.2609 16
0.0000 1.0928 0.5703 -0.1952 2
0.0000 2.6277 1.3708 0.3639 15
0.0000 1.4504 0.7563 -0.2008 3
0.0000 2.6398 1.3760 0.4715 17
0.0000 2.6430 1.3770 0.5793 18
0.0000 2.6257 1.3668 0.6834 16
0.0000 2.6205 1.3630 0.7915 16
0.0000 0.7529 0.3904 -0.2272 5
0.0000 2.3825 1.2350 0.0468 9
0.0000 0.7336 0.3801 -0.1908 6
0.0000 2.6390 1.3668 0.1558 18
0.0000 0.9397 0.4867 -0.2057 2
0.0000 2.6293 1.3611 0.2590 16
0.0000 1.1053 0.5719 -0.1971 2
0.0000 2.6342 1.3625 0.3641 18
0.0000 1.4583 0.7540 -0.2016 3
0.0000 2.6341 1.3613 0.4696 17
0.0000 2.6426 1.3651 0.5782 18
0.0000 2.6287 1.3568 0.6830 16
0.0000 2.6081 1.3450 0.7863 16
0.0000 2.3762 1.2212 0.0466 20
0.0000 0.7315 0.3758 -0.1899 6
0.0000 2.6295 1.3502 0.1549 17
0.0000 0.9553 0.4905 -0.2087 2
0.0000 2.6411 1.3556 0.2597 17
0.0000 1.0827 0.5555 -0.1927 2
0.0000 2.6248 1.3461 0.3622 16
0.0000 1.4697 0.7534 -0.2028 3
0.0000 2.6423 1.3539 0.4702 17
0.0000 2.6263 1.3451 0.5736 16
0.0000 2.6334 1.3476 0.6830 16
0.0000 2.3981 1.2266 -0.0470 1
0.0000 2.6111 1.3350 0.7858 16
0.0000 2.3804 1.2129 0.0466 14
0.0000 0.7154 0.3644 -0.1854 6
0.0000 2.6360 1.3420 0.1550 16
0.0000 0.9570 0.4872 -0.2087 2
0.0000 2.6494 1.3482 0.2601 16
0.0000 1.0987 0.5588 -0.1952 1
0.0000 2.6260 1.3351 0.3617 17
0.0000 1.4688 0.7465 -0.2023 3
0.0000 2.6435 1.3429 0.4696 17
0.0000 2.6293 1.3351 0.5732 17
0.0000 2.4417 1.2393 -0.1435 1
0.0000 2.6381 1.3384 0.6830 15
0.0000 2.4273 1.2309 -0.0475 9
0.0000 2.6226 1.3294 0.7878 16
0.0000 2.3953 1.2100 0.0468 3
0.0000 0.7585 0.3830 -0.1962 5
0.0000 2.6262 1.3260 0.1542 16
0.0000 0.9587 0.4839 -0.2087 2
0.0000 2.6451 1.3344 0.2592 16
0.0000 1.1077 0.5586 -0.1965 1
0.0000 2.6271 1.3241 0.3612 17
0.0000 1.4624 0.7371 -0.2011 3
0.0000 2.6462 1.3332 0.4693 16
0.0000 2.0695 1.0422 -0.2027 2
0.0000 2.6357 1.3268 0.5736 18
0.0000 2.3961 1.2056 -0.1406 1
0.0000 2.6251 1.3209 0.6785 15
0.0000 2.4278 1.2211 -0.0474 29
0.0000 2.6270 1.3207 0.7878 16
0.0000 2.3975 1.2011 0.0468 3
0.0000 0.7597 0.3804 -0.1962 5
0.0000 2.6270 1.3155 0.1540 16
0.0000 0.9603 0.4807 -0.2087 2
0.0000 2.6585 1.3301 0.2601 16
0.0000 1.1025 0.5513 -0.1952 2
0.0000 2.6368 1.3181 0.3620 17
0.0000 1.4773 0.7385 -0.2028 3
0.0000 2.6382 1.3182 0.4671 17
0.0000 2.0623 1.0300 -0.2017 2
0.0000 2.6401 1.3180 0.5736 17
0.0000 2.4108 1.2030 -0.1412 1
0.0000 2.6208 1.3078 0.6762 16
0.0000 2.4247 1.2094 -0.0473 4
0.0000 2.6244 1.3085 0.7858 16
0.0000 0.7594 0.3775 -0.2272 5
0.0000 2.4033 1.1941 0.0468 8
0.0000 0.6737 0.3346 -0.1737 7
0.0000 2.6405 1.3108 0.1545 17
0.0000 0.9479 0.4703 -0.2057 2
0.0000 2.6486 1.3142 0.2587 16
0.0000 1.1149 0.5530 -0.1971 2
0.0000 2.6429 1.3102 0.3622 18
0.0000 1.4781 0.7324 -0.2025 3
0.0000 2.6393 1.3073 0.4665 17
0.0000 2.1266 1.0529 -0.2076 3
0.0000 2.6482 1.3105 0.5743 18
0.0000 2.4150 1.1946 -0.1412 3
0.0000 2.6323 1.3021 0.6780 16
0.0000 2.4289 1.2010 -0.0473 2
0.0000 2.6169 1.2933 0.7822 16
0.0000 2.3879 1.1755 0.0465 17
0.0000 0.6749 0.3321 -0.1737 7
0.0000 2.6471 1.3020 0.1546 17
0.0000 0.9496 0.4669 -0.2057 2
0.0000 2.6462 1.3010 0.2580 16
0.0000 1.1063 0.5436 -0.1952 1
0.0000 2.6441 1.2988 0.3617 17
0.0000 1.4736 0.7235 -0.2016 3
0.0000 2.6476 1.2993 0.4671 17
0.0000 2.3343 1.1451 -0.2275 9
0.0000 2.6318 1.2904 0.5698 18
0.0000 2.4283 1.1901 -0.1417 4
0.0000 2.6318 1.2899 0.6767 15
0.0000 2.4387 1.1947 -0.0474 2
0.0000 2.6216 1.2837 0.7822 16
0.0000 2.3868 1.1641 0.0464 16
0.0000 0.7882 0.3843 -0.2025 5
0.0000 2.6409 1.2875 0.1540 16
0.0000 0.9901 0.4825 -0.2141 2
0.0000 2.6581 1.2947 0.2587 16
0.0000 1.0905 0.5309 -0.1921 2
0.0000 2.6346 1.2821 0.3598 17
0.0000 1.4744 0.7175 -0.2013 3
0.0000 2.6521 1.2901 0.4671 17
0.0000 2.0964 1.0193 -0.2039 2
0.0000 2.6451 1.2855 0.5717 17
0.0000 2.4235 1.1773 -0.1412 2
0.0000 2.6433 1.2841 0.6785 15
0.0000 2.4536 1.1914 -0.0476 8
0.0000 2.6295 1.2763 0.7832 16
0.0000 2.4033 1.1623 0.0466 9
0.0000 0.7404 0.3579 -0.1899 6
0.0000 2.6343 1.2735 0.1533 16
0.0000 0.9669 0.4672 -0.2087 2
0.0000 2.6624 1.2859 0.2587 16
0.0000 1.1029 0.5325 -0.1940 2
0.0000 2.6281 1.2682 0.3583 16
0.0000 1.4767 0.7126 -0.2013 3
0.0000 2.6582 1.2821 0.4674 16
0.0000 2.0854 1.0054 -0.2025 2
0.0000 2.6423 1.2734 0.5701 17
0.0000 2.4418 1.1762 -0.1420 1
0.0000 2.6370 1.2702 0.6758 15
0.0000 2.4576 1.1833 -0.0476 3
0.0000 2.6372 1.2692 0.7842 16
0.0000 2.4053 1.1535 0.0466 3
0.0000 0.7416 0.3555 -0.1899 6
0.0000 2.6315 1.2608 0.1529 16
0.0000 0.9508 0.4555 -0.2049 2
0.0000 2.6595 1.2736 0.2580 17
0.0000 1.1225 0.5373 -0.1971 2
0.0000 2.6430 1.2646 0.3598 16
0.0000 1.4774 0.7066 -0.2011 3
0.0000 2.6448 1.2643 0.4643 17
0.0000 2.0835 0.9956 -0.2020 2
0.0000 2.6447 1.2637 0.5698 17
0.0000 2.4493 1.1698 -0.1422 1
0.0000 2.6362 1.2585 0.6744 16
0.0000 2.4508 1.1695 -0.0474 2
0.0000 2.6382 1.2583 0.7832 16
0.0000 2.4382 1.1588 0.0471 1
0.0000 0.7657 0.3637 -0.1957 5
0.0000 2.6413 1.2542 0.1532 16
0.0000 0.9808 0.4655 -0.2110 2
0.0000 2.6497 1.2571 0.2566 16
0.0000 1.1066 0.5248 -0.1940 2
0.0000 2.6474 1.2554 0.3598 17
0.0000 1.4745 0.6989 -0.2004 3
0.0000 2.6420 1.2517 0.4630 17
0.0000 2.0744 0.9823 -0.2008 2
0.0000 2.6458 1.2524 0.5690 16
0.0000 2.5041 1.1847 -0.1452 1
0.0000 2.6408 1.2488 0.6744 14
0.0000 2.4621 1.1644 -0.0475 2
0.0000 2.6321 1.2442 0.7801 16
0.0000 2.4117 1.1354 0.0465 2
0.0000 0.7670 0.3609 -0.1957 5
0.0000 2.6495 1.2462 0.1534 16
0.0000 0.9540 0.4487 -0.2049 2
0.0000 2.6541 1.2478 0.2566 16
0.0000 1.1084 0.5209 -0.1940 1
0.0000 2.6448 1.2423 0.3588 16
0.0000 1.4860 0.6977 -0.2016 3
0.0000 2.6538 1.2454 0.4643 16
0.0000 2.0816 0.9764 -0.2012 2
0.0000 2.6448 1.2406 0.5678 18
0.0000 2.5082 1.1760 -0.1452 1
0.0000 2.6416 1.2380 0.6735 15
0.0000 2.4628 1.1536 -0.0475 3
0.0000 2.6296 1.2312 0.7780 16
0.0000 2.4428 1.1396 0.0471 1
0.0000 0.7436 0.3467 -0.1894 6
0.0000 2.6484 1.2344 0.1531 16
0.0000 1.0019 0.4668 -0.2149 2
0.0000 2.6623 1.2397 0.2569 16
0.0000 1.1032 0.5135 -0.1927 2
0.0000 2.6419 1.2297 0.3578 16
0.0000 1.4831 0.6900 -0.2008 3
0.0000 2.6617 1.2378 0.4649 16
0.0000 2.0832 0.9683 -0.2010 1
0.0000 2.6476 1.2301 0.5675 16
0.0000 2.5125 1.1668 -0.1452 1
0.0000 2.6549 1.2324 0.6758 15
0.0000 2.4976 1.1594 -0.0481 2
0.0000 2.6409 1.2253 0.7801 16
